accepted_event_count,accepted_operation_count,actual_worsening_fraction,actual_worsening_operation_count,analysis_method,completion_ratio,condition,disturbance_backlog_auc_mean,disturbance_service_loss_auc_mean,dkam_observation_delay,experiment_block,experimental_initial_n_units,experimental_n_agents,final_backlog,final_n_units,final_objective,max_backlog,mean_abs_delta_estimation_error,mean_backlog_to_capacity,mean_coordination_cost_normalized,mean_cross_communication_ratio,mean_decision_time_ms,mean_delta_estimation_error,mean_kam_capacity_mismatch,mean_kam_load_cv,mean_makespan_proxy,mean_management_overhead_normalized,mean_objective,mean_observation_lag_on_search_steps,mean_overload_penalty,mean_positive_underestimate_error,mean_raw_load_cv,mean_raw_load_imbalance,mean_service_ratio,mean_throughput_ratio,merge_count,method,move_count,p95_positive_underestimate_error,proposal_acceptance_fraction,repartition_count,scenario,seed,split_count,steps,total_candidate_evaluations,total_control_message_hops,total_control_messages,total_decision_time_ms,total_moved_agents,total_proposals,total_rejected_proposals,total_reorganization_cost,wall_elapsed_seconds,scale_n_agents,ablation_variant
36.0,36.0,0.0,0.0,c_kam_N_32,0.9997661934929134,"N=32, U0=4",2.9671532698895993,1.2297945940550594,,S1,4,32,0.8495812247739962,5.0,0.9546960314350317,42.943502716637255,4.0091387000352874e-17,0.31136335599592757,0.4953613894689781,0.2973386435644,8.399611220665975,-1.5419764230904953e-17,0.17139902593288955,0.17139902593288955,1.695573377474996,0.6448626904040208,4.764000257252737,0.0,1.0231464182727823,1.2335811384723961e-17,0.1855712936041267,0.1855712936041267,0.8636872676028539,0.9997661934929134,7.0,c_kam,21.0,1.1102230246251565e-16,0.4,0.0,warehouse,5001,8.0,200.0,8678.0,3221.0,3221.0,1679.922244133195,21.0,90.0,0.0,14.90903535466401,1.8147116640175227,32.0,
6.0,6.0,0.0,0.0,d_kam_N_32,0.9998669720629388,"N=32, U0=4",2.9404159220228525,1.235576102348481,,S1,4,32,0.4833827728120138,2.0,1.2900977102642068,42.943502716637255,2.117900409413475,0.3088233079485867,0.5217148168352119,0.33403328926421927,3.043484813097166,-1.9344660820825939,0.2255330810029135,0.2255330810029135,1.7157446195994204,0.8099905284700355,4.979608934435501,1.0,1.020792159269165,0.09171716366544036,0.2101965169780609,0.2101965169780609,0.8631380243149789,0.9998669720629388,2.0,d_kam,4.0,0.24987378190849263,0.016304347826086956,0.0,warehouse,5001,0.0,200.0,3161.0,3111.0,3111.0,608.6969626194332,4.0,368.0,336.0,2.4999787649672713,0.7351972449978348,32.0,
47.0,47.0,0.0,0.0,c_kam_N_32,0.999208235681573,"N=32, U0=4",2.902474377699649,1.261499924009002,,S1,4,32,2.9209845314299203,5.0,0.9189251044323763,45.60626841003911,4.960570961091125e-17,0.30903548609547793,0.45615709234685975,0.24275038174879207,9.51811480903416,-7.086529944415892e-18,0.17570685206855838,0.17570685206855838,1.7212707805206964,0.6123638931718259,5.06099910157486,0.0,1.1194960886126502,2.1259589833247678e-17,0.19244737312137125,0.19244737312137125,0.8591935728753879,0.999208235681573,8.0,c_kam,30.0,1.8873791418627614e-16,0.5222222222222223,0.0,warehouse,5002,9.0,200.0,10474.0,3272.0,3272.0,1903.6229618068319,30.0,90.0,0.0,19.419466834335157,2.036150380008621,32.0,
7.0,7.0,0.0,0.0,d_kam_N_32,0.9999826723795642,"N=32, U0=4",2.9448376089822,1.3239159338934885,,S1,4,32,0.06392522381012089,2.0,1.3524926205379364,45.60626841003911,4.256609123784522,0.31305999306732024,0.5289714344760046,0.34413744040962674,2.689638482115697,-3.993387419810298,0.24092534037863952,0.24092534037863952,1.7845643239910418,0.8458781551250237,5.4139511380086764,1.0,1.126730732994025,0.13161085198711212,0.1935858219454471,0.1935858219454471,0.8532640519363617,0.9999826723795642,2.0,d_kam,5.0,0.4149509151594575,0.025089605734767026,0.0,warehouse,5002,0.0,200.0,3072.0,3119.0,3119.0,537.9276964231394,5.0,279.0,249.0,2.907294697115131,0.6614299189823214,32.0,
41.0,41.0,0.0,0.0,c_kam_N_32,0.9999999999999996,"N=32, U0=4",3.179222755699524,1.3499351597215636,,S1,4,32,0.0,3.0,0.9744098132126651,50.32599037827589,5.415722071342227e-17,0.3366082644776958,0.43612040977944827,0.214851203490371,7.748985834332416,0.0,0.14076816728298738,0.14076816728298738,1.6696013758061696,0.6661833257344985,4.224597223511941,0.0,0.8853123051512831,2.7078610356711135e-17,0.17974044038002418,0.17974044038002418,0.8503975214499906,0.9999999999999996,6.0,c_kam,30.0,2.220446049250313e-16,0.45555555555555555,0.0,warehouse,5003,5.0,200.0,8327.0,3211.0,3211.0,1549.7971668664832,30.0,90.0,0.0,15.904448724328896,1.6819389089941978,32.0,
9.0,9.0,0.0,0.0,d_kam_N_32,1.0,"N=32, U0=4",3.122392013352495,1.231095085429169,,S1,4,32,0.0,2.0,1.1188617947736452,50.35355721416877,1.5225399856588298,0.3312093439547282,0.42037162462013017,0.19292251529385218,3.2190631054982077,-1.2210873049431032,0.14915131754525282,0.14915131754525282,1.7431671564135425,0.8501759450354933,4.748814607966392,1.0,0.9835665209081467,0.15072634035786325,0.16373839857680436,0.16373839857680436,0.8616873285077682,1.0,2.0,d_kam,7.0,0.8133630775778817,0.02830188679245283,0.0,warehouse,5003,0.0,200.0,3483.0,3147.0,3147.0,643.8126210996415,7.0,318.0,257.0,3.636063607107046,0.7694157820078544,32.0,
28.0,28.0,0.0,0.0,c_kam_N_32,1.0,"N=32, U0=4",0.15842354460686256,0.1537856103792812,,S1,4,32,0.0,2.0,1.0688252199496788,3.3031197434431636,5.947623346206196e-17,0.018979461287128435,0.48669318290056696,0.28526898884889057,5.887433604511898,-1.1895246692412391e-17,0.0678774134391386,0.0678774134391386,1.0269302000517024,0.724830170632154,1.0863287611480736,0.0,0.0053846672166533,2.3790493384824782e-17,0.09176937336435255,0.09176937336435255,0.9813827669831988,1.0,6.0,c_kam,18.0,2.220446049250313e-16,0.3111111111111111,0.0,warehouse,5004,4.0,200.0,6543.0,3161.0,3161.0,1177.4867209023796,18.0,90.0,0.0,11.134266732061194,1.3050903340044897,32.0,
6.0,6.0,0.0,0.0,d_kam_N_32,0.9999999999999994,"N=32, U0=4",1.104379605072761,0.9309450969616528,,S1,4,32,0.0,2.0,1.2023407105554353,9.210652697895863,0.3491241956966813,0.10884528703138882,0.5714337314601292,0.40326215772929375,4.190957116661593,-0.3408784428522382,0.14701867251841452,0.14701867251841452,1.202900811982065,0.746370650764851,1.4100901206512184,1.0,0.05520410664687316,0.00412287642222157,0.1618362272607795,0.1618362272607795,0.9075526157578736,0.9999999999999994,2.0,d_kam,4.0,0.018552943899997065,0.013157894736842105,0.0,warehouse,5004,0.0,200.0,4613.0,3155.0,3155.0,838.1914233323187,4.0,456.0,421.0,2.5272916683413857,0.9652375909790862,32.0,
42.0,42.0,0.0,0.0,c_kam_N_32,1.0,"N=32, U0=4",1.5689129398344492,0.9255965014257214,,S1,4,32,0.0,2.0,1.0271151970150134,27.104363092557115,5.551115123125783e-17,0.16585170862362095,0.428522047247459,0.20427120502810736,7.7264050258963834,-2.9077269692563625e-17,0.13595050170948306,0.13595050170948306,1.315237760780588,0.6843472051259318,1.9308480746357888,0.0,0.24201706289754005,1.3216940769347101e-17,0.14962133938300312,0.14962133938300312,0.8990967477624769,1.0,9.0,c_kam,26.0,1.054711873393894e-16,0.4666666666666667,0.0,warehouse,5005,7.0,200.0,7939.0,3198.0,3198.0,1545.2810051792767,26.0,90.0,0.0,18.560842305476612,1.6768916680011898,32.0,
8.0,8.0,0.0,0.0,d_kam_N_32,0.9999999999999999,"N=32, U0=4",1.4849124882211329,0.8742171106447544,,S1,4,32,0.0,2.0,1.2282311748707337,25.235923588013726,0.33527782790231253,0.15787166572035585,0.5429114274508887,0.3635475572100983,3.185717800806742,-0.2948819576914534,0.1970616682090767,0.1970616682090767,1.2791227608014797,0.8103158154819209,2.154429234669862,1.0,0.23638988990325657,0.020197935105429582,0.13406197348598037,0.13406197348598037,0.9039777898866689,0.9999999999999999,2.0,d_kam,6.0,0.0865689035779177,0.02247191011235955,0.0,warehouse,5005,0.0,200.0,3273.0,3131.0,3131.0,637.1435601613484,6.0,356.0,308.0,3.466531432436322,0.766085342009319,32.0,
37.0,37.0,0.0,0.0,c_kam_N_32,0.9999999999999996,"N=32, U0=4",1.3975146945762817,0.9638428623172772,,S1,4,32,0.0,5.0,0.8500383843847392,19.517094177808595,6.301265815440077e-17,0.14868378268294738,0.43491609762432587,0.21317431314779556,8.120046960393665,-2.700542492331462e-17,0.12227340849769221,0.12227340849769221,1.3165205055885598,0.6266202966648837,1.655448495577256,0.0,0.18373630510951222,1.800361661554308e-17,0.17105487360067292,0.17105487360067292,0.8956159534186754,0.9999999999999996,7.0,c_kam,22.0,1.332267629550183e-16,0.4111111111111111,0.0,warehouse,5006,8.0,200.0,9119.0,3234.0,3234.0,1624.009392078733,22.0,90.0,0.0,16.101027190049443,1.755387557001086,32.0,
7.0,7.0,0.0,0.0,d_kam_N_32,0.9999999999999998,"N=32, U0=4",1.6489729196560405,1.1624230215879128,,S1,4,32,0.0,2.0,1.3383717101114212,19.37934797053642,0.6046828189987512,0.17257231406552445,0.6374227844365055,0.4951456492153875,4.784656970441574,-0.6039148795650044,0.2555885783199255,0.2555885783199255,1.4159701808844838,0.7268854187407401,2.0968926006896593,1.0,0.2108406263776247,0.0003839697168733939,0.2093075987881241,0.2093075987881241,0.8767508382879651,0.9999999999999998,2.0,d_kam,5.0,0.001881451612679628,0.01338432122370937,0.0,warehouse,5006,0.0,200.0,5393.0,3186.0,3186.0,956.9313940883148,5.0,523.0,462.0,3.2869770902122712,1.0844453400059137,32.0,
44.0,44.0,0.0,0.0,c_kam_N_32,0.9999504284678271,"N=32, U0=4",9.838981609656104,2.532410616314245,,S1,4,32,0.18491058232724836,3.0,1.0029637464529784,102.14837394249543,2.7755575615628914e-17,0.9910292798043194,0.4294323187216087,0.20553867163768313,7.077804578875657,2.2709107321878203e-17,0.1848205298887577,0.1848205298887577,2.680091506142976,0.6921381727609486,20.006651489513487,0.0,5.272267546855181,2.5232341468753557e-17,0.19644538003196949,0.19644538003196949,0.7309909580030921,0.9999504284678271,6.0,c_kam,33.0,2.220446049250313e-16,0.4888888888888889,0.0,warehouse,5007,5.0,200.0,7352.0,3183.0,3183.0,1415.5609157751314,33.0,90.0,0.0,17.66209597438949,1.546809448977001,32.0,
10.0,10.0,0.0,0.0,d_kam_N_32,0.9999497232654598,"N=32, U0=4",9.501583884458062,2.5372840573171276,,S1,4,32,0.18754111188137762,2.0,1.158157993471095,102.14837394249543,6.064090105393643,0.9589764959105055,0.4763137012623085,0.2708165460614422,2.9842190488125198,-5.974644484876437,0.22922862980827527,0.22922862980827527,2.7019459411655764,0.8238613327915256,19.725521932540474,1.0,5.139262363157489,0.04472281025860332,0.23669300532072715,0.23669300532072715,0.7305279811078182,0.9999497232654598,2.0,d_kam,8.0,0.18259028810501138,0.03367003367003367,0.0,warehouse,5007,0.0,200.0,3090.0,3143.0,3143.0,596.843809762504,8.0,297.0,255.0,4.567783670750188,0.7233326040150132,32.0,
36.0,36.0,0.0,0.0,c_kam_N_32,1.0000000000000002,"N=32, U0=4",2.3384142276991082,1.082300786380681,,S1,4,32,0.0,2.0,1.0516973134254324,43.538503155522655,7.709882115452476e-17,0.24868400195163506,0.43250465923613957,0.20981661412627034,4.9509073414083105,2.1587669923266933e-17,0.10973127721976507,0.10973127721976507,1.4889834686461552,0.7229342023219827,3.2491363464086658,0.0,0.6068802496928517,4.9343245538895844e-17,0.1445671397869472,0.1445671397869472,0.8790289747182704,1.0000000000000002,8.0,c_kam,22.0,2.220446049250313e-16,0.4,0.0,warehouse,5008,6.0,200.0,5221.0,3119.0,3119.0,990.1814682816621,22.0,90.0,0.0,15.003438970788773,1.1177007330115885,32.0,
11.0,11.0,0.0,0.0,d_kam_N_32,0.9999999999999997,"N=32, U0=4",2.470245046161181,1.168880271426719,,S1,4,32,0.0,2.0,1.2193916481506109,43.389333201100115,0.4796175348542921,0.2612079297055319,0.5627460521954275,0.3911653891328738,3.374342329479987,-0.10972241849829918,0.205905276947884,0.205905276947884,1.654996673778074,0.8165367183943004,3.9402057486499857,1.0,0.7273776576084745,0.18494755817799646,0.20858247171590358,0.20858247171590358,0.8708039236388967,0.9999999999999997,2.0,d_kam,9.0,0.8631781927985003,0.03293413173652695,0.0,warehouse,5008,0.0,200.0,3592.0,3166.0,3166.0,674.8684658959974,9.0,334.0,252.0,4.358117114444478,0.8007089940074366,32.0,
51.0,51.0,0.0,0.0,c_kam_N_32,0.9995107252509945,"N=32, U0=4",1.75386874696417,0.9250053605895303,,S1,4,32,1.8944867528947242,5.0,1.020973712086401,32.96971268138704,3.047671047990626e-17,0.18910587394298983,0.47527061310846946,0.26936414483457777,8.162331364146667,1.3061447348531253e-17,0.14817094213288515,0.14817094213288515,1.469130107921797,0.6448036807522556,2.7440709373847345,0.0,0.4683603229514429,2.1769078914218755e-17,0.16445617563084222,0.16445617563084222,0.8957571553825068,0.9995107252509945,10.0,c_kam,30.0,2.220446049250313e-16,0.5666666666666667,0.0,warehouse,5009,11.0,200.0,8680.0,3221.0,3221.0,1632.4662728293333,30.0,90.0,0.0,20.27034714834538,1.765073966991622,32.0,
5.0,5.0,0.0,0.0,d_kam_N_32,0.9999560222647929,"N=32, U0=4",2.2400892569745783,1.2665202904309145,,S1,4,32,0.1702831322081529,2.0,1.1668821555196174,33.73891754295939,1.2515365961192417,0.23529682239397856,0.5051508332368593,0.3109695146336015,2.926807290641591,-1.0902425794667034,0.18236123470455,0.18236123470455,1.5106426329975875,0.8074589198592208,3.1593085995335373,1.0,0.5281762360840285,0.08064700832626918,0.19254604897155822,0.19254604897155822,0.8633132370475753,0.9999560222647929,2.0,d_kam,3.0,0.3225880333050767,0.013550135501355014,0.0,warehouse,5009,0.0,200.0,3162.0,3103.0,3103.0,585.3614581283182,3.0,369.0,340.0,2.407818001035812,0.711277597991284,32.0,
40.0,40.0,0.0,0.0,c_kam_N_32,0.9999999999999996,"N=32, U0=4",0.6786541133923576,0.4914817940196145,,S1,4,32,0.0,3.0,0.9571897509414327,15.958598051722134,4.718447854656915e-17,0.07425078250282342,0.43874469287720513,0.21850526856319705,5.144074965646723,2.7755575615628915e-18,0.08378057972539939,0.08378057972539939,1.1419369385379765,0.7291185321484803,1.297195147821335,0.0,0.06623795366737079,2.4980018054066023e-17,0.11663637462314826,0.11663637462314826,0.9443901515692762,0.9999999999999996,8.0,c_kam,25.0,2.220446049250313e-16,0.4444444444444444,0.0,warehouse,5010,7.0,200.0,5350.0,3125.0,3125.0,1028.8149931293447,25.0,90.0,0.0,15.915879855967171,1.1571455289958976,32.0,
4.0,4.0,0.0,0.0,d_kam_N_32,0.9999999999999997,"N=32, U0=4",0.6835570570079765,0.4916350794273676,,S1,4,32,0.0,2.0,1.303636069503207,15.958598051722134,0.3367808316611756,0.0747165621463072,0.5513047446102363,0.3752344545205822,2.9105751840688754,-0.3270368947360876,0.15192066198373305,0.15192066198373305,1.1364181238376796,0.831249962864616,1.5402502377750944,1.0,0.07069330981980808,0.004871968462544007,0.13700723230770565,0.13700723230770565,0.9443755894555396,0.9999999999999997,2.0,d_kam,2.0,0.016564692772649617,0.013745704467353952,0.0,warehouse,5010,0.0,200.0,3084.0,3095.0,3095.0,582.1150368137751,2.0,291.0,268.0,1.6412927630104157,0.7106636840035208,32.0,
56.0,56.0,0.0,0.0,c_kam_N_64,0.9999999999999993,"N=64, U0=8",1.9501494528181371,0.9352638140395065,,S1,8,64,0.0,5.0,0.9489829555240537,110.63895612310083,6.542385680826816e-17,0.21061502934776638,0.501242693050408,0.30552780044993516,36.70778874497046,1.784287003861859e-17,0.17040635360162287,0.17040635360162287,1.659633140374044,0.6666485733404636,3.618056960338728,0.0,0.6973344159736429,4.163336342344337e-17,0.19199656363613266,0.19199656363613266,0.8934240238255293,0.9999999999999993,14.0,c_kam,31.0,2.220446049250313e-16,0.6222222222222222,0.0,warehouse,5001,11.0,200.0,22601.0,6398.0,6182.0,7341.5577489940915,31.0,90.0,0.0,24.033951080998005,7.608508311008336,64.0,
12.0,12.0,0.0,0.0,d_kam_N_64,0.9999999999999997,"N=64, U0=8",2.4417064762628757,1.29822981088872,,S1,8,64,0.0,3.0,1.2616534144213127,110.63895612310083,0.9158733842573951,0.2573129465750166,0.5987236104441119,0.4412607234031939,24.800574040127685,-0.6925773004633928,0.2550468426690524,0.2550468426690524,1.8640488942622457,0.745703588897285,4.1182476547882665,1.0,0.7767529281573989,0.11164804189700107,0.2370955501496248,0.2370955501496248,0.8589422541248541,0.9999999999999997,5.0,d_kam,7.0,0.5160341275139435,0.015113350125944584,0.0,warehouse,5001,0.0,200.0,14832.0,6415.0,6415.0,4960.114808025537,7.0,794.0,613.0,5.274485946954423,5.227319682977395,64.0,
54.0,54.0,0.0,0.0,c_kam_N_64,0.9999999999999997,"N=64, U0=8",1.7069289805484282,0.9099914253774054,,S1,8,64,0.0,3.0,1.051223764744822,96.70922402943373,1.1102230246251565e-16,0.18018590784732436,0.5199342903905149,0.3315540752272993,27.02000820179819,5.3455182667137164e-17,0.11185689905447525,0.11185689905447525,1.3713899864543952,0.7011260644777793,2.1315945597523394,0.0,0.2863198222173842,8.22387425648264e-17,0.1276641089117222,0.1276641089117222,0.8997432994008449,0.9999999999999997,15.0,c_kam,29.0,2.99760216648791e-16,0.6,0.0,warehouse,5002,10.0,200.0,16606.0,6416.0,6092.0,5404.001640359638,29.0,90.0,0.0,23.696903635142714,5.66361598201911,64.0,
9.0,9.0,0.0,0.0,d_kam_N_64,0.9999999999999998,"N=64, U0=8",1.9673613095939069,1.0093706289955808,,S1,8,64,0.0,2.0,1.331784519520805,103.14028425483684,0.4044431406827307,0.2049269791066449,0.40045749861172497,0.16519398540873106,10.90184539105394,-0.3798090836815528,0.20761938573059194,0.20761938573059194,1.48286627674157,0.8926638628314834,2.5871512295924872,1.0,0.3558293867713365,0.012317028500588936,0.21493230041562886,0.21493230041562886,0.8903022750571182,0.9999999999999998,6.0,d_kam,3.0,0.06594346790587591,0.03125,0.0,warehouse,5002,0.0,200.0,6961.0,6248.0,6248.0,2180.369078210788,3.0,288.0,200.0,4.276154371771321,2.432352786010597,64.0,
63.0,63.0,0.0,0.0,c_kam_N_64,1.0,"N=64, U0=8",3.711023106521793,1.423089655191361,,S1,8,64,0.0,3.0,0.9355879516564648,192.06136885608765,8.635067969306773e-17,0.38656307349053565,0.4931488431431521,0.29425788285755355,30.181330664781854,5.28677630773884e-18,0.14030070456661511,0.14030070456661511,1.8689870120272334,0.7041663979731623,5.337059357609916,0.0,1.1767857857149129,4.5818728000403283e-17,0.1541379275327688,0.1541379275327688,0.8435666816136179,1.0,19.0,c_kam,30.0,2.220446049250313e-16,0.7,0.0,warehouse,5003,14.0,200.0,17976.0,6263.0,6113.0,6036.266132956371,30.0,90.0,0.0,27.20785539574966,6.298657127976185,64.0,
11.0,11.0,0.0,0.0,d_kam_N_64,0.9999999999999997,"N=64, U0=8",3.8356279522236756,1.4715703768313069,,S1,8,64,0.0,2.0,1.161828773956299,192.06136885608765,0.8755571876566249,0.3984005338322145,0.47437837707877145,0.26812179086917554,17.300651225232286,-0.5930105637411576,0.18265188045104794,0.18265188045104794,1.9257199012385688,0.8418473642616187,5.67435119331785,1.0,1.2259918176019795,0.14127331195773365,0.18209560284308635,0.18209560284308635,0.8389610130578231,0.9999999999999997,6.0,d_kam,5.0,0.6177559145593863,0.019855595667870037,0.0,warehouse,5003,0.0,200.0,10515.0,6321.0,6321.0,3460.1302450464573,5.0,554.0,413.0,4.785702478457461,3.718221989023732,64.0,
55.0,55.0,0.0,0.0,c_kam_N_64,1.0000000000000002,"N=64, U0=8",3.994800795952461,1.493176265490054,,S1,8,64,0.0,5.0,0.9067748894147653,135.3053800866707,3.835315903250541e-17,0.41057156309121284,0.4649029631083947,0.2549281764800433,29.67779973972938,-6.0557619525008536e-18,0.19433398239992222,0.19433398239992222,2.2405306470769872,0.6942975109684683,7.834565808274849,0.0,1.866255474619582,1.6148698540002276e-17,0.21947394868451872,0.21947394868451872,0.8376623192621813,1.0000000000000002,12.0,c_kam,34.0,1.4432899320127003e-16,0.6111111111111112,0.0,warehouse,5004,9.0,200.0,18225.0,6268.0,6118.0,5935.559947945876,34.0,90.0,0.0,22.758202874148317,6.1972358979983255,64.0,
13.0,13.0,0.0,0.0,d_kam_N_64,1.0000000000000004,"N=64, U0=8",4.115213640083203,1.5850510893639698,,S1,8,64,0.0,2.0,1.3050774221817782,136.41794043047452,1.4373715701875283,0.4220107832836334,0.48352218242458006,0.28085367173042797,10.99381862586597,-0.9541918880562306,0.27252500117682255,0.27252500117682255,2.3535248362378316,0.8627868395397891,8.234177987288119,1.0,1.9081544906842152,0.24158984106564896,0.26304158038438635,0.26304158038438635,0.8289342109941593,1.0000000000000004,6.0,d_kam,7.0,1.1606457309694262,0.03581267217630854,0.0,warehouse,5004,0.0,200.0,6968.0,6293.0,6293.0,2198.763725173194,7.0,363.0,253.0,5.452631757615027,2.4523015579907224,64.0,
58.0,58.0,0.0,0.0,c_kam_N_64,1.0,"N=64, U0=8",1.32756674102649,0.7592959092201569,,S1,8,64,0.0,3.0,1.0028308692662464,82.05938816392127,1.1102230246251565e-16,0.1402603210109908,0.5243799868951158,0.3377442855501613,30.161822220106842,4.976861834526564e-17,0.12646467407786505,0.12646467407786505,1.4842001197209411,0.703665373294394,2.0942972399001696,0.0,0.27054545747181885,8.039546040389065e-17,0.13372072492786788,0.13372072492786788,0.9164415929543063,1.0,17.0,c_kam,29.0,2.553512956637857e-16,0.6444444444444445,0.0,warehouse,5005,12.0,200.0,17690.0,6218.0,6109.0,6032.364444021368,29.0,90.0,0.0,25.2207050588341,6.299228432995733,64.0,
8.0,8.0,0.0,0.0,d_kam_N_64,1.0,"N=64, U0=8",1.609919498814882,0.8748122116810995,,S1,8,64,0.0,2.0,1.1884547181500322,90.81028631676415,0.7796659983510223,0.16708383300088808,0.44435847361359515,0.22632192528475276,17.41573005419923,-0.7796659983510223,0.1781657557539308,0.1781657557539308,1.559000683093559,0.8616278691701449,2.4687334829631187,1.0,0.3321305429686363,0.0,0.18797169886959744,0.18797169886959744,0.9054675442205167,1.0,6.0,d_kam,2.0,0.0,0.018779342723004695,0.0,warehouse,5005,0.0,200.0,10502.0,6295.0,6295.0,3483.146010839846,2.0,426.0,335.0,3.6700423281069514,3.74481284598005,64.0,
49.0,49.0,0.0,0.0,c_kam_N_64,0.9999999999999991,"N=64, U0=8",2.4575091502043795,1.1575955302566376,,S1,8,64,0.0,5.0,0.9619173865233386,122.19759704892326,5.437827059388522e-17,0.25665471581446686,0.5623118034588181,0.3905607389932911,33.43018106024829,-1.8126090197961738e-17,0.16094259410460088,0.16094259410460088,1.6864219882342197,0.6969077247687357,3.87009711824007,0.0,0.7520792557631139,1.8126090197961738e-17,0.17554152138059784,0.17554152138059784,0.8732919995274446,0.9999999999999991,12.0,c_kam,28.0,2.220446049250313e-16,0.5444444444444444,0.0,warehouse,5006,9.0,200.0,21182.0,6688.0,6160.0,6686.0362120496575,28.0,90.0,0.0,20.161290341034967,6.946370318997651,64.0,
10.0,10.0,0.0,0.0,d_kam_N_64,0.9999999999999991,"N=64, U0=8",2.7916837715712792,1.2121142073937612,,S1,8,64,0.0,2.0,1.1846473722976338,133.13644683815963,0.6644648581246594,0.28840130484432225,0.41903672070953735,0.19106378832973556,10.832613234524615,-0.6081195235320178,0.2187859079772975,0.2187859079772975,1.7530864219761089,0.8667124666006388,4.38315104673974,1.0,0.8579755723779,0.028172667296320775,0.21346213511603865,0.21346213511603865,0.868112725199418,0.9999999999999991,6.0,d_kam,4.0,0.1422018751557357,0.02881844380403458,0.0,warehouse,5006,0.0,200.0,7031.0,6264.0,6264.0,2166.522646904923,4.0,347.0,242.0,4.442152283629691,2.4180174980137963,64.0,
52.0,52.0,0.0,0.0,c_kam_N_64,1.0,"N=64, U0=8",5.753296084680929,1.8312026972598847,,S1,8,64,0.0,4.0,0.9179669613039181,202.22890323000388,9.607699251563855e-17,0.5932634422323211,0.4653678586866309,0.2555754994370811,39.874237960902974,2.135044278125301e-18,0.17741562566805388,0.17741562566805388,2.2638597666198024,0.643434529821463,9.826091954362932,0.0,2.4406683974008514,4.910601839688192e-17,0.17135036295840314,0.17135036295840314,0.8004032659169958,1.0,15.0,c_kam,26.0,1.6098233857064723e-16,0.5777777777777777,0.0,warehouse,5007,11.0,200.0,23865.0,6485.0,6199.0,7974.847592180595,26.0,90.0,0.0,22.11163553555753,8.242839104001177,64.0,
13.0,13.0,0.0,0.0,d_kam_N_64,0.9999999999999997,"N=64, U0=8",6.019539787612315,1.9559635218710216,,S1,8,64,0.0,2.0,1.1516722749983033,202.15497179833855,2.035888573095359,0.6185565940108028,0.44535397680562994,0.22770806896986456,12.250356689910404,-1.3740296218180548,0.22190946649915802,0.22190946649915802,2.46058129624177,0.8430363136731307,10.658048481791308,1.0,2.610538600152199,0.33092947563865205,0.2075374751795998,0.2075374751795998,0.7885509875789378,0.9999999999999997,6.0,d_kam,7.0,1.727249021978296,0.029213483146067417,0.0,warehouse,5007,0.0,200.0,7346.0,6307.0,6307.0,2450.071337982081,7.0,445.0,308.0,5.700063617118885,2.705537992005702,64.0,
47.0,47.0,0.0,0.0,c_kam_N_64,1.0,"N=64, U0=8",1.8471155239036732,0.8826507515364748,,S1,8,64,0.0,3.0,1.0667036678496837,125.40761622729454,5.196788625904988e-17,0.19685930800846876,0.4361541128889765,0.2148981318707267,21.030367063794984,3.307047307394083e-17,0.20584613364642712,0.20584613364642712,1.9658345489879319,0.7778914103469076,4.822942686143001,0.0,1.0048720958594008,4.2519179666495357e-17,0.20769164186348912,0.20769164186348912,0.9003314586652852,1.0,12.0,c_kam,28.0,2.220446049250313e-16,0.5222222222222223,0.0,warehouse,5008,7.0,200.0,12272.0,6209.0,6029.0,4206.073412758997,28.0,90.0,0.0,18.9541121877101,4.466401349985972,64.0,
6.0,6.0,0.0,0.0,d_kam_N_64,0.9995290379177173,"N=64, U0=8",1.919066284051268,0.9421719940012546,,S1,8,64,5.962551854658537,2.0,1.7315036557310968,125.40761622729454,4.258788469286407,0.2036946302224902,0.4293943561162966,0.20548581231383076,11.389557875518221,-3.308439828030499,0.2547300973909571,0.2547300973909571,1.9539734774299011,0.8797559047930201,4.965070561002476,1.0,1.0051492436263305,0.47517432062795434,0.25549330758739475,0.25549330758739475,0.8946769406311311,0.9995290379177173,6.0,d_kam,0.0,1.1970052231798656,0.018072289156626505,0.0,warehouse,5008,0.0,200.0,6772.0,6213.0,6213.0,2277.9115751036443,0.0,332.0,252.0,3.0,2.5366593950020615,64.0,
57.0,57.0,0.0,0.0,c_kam_N_64,0.9999999999999999,"N=64, U0=8",3.3386824542810953,1.4299683821969555,,S1,8,64,0.0,4.0,0.9531276914402675,164.4856854572879,7.596262800066861e-17,0.34709242137193685,0.5449838632267021,0.36643322727768646,22.447351532318862,-5.843279076974508e-18,0.20651314753635205,0.20651314753635205,1.8760035161662347,0.7187905848425558,5.306288606460987,0.0,1.1372717827049137,3.5059674461847047e-17,0.19866421811855756,0.19866421811855756,0.8444630682554995,0.9999999999999999,14.0,c_kam,33.0,2.220446049250313e-16,0.6333333333333333,0.0,warehouse,5009,10.0,200.0,13906.0,6304.0,6053.0,4489.470306463772,33.0,90.0,0.0,23.638520318967377,4.74666909899679,64.0,
12.0,12.0,0.0,0.0,d_kam_N_64,0.9999999999999999,"N=64, U0=8",3.117958816296106,1.3221824111711735,,S1,8,64,0.0,2.0,1.2481458896966164,164.4856854572879,1.6577272145087127,0.326123675763363,0.4567848111172392,0.24362442054299138,12.658750036061974,-0.9499167955452368,0.23605061681474268,0.23605061681474268,1.9803789110502754,0.8503341506213136,5.46707797380781,1.0,1.153840257121293,0.3539052094817381,0.2203066125791766,0.2203066125791766,0.8547027355029487,0.9999999999999999,6.0,d_kam,6.0,1.5390862619128676,0.02912621359223301,0.0,warehouse,5009,0.0,200.0,7965.0,6305.0,6305.0,2531.750007212395,6.0,412.0,250.0,5.3794932164449465,2.785104506998323,64.0,
67.0,67.0,0.0,0.0,c_kam_N_64,0.9999719726360342,"N=64, U0=8",2.695250286878944,1.2133588349481939,,S1,8,64,0.3056033967116497,7.0,0.9574918561549071,122.34634448530254,8.11954152337801e-17,0.28335476162624784,0.6393597559634112,0.4978426981769017,45.86698942919611,-2.4855739357279625e-17,0.1711586017388156,0.1711586017388156,1.8753652571186084,0.6058526589615001,4.437892526862683,0.0,0.9193390333810976,2.816983793825024e-17,0.18231155296965704,0.18231155296965704,0.8663316189791525,0.9999719726360342,14.0,c_kam,40.0,1.1102230246251565e-16,0.7444444444444445,0.0,warehouse,5010,13.0,200.0,28231.0,6456.0,6266.0,9173.397885839222,40.0,90.0,0.0,28.02061834296559,9.439518176019192,64.0,
12.0,12.0,0.0,0.0,d_kam_N_64,0.9999999999999998,"N=64, U0=8",3.0334664403553013,1.4426972706281251,,S1,8,64,0.0,2.0,1.1794976088676052,122.2490755395375,1.6372688385750929,0.31548529620650184,0.4690217447485786,0.2606631888904259,17.139627039432526,-1.480931524949668,0.26960947775571936,0.26960947775571936,2.099161526163756,0.8200555587887939,4.848822531968686,1.0,0.9780330149313202,0.07816865681271225,0.27645206900990915,0.27645206900990915,0.8445444675895589,0.9999999999999998,6.0,d_kam,6.0,0.4075258803090552,0.023166023166023165,0.0,warehouse,5010,0.0,200.0,11048.0,6362.0,6362.0,3427.925407886505,6.0,518.0,380.0,5.200210018800119,3.685682242998155,64.0,
68.0,68.0,0.0,0.0,c_kam_N_128,1.0,"N=128, U0=16",15.565780665784269,3.337670852091989,,S1,16,128,0.0,9.0,0.8144893295654081,611.662327023354,4.783755091399571e-16,1.5400675437203477,0.5202067841505655,0.33193349691850893,158.5070236994943,-4.734774663842579e-17,0.28446452986071724,0.28446452986071724,4.632836381209825,0.6087625391644265,38.94287262944337,0.0,10.538393325762792,2.1551388125076568e-16,0.2454417299085131,0.2454417299085131,0.6535290575863292,1.0,23.0,c_kam,29.0,1.1102230246251565e-16,0.7555555555555555,0.0,warehouse,5001,16.0,200.0,81528.0,13241.0,12214.0,31701.404739898862,29.0,90.0,0.0,30.139341295025886,32.277498844021466,128.0,
26.0,26.0,0.0,0.0,d_kam_N_128,1.0,"N=128, U0=16",16.996665227329903,3.6137446591101132,,S1,16,128,0.0,3.0,1.217532852625976,623.8677058809917,2.364512264436387,1.6760015770671828,0.5277809260606398,0.342479770464182,90.01800917554647,-1.4711706435113194,0.33210849634727824,0.33210849634727824,5.346819083529077,0.8102249981554911,44.2156400320996,1.0,11.94145213648339,0.44667081046253376,0.3223297545885954,0.3223297545885954,0.6273020459196073,1.0,13.0,d_kam,13.0,1.936731569373194,0.027339642481598318,0.0,warehouse,5001,0.0,200.0,29429.0,12625.0,12625.0,18003.601835109293,13.0,951.0,429.0,11.321375353920029,19.175550914020278,128.0,
68.0,68.0,0.0,0.0,c_kam_N_128,0.9999415746282696,"N=128, U0=16",9.243208250747593,2.5381371300373576,,S1,16,128,1.2888211042835054,5.0,0.978999546817767,552.0278633686389,2.955152462605196e-16,0.92894596572411,0.5255604451139291,0.33938796155104056,135.80552517538308,-1.7796222012373834e-16,0.2511481012422496,0.2511481012422496,3.2753205439231032,0.6912060450907666,19.319213925826542,0.0,5.0471302019648325,5.877651306839064e-17,0.22664116752523428,0.22664116752523428,0.7321061532875223,0.9999415746282696,29.0,c_kam,21.0,4.440892098500626e-16,0.7555555555555555,0.0,warehouse,5002,18.0,200.0,51844.0,12498.0,11990.0,27161.105035076616,21.0,90.0,0.0,30.8571806380313,27.82145893998677,128.0,
18.0,18.0,0.0,0.0,d_kam_N_128,0.9999999999999999,"N=128, U0=16",10.726002075862457,2.7950954506871613,,S1,16,128,0.0,2.0,1.1550567608773878,558.1949135962088,2.744213866516983,1.0698113791100219,0.4520333294822338,0.23700843345627484,90.16979245017865,-1.8862622383467214,0.29542076202783785,0.29542076202783785,3.8965996645484227,0.8501981151621485,22.680410311713576,1.0,5.942646117075502,0.4289758140851308,0.25763590591403407,0.25763590591403407,0.7076951128257909,0.9999999999999999,14.0,d_kam,4.0,1.6753957344534753,0.025974025974025976,0.0,warehouse,5002,0.0,200.0,21609.0,12451.0,12451.0,18033.95849003573,4.0,693.0,319.0,8.369634943983232,19.468161972006783,128.0,
56.0,56.0,0.0,0.0,c_kam_N_128,1.0000000000000002,"N=128, U0=16",1.778056116174328,0.9244277175438856,,S1,16,128,0.0,6.0,0.9869647111593124,159.18027559075813,1.130048435779177e-16,0.18389040413214633,0.5161371651889572,0.3262669388707,114.54560182013665,1.982541115402065e-18,0.13303418750562887,0.13303418750562887,1.4715199049994885,0.739312965875901,2.348153264986432,0.0,0.33175957996878597,5.74936923466599e-17,0.13395485124150744,0.13395485124150744,0.899773947278046,1.0000000000000002,19.0,c_kam,28.0,2.7755575615628914e-16,0.6222222222222222,0.0,warehouse,5003,9.0,200.0,41286.0,12875.0,11912.0,22909.12036402733,28.0,90.0,0.0,24.415778393889997,23.61810030299239,128.0,
16.0,16.0,0.0,0.0,d_kam_N_128,0.9999999999999998,"N=128, U0=16",2.719401025893992,1.446629854408202,,S1,16,128,0.0,4.0,1.2043645918188777,177.23992848267042,0.17611290576557614,0.2733181705555144,0.5783718334584677,0.41292280608141063,136.59404889956932,-0.112427529747215,0.2679254848957948,0.2679254848957948,1.9219667710290185,0.7478485397743495,3.163603532843549,1.0,0.5095332873677334,0.03184268800918058,0.2540648335521098,0.2540648335521098,0.850164744275936,0.9999999999999998,12.0,d_kam,4.0,0.147484964449337,0.012810248198558846,0.0,warehouse,5003,0.0,200.0,38181.0,12665.0,12665.0,27318.809779913863,4.0,1249.0,860.0,7.288931602972229,28.97377911800868,128.0,
66.0,66.0,0.0,0.0,c_kam_N_128,0.9999999999999999,"N=128, U0=16",6.329031633511684,2.033685581478364,,S1,16,128,0.0,2.0,1.0216928237109473,411.15923476305176,6.156691318375869e-16,0.6359636195307242,0.4699774490787723,0.261993916438797,180.69323070609244,-1.1775092685418326e-16,0.23518625139775476,0.23518625139775476,3.0844427242479315,0.7632687569463823,13.135674029658757,0.0,3.315440821751725,2.4895910249170175e-16,0.22709355582705773,0.22709355582705773,0.7850297606309192,0.9999999999999999,23.0,c_kam,34.0,2.220446049250313e-16,0.7333333333333333,0.0,warehouse,5004,9.0,200.0,33529.0,12611.0,11849.0,36138.64614121849,34.0,90.0,0.0,27.566336432374236,37.3012038480083,128.0,
20.0,20.0,0.0,0.0,d_kam_N_128,0.9999999999999999,"N=128, U0=16",7.80796832670181,2.323058444352762,,S1,16,128,0.0,2.0,1.1822996879884689,441.06900063827555,1.444866917025514,0.7764626053837863,0.4415170617715831,0.2223655290490398,115.38676617958117,-1.0634110937193397,0.2635453025601699,0.2635453025601699,3.547047295666017,0.8703771008735214,16.44409691628035,1.0,4.207173759222356,0.1907279116530872,0.2535858506355926,0.2535858506355926,0.7575393386578514,0.9999999999999999,14.0,d_kam,6.0,0.5559211162620299,0.03067484662576687,0.0,warehouse,5004,0.0,200.0,18869.0,12444.0,12444.0,23077.353235916235,6.0,652.0,231.0,9.484936407790297,24.757880560995545,128.0,
54.0,54.0,0.0,0.0,c_kam_N_128,0.9997763975034121,"N=128, U0=16",1.8211962524851615,0.9218630688526863,,S1,16,128,5.147411979495351,6.0,0.940331494795995,177.01344654679667,9.663052251367103e-17,0.18818228397087722,0.4619011595303066,0.2507484499789079,92.51942983013578,5.962308835949915e-17,0.1685405133001827,0.1685405133001827,1.7884382572528608,0.7891891099632303,2.959249896226098,0.0,0.48798675601729996,7.812680543658509e-17,0.15035469336572707,0.15035469336572707,0.899911972886816,0.9997763975034121,19.0,c_kam,26.0,2.99760216648791e-16,0.6,0.0,warehouse,5005,9.0,200.0,33751.0,12926.0,11855.0,18503.885966027156,26.0,90.0,0.0,23.925237837405625,19.236581684002886,128.0,
16.0,16.0,0.0,0.0,d_kam_N_128,0.9993010879851928,"N=128, U0=16",2.537783400823262,1.3499335565070674,,S1,16,128,16.089212475318455,4.0,2.1686222316322965,181.14913510992147,0.2759048408243824,0.2562580630629967,0.5061702758628481,0.3123889917077632,108.04429356503533,-0.14857845961914148,0.2969346474491719,0.2969346474491719,2.1924272242222775,0.7891044725554474,3.529729842823208,1.0,0.6044721415802741,0.06366319060262043,0.2753144625963825,0.2753144625963825,0.8592452765596497,0.9993010879851928,12.0,d_kam,4.0,0.311819425851976,0.013937282229965157,0.0,warehouse,5005,0.0,200.0,35990.0,12563.0,12563.0,21608.858713007066,4.0,1148.0,752.0,7.4657576104403915,22.644341792998603,128.0,
63.0,63.0,0.0,0.0,c_kam_N_128,1.0,"N=128, U0=16",2.700862559976141,1.248575601104448,,S1,16,128,0.0,4.0,1.041750494657875,218.28057632397469,3.7712337661870396e-16,0.28253483474621055,0.48985770704282927,0.2896752882874838,100.17780127571314,1.1278456123176193e-16,0.1878395098159576,0.1878395098159576,1.8746704175237352,0.7466195699514198,3.9539426101416755,0.0,0.7670140260030817,2.4495396892523297e-16,0.18289043570357225,0.18289043570357225,0.8633409450313869,1.0,24.0,c_kam,27.0,6.439293542825905e-16,0.7,0.0,warehouse,5006,12.0,200.0,40900.0,12771.0,11907.0,20035.560255142627,27.0,90.0,0.0,27.54797692002843,20.712396054994315,128.0,
19.0,19.0,0.0,0.0,d_kam_N_128,1.0000000000000004,"N=128, U0=16",4.2047490634938525,1.810057601556927,,S1,16,128,0.0,2.0,1.1854514563885976,254.01580611242372,0.5117858467763944,0.4254040525803932,0.5948733617874488,0.43589961767872604,89.38707518886076,-0.2663917657621837,0.2666361549099868,0.2666361549099868,2.2979462305771903,0.757946192511938,5.554882651633756,1.0,1.1718738500871353,0.12269704050710531,0.2552465691010815,0.2552465691010815,0.8100001549884013,1.0000000000000004,14.0,d_kam,5.0,0.730651786775675,0.01857282502443793,0.0,warehouse,5006,0.0,200.0,28420.0,12508.0,12508.0,17877.415037772153,5.0,1023.0,550.0,9.199369318142406,18.915983059996506,128.0,
58.0,58.0,0.0,0.0,c_kam_N_128,0.9999999999999992,"N=128, U0=16",9.446550134563262,2.477371844129908,,S1,16,128,0.0,5.0,0.9910317588387069,546.5146575729347,4.134623677914376e-16,0.9445652223863423,0.5411455235523809,0.3610887036805303,115.0541310357221,1.1102230246251565e-16,0.2170344381517506,0.2170344381517506,3.253585292280821,0.7142955335903877,20.460694330740438,0.0,5.366541390796673,2.6224233512697665e-16,0.21713564293513796,0.21713564293513796,0.7388687853347116,0.9999999999999992,20.0,c_kam,29.0,2.220446049250313e-16,0.6444444444444445,0.0,warehouse,5007,9.0,200.0,49562.0,12853.0,11973.0,23010.82620714442,29.0,90.0,0.0,25.232361044232164,23.67186981800478,128.0,
24.0,24.0,0.0,0.0,d_kam_N_128,1.0,"N=128, U0=16",12.14575606112201,3.103417430401274,,S1,16,128,0.0,3.0,1.2119594679487564,583.3133452735169,1.5221858929121164,1.2009897854094231,0.5581400308645921,0.3847519417101914,99.80227201580419,-1.1478323276346554,0.3265412654658788,0.3265412654658788,4.095972506013094,0.7859055764707782,26.976618865449854,1.0,7.132852282664015,0.1871767826387305,0.312823625518306,0.312823625518306,0.6793944546389318,1.0,13.0,d_kam,11.0,0.4123283228023699,0.0223463687150838,0.0,warehouse,5007,0.0,200.0,32708.0,12646.0,12646.0,19960.45440316084,11.0,1074.0,526.0,11.123703998092976,21.0145912009757,128.0,
60.0,60.0,0.0,0.0,c_kam_N_128,1.0000000000000004,"N=128, U0=16",2.42773092123568,1.1967351907653565,,S1,16,128,0.0,2.0,1.1295645041854205,180.05856167964055,2.257453483404485e-16,0.24913202237570517,0.476681205278583,0.27132826051448267,101.40349871144281,-5.551115123125783e-17,0.19003886652938232,0.19003886652938232,1.8105650318299482,0.7379983902791559,3.570168016819069,0.0,0.6637604146367942,8.511709855459534e-17,0.19680705549926591,0.19680705549926591,0.8720302771233419,1.0000000000000004,28.0,c_kam,18.0,2.220446049250313e-16,0.6666666666666666,0.0,warehouse,5008,14.0,200.0,44517.0,12635.0,11932.0,20280.69974228856,18.0,90.0,0.0,27.619009930702884,20.973679160000756,128.0,
20.0,20.0,0.0,0.0,d_kam_N_128,1.0,"N=128, U0=16",3.6377035077104156,1.7528511529749535,,S1,16,128,0.0,3.0,1.1741076330203253,189.03190324470893,0.5316131209779321,0.36407941809080513,0.515642415100242,0.325578046342109,96.15105315999244,-0.39919260251767524,0.2796392812921958,0.2796392812921958,2.16097252496626,0.7863214305963868,4.634351555053077,1.0,0.9167658696273909,0.06621025923012844,0.28344071334475623,0.28344071334475623,0.8191992607134303,1.0,13.0,d_kam,7.0,0.4499040451681864,0.018832391713747645,0.0,warehouse,5008,0.0,200.0,32327.0,12598.0,12598.0,19230.21063199849,7.0,1062.0,583.0,9.107489565840806,20.25430719097494,128.0,
49.0,49.0,0.0,0.0,c_kam_N_128,0.9999700067281634,"N=128, U0=16",2.079348804962054,1.0059019202828532,,S1,16,128,0.6500487198456039,7.0,0.9646363030438925,181.5350675771601,3.1267505591484e-16,0.21654855024380212,0.5292590308221783,0.344537891018223,104.17115238436963,-4.9846748044394783e-17,0.15745087064502095,0.15745087064502095,1.7709502541096234,0.7583768415713044,3.2188259428890285,0.0,0.5607226780750072,1.314141539352226e-16,0.15150235385735392,0.15150235385735392,0.8896120731219805,0.9999700067281634,16.0,c_kam,26.0,2.220446049250313e-16,0.5444444444444444,0.0,warehouse,5009,7.0,200.0,36231.0,12436.0,11874.0,20834.230476873927,26.0,90.0,0.0,21.76576331763049,21.569286034995457,128.0,
18.0,18.0,0.0,0.0,d_kam_N_128,0.9996248410343528,"N=128, U0=16",3.84220299524134,2.0434153837606686,,S1,16,128,8.130877040749986,3.0,1.2479861177296132,208.82323577142654,0.4086891481615537,0.3840196983203343,0.5175488702354986,0.3282326041253778,104.22221821994754,-0.26870419456129585,0.3384789414697872,0.3384789414697872,2.3319298072968406,0.7708544285334635,4.3836227279851085,1.0,0.8342485697600054,0.06999247680012892,0.33390714805207256,0.33390714805207256,0.7910482940915881,0.9996248410343528,13.0,d_kam,5.0,0.3033352084685565,0.015100671140939598,0.0,warehouse,5009,0.0,200.0,34972.0,12562.0,12562.0,20844.443643989507,5.0,1192.0,776.0,8.100623828382899,21.859709589974955,128.0,
69.0,69.0,0.0,0.0,c_kam_N_128,1.0000000000000009,"N=128, U0=16",4.220580214368126,1.6548360336160606,,S1,16,128,0.0,6.0,0.9879193245974518,316.0777283322782,3.282398507587419e-16,0.43142250496399726,0.523250757154074,0.3361719403411157,109.32389107489143,7.401486830834377e-17,0.21159076709338678,0.21159076709338678,2.3229233446879376,0.7086561009508641,7.344250607495094,0.0,1.711381917973326,2.0112735953354286e-16,0.22491306563097802,0.22491306563097802,0.8225977620130316,1.0000000000000009,24.0,c_kam,31.0,2.220446049250313e-16,0.7666666666666667,0.0,warehouse,5010,14.0,200.0,45467.0,12704.0,11943.0,21864.778214978287,31.0,90.0,0.0,30.776197971795348,22.53293776800274,128.0,
20.0,20.0,0.0,0.0,d_kam_N_128,0.9999999999999999,"N=128, U0=16",5.130054053694476,1.8581612372474554,,S1,16,128,0.0,2.0,1.1369391104344198,326.9917170984651,0.8764028503095858,0.5178225197000006,0.4516426790745524,0.23646448985064258,85.92576129580266,-0.4428546011618154,0.24439982910970784,0.24439982910970784,2.6404535353213685,0.8484068347649665,8.844305597302617,1.0,2.095532245053919,0.21677412457388523,0.23833787545298976,0.23833787545298976,0.8032818676680489,0.9999999999999999,14.0,d_kam,6.0,1.375198336805237,0.026490066225165563,0.0,warehouse,5010,0.0,200.0,21693.0,12486.0,12486.0,17185.15225916053,6.0,755.0,292.0,9.527208306801588,18.359430887998315,128.0,
64.0,64.0,0.0,0.0,c_kam_N_256,1.0000000000000004,"N=256, U0=32",25.279554572315316,4.851276057312397,,S1,32,256,0.0,3.0,1.074965003662468,1666.089698083395,5.6239735091168086e-15,2.4547285993984866,0.5613578731038297,0.389232481536978,617.4160782754188,1.97758476261356e-16,0.37859169870770193,0.37859169870770193,7.0313655617637645,0.7464920715844948,69.83404170335133,0.0,19.09054067121197,2.9108659926890823e-15,0.34906399355752626,0.34906399355752626,0.5114236328282069,1.0000000000000004,36.0,c_kam,21.0,2.842170943040401e-14,0.7111111111111111,0.0,warehouse,5001,7.0,200.0,157559.0,29374.0,23693.0,123483.21565508377,21.0,90.0,0.0,29.825538564344082,125.07468400601647,256.0,
40.0,40.0,0.0,0.0,d_kam_N_256,0.9998897853503838,"N=256, U0=32",33.65377786019119,5.74448339439437,,S1,32,256,5.275501912202815,3.0,1.3863235375059844,1914.9200846726412,2.0707228379039613,3.2502798117466956,0.5502370310592197,0.3737477647660022,372.3409776845074,-0.5858362612094352,0.4762126892243805,0.4762126892243805,9.806817704611127,0.7659488683942416,105.16351024540191,1.0,28.921030836699018,0.7424432883472631,0.42812741917578134,0.42812741917578134,0.4265689358054195,0.9998897853503838,29.0,d_kam,11.0,3.2625755788239035,0.020110608345902465,0.0,warehouse,5001,0.0,200.0,69222.0,25375.0,25375.0,74468.19553690148,11.0,1989.0,305.0,18.667739034593094,78.38493468600791,256.0,
72.0,72.0,0.0,0.0,c_kam_N_256,1.0000000000000004,"N=256, U0=32",6.58374701398502,2.3852292982707994,,S1,32,256,0.0,4.0,1.0136142400460058,619.2341472207232,5.720732529665737e-16,0.6490320783038299,0.6826671495725608,0.558144132316224,823.1776048053871,-1.896631000401309e-16,0.28330495499148095,0.28330495499148095,2.9424936542011952,0.6542985461620708,9.793449314531278,0.0,2.3635209511463695,1.9120507646322142e-16,0.27050009424381116,0.27050009424381116,0.7564453058991337,1.0000000000000004,38.0,c_kam,24.0,6.439293542825921e-16,0.8,0.0,warehouse,5002,10.0,200.0,199804.0,28604.0,23856.0,164635.52096107742,24.0,90.0,0.0,32.75020126434513,166.41726760700112,256.0,
38.0,38.0,0.0,0.0,d_kam_N_256,0.9997635201819965,"N=256, U0=32",10.31761599538461,3.4691724596013005,,S1,32,256,10.424238013517439,6.0,1.5824070417302454,655.1958755723117,0.44630113694522716,1.0037496315367913,0.5263024646229538,0.34042115327246736,270.9316209334065,-0.2915716886200666,0.4258413616723014,0.4258413616723014,4.582804861539729,0.7580922737023268,15.621413655211109,1.0,3.9485401349118825,0.0773647241625803,0.3919914381874829,0.3919914381874829,0.6534707055727361,0.9997635201819965,26.0,d_kam,12.0,0.3118024617660753,0.016260162601626018,0.0,warehouse,5002,0.0,200.0,77669.0,25564.0,25564.0,54186.324186681304,12.0,2337.0,707.0,17.8326840920889,56.79098648298532,256.0,
50.0,50.0,0.0,0.0,c_kam_N_256,0.9999999999999997,"N=256, U0=32",12.730114233628532,3.1740265345810426,,S1,32,256,0.0,2.0,1.1277154074990368,981.0714705126024,2.48245868306185e-15,1.2497256145428093,0.5511495969604371,0.3750184261474441,534.8166197998216,6.794564910705958e-16,0.3445929098354612,0.3445929098354612,4.553648406534246,0.7543729316297558,27.355142670080546,0.0,7.243103833248011,1.580957587066223e-15,0.28455913642705005,0.28455913642705005,0.6746643384763712,0.9999999999999997,34.0,c_kam,12.0,1.4210854715202004e-14,0.5555555555555556,0.0,warehouse,5003,4.0,200.0,150585.0,28253.0,23665.0,106963.32395996433,12.0,90.0,0.0,23.494871011667623,108.53219501598505,256.0,
39.0,39.0,0.0,0.0,d_kam_N_256,0.9999999999999997,"N=256, U0=32",14.822158575114695,3.5689588458506223,,S1,32,256,0.0,2.0,1.1571355913921921,1048.7318547798975,1.023339228658542,1.4484698269839953,0.5412795815840472,0.3612753667625975,238.63545701955445,-0.5922146619355291,0.4490832846447189,0.4490832846447189,6.1933149914932075,0.7655612027851129,34.09630589308762,1.0,9.094181857929266,0.2155622833615065,0.38793828026481963,0.38793828026481963,0.6371457689057611,0.9999999999999997,30.0,d_kam,9.0,0.9317899184320085,0.019202363367799114,0.0,warehouse,5003,0.0,200.0,66397.0,25389.0,25389.0,47727.09140391089,9.0,2031.0,323.0,18.422602662298935,50.305006581009366,256.0,
69.0,69.0,0.0,0.0,c_kam_N_256,0.9999999999999993,"N=256, U0=32",5.990476688718099,2.149697722489387,,S1,32,256,0.0,3.0,1.004007787434983,672.2474564731109,9.042686084628087e-16,0.5956871003214239,0.5869247106116812,0.4248318755352524,624.7441243090725,-2.25262642677568e-17,0.26877760708349896,0.26877760708349896,2.948731393100932,0.6873779916766825,10.111288715015599,0.0,2.4632580891639706,4.408711720975259e-16,0.2811208963731954,0.2811208963731954,0.7774708100981914,0.9999999999999993,39.0,c_kam,20.0,8.881784197001252e-16,0.7666666666666667,0.0,warehouse,5004,10.0,200.0,183349.0,29022.0,23792.0,124948.8248618145,20.0,90.0,0.0,32.30125125700359,126.58888448399375,256.0,
30.0,30.0,0.0,0.0,d_kam_N_256,0.9999181363789356,"N=256, U0=32",7.804193451034663,3.088113540411318,,S1,32,256,3.7169547970313817,5.0,1.197630825140489,716.4944963620071,0.5797774857458473,0.7679901927414977,0.6129107393070545,0.46101495346551913,324.51978170487564,-0.36712411110253307,0.44067770481481683,0.44067770481481683,3.7831394327320162,0.7016141813468285,12.196769463998738,1.0,2.989420515031097,0.10632668732165727,0.39734170069847224,0.39734170069847224,0.6883213073956079,0.9999181363789356,27.0,d_kam,3.0,0.5536604813814,0.011918951132300357,0.0,warehouse,5004,0.0,200.0,79531.0,25444.0,25444.0,64903.95634097513,3.0,2517.0,1138.0,14.908608786813428,69.03228356901673,256.0,
48.0,48.0,0.0,0.0,c_kam_N_256,1.0000000000000004,"N=256, U0=32",7.914075210694257,2.500752078729029,,S1,32,256,0.0,5.0,0.9701721791315863,774.6281407801697,1.04314705022072e-15,0.7823216589200314,0.5498155949908546,0.3731609550505571,718.7677358704968,-5.759281940243e-16,0.2922251844808295,0.2922251844808295,3.257856400197016,0.7663482372799004,13.53890440662926,0.0,3.3983588117508328,2.3360942809821e-16,0.26161376631074046,0.26161376631074046,0.7423588405853212,1.0000000000000004,30.0,c_kam,15.0,7.327471962526027e-16,0.5333333333333333,0.0,warehouse,5005,3.0,200.0,161676.0,29881.0,23711.0,143753.54717409937,15.0,90.0,0.0,22.226170631291374,145.67047972299042,256.0,
35.0,35.0,0.0,0.0,d_kam_N_256,1.0000000000000002,"N=256, U0=32",11.886892284920688,3.7234343315849863,,S1,32,256,0.0,5.0,1.1731832799950155,759.1002680144577,0.6176346132214694,1.1597392809715423,0.5393831674967287,0.3586347901853184,355.5313196948555,-0.2850396563871263,0.4107374246271028,0.4107374246271028,4.609143633916602,0.7581051916222873,19.484406880655364,1.0,5.028815078975186,0.1662974784171714,0.3800176633942738,0.3800176633942738,0.6262040265640054,1.0000000000000002,27.0,d_kam,8.0,0.9295634527767006,0.015815634884771803,0.0,warehouse,5005,0.0,200.0,78178.0,25421.0,25421.0,71106.2639389711,8.0,2213.0,633.0,16.8252260315054,75.41059422501712,256.0,
72.0,72.0,0.0,0.0,c_kam_N_256,1.0000000000000002,"N=256, U0=32",25.41124761982121,4.712886093799296,,S1,32,256,0.0,4.0,1.0068637219650916,1491.171407651007,3.6267285471088444e-15,2.4584419849079895,0.5617227279591468,0.38974050728488785,715.614466539846,3.8241015292644283e-16,0.3406688509638325,0.3406688509638325,6.617116251465493,0.702994622876207,65.19005946088754,0.0,17.816634654366087,2.004569350017644e-15,0.3178124933016609,0.3178124933016609,0.5272975307125504,1.0000000000000002,39.0,c_kam,22.0,5.440092820663273e-16,0.8,0.0,warehouse,5006,11.0,200.0,173668.0,29033.0,23756.0,143122.8933079692,22.0,90.0,0.0,32.87535046835086,144.9442406159942,256.0,
35.0,35.0,0.0,0.0,d_kam_N_256,1.0000000000000007,"N=256, U0=32",29.143323361757314,5.116342191663523,,S1,32,256,0.0,3.0,1.138634269090844,1553.5453908087932,2.409611842151985,2.812989180391919,0.4976750021073208,0.3005601295165228,279.2693513483391,-1.3135637961008209,0.39237732886071575,0.39237732886071575,7.995809909139598,0.7828424736070293,80.35781151060677,1.0,22.024929756361225,0.5480240230255823,0.35207301255946816,0.35207301255946816,0.4889692014154488,1.0000000000000007,29.0,d_kam,6.0,1.9126847891568524,0.02003434459072696,0.0,warehouse,5006,0.0,200.0,63764.0,25204.0,25204.0,55853.87026966782,6.0,1747.0,413.0,17.057947747746557,60.2041717999964,256.0,
62.0,62.0,0.0,0.0,c_kam_N_256,1.0,"N=256, U0=32",10.04445344009983,2.821679503909278,,S1,32,256,0.0,2.0,1.0503583562231067,879.2571854733036,1.006363451353771e-15,0.9900417597593958,0.5483213063021134,0.3710802999143351,958.4727440748247,7.055288253263091e-16,0.31087160345534914,0.31087160345534914,4.0925574999807734,0.7173888519850269,20.762012311228187,0.0,5.422656083608114,8.559461383400401e-16,0.2855002926304526,0.2855002926304526,0.7098196894938598,1.0,36.0,c_kam,20.0,6.783462680459679e-15,0.6888888888888889,0.0,warehouse,5007,6.0,200.0,164590.0,29537.0,23719.0,191694.54881496495,20.0,90.0,0.0,27.661860183291225,193.9016885900055,256.0,
51.0,51.0,0.0,0.0,d_kam_N_256,0.9999999999999998,"N=256, U0=32",17.816708863175194,4.427745378084987,,S1,32,256,0.0,5.0,1.2347166917718244,978.7594899643852,0.7798472633415784,1.7284060249515552,0.6040123039770391,0.44862472705663664,323.11968511668965,-0.5265746581694571,0.5188157934637873,0.5188157934637873,6.756068643636779,0.7093206463446491,39.10655652717621,1.0,10.477927812000425,0.12663630258606065,0.47092613625407526,0.47092613625407526,0.5572434314471673,0.9999999999999998,27.0,d_kam,24.0,0.5742098061610648,0.01779483600837404,0.0,warehouse,5007,0.0,200.0,82807.0,25955.0,25955.0,64623.93702333793,24.0,2866.0,447.0,22.96783472345773,68.56661484800861,256.0,
76.0,76.0,0.0,0.0,c_kam_N_256,0.9999901374725019,"N=256, U0=32",7.937075436369169,2.587837139790564,,S1,32,256,0.4371123224307117,6.0,1.0124312135309435,748.68417485992,6.500647973134141e-16,0.7865652740872247,0.5775434266704487,0.4117693282753083,698.5757881157042,3.520575643877141e-16,0.3113061785383707,0.3113061785383707,3.5222191204762656,0.6904551203439682,13.217128193969405,0.0,3.3189782188491916,5.010611808505641e-16,0.27838012552356967,0.27838012552356967,0.7334246314367213,0.9999901374725019,42.0,c_kam,18.0,3.552713678800501e-15,0.8444444444444444,0.0,warehouse,5008,16.0,200.0,176053.0,28323.0,23771.0,139715.15762314084,18.0,90.0,0.0,35.45595135221398,141.5741867350007,256.0,
36.0,36.0,0.0,0.0,d_kam_N_256,0.9999878154064882,"N=256, U0=32",13.120800101511877,3.5962193804100777,,S1,32,256,0.5400274897765989,2.0,1.2344499158233697,881.9395232415192,0.818322686236908,1.2790191172757819,0.548253668727917,0.3709861210135555,300.02475835659425,-0.4051016440350901,0.3917165941609851,0.3917165941609851,5.063954323591004,0.7751761014248902,23.123415654418213,1.0,6.043730196501286,0.2066105211009089,0.3249864010196514,0.3249864010196514,0.6376283185778676,0.9999878154064882,30.0,d_kam,6.0,0.7598437383462144,0.019801980198019802,0.0,warehouse,5008,0.0,200.0,68463.0,25320.0,25320.0,60004.95167131885,6.0,1818.0,373.0,17.386475884059962,64.19598884301377,256.0,
69.0,69.0,0.0,0.0,c_kam_N_256,1.0000000000000002,"N=256, U0=32",12.96277521075852,3.377359446924287,,S1,32,256,0.0,5.0,1.0196875579564195,1037.4993063258553,2.2783707287959733e-15,1.2706967469672146,0.6079686089911033,0.4541335061901438,582.6140605790715,6.822240035377773e-16,0.3260224553531586,0.3260224553531586,4.735178896901877,0.6992286040158983,27.437794087054773,0.0,7.276736143160982,1.4802973661668755e-15,0.29905948295213075,0.29905948295213075,0.6557147301016425,1.0000000000000002,39.0,c_kam,18.0,1.1368683772161563e-14,0.7666666666666667,0.0,warehouse,5009,12.0,200.0,173954.0,29587.0,23758.0,116522.8121158143,18.0,90.0,0.0,32.01914585511899,118.15517652299604,256.0,
46.0,46.0,0.0,0.0,d_kam_N_256,0.9999645688411315,"N=256, U0=32",18.480692502186013,4.4679951277948415,,S1,32,256,1.5296409222297283,5.0,1.2349926267847107,1140.6215356501352,0.9927124518012864,1.7948988896528268,0.5904971445432514,0.42980615062984384,279.17193229935947,-0.5210870732756872,0.4951589431126768,0.4951589431126768,7.1011916323081685,0.7365698588629748,42.32208644285373,1.0,11.376932778542912,0.23581268926279955,0.44044626290808614,0.44044626290808614,0.55210434041894,0.9999645688411315,27.0,d_kam,19.0,0.7786068781420283,0.018131651556957035,0.0,warehouse,5009,0.0,200.0,77959.0,25741.0,25741.0,55834.386459871894,19.0,2537.0,485.0,20.371136159650845,58.66316370299319,256.0,
74.0,74.0,0.0,0.0,c_kam_N_256,0.9999999999999997,"N=256, U0=32",21.587663739791054,4.467742871367587,,S1,32,256,0.0,5.0,1.056968182754415,1728.4334169199337,4.089821574497536e-15,2.0979409036020886,0.6930514021951535,0.5726032182464165,721.6855432555894,-2.5055033123297453e-15,0.3550709601232259,0.3550709601232259,5.695879443915779,0.6599074850286243,51.84861693322734,0.0,14.078596505587981,7.921591310838955e-16,0.3070063554282346,0.3070063554282346,0.5496765449834323,0.9999999999999997,39.0,c_kam,23.0,2.220446049250313e-16,0.8222222222222222,0.0,warehouse,5010,12.0,200.0,197459.0,29514.0,23848.0,144337.1086511179,23.0,90.0,0.0,34.57269560137003,146.20208348098095,256.0,
39.0,39.0,0.0,0.0,d_kam_N_256,0.9999999999999997,"N=256, U0=32",23.104811406310176,4.753189896165061,,S1,32,256,0.0,2.0,1.1608870912011757,1690.912902764475,1.3621857169914697,2.2420699319214052,0.5483092648637248,0.37106353335455355,238.35097583476454,-0.7512352660673612,0.4294841030546274,0.4294841030546274,7.202908334124618,0.7789367587780789,57.4070758154584,1.0,15.601297863287186,0.30547522546205425,0.37351171854394005,0.37351171854394005,0.5225590776276725,0.9999999999999997,30.0,d_kam,9.0,1.4302317190835199,0.022753792298716453,0.0,warehouse,5010,0.0,200.0,52402.0,25286.0,25286.0,47670.19516695291,9.0,1714.0,190.0,18.355010291597704,50.62122629399528,256.0,
80.0,80.0,0.0,0.0,c_kam_N_512,0.9999613403111168,"N=512, U0=64",21.738051642116478,5.121237109440344,,S1,64,512,3.1699439583167255,7.0,1.0616534945248681,1990.7199864385248,5.370703881624195e-15,2.095035547710684,0.778015539541739,0.6909077132859659,7826.941945083963,1.0574874309554616e-15,0.4684938082323177,0.4684938082323177,6.516199109597168,0.563621293881555,42.60889789434289,0.0,11.480039318194004,3.214095656289828e-15,0.39919266583088914,0.39919266583088914,0.4940162811446994,0.9999613403111168,64.0,c_kam,9.0,1.4210854715202004e-14,0.8888888888888888,0.0,warehouse,5001,7.0,200.0,1165811.0,69067.0,48301.0,1565388.3890167926,9.0,90.0,0.0,38.75298627903269,1571.6569067369855,512.0,
64.0,64.0,0.0,0.0,d_kam_N_512,0.9999999999999998,"N=512, U0=64",28.803061091566153,6.562576302991009,,S1,64,512,0.0,15.0,1.206192160889579,2145.2556431034973,0.47722206697639846,2.7662114454084024,0.7518527121321809,0.6544784599308848,1461.243879514077,-0.26550073321255807,0.6714836779966543,0.6714836779966543,10.169628498530852,0.5874601017448371,64.2955310652123,1.0,17.47441948802503,0.1058606668819202,0.564302306715364,0.564302306715364,0.3570890577573863,0.9999999999999998,49.0,d_kam,15.0,0.6732326029137417,0.009264620729588882,0.0,warehouse,5001,0.0,200.0,209496.0,51749.0,51749.0,292248.7759028154,15.0,6908.0,1047.0,30.763320555124547,299.5220280130161,512.0,
85.0,85.0,0.0,0.0,c_kam_N_512,1.0000000000000002,"N=512, U0=64",25.129980213239136,5.190763963016774,,S1,64,512,0.0,6.0,1.0719546933111408,2555.527956584775,6.784115752827133e-15,2.430272057765576,0.7465776704941212,0.6471334652449786,7688.0803141043,2.8918044429648195e-15,0.5409839619923921,0.5409839619923921,8.445339263041841,0.6118945499355842,63.130749841643755,0.0,17.179937228683613,4.8379600978959764e-15,0.42707283232075144,0.42707283232075144,0.48257814050229525,1.0000000000000002,63.0,c_kam,17.0,2.842170943040401e-14,0.9444444444444444,0.0,warehouse,5002,5.0,200.0,1127019.0,67357.0,48233.0,1537616.06282086,17.0,90.0,0.0,40.71863798608102,1543.3229070439993,512.0,
67.0,67.0,0.0,0.0,d_kam_N_512,0.9999862076878461,"N=512, U0=64",34.4399884684432,6.935989808760168,,S1,64,512,1.2487865223232788,11.0,1.233777443935706,2608.333803478152,0.741457464308897,3.314722842009961,0.6723124602980178,0.5437262105415437,1275.5216893150646,-0.30298508905026533,0.6738728430880664,0.6738728430880664,11.497677711717031,0.6418712868057074,88.29779876866745,1.0,24.171664329973154,0.21923618762931585,0.5557818632854666,0.5557818632854666,0.31678168515667277,0.9999862076878461,53.0,d_kam,14.0,0.9929597850379145,0.010475297060662914,0.0,warehouse,5002,0.0,200.0,191795.0,51686.0,51686.0,255104.33786301292,14.0,6396.0,571.0,32.062912753422495,262.337131895998,512.0,
81.0,81.0,0.0,0.0,c_kam_N_512,0.9999647707885644,"N=512, U0=64",15.438102666035183,4.3361034761127755,,S1,64,512,2.8274779945475537,8.0,0.9838242609412491,1507.1941623338432,3.34163423955078e-15,1.4915080698748102,0.7112316602397921,0.5979175015997105,7729.259941168129,7.374073916646102e-16,0.5508944516894084,0.5508944516894084,6.0588610080793766,0.5984318147997846,30.495263073565212,0.0,8.077577418444225,2.039520815607695e-15,0.45079082891892974,0.45079082891892974,0.5703882264857855,0.9999647707885644,64.0,c_kam,9.0,1.4210854715202004e-14,0.9,0.0,warehouse,5003,8.0,200.0,1183808.0,70611.0,48337.0,1545851.988233626,9.0,90.0,0.0,39.87356816252605,1551.5050644750008,512.0,
73.0,73.0,0.0,0.0,d_kam_N_512,0.9948808539423981,"N=512, U0=64",28.82399558981838,7.216204309921118,,S1,64,512,410.85997213254103,22.0,5.937264965309231,1935.3731800725068,0.5041173022441829,2.763167897634214,0.7481725304866217,0.649354156373777,1913.0779231194174,-0.19792189012461286,0.8007653705253377,0.8007653705253377,11.043943934445927,0.5720722861814116,63.76844161371896,1.0,17.295986909131074,0.15309770605978507,0.6669972555376447,0.6669972555376447,0.296778647273993,0.9948808539423981,42.0,d_kam,31.0,0.4538851332641742,0.00890461088070261,0.0,warehouse,5003,0.0,200.0,189379.0,52617.0,52617.0,382615.5846238835,31.0,8198.0,881.0,33.189327230108255,392.753032831999,512.0,
84.0,84.0,0.0,0.0,c_kam_N_512,0.9999999999999998,"N=512, U0=64",10.440928542237911,3.869092928844323,,S1,64,512,0.0,8.0,0.9682104619883823,1054.8504614152453,2.1874036973269453e-15,1.0153090594636367,0.6714909719588413,0.5425823660186399,9693.586773215211,-2.445134042329214e-16,0.4469245413346439,0.4469245413346439,4.558835043084076,0.5955416840558734,13.674790862621688,0.0,3.419110857859314,9.71445146547012e-16,0.3869958079062694,0.3869958079062694,0.6155088907928561,0.9999999999999998,65.0,c_kam,10.0,7.105427357601002e-15,0.9333333333333333,0.0,warehouse,5004,9.0,200.0,1232886.0,70512.0,48436.0,1938717.3546430422,10.0,90.0,0.0,40.1854808062962,1945.4571178149781,512.0,
63.0,63.0,0.0,0.0,d_kam_N_512,0.9999999999999991,"N=512, U0=64",23.06342422553139,6.022714976276244,,S1,64,512,0.0,13.0,1.225409613561812,1885.48413224711,0.3221929315402358,2.2144461493765166,0.6414764589837723,0.500790006179936,2069.9962579563726,-0.1162034481714034,0.5579293173512336,0.5579293173512336,7.777269577318473,0.6407955984998779,39.59614018051647,1.0,10.61602459673464,0.10299474168441619,0.5007515947689611,0.5007515947689611,0.4109147962868235,0.9999999999999991,51.0,d_kam,12.0,0.5651783297038159,0.010071942446043165,0.0,warehouse,5004,0.0,200.0,203349.0,51617.0,51617.0,413999.2515912745,12.0,6255.0,875.0,30.361578618005606,424.3835948709748,512.0,
84.0,84.0,0.0,0.0,c_kam_N_512,0.9999999999999999,"N=512, U0=64",23.75991600726921,5.3704552510004335,,S1,64,512,0.0,5.0,1.0264197428176909,2642.6085298120515,7.951311566839217e-15,2.2916748295597187,0.7528719055329611,0.6558975899826042,8393.789426955918,-1.8503717077085943e-16,0.5555302586083483,0.5555302586083483,8.714419020692413,0.5991820372076164,54.49402097903092,0.0,14.767631347468058,3.883137198034178e-15,0.443503616030393,0.443503616030393,0.4682672553087171,0.9999999999999999,64.0,c_kam,15.0,2.842170943040401e-14,0.9333333333333333,0.0,warehouse,5005,5.0,200.0,1120630.0,70014.0,48229.0,1678757.8853911837,15.0,90.0,0.0,40.078794125109276,1685.069577560993,512.0,
73.0,73.0,0.0,0.0,d_kam_N_512,0.9959329977546076,"N=512, U0=64",46.177432472327276,8.086731306608334,,S1,64,512,382.02269752887923,8.0,3.605046033398983,3489.0136372531874,0.8755021251641996,4.421338893740234,0.7165373317521343,0.6053051454776555,1195.4905942696496,-0.3132457589896615,0.7196811728017852,0.7196811728017852,14.731406034365996,0.6301964492101646,129.4324057009639,1.0,35.6360111378943,0.281128183087269,0.5855725785096084,0.5855725785096084,0.2102210300259666,0.9959329977546076,56.0,d_kam,17.0,2.2538153281598237,0.011839117742458645,0.0,warehouse,5005,0.0,200.0,173587.0,51771.0,51771.0,239098.11885392992,17.0,6166.0,250.0,34.34281144724543,246.180122922,512.0,
79.0,79.0,0.0,0.0,c_kam_N_512,0.9999999999999991,"N=512, U0=64",10.376565931965692,3.4817201148976595,,S1,64,512,0.0,4.0,1.0448990022628482,1480.219683883105,1.6751719561432742e-15,1.0162137475343482,0.7101985990496111,0.596479061967813,7598.011786445859,-8.207218308621411e-16,0.49287164773159003,0.49287164773159003,5.400922150794873,0.6247816635477392,18.033766601292164,0.0,4.608596546172698,4.272250626405666e-16,0.41988414093574244,0.41988414093574244,0.649317012056863,0.9999999999999991,63.0,c_kam,13.0,7.549516567450888e-16,0.8777777777777778,0.0,warehouse,5006,3.0,200.0,1158062.0,71906.0,48283.0,1519602.3572891718,13.0,90.0,0.0,37.50754355909553,1525.5427903539967,512.0,
59.0,59.0,0.0,0.0,d_kam_N_512,0.9984265462008953,"N=512, U0=64",23.28849281633903,6.596906655287901,,S1,64,512,129.16682420418186,18.0,1.9992264026439273,1793.2074635970837,0.3677208367934537,2.2428468015498155,0.700177445694862,0.5825255572966433,1276.3075184324407,-0.12607845780831542,0.6920140029282219,0.6920140029282219,8.811892999982732,0.6154501447292042,42.353296222922694,1.0,11.345281013889089,0.12082118949256912,0.5688436192956616,0.5688436192956616,0.35337429071979004,0.9984265462008953,46.0,d_kam,13.0,0.531813857249195,0.00834158065884349,0.0,warehouse,5006,0.0,200.0,192505.0,51721.0,51721.0,255261.50368648814,13.0,7073.0,1389.0,27.81863210921145,262.34898293495644,512.0,
81.0,81.0,0.0,0.0,c_kam_N_512,0.9999628378208174,"N=512, U0=64",21.62862630316436,4.991867462445114,,S1,64,512,2.969379428126013,2.0,1.084072435206463,1980.3502416424653,6.108967926857188e-15,2.0860766978868357,0.7274467484960634,0.6204954725894554,7660.421652432124,-4.509424383971315e-16,0.5399783466441687,0.5399783466441687,7.28935727634104,0.6061926901822308,44.66657336908641,0.0,12.031290013421986,2.8290127442300285e-15,0.41544032025204297,0.41544032025204297,0.5053976705232135,0.9999628378208174,66.0,c_kam,11.0,1.4210854715202004e-14,0.9,0.0,warehouse,5007,4.0,200.0,1117059.0,68942.0,48202.0,1532084.3304864247,11.0,90.0,0.0,38.82472834012058,1537.843878226995,512.0,
67.0,67.0,0.0,0.0,d_kam_N_512,0.9998920403532952,"N=512, U0=64",35.75612149036935,6.9568065123570415,,S1,64,512,8.626328192836482,9.0,1.5828034474719275,2550.7023982029214,0.7821833995618074,3.42818874067131,0.7134832172392518,0.6010525809660467,1396.5738741742098,-0.35245305423340473,0.7270959335352731,0.7270959335352731,12.139741093490294,0.6157062466229924,94.39533657392025,1.0,25.858962578386667,0.21486517266420138,0.5637314695907993,0.5637314695907993,0.31872846078158035,0.9998920403532952,55.0,d_kam,12.0,1.0587172954973032,0.010544538873150771,0.0,warehouse,5007,0.0,200.0,202189.0,51591.0,51591.0,279314.77483484196,12.0,6354.0,523.0,32.440968617393594,286.3375872630277,512.0,
85.0,85.0,0.0,0.0,c_kam_N_512,1.0,"N=512, U0=64",18.766462885384257,4.405829906711398,,S1,64,512,0.0,9.0,0.96420082413764,1993.1003859900043,6.71619622661477e-15,1.8133237610716262,0.7261745200232539,0.6187240152222523,6800.9640980599215,-9.717716827307254e-16,0.5189111919123574,0.5189111919123574,7.168807808438003,0.5693789922645471,45.44637163358163,0.0,12.264965508242241,2.8722122719420227e-15,0.4560654414813725,0.4560654414813725,0.5612423897269969,1.0,65.0,c_kam,10.0,1.4210854715202004e-14,0.9444444444444444,0.0,warehouse,5008,10.0,200.0,1208421.0,71549.0,48393.0,1360192.8196119843,10.0,90.0,0.0,41.226548421682985,1365.068311725976,512.0,
61.0,61.0,0.0,0.0,d_kam_N_512,0.9995390576214089,"N=512, U0=64",30.677468039835684,6.648841157767149,,S1,64,512,37.645367189995156,13.0,2.355382679237179,2394.6089136915402,0.6574999990737195,2.9448692507445116,0.6776224325137542,0.5511198427406704,1080.0820151736843,-0.08213042351115926,0.7088599701593352,0.7088599701593352,11.81357811477146,0.6264117497542369,82.67258591058486,1.0,22.595114149324782,0.2876847877812802,0.6301942207023462,0.6301942207023462,0.3481563208767005,0.9995390576214089,51.0,d_kam,10.0,1.5288162196363828,0.00946029776674938,0.0,warehouse,5008,0.0,200.0,193353.0,51603.0,51603.0,216016.40303473687,10.0,6448.0,882.0,29.248554567958106,222.24613517697435,512.0,
77.0,77.0,0.0,0.0,c_kam_N_512,1.0000000000000002,"N=512, U0=64",36.86598527375602,6.428729900021435,,S1,64,512,0.0,2.0,1.144239225448225,3287.14697551174,1.2019245627630266e-14,3.549858858716626,0.7426255124525951,0.6416304603770314,6227.697690250061,-1.7302177007145298e-16,0.5360699730089503,0.5360699730089503,10.405049554774386,0.6234471308108833,108.387880157223,0.0,29.810863215691352,5.923111928779406e-15,0.45480956140949785,0.45480956140949785,0.36312890112925955,1.0000000000000002,65.0,c_kam,9.0,3.410605131648489e-14,0.8555555555555555,0.0,warehouse,5009,3.0,200.0,1104702.0,66728.0,48178.0,1245539.5380500122,9.0,90.0,0.0,38.40415164453563,1250.2811131589697,512.0,
76.0,76.0,0.0,0.0,d_kam_N_512,0.9916646171493736,"N=512, U0=64",58.80613750730985,8.48543859051115,,S1,64,512,736.4257229043719,3.0,11.459122167176318,4056.091678332633,1.157342322448761,5.63417332090424,0.7070351970425551,0.5920743249959629,1169.9949824469513,-0.26333310643537405,0.699305763623847,0.699305763623847,16.974869304598432,0.625255864200362,202.03550151401942,1.0,55.90928269589451,0.44700460800669334,0.5911574642224819,0.5911574642224819,0.1677415755327366,0.9916646171493736,61.0,d_kam,15.0,3.371919844372897,0.012111553784860557,0.0,warehouse,5009,0.0,200.0,210489.0,51734.0,51734.0,233998.99648939027,15.0,6275.0,82.0,36.85050478824947,239.81052351399558,512.0,
84.0,84.0,0.0,0.0,c_kam_N_512,0.9998978115969206,"N=512, U0=64",38.855837775587794,6.871886559552737,,S1,64,512,9.073177971152223,3.0,1.1338101326435088,3505.559494080524,1.3023973434114634e-14,3.731282871064933,0.737042654016101,0.6338568600224191,6352.288240477501,3.814409106033573e-15,0.5255242528232325,0.5255242528232325,10.121638753752988,0.6081176908513517,106.25422239592514,0.0,29.22333690450382,8.419191270074103e-15,0.43994720734017756,0.43994720734017756,0.3235302134139792,0.9998978115969206,67.0,c_kam,11.0,5.684341886080802e-14,0.9333333333333333,0.0,warehouse,5010,6.0,200.0,1110426.0,70239.0,48190.0,1270457.6480955002,11.0,90.0,0.0,40.660174982659285,1275.203163394006,512.0,
80.0,80.0,0.0,0.0,d_kam_N_512,0.9835299813832795,"N=512, U0=64",65.25716534283667,8.64399645077792,,S1,64,512,1462.351945952612,6.0,42.59755246212408,4598.742432472998,1.0656131613422306,6.239408989953579,0.7221890008275984,0.6131745581143777,1237.8871640085708,-0.34621109704680453,0.6823865473808937,0.6823865473808937,17.778639348100306,0.6112111851179006,233.55496540093387,1.0,64.71286688109211,0.3597010321477131,0.5899402921917813,0.5899402921917813,0.15517977374758715,0.9835299813832795,58.0,d_kam,22.0,1.4319600112402135,0.011794191360754828,0.0,warehouse,5010,0.0,200.0,217901.0,51946.0,51946.0,247577.43280171417,22.0,6783.0,148.0,37.10098542789133,253.17896870797267,512.0,
90.0,90.0,0.0,0.0,c_kam_N_1024,0.9676631149110863,"N=1024, U0=128",82.52922633591086,8.961028489723917,,S1,128,1024,5723.606908059657,38.0,192.00634214849364,9971.03432044218,7.973868479085568e-14,7.89118147463932,0.9421929043541717,0.9195091073285934,602406.2285197276,-6.473833814703135e-15,1.0226878422162191,1.0226878422162191,29.87669654988878,0.41818922183628204,399.30396130250955,0.0,110.89673395765774,3.663242548807628e-14,0.7780853103334681,0.7780853103334681,0.12182577586306924,0.9676631149110863,90.0,c_kam,0.0,1.4495071809506028e-13,1.0,0.0,warehouse,5001,0.0,200.0,7912302.0,222868.0,99585.0,120481245.70394552,0.0,90.0,0.0,45.0,120590.90813993599,1024.0,
90.0,90.0,0.0,0.0,d_kam_N_1024,0.943022333186036,"N=1024, U0=128",102.24808407126265,9.134190366035773,,S1,128,1024,10085.00869780213,52.0,635.7486038295448,11399.352160439172,1.8749353300497555,9.76447295949774,0.8719271551469413,0.8216707223565006,43770.927256420255,-0.07844983914319811,1.1029650983016137,1.1029650983016137,40.348519611807625,0.45851310309844834,651.6592696406573,1.0,181.3114262550692,0.8982427454532788,0.892761714309158,0.892761714309158,0.10537539761344286,0.943022333186036,76.0,d_kam,14.0,4.413806330166741,0.005055895736194596,0.0,warehouse,5001,0.0,200.0,526735.0,105589.0,105589.0,8754185.451284045,14.0,17801.0,0.0,43.120757601634466,8867.945192624,1024.0,
90.0,90.0,0.0,0.0,c_kam_N_1024,0.9824475835582092,"N=1024, U0=128",62.25284968283459,8.60835464938394,,S1,128,1024,3135.5896794145174,38.0,54.309867454423774,7914.251084128795,4.8632702803135744e-14,5.948532702322492,0.9454202755505545,0.9240029153235568,565299.0980603653,-3.4737644859382675e-15,0.8902489778692526,0.8902489778692526,19.199245000246393,0.4111230923428076,225.07486545984938,0.0,62.304992470402915,2.2579469158598738e-14,0.6751770657083418,0.6751770657083418,0.16067649227796246,0.9824475835582092,90.0,c_kam,0.0,1.1368683772161603e-13,1.0,0.0,warehouse,5002,0.0,200.0,7931901.0,222875.0,99585.0,113059819.61207299,0.0,90.0,0.0,45.0,113168.59826072102,1024.0,
90.0,90.0,0.0,0.0,d_kam_N_1024,0.9528722712084533,"N=1024, U0=128",87.48067279913289,8.94170793746259,,S1,128,1024,8418.967297356518,46.0,431.35466450145145,10600.703984814008,1.1877985490440301,8.345175898370831,0.8603085756782565,0.8054929534760532,35074.25619794376,-0.1577740793222306,1.0489491475646304,1.0489491475646304,30.9184764732635,0.4753881788514417,479.7745598285181,1.0,133.34813921412723,0.5150122348608998,0.8215156941506828,0.8215156941506828,0.12900792991049073,0.9528722712084533,82.0,d_kam,8.0,3.1178951519852376,0.00492718712361765,0.0,warehouse,5002,0.0,200.0,439250.0,105389.0,105389.0,7014851.239588755,8.0,18266.0,0.0,44.24427121108627,7125.979861961037,1024.0,
90.0,90.0,0.0,0.0,c_kam_N_1024,0.9720322245117042,"N=1024, U0=128",74.83320648305754,8.837647057252537,,S1,128,1024,4685.699539054976,38.0,112.26307543388661,8629.76200492138,6.094877688964415e-14,7.149536492128695,0.9486230797384368,0.9284625160914942,531377.6207493965,-3.4737644859382675e-15,1.0543438475887164,1.0543438475887164,25.71944143188336,0.40871982667149354,329.4628339167082,0.0,91.3956341315745,2.873750620185294e-14,0.7588030868770406,0.7588030868770406,0.13676483112901455,0.9720322245117042,90.0,c_kam,0.0,1.4495071809506028e-13,1.0,0.0,warehouse,5003,0.0,200.0,7937076.0,229694.0,99585.0,106275524.14987928,0.0,90.0,0.0,45.0,106383.21986983897,1024.0,
90.0,90.0,0.0,0.0,d_kam_N_1024,0.950114544318451,"N=1024, U0=128",91.17636987722798,9.017372514524538,,S1,128,1024,8357.770777672758,53.0,393.28653933461567,10141.29775725817,1.6949570707768726,8.702137014574888,0.9224142585540293,0.8919692207714331,52523.27761661407,-0.3417137477429549,1.1476349461590698,1.1476349461590698,35.20934939179697,0.42021808573139574,514.7307354417682,1.0,143.08202512247325,0.6766216615169589,0.8713455356777693,0.8713455356777693,0.11969091268817422,0.950114544318451,75.0,d_kam,15.0,3.9364982810901057,0.004785197788175244,0.0,warehouse,5003,0.0,200.0,613027.0,105640.0,105640.0,10504655.523322811,15.0,18808.0,0.0,43.12505908068113,10616.987170070002,1024.0,
52.0,52.0,0.0,0.0,c_kam_N_32,0.9999096904913378,"N=32, U0=4",1.5244888532204424,0.8703959210677341,,S1,4,32,0.7173621696020156,5.0,0.9623181921983475,64.28487481909558,5.764619550938313e-17,0.18015241647202862,0.6553665546583762,0.5931410714716943,25.57821791531751,-6.4051328343759035e-18,0.14168090261403063,0.14168090261403063,1.4357169826503775,0.6052622663938994,2.4565165608015316,0.0,0.3713467297573723,2.5620531337503614e-17,0.15524925360587905,0.15524925360587905,0.8938215184551612,0.9999096904913378,9.0,c_kam,33.0,2.220446049250313e-16,0.5777777777777777,0.0,edge,5001,10.0,200.0,10295.0,3267.0,3267.0,5115.643583063502,33.0,90.0,0.0,30.24798307587454,5.614398981968407,32.0,
8.0,8.0,0.0,0.0,d_kam_N_32,0.9999999999999998,"N=32, U0=4",1.7493532287930278,1.061874013599709,,S1,4,32,0.0,2.0,1.168325087954042,64.28487481909558,0.38821472682762515,0.20376317590715007,0.5111554495994196,0.422891850221537,9.266379304172006,-0.008458094542782846,0.19416281078480446,0.19416281078480446,1.4803399152137786,0.8175297748168885,2.6894408364813818,1.0,0.38993795180010304,0.18987831614242115,0.19030357456283561,0.19030357456283561,0.873716318739304,0.9999999999999998,2.0,d_kam,6.0,0.7086445997789981,0.02572347266881029,0.0,edge,5001,0.0,200.0,3104.0,3127.0,3127.0,1853.275860834401,6.0,311.0,273.0,5.21425730881704,2.678116402006708,32.0,
48.0,48.0,0.0,0.0,c_kam_N_32,0.9994310142411024,"N=32, U0=4",1.9304202572435099,1.0017374570566218,,S1,4,32,4.4665769706499,2.0,1.0164648251510118,71.15443522101924,1.0639637319324417e-16,0.22476862272295392,0.39934061480429084,0.2908882258106211,5.626806220971048,-1.850371707708594e-17,0.12993938431060456,0.12993938431060456,1.5114736987974857,0.7762615206486398,3.2475295825499706,0.0,0.5916657533291999,4.394632805807911e-17,0.1588969569645806,0.1588969569645806,0.8790501865007901,0.9994310142411024,6.0,c_kam,38.0,2.220446049250313e-16,0.5333333333333333,0.0,edge,5002,4.0,200.0,3713.0,3077.0,3077.0,1125.3612441942096,38.0,90.0,0.0,30.975183697534362,1.4866873690043576,32.0,
7.0,7.0,0.0,0.0,d_kam_N_32,0.9995566789474752,"N=32, U0=4",1.8700463489716987,0.9466562733225443,,S1,4,32,3.480100464464267,2.0,1.2600095169386294,71.15443522101924,1.2976131744636794,0.21842936235441368,0.4760644964045659,0.3814650304776126,9.201780051225796,-0.8087312708890637,0.17260258987762186,0.17260258987762186,1.5197649226590164,0.822647719512931,3.4060463909932697,1.0,0.6005016343774622,0.24444095178730782,0.17423287789200143,0.17423287789200143,0.8848337107928684,0.9995566789474752,2.0,d_kam,5.0,0.9100433703711648,0.02456140350877193,0.0,edge,5002,0.0,200.0,3078.0,3119.0,3119.0,1840.3560102451593,5.0,285.0,252.0,4.79101552200651,2.6420286190113984,32.0,
30.0,30.0,0.0,0.0,c_kam_N_32,0.9996423905245182,"N=32, U0=4",2.146414318073536,0.9672326526540223,,S1,4,32,2.984406773081391,2.0,1.0276152167869654,85.45680197471964,5.921189464667501e-17,0.2520231161281998,0.3714523906069824,0.2579646277999097,9.547181684756652,2.2204460492503132e-17,0.11434749976118304,0.11434749976118304,1.5189051941867984,0.7825264190600434,3.4625931670280465,0.0,0.6599292376056295,4.070817756958907e-17,0.1303624346751074,0.1303624346751074,0.8806309036008056,0.9996423905245182,3.0,c_kam,26.0,2.220446049250313e-16,0.3333333333333333,0.0,edge,5003,1.0,200.0,3233.0,3063.0,3063.0,1909.4363369513303,26.0,90.0,0.0,19.258500505510536,2.636340617958922,32.0,
5.0,5.0,0.0,0.0,d_kam_N_32,0.9992864403912153,"N=32, U0=4",2.944988721225885,1.6670009922921367,,S1,4,32,5.954965613210687,2.0,1.3935784861968457,86.384263548332,0.4289621323550601,0.33587342845919643,0.49556222639082675,0.4044831839336149,8.757181072433013,-0.017720162687014086,0.23015058801257787,0.23015058801257787,1.6845992853001643,0.8379202947285924,3.857729158764485,1.0,0.7032079270403532,0.205620984834023,0.23732962290576448,0.23732962290576448,0.8071552279388036,0.9992864403912153,2.0,d_kam,3.0,0.7682816638093355,0.017605633802816902,0.0,edge,5003,0.0,200.0,3077.0,3103.0,3103.0,1751.4362144866027,3.0,284.0,256.0,2.907370851490626,2.4842691590311006,32.0,
43.0,43.0,0.0,0.0,c_kam_N_32,0.9999999999999996,"N=32, U0=4",0.5796256722783678,0.43534934931237473,,S1,4,32,0.0,2.0,1.0666139375085324,26.373887919703346,9.811273240873477e-17,0.0675353962493674,0.5229213596879088,0.43678216074267007,20.29062185320072,-3.6146796150586495e-17,0.09136849672979627,0.09136849672979627,1.131152891400248,0.7228770922548309,1.2796109671598004,0.0,0.04722271692130226,3.0982968129074136e-17,0.10751311087675615,0.10751311087675615,0.9478901000183093,0.9999999999999996,9.0,c_kam,27.0,2.220446049250313e-16,0.4777777777777778,0.0,edge,5004,7.0,200.0,6496.0,3157.0,3157.0,4058.1243706401438,27.0,90.0,0.0,24.94271777995101,4.877594987978227,32.0,
3.0,3.0,0.0,0.0,d_kam_N_32,0.9999342062257377,"N=32, U0=4",0.6251617628473672,0.46232560819107815,,S1,4,32,0.5074138343852823,2.0,1.212137857496601,26.585033511689954,0.3269657822944007,0.07231668575911235,0.4855352011942034,0.39264572363204564,7.9483710348722525,-0.3269657822944007,0.12776044777114692,0.12776044777114692,1.110028266037211,0.8269920857204184,1.4052895984082756,1.0,0.05190448280053492,0.0,0.12703258196507097,0.12703258196507097,0.9450575928360453,0.9999342062257377,2.0,d_kam,1.0,0.0,0.010101010101010102,0.0,edge,5004,0.0,200.0,3245.0,3092.0,3092.0,1589.6742069744505,1.0,297.0,273.0,1.7932136060875266,2.348811242962256,32.0,
38.0,38.0,0.0,0.0,c_kam_N_32,0.9999999999999992,"N=32, U0=4",1.1500951905101082,0.7090021700029523,,S1,4,32,0.0,3.0,0.9363357928013757,42.67995235027924,7.304098846218136e-17,0.1322488512844555,0.46469873545396184,0.3680471182442605,22.446942761016544,2.6294755846385285e-17,0.12108317214179459,0.12108317214179459,1.2730869497527766,0.6911925314626592,1.920575376204664,0.0,0.2362728076047774,4.966787215428332e-17,0.13908781661009775,0.13908781661009775,0.9161834097211127,0.9999999999999992,11.0,c_kam,17.0,2.220446049250313e-16,0.4222222222222222,0.0,edge,5005,10.0,200.0,7229.0,3178.0,3178.0,4489.388552203309,17.0,90.0,0.0,21.150850909662264,5.306829691980965,32.0,
7.0,7.0,0.0,0.0,d_kam_N_32,0.9997314433703239,"N=32, U0=4",2.360321452409904,1.600181688528203,,S1,4,32,1.8202952144794882,2.0,1.235256333679271,44.88190473679033,0.314765306096363,0.2593226087839341,0.4748299865983354,0.3800076230674793,5.190160698548425,-0.07563707865751645,0.21170583851599636,0.21170583851599636,1.4864755379961643,0.8319501436702762,2.5426253554548124,1.0,0.34619601965600305,0.11956411371942328,0.24415558671861895,0.24415558671861895,0.8226095602759613,0.9997314433703239,2.0,d_kam,5.0,0.43996879291335134,0.024822695035460994,0.0,edge,5005,0.0,200.0,3106.0,3120.0,3120.0,1038.032139709685,5.0,282.0,249.0,5.22958967036552,1.6674981379765086,32.0,
57.0,57.0,0.0,0.0,c_kam_N_32,0.9995881671446963,"N=32, U0=4",2.7869128571541437,1.2633497717060485,,S1,4,32,3.486385707722894,3.0,1.0463058447811524,98.80820412028535,1.0128350400089147e-16,0.3185367083693649,0.598321273045447,0.5257959473453194,28.055549790151417,6.232831015439475e-17,0.1522050131463389,0.1522050131463389,1.704969198931731,0.6287686622574385,4.455491534986081,0.0,0.9294091406009479,8.180590707764311e-17,0.16987191263679954,0.16987191263679954,0.8500248722837889,0.9995881671446963,15.0,c_kam,28.0,2.664535259100366e-16,0.6333333333333333,0.0,edge,5006,14.0,200.0,9355.0,3238.0,3238.0,5611.109958030283,28.0,90.0,0.0,34.33933794706541,6.404448404035065,32.0,
6.0,6.0,0.0,0.0,d_kam_N_32,0.9999649214358948,"N=32, U0=4",3.456721882993939,1.8355837632608574,,S1,4,32,0.29695883406904977,2.0,1.082493811499598,98.80820412028535,1.312510377902515,0.38886665608254334,0.5254299367345471,0.439743675311618,8.040904435038101,-0.961537537567338,0.24177585440892904,0.24177585440892904,1.8572492824495164,0.780541899123182,4.810310895201066,1.0,0.9763871658052855,0.17548642016758853,0.23827055949009604,0.23827055949009604,0.7899403031705339,0.9999649214358948,2.0,d_kam,4.0,0.6481621848033168,0.016304347826086956,0.0,edge,5006,0.0,200.0,3161.0,3111.0,3111.0,1608.1808870076202,4.0,368.0,336.0,3.7765885410356796,2.328436099982355,32.0,
22.0,22.0,0.0,0.0,c_kam_N_32,0.9999872336284,"N=32, U0=4",0.21716642870061525,0.20336035546400785,,S1,4,32,0.09292598724372614,4.0,1.030001710182539,10.390279104846485,8.074349270001139e-17,0.028871293587637677,0.5004492490569316,0.4102525856922108,17.691850279807113,2.0185873175002847e-17,0.06311611303889095,0.06311611303889095,1.0464903094506264,0.7508513000490602,1.129866446285359,0.0,0.010217851676904277,5.0464682937507114e-17,0.08201072004151115,0.08201072004151115,0.9730690003183835,0.9999872336284,5.0,c_kam,12.0,2.220446049250313e-16,0.24444444444444444,0.0,edge,5007,5.0,200.0,5799.0,3140.0,3140.0,3538.3700559614226,12.0,90.0,0.0,13.711071471865084,4.328542618022766,32.0,
5.0,5.0,0.0,0.0,d_kam_N_32,1.0000000000000002,"N=32, U0=4",0.6943405520990152,0.631566357654073,,S1,4,32,0.0,2.0,1.1837631557814787,11.678735524734636,0.1297410402706956,0.07897457654446967,0.6116874055054928,0.5415754092773181,10.15532626042841,-0.11576382826342542,0.14686590310664788,0.14686590310664788,1.1855062275714865,0.7673283038776034,1.3832201903248693,1.0,0.03544135024632214,0.006988606003635089,0.14619068630993823,0.14619068630993823,0.9281073700884268,1.0000000000000002,2.0,d_kam,3.0,0.023690556130081572,0.011467889908256881,0.0,edge,5007,0.0,200.0,4500.0,3144.0,3144.0,2031.065252085682,3.0,436.0,403.0,3.976681049807108,2.7282683799858205,32.0,
41.0,41.0,0.0,0.0,c_kam_N_32,0.9993066324287522,"N=32, U0=4",4.134444540341325,1.518373612592442,,S1,4,32,4.787322163806586,2.0,1.1073560421641728,97.73261570418978,4.06179155350667e-17,0.4534261865943619,0.43764271848808134,0.33610598710398487,14.444927457661834,-2.7078610356711136e-18,0.16320285652863764,0.16320285652863764,1.93798763267219,0.7327046986941562,7.9156009308661,0.0,1.8911779693756827,1.8955027249697796e-17,0.16677741677025748,0.16677741677025748,0.8263699760606065,0.9993066324287522,9.0,c_kam,25.0,1.1102230246251565e-16,0.45555555555555555,0.0,edge,5008,7.0,200.0,4968.0,3112.0,3112.0,2888.9854915323667,25.0,90.0,0.0,24.831706932923407,3.6400371820200235,32.0,
5.0,5.0,0.0,0.0,d_kam_N_32,0.9989471340731003,"N=32, U0=4",4.41220019667084,1.869920454443456,,S1,4,32,7.269460811813469,2.0,1.4471327679793788,97.73261570418978,3.11461635668962,0.482590530508961,0.4530695276972695,0.35431819242038753,4.138680679316167,-1.1838282878930577,0.257785020662527,0.257785020662527,2.0260709277835893,0.8306277231608098,8.055231206102611,1.0,1.8760840333810702,0.9653940343982811,0.26581500536829583,0.26581500536829583,0.7894575576662501,0.9989471340731003,2.0,d_kam,3.0,2.6379039077047612,0.017482517482517484,0.0,edge,5008,0.0,200.0,3079.0,3103.0,3103.0,827.7361358632334,3.0,286.0,259.0,3.573106692928009,1.2730585049721412,32.0,
48.0,48.0,0.0,0.0,c_kam_N_32,0.9998876731693348,"N=32, U0=4",0.6899737509325169,0.5272305182010134,,S1,4,32,0.9745685985402517,4.0,1.0034690725316495,34.721562787980886,8.326672684688674e-17,0.0772193185662813,0.4975390179244952,0.4068168961608623,16.512822604272515,2.312964634635743e-17,0.09343160558333605,0.09343160558333605,1.1535321252545947,0.6657622334949437,1.2391471216086964,0.0,0.05523022655819473,5.3198186596622086e-17,0.11634493590384366,0.11634493590384366,0.9399147677209331,0.9998876731693348,7.0,c_kam,34.0,2.220446049250313e-16,0.5333333333333333,0.0,edge,5009,7.0,200.0,7239.0,3178.0,3178.0,3302.564520854503,34.0,90.0,0.0,25.92732345079608,3.7657130360021256,32.0,
6.0,6.0,0.0,0.0,d_kam_N_32,0.9982774774133298,"N=32, U0=4",1.1615058409698296,0.9386400978237456,,S1,4,32,14.944928235698832,2.0,1.7872261461251442,34.721562787980886,0.13568689841933193,0.1267301880201991,0.47576164539290666,0.3811074980332926,4.969748728908598,0.040979932510480564,0.22613202920952194,0.22613202920952194,1.2684165721283358,0.840594928479833,1.6227784585855722,1.0,0.08300623635739406,0.08833341546490625,0.2188695047620824,0.2188695047620824,0.8967167618605463,0.9982774774133298,2.0,d_kam,4.0,0.19243534704071297,0.020477815699658702,0.0,edge,5009,0.0,200.0,3148.0,3113.0,3113.0,993.9497457817197,4.0,293.0,258.0,3.5923805240436737,1.3828316089930013,32.0,
46.0,46.0,0.0,0.0,c_kam_N_32,0.9996755525278406,"N=32, U0=4",1.3151293729844438,0.8024521215788173,,S1,4,32,3.089203737151381,4.0,1.0062340842195923,68.40963166959648,7.240584943207543e-17,0.14966467047797752,0.5300370202433216,0.44518259334281024,22.365304444392677,-4.827056628805028e-18,0.12023486383135648,0.12023486383135648,1.3788863732502676,0.6857206175618177,2.180818601860629,0.0,0.29980283634742483,3.37893964016352e-17,0.1584394517812596,0.1584394517812596,0.905738346696576,0.9996755525278406,6.0,c_kam,34.0,2.220446049250313e-16,0.5111111111111111,0.0,edge,5010,6.0,200.0,7582.0,3190.0,3190.0,4473.0608888785355,34.0,90.0,0.0,28.865787298474547,5.298354863014538,32.0,
4.0,4.0,0.0,0.0,d_kam_N_32,0.9993850239946753,"N=32, U0=4",1.4015229981196549,0.8566575497079476,,S1,4,32,5.8554506874784344,2.0,1.4543129083065474,68.40963166959648,1.0127210560092295,0.15873600111717465,0.540670673124764,0.4577362113278464,9.900349167874083,0.9064893138927366,0.15534660176959653,0.15534660176959653,1.4261503854072106,0.8118239172914591,2.407940664248477,1.0,0.3190137172039733,0.959605184950983,0.15375750812014188,0.15375750812014188,0.9000467767430171,0.9993850239946753,2.0,d_kam,2.0,2.8623910314659375,0.01084010840108401,0.0,edge,5010,0.0,200.0,3162.0,3095.0,3095.0,1980.0698335748166,2.0,369.0,344.0,2.2647517899115304,2.802682377048768,32.0,
29.0,29.0,0.0,0.0,c_kam_N_64,0.9999903328291677,"N=64, U0=8",2.6178907605724184,1.101839702538563,,S1,8,64,0.1108660740364884,2.0,1.0062726920480083,139.2802708875074,1.339924340064844e-16,0.30640073497309256,0.40071535212368786,0.2925111795904648,18.923414533783216,-3.828355257328126e-18,0.15217542248831156,0.15217542248831156,1.7695024724609834,0.7865192205338712,5.228643233572188,0.0,1.1367029543816876,6.508203937457814e-17,0.15802222005429603,0.15802222005429603,0.8651105641637877,0.9999903328291677,9.0,c_kam,17.0,2.220446049250313e-16,0.32222222222222224,0.0,edge,5001,3.0,200.0,7989.0,6143.0,5964.0,3784.682906756643,17.0,90.0,0.0,18.691570051004813,4.732538909011055,64.0,
11.0,11.0,0.0,0.0,d_kam_N_64,0.9998967494260443,"N=64, U0=8",2.7500354820496664,1.1873440938110957,,S1,8,64,1.184109185082347,2.0,1.2149868474150214,139.2802708875074,0.7934616304162104,0.3202759307282036,0.4020923398973308,0.294136790156571,14.736846662708558,-0.5996375847147136,0.21934364883941504,0.21934364883941504,1.917038476019077,0.8709377348991765,5.603293256659035,1.0,1.1999116155398337,0.09691202285074842,0.2214512178736364,0.2214512178736364,0.8561326030801717,0.9998967494260443,6.0,d_kam,5.0,0.48921368713656843,0.032448377581120944,0.0,edge,5001,0.0,200.0,6830.0,6277.0,6277.0,2947.3693325417116,5.0,339.0,241.0,8.35735979066373,3.8233230269979686,64.0,
42.0,42.0,0.0,0.0,c_kam_N_64,0.9998171224128434,"N=64, U0=8",4.813421514246282,1.7015843563585138,,S1,8,64,2.45438933321672,3.0,1.0088820019617386,201.78755749382606,1.3745618400120986e-16,0.5271946786850651,0.4590980260693319,0.3614351696651836,43.28690908878343,6.872809200060493e-17,0.14381547579889328,0.14381547579889328,2.0321798604685477,0.7596753384233156,8.288766263928112,0.0,1.9905752989146672,1.030921380009074e-16,0.16248713988419433,0.16248713988419433,0.8055327080895518,0.9998171224128434,8.0,c_kam,31.0,2.220446049250313e-16,0.4666666666666667,0.0,edge,5002,3.0,200.0,10293.0,6112.0,5999.0,8657.381817756686,31.0,90.0,0.0,25.37890872963479,10.490952956024557,64.0,
16.0,16.0,0.0,0.0,d_kam_N_64,0.9993883031854963,"N=64, U0=8",5.021648455715303,1.8514851671646584,,S1,8,64,8.20954694352926,2.0,1.278591967305327,201.89055787259443,1.332936151072761,0.5490585075393123,0.40809622188821265,0.3012247063958065,33.15245435544057,-1.2530458703213307,0.2555883587434484,0.2555883587434484,2.3978991579092623,0.8565267585331359,8.995728500962983,1.0,2.139612062673245,0.0399451403757152,0.25796484745463333,0.25796484745463333,0.7897931229549067,0.9993883031854963,6.0,d_kam,10.0,0.22244761751461095,0.037037037037037035,0.0,edge,5002,0.0,200.0,7900.0,6354.0,6354.0,6630.490871088114,10.0,432.0,253.0,11.101076131269231,8.520908977021463,64.0,
50.0,50.0,0.0,0.0,c_kam_N_64,0.9997827202007799,"N=64, U0=8",4.814298466679687,1.5672970940606437,,S1,8,64,3.1088637875375698,4.0,1.0072442431979778,261.8082683616923,9.769962616701378e-17,0.5385573707616662,0.5609841305534264,0.48171737634779505,68.65743632777594,-1.7763568394002505e-17,0.15885754721921738,0.15885754721921738,2.152959337436993,0.7059379876050991,10.148967350119374,0.0,2.503180444441031,3.9968028886505634e-17,0.17858174083095982,0.17858174083095982,0.8147769300253296,0.9997827202007799,12.0,c_kam,30.0,2.220446049250313e-16,0.5555555555555556,0.0,edge,5003,8.0,200.0,15433.0,6390.0,6076.0,13731.487265555188,30.0,90.0,0.0,27.895669031175267,15.665234618994873,64.0,
12.0,12.0,0.0,0.0,d_kam_N_64,0.9997338437966485,"N=64, U0=8",4.9807071597671335,1.6191795763954628,,S1,8,64,3.8081928711141266,2.0,1.1304248662726426,261.8082683616923,1.3883076996965278,0.5560302835358482,0.3636423276055389,0.24874441453431667,24.68063627718948,-1.3830736953492513,0.23014885351643843,0.23014885351643843,2.422798870410008,0.8758945406943266,11.474414559237843,1.0,2.8408056401267445,0.0026170021736384532,0.24860385576140245,0.24860385576140245,0.8093292693801736,0.9997338437966485,6.0,d_kam,6.0,0.014131811737647626,0.02977667493796526,0.0,edge,5003,0.0,200.0,7938.0,6305.0,6305.0,4936.127255437896,6.0,403.0,245.0,6.727477618671971,6.756780426949263,64.0,
43.0,43.0,0.0,0.0,c_kam_N_64,0.9990475140526891,"N=64, U0=8",5.198389553647882,1.622131741816689,,S1,8,64,11.945548468479569,3.0,1.2492318087719063,220.85910753769883,8.26212483441977e-17,0.5777221147944467,0.5287721897629776,0.4436893906924041,51.1466382042272,3.0982968129074136e-17,0.12506910935714535,0.12506910935714535,2.0176899330587306,0.6916200162683546,8.608489670800504,0.0,2.0918205369762117,5.680210823663592e-17,0.14638058456822678,0.14638058456822678,0.8099626553915331,0.9990475140526891,9.0,c_kam,30.0,2.220446049250313e-16,0.4777777777777778,0.0,edge,5004,4.0,200.0,16324.0,6461.0,6088.0,10229.32764084544,30.0,90.0,0.0,26.67118980795168,11.352006328001153,64.0,
12.0,12.0,0.0,0.0,d_kam_N_64,0.9995224342914116,"N=64, U0=8",5.806777240467285,1.976417297134886,,S1,8,64,5.989363239352885,3.0,1.217945988672947,221.07027937524575,1.222028018721997,0.6416028219104841,0.5771376121998538,0.5007874588470498,34.1089100879617,-1.1710967179224863,0.19705992642231693,0.19705992642231693,2.205372743127855,0.7727733586267064,9.34183288841909,1.0,2.247217599063341,0.025465650399755308,0.21165727119476016,0.21165727119476016,0.7727626720831223,0.9995224342914116,5.0,d_kam,7.0,0.11767004922133986,0.017118402282453638,0.0,edge,5004,0.0,200.0,14474.0,6392.0,6392.0,6821.782017592341,7.0,701.0,534.0,7.533523194530784,7.757753517013043,64.0,
22.0,22.0,0.0,0.0,c_kam_N_64,0.9999999999999999,"N=64, U0=8",2.8946894185223817,1.1450245279204467,,S1,8,64,0.0,2.0,0.983761703372577,151.33057145234744,3.027880976250427e-17,0.3373623455226192,0.407937537731121,0.30103737093257343,28.258008224656805,-1.0092936587501423e-17,0.1812176611139011,0.1812176611139011,2.268635356239084,0.7884051013024035,8.339630368014133,0.0,1.9954796614176837,1.0092936587501423e-17,0.19026818124028572,0.19026818124028572,0.8589592973530543,0.9999999999999999,8.0,c_kam,12.0,0.0,0.24444444444444444,0.0,edge,5005,2.0,200.0,8169.0,6293.0,5967.0,5651.601644931361,12.0,90.0,0.0,12.933473029795639,7.338112883036956,64.0,
7.0,7.0,0.0,0.0,d_kam_N_64,1.0000000000000007,"N=64, U0=8",2.9091206271452514,1.1827406945528778,,S1,8,64,0.0,2.0,1.115105547979769,151.33057145234744,3.1810319068718194,0.33887762242802066,0.4554112400751902,0.357082713977655,30.577989055600483,-2.6729016542873323,0.22820011144646904,0.22820011144646904,2.4150053508153224,0.8538436771517993,8.518169493169754,1.0,2.006958434123946,0.254065126292244,0.22550150351939835,0.22550150351939835,0.8549990998566491,1.0000000000000007,6.0,d_kam,1.0,0.8616694987496997,0.017241379310344827,0.0,edge,5005,0.0,200.0,6961.0,6225.0,6225.0,6115.597811120097,1.0,406.0,325.0,3.65176005252043,8.046777351992205,64.0,
48.0,48.0,0.0,0.0,c_kam_N_64,0.9995920155590334,"N=64, U0=8",6.463747004201802,1.9299588728515036,,S1,8,64,4.4370754892727575,3.0,1.0006966353852627,214.8129061839905,3.469446951953614e-17,0.7153041051242366,0.45530772105326256,0.3569605040212127,45.00438906456111,-2.3129646346357427e-18,0.17859482208016023,0.17859482208016023,2.7886724996720598,0.756186467895532,16.210544449279244,0.0,4.193351100262524,1.61907524424502e-17,0.1862137235716476,0.1862137235716476,0.7752709045546169,0.9995920155590334,9.0,c_kam,35.0,7.216449660063502e-17,0.5333333333333333,0.0,edge,5006,4.0,200.0,10617.0,6589.0,6004.0,9000.877812912222,35.0,90.0,0.0,26.37796821112099,10.875692979025189,64.0,
10.0,10.0,0.0,0.0,d_kam_N_64,0.999470335303388,"N=64, U0=8",7.411512134064713,2.1197986823266923,,S1,8,64,5.760421248667028,2.0,1.2287699263131657,229.607420102424,4.136387873134474,0.8148194437598423,0.4033948013901091,0.29567441830776764,14.866342996247113,-4.0218896194842895,0.22513247226054356,0.22513247226054356,3.047113043520191,0.8630119852344313,18.738324214109763,1.0,4.866537118852641,0.05724912682509213,0.2314425757231877,0.2314425757231877,0.7553377245597221,0.999470335303388,6.0,d_kam,4.0,0.3148701975380061,0.028328611898016998,0.0,edge,5006,0.0,200.0,7009.0,6263.0,6263.0,2973.2685992494226,4.0,353.0,252.0,6.724280908975293,3.9668713200371712,64.0,
33.0,33.0,0.0,0.0,c_kam_N_64,0.9999882666594632,"N=64, U0=8",2.9467604764078357,1.229189088873747,,S1,8,64,0.14602720529074142,3.0,0.9750894145439408,165.63207777130532,6.055761952500853e-17,0.3299944146910914,0.40249121750356026,0.2946076873305919,25.308627566264477,-2.0185873175002847e-17,0.1149301605226947,0.1149301605226947,1.6919237326844256,0.7797154218047653,4.331425948956529,0.0,0.898218752334444,2.0185873175002847e-17,0.1323740764416776,0.1323740764416776,0.8556189439507285,0.9999882666594632,7.0,c_kam,24.0,2.220446049250313e-16,0.36666666666666664,0.0,edge,5007,2.0,200.0,8807.0,6075.0,5977.0,5061.725513252895,24.0,90.0,0.0,19.315721891203395,6.462706292979419,64.0,
12.0,12.0,0.0,0.0,d_kam_N_64,0.9987889168409241,"N=64, U0=8",4.075355718424352,1.5903429162727347,,S1,8,64,15.072526748782895,2.0,1.4893710828651168,187.38998959398967,0.49783554891281695,0.44849691510282574,0.45068287600528883,0.35150061750624384,31.845784675097093,-0.40986128018407486,0.17198388078487029,0.17198388078487029,1.939538411740702,0.8459867127030525,5.927861975855319,1.0,1.3024943127593542,0.043987134364370996,0.17367551115285576,0.17367551115285576,0.8176977920738346,0.9987889168409241,6.0,d_kam,6.0,0.19399353038104733,0.026490066225165563,0.0,edge,5007,0.0,200.0,7621.0,6292.0,6292.0,6369.156935019419,6.0,453.0,316.0,7.199361843040574,8.238461433036719,64.0,
33.0,33.0,0.0,0.0,c_kam_N_64,0.9999964446211128,"N=64, U0=8",2.843369986365493,1.1650446881252594,,S1,8,64,0.04601792490029677,2.0,1.033280336547036,163.3210206734974,1.4130111222501992e-16,0.32834749266617386,0.4079447534710776,0.30104588951446654,32.121978036593646,-3.364312195833808e-17,0.14651455611352043,0.14651455611352043,1.8570464256885078,0.7995088828225242,5.648563776841653,0.0,1.2507545696759126,5.3828995133340925e-17,0.19020244137532324,0.19020244137532324,0.8585840052669724,0.9999964446211128,9.0,c_kam,21.0,3.108624468950435e-16,0.36666666666666664,0.0,edge,5008,3.0,200.0,8591.0,6248.0,5973.0,6424.395607318729,21.0,90.0,0.0,19.368524018930202,8.103131943033077,64.0,
9.0,9.0,0.0,0.0,d_kam_N_64,0.9997489970096838,"N=64, U0=8",2.9857495864413552,1.2449422317410865,,S1,8,64,3.248778013576114,2.0,1.2726962091770722,163.3210206734974,1.026039926409359,0.3432973506741394,0.5607740520481913,0.4814693670013369,31.943529490672518,-0.6113609030581556,0.20332806522658642,0.20332806522658642,2.011751576540338,0.7966490039410783,6.009852802529832,1.0,1.3117201049408562,0.20733951167560172,0.2039549854017342,0.2039549854017342,0.8501947631873105,0.9997489970096838,6.0,d_kam,3.0,1.1196333630482487,0.01768172888015717,0.0,edge,5008,0.0,200.0,8357.0,6284.0,6284.0,6388.7058981345035,3.0,509.0,379.0,5.6315441756493945,7.493840788956732,64.0,
50.0,50.0,0.0,0.0,c_kam_N_64,0.9997831957992758,"N=64, U0=8",6.610726825984428,1.98074187497201,,S1,8,64,2.6231111299678416,6.0,1.0655597426694294,237.36123734255435,2.1316282072803005e-16,0.7358193136145004,0.6078722847214776,0.5370714472406333,89.10533842950827,-1.5987211554602254e-16,0.2034570645441856,0.2034570645441856,3.0927295053750385,0.6823674522787758,17.228361533357752,0.0,4.465161997179483,2.6645352591003756e-17,0.23004014822020694,0.23004014822020694,0.7693516175944349,0.9997831957992758,12.0,c_kam,28.0,2.220446049250313e-16,0.5555555555555556,0.0,edge,5009,10.0,200.0,18428.0,6447.0,6121.0,17821.067685901653,28.0,90.0,0.0,27.793634691674704,19.728394988982473,64.0,
10.0,10.0,0.0,0.0,d_kam_N_64,0.9996024125987129,"N=64, U0=8",6.7663921699110725,2.151212802912378,,S1,8,64,4.810404659901785,2.0,1.2530826016656953,237.36123734255435,3.381174438647335,0.7521641747267981,0.49013743610055616,0.39807891761871206,27.700660052942112,-3.3648216427910898,0.2532430313289084,0.2532430313289084,3.125312906009392,0.8413638321899597,17.306673065599895,1.0,4.450573650648347,0.008176397928122725,0.27282921777609737,0.27282921777609737,0.7514521701606962,0.9996024125987129,6.0,d_kam,4.0,0.0449701886046749,0.02386634844868735,0.0,edge,5009,0.0,200.0,7069.0,6253.0,6253.0,5540.132010588422,4.0,419.0,320.0,5.657794216741953,6.940173407027032,64.0,
30.0,30.0,0.0,0.0,c_kam_N_64,1.0000000000000002,"N=64, U0=8",6.158170153579936,1.8143180900509885,,S1,8,64,0.0,3.0,0.9794161133976704,242.9129827233054,3.3306690738754695e-17,0.6845169945720699,0.4678744564490502,0.37179623330790645,39.502042280801106,2.590520390792032e-17,0.14688279721488606,0.14688279721488606,2.330598674328478,0.7296902572034721,11.726665048918292,0.0,2.956268722475672,2.960594732333751e-17,0.16026666412194973,0.16026666412194973,0.7870656532052611,1.0000000000000002,7.0,c_kam,21.0,0.0,0.3333333333333333,0.0,edge,5010,2.0,200.0,12046.0,6139.0,6025.0,7900.408456160221,21.0,90.0,0.0,18.932635870866044,9.120896384993102,64.0,
11.0,11.0,0.0,0.0,d_kam_N_64,1.0000000000000002,"N=64, U0=8",6.5195889762331145,1.8815896164574408,,S1,8,64,0.0,2.0,1.1247292511250424,254.9464529004933,2.5531727382937914,0.7224659709506541,0.4170761460779792,0.3118260057865033,31.652292215730995,-2.065540607989499,0.20211122184380706,0.20211122184380706,2.6054933308000816,0.8551652700323682,13.110471618500858,1.0,3.3019889022469453,0.24381606515214588,0.2068440922682724,0.2068440922682724,0.7800021429325836,1.0000000000000002,6.0,d_kam,5.0,1.043986992005678,0.02570093457943925,0.0,edge,5010,0.0,200.0,7126.0,6285.0,6285.0,6330.458443146199,5.0,428.0,316.0,6.858227976656239,8.140069481974933,64.0,
38.0,38.0,0.0,0.0,c_kam_N_128,0.9999999999999997,"N=128, U0=16",17.74468689815795,3.5325081059310475,,S1,16,128,0.0,2.0,1.0823422864329162,674.4384039582235,2.337311630789803e-17,1.9195268239979324,0.5059322515315255,0.41672557472471766,306.1098614198272,0.0,0.2309661700356046,0.2309661700356046,6.1354791737717,0.7742090629462257,53.63270391472313,0.0,14.611368272845736,1.1686558153949016e-17,0.22952683968294182,0.22952683968294182,0.6012739164900931,0.9999999999999997,16.0,c_kam,20.0,0.0,0.4222222222222222,0.0,edge,5001,2.0,200.0,29210.0,12572.0,11819.0,61221.97228396544,20.0,90.0,0.0,22.29225459241869,67.8302442979766,128.0,
20.0,20.0,0.0,0.0,d_kam_N_128,0.9999999999999994,"N=128, U0=16",20.23482767671047,3.9764009481635547,,S1,16,128,0.0,2.0,1.1709553236561168,702.4900623652172,8.263687816864874,2.180991605745947,0.4948605083485884,0.4036547668004168,153.7935919186566,-6.348357236629228,0.34187670451507307,0.34187670451507307,7.017553558084593,0.8413483440171912,62.48648816567983,1.0,17.03543591465926,0.9576652901178235,0.3352709082959272,0.3352709082959272,0.5546651680556798,0.9999999999999994,14.0,d_kam,6.0,4.2814954509982766,0.03395585738539898,0.0,edge,5001,0.0,200.0,16755.0,12389.0,12389.0,30758.71838373132,6.0,589.0,280.0,11.534329015559342,35.96234650799306,128.0,
52.0,52.0,0.0,0.0,c_kam_N_128,1.0000000000000007,"N=128, U0=16",31.1799122467469,4.918973842552872,,S1,16,128,0.0,2.0,1.0120562073083326,893.4155848524787,4.39819121293812e-15,3.3541990592130664,0.5377898428121274,0.4543352310976504,265.26674313878175,-2.1948255179128096e-15,0.2265947080250745,0.2265947080250745,7.253246244384601,0.7466958192385209,113.25523963818274,0.0,31.256178487103952,1.1016828475126554e-15,0.222719765378022,0.222719765378022,0.45109681223889,1.0000000000000007,15.0,c_kam,36.0,9.992007221626314e-17,0.5777777777777777,0.0,edge,5002,1.0,200.0,33846.0,12433.0,11853.0,53053.34862775635,36.0,90.0,0.0,31.712525695126594,57.802901252987795,128.0,
26.0,26.0,0.0,0.0,d_kam_N_128,0.9999900792353026,"N=128, U0=16",35.19998021518032,5.382482995416204,,S1,16,128,0.18337778165208057,2.0,1.1810614791424168,933.3619035817541,6.670877272600815,3.7763061958985746,0.5460341143341855,0.4640680516445245,209.46039662405383,-1.7261389837063368,0.3175109741799939,0.3175109741799939,8.305910357332548,0.8242528463043874,132.75204564165412,1.0,36.650594773123224,2.4723691444472395,0.30559371594038676,0.30559371594038676,0.4024283511882403,0.9999900792353026,14.0,d_kam,12.0,5.175475151298073,0.042833607907743,0.0,edge,5002,0.0,200.0,16670.0,12439.0,12439.0,41892.079324810766,12.0,607.0,256.0,17.5204943452399,51.7931347929989,128.0,
53.0,53.0,0.0,0.0,c_kam_N_128,0.9997577070440876,"N=128, U0=16",29.455580955788474,4.686177249193207,,S1,16,128,4.196966808168376,3.0,1.05257765233606,789.0780382930944,2.51371250858526e-17,3.163608813398852,0.505574960127175,0.4163037723723593,323.2137476923526,8.3790416952842e-18,0.21440988631838778,0.21440988631838778,6.407333299844056,0.7537576273363937,98.60263552720859,0.0,27.173213030630187,1.67580833905684e-17,0.21041792789555927,0.21041792789555927,0.4775428620111186,0.9997577070440876,17.0,c_kam,32.0,8.881784197001221e-17,0.5888888888888889,0.0,edge,5003,4.0,200.0,35608.0,12598.0,11869.0,64642.749538470525,32.0,90.0,0.0,33.070307403062664,72.68163824797375,128.0,
21.0,21.0,0.0,0.0,d_kam_N_128,0.9999425744178662,"N=128, U0=16",29.66807666608227,4.692834944003026,,S1,16,128,0.994718402951914,2.0,1.1797381779195384,793.140808858511,6.69024031038865,3.185920862979699,0.43465718218497335,0.332581395635038,237.25410544109764,-5.559547240113808,0.2632106177586915,0.2632106177586915,6.927554608236236,0.8557877458635997,102.0577404230764,1.0,28.10847622553743,0.5653465351374193,0.24246183106545494,0.24246183106545494,0.4768438040560875,0.9999425744178662,14.0,d_kam,7.0,3.1207456333936534,0.03541315345699832,0.0,edge,5003,0.0,200.0,16902.0,12405.0,12405.0,47450.82108821953,7.0,593.0,272.0,12.578328240386742,56.120740220008884,128.0,
65.0,65.0,0.0,0.0,c_kam_N_128,0.9999829976896737,"N=128, U0=16",24.671330298781932,4.037534443158916,,S1,16,128,0.31582731638236916,3.0,1.001058502293055,745.0850066597275,4.099285014000578e-17,2.6583030248923403,0.5489736601289972,0.4675383487633995,307.0942510460736,6.832141690000964e-18,0.21681479363312384,0.21681479363312384,5.646928257540463,0.7484112261056879,81.03510242797182,0.0,22.263270004143898,2.3912495915003373e-17,0.21412412528654362,0.21412412528654362,0.5461490222616513,0.9999829976896737,21.0,c_kam,36.0,2.220446049250313e-16,0.7222222222222222,0.0,edge,5004,8.0,200.0,33770.0,12416.0,11856.0,61418.850209214725,36.0,90.0,0.0,39.868733191580354,69.66486119001638,128.0,
22.0,22.0,0.0,0.0,d_kam_N_128,0.9988258684026026,"N=128, U0=16",25.84324762546088,4.252335500985662,,S1,16,128,21.810143702176486,2.0,2.5813559135426694,766.217558952002,3.12056453194716,2.78135434419363,0.46605727198515495,0.36965094609358573,181.9300122433924,-1.7741871455804732,0.27685314229326896,0.27685314229326896,6.152734290527071,0.8439265459182398,87.13925476362505,1.0,23.938658912702913,0.6731886931833433,0.27868651598839206,0.27868651598839206,0.5235949111898428,0.9988258684026026,14.0,d_kam,8.0,1.510668442712251,0.03747870528109029,0.0,edge,5004,0.0,200.0,16815.0,12413.0,12413.0,36386.00244867848,8.0,587.0,271.0,13.966930709943815,48.052052607992664,128.0,
55.0,55.0,0.0,0.0,c_kam_N_128,0.9999107296285981,"N=128, U0=16",19.590501926976998,3.53891939917911,,S1,16,128,1.5707436130190193,5.0,1.0375234379621996,654.4632726988566,1.5765166949677222e-15,2.128001584285705,0.5783463620807714,0.502214455234244,373.30490973050473,1.5442192978877176e-15,0.20292682495999523,0.20292682495999523,4.675865141121071,0.6924191489641208,56.62735186027092,0.0,15.464837979183486,1.56036799642772e-15,0.20522608192560554,0.20522608192560554,0.5984136138693057,0.9999107296285981,20.0,c_kam,26.0,2.220446049250313e-16,0.6111111111111112,0.0,edge,5005,9.0,200.0,50896.0,12567.0,11986.0,74660.98194610095,26.0,90.0,0.0,30.6771907257359,82.45539914502297,128.0,
18.0,18.0,0.0,0.0,d_kam_N_128,0.9997931351731273,"N=128, U0=16",21.508998641520854,3.9476645372202404,,S1,16,128,3.6398594569003784,2.0,1.2131307265703128,680.3275480356407,3.9346068856738765,2.3294437393128096,0.5081768472697007,0.4193754446933966,215.0283585168654,-3.531257065657046,0.28055817981465125,0.28055817981465125,5.2849552328688185,0.8206179749861383,64.11195507626739,1.0,17.509646771811248,0.20167491000841517,0.27879104527360843,0.27879104527360843,0.555495374374987,0.9997931351731273,14.0,d_kam,4.0,0.8537050369780728,0.028526148969889066,0.0,edge,5005,0.0,200.0,17755.0,12380.0,12380.0,43005.67170337308,4.0,631.0,312.0,10.21255437275606,50.08712873602053,128.0,
63.0,63.0,0.0,0.0,c_kam_N_128,0.9996084353553434,"N=128, U0=16",24.589963512774332,4.317369238601295,,S1,16,128,6.336225649198193,2.0,1.0111051291550586,627.5493203594917,5.392511833893617e-16,2.6475824341356087,0.5252171181197631,0.4394924311136092,329.035894133267,-4.758098676964956e-16,0.20826233779479794,0.20826233779479794,5.586640037649179,0.7425092086422279,73.94966957023856,0.0,20.293511673246684,3.172065784643304e-17,0.21155276470033105,0.21155276470033105,0.5178527085676079,0.9996084353553434,19.0,c_kam,39.0,2.220446049250313e-16,0.7,0.0,edge,5006,5.0,200.0,36291.0,12600.0,11874.0,65807.1788266534,39.0,90.0,0.0,36.430776854322126,71.0118855239707,128.0,
25.0,25.0,0.0,0.0,d_kam_N_128,0.9996387207308055,"N=128, U0=16",26.870359391145858,4.586606763814036,,S1,16,128,5.846153382926742,2.0,1.122472064141512,664.9928836149759,2.30764982011331,2.88702400136462,0.47541731676870747,0.38070099896305737,223.57255024602637,-1.4532742215320125,0.28071312977453383,0.28071312977453383,6.302607977309247,0.8469651165238266,84.20144496731123,1.0,23.11516890778219,0.42718779929064893,0.26428410744152186,0.26428410744152186,0.4895827684202702,0.9996387207308055,14.0,d_kam,11.0,1.7787270471761187,0.042662116040955635,0.0,edge,5006,0.0,200.0,16638.0,12466.0,12466.0,44714.51004920527,11.0,586.0,260.0,16.837560866610602,54.48872609902173,128.0,
54.0,54.0,0.0,0.0,c_kam_N_128,0.9999723005637868,"N=128, U0=16",31.227790882363273,4.911295634232387,,S1,16,128,0.4383798258107598,5.0,1.026079092639004,754.5767347522096,1.0608797790862607e-15,3.359006172445121,0.5737389298790606,0.4967751255516687,319.5423136802856,1.052655904829778e-15,0.22109293986775924,0.22109293986775924,6.693861534103942,0.7244568868878696,106.94374246357815,0.0,29.496065768726144,1.0567678419580194e-15,0.22111476572672883,0.22111476572672883,0.4520002477360211,0.9999723005637868,15.0,c_kam,35.0,0.0,0.6,0.0,edge,5007,4.0,200.0,43727.0,12602.0,11934.0,63908.46273605712,35.0,90.0,0.0,32.333818305819925,71.78947601799155,128.0,
27.0,27.0,0.0,0.0,d_kam_N_128,0.9989889564127066,"N=128, U0=16",40.26326368038723,5.908819156366711,,S1,16,128,16.001087830183266,2.0,2.411066567430803,844.5880572534396,4.261259880014758,4.307730816237637,0.49459359045623513,0.40333965539972205,178.25604386685882,-3.101038285061896,0.302501772151085,0.302501772151085,8.510534677814324,0.8430644577547448,149.77962885374313,1.0,41.410885557763216,0.5801107974764311,0.2981326852607671,0.2981326852607671,0.3472602779119171,0.9989889564127066,14.0,d_kam,13.0,3.9288925384749964,0.04695652173913043,0.0,edge,5007,0.0,200.0,16567.0,12441.0,12441.0,35651.20877337176,13.0,575.0,250.0,19.114241723165208,45.57636415300658,128.0,
57.0,57.0,0.0,0.0,c_kam_N_128,0.9996491831614333,"N=128, U0=16",23.83596717157781,4.072672140671866,,S1,16,128,6.566114613139817,3.0,1.089306804368741,799.7200809337945,5.843279076974508e-17,2.573418900346773,0.5836358272323937,0.5084589627049092,270.03737926046597,3.5059674461847047e-17,0.2616974585655304,0.2616974585655304,6.422931142604215,0.7377564335349703,84.19231316624082,0.0,23.129154920238555,4.674623261579606e-17,0.25381366032242914,0.25381366032242914,0.5421463882210358,0.9996491831614333,18.0,c_kam,34.0,2.664535259100366e-16,0.6333333333333333,0.0,edge,5008,5.0,200.0,35294.0,12233.0,11866.0,54007.475852093194,34.0,90.0,0.0,36.02179654422176,60.59677341702627,128.0,
16.0,16.0,0.0,0.0,d_kam_N_128,0.9997415394537817,"N=128, U0=16",29.069843208218156,4.588731345250674,,S1,16,128,4.837514574205184,2.0,1.2522831853574719,877.7978720879026,8.684888255333853,3.1229758841940094,0.5323705547474931,0.44793746046579036,167.98313612263883,-6.386326515400413,0.30561949501751723,0.30561949501751723,7.80535816404954,0.8317518915989459,108.72096284203019,1.0,29.94673882235489,1.14928086996672,0.2972353831565393,0.2972353831565393,0.4879601717402607,0.9997415394537817,14.0,d_kam,2.0,5.834896133619765,0.02735042735042735,0.0,edge,5008,0.0,200.0,16565.0,12361.0,12361.0,33596.627224527765,2.0,585.0,296.0,9.727026372022031,43.48627315397607,128.0,
56.0,56.0,0.0,0.0,c_kam_N_128,0.9995018864691304,"N=128, U0=16",29.08648020461049,4.639501450488886,,S1,16,128,10.287772071068662,2.0,1.1464184897291543,983.8298806187481,4.084034697728254e-15,3.1407956863742355,0.5274778910706661,0.4421613991806473,247.1297232687357,0.0,0.19075929905748992,0.19075929905748992,6.107747259938306,0.7650762191834792,96.69160523056279,0.0,26.63971312547166,2.042017348864127e-15,0.19750841381785977,0.19750841381785977,0.48020761633254744,0.9995018864691304,16.0,c_kam,38.0,2.220446049250313e-16,0.6222222222222222,0.0,edge,5009,2.0,200.0,33742.0,12525.0,11855.0,49425.94465374714,38.0,90.0,0.0,33.26439071760899,54.256513939006254,128.0,
28.0,28.0,0.0,0.0,d_kam_N_128,0.9995974079637417,"N=128, U0=16",34.93609022361926,5.399760168936821,,S1,16,128,8.314921900280382,2.0,1.1874378842261248,1052.404582620884,3.437029752278717,3.755004738370157,0.47409279457943154,0.3791373269340511,183.12167971016606,-2.261804460988884,0.3011341616910711,0.3011341616910711,7.588379424904381,0.8459146784509832,121.90406324186398,1.0,33.63339742752792,0.5876126456449166,0.2938736263841502,0.2938736263841502,0.40038045089551444,0.9995974079637417,14.0,d_kam,14.0,4.394218080685597,0.04778156996587031,0.0,edge,5009,0.0,200.0,16549.0,12497.0,12497.0,36624.33594203321,14.0,586.0,248.0,18.77056058939526,45.03599005099386,128.0,
59.0,59.0,0.0,0.0,c_kam_N_128,0.9999999999999996,"N=128, U0=16",28.23714476611132,4.551436768162832,,S1,16,128,0.0,3.0,1.0335238297835982,633.0568088920088,2.9053972034258335e-15,3.042346200070165,0.5533020530409063,0.47264825706218105,246.65290705219377,-9.709747130620013e-16,0.22312983568267888,0.22312983568267888,6.535320387480519,0.7356745948927287,93.80247681454328,0.0,25.82785134814352,9.67211245181916e-16,0.214354490700716,0.214354490700716,0.49044327762428613,0.9999999999999996,16.0,c_kam,40.0,0.0,0.6555555555555556,0.0,edge,5010,3.0,200.0,36318.0,12388.0,11876.0,49330.581410438754,40.0,90.0,0.0,34.088547872923286,55.84442911797669,128.0,
26.0,26.0,0.0,0.0,d_kam_N_128,0.9996332916650515,"N=128, U0=16",34.85402504148588,5.328700341418089,,S1,16,128,5.142911831556092,2.0,1.4443301249092846,692.6569755172286,5.131074438647341,3.737118628984494,0.49187648725048705,0.40013196411515833,140.3019248036435,-2.8092810624346822,0.3466207688714505,0.3466207688714505,8.467267821273225,0.84022357747586,129.26497879928047,1.0,35.67382949086377,1.160896688106329,0.33819682679135654,0.33819682679135654,0.4088306024324842,0.9996332916650515,14.0,d_kam,12.0,8.025988414794341,0.043697478991596636,0.0,edge,5010,0.0,200.0,16689.0,12448.0,12448.0,28060.384960728697,12.0,595.0,255.0,14.977273222964735,34.99914356798399,128.0,
63.0,63.0,0.0,0.0,c_kam_N_256,0.9767698056303895,"N=256, U0=32",102.28060349155476,8.305202193315681,,S1,32,256,630.0610610712237,4.0,70.39030546807997,2489.796332859426,2.7068294695622863e-14,10.856781914395414,0.6748675622582957,0.6161630943327101,1267.1126701842877,-9.022764898540954e-15,0.46113678038371747,0.46113678038371747,23.152788620547604,0.7248319176603446,739.0369998622875,0.0,205.83967100891684,9.022764898540954e-15,0.4349888434434107,0.4349888434434107,0.09156488478606359,0.9767698056303895,32.0,c_kam,27.0,0.0,0.7,0.0,edge,5001,4.0,200.0,164508.0,26550.0,23750.0,253422.53403685754,27.0,90.0,0.0,36.953498200311635,271.19738255400443,256.0,
43.0,43.0,0.0,0.0,d_kam_N_256,0.9702600450931715,"N=256, U0=32",111.16293079133273,8.390651591856212,,S1,32,256,806.622073266833,2.0,115.79507336660339,2635.3062608141663,12.603139310825107,11.789426280872103,0.6043362244557564,0.5328969316491569,438.466068340349,-4.809682388374219,0.494915265815048,0.494915265815048,26.0749462537195,0.7961972182199346,856.3999165777234,1.0,238.58051321930824,3.896728461225446,0.47986036371683527,0.47986036371683527,0.08259269793930768,0.9702600450931715,30.0,d_kam,13.0,24.62976443675218,0.0364715860899067,0.0,edge,5001,0.0,200.0,44450.0,25125.0,25125.0,87693.2136680698,13.0,1179.0,188.0,25.065499699470262,110.25142488797428,256.0,
71.0,71.0,0.0,0.0,c_kam_N_256,0.9758652586553105,"N=256, U0=32",101.8450895395825,8.303325041013206,,S1,32,256,726.34420249866,2.0,74.51595938642306,2785.3507873448298,2.5619569064026148e-14,10.803681263441003,0.6706258035596637,0.6111554625357143,1297.24666856986,6.404892266006537e-15,0.3991789930196857,0.3991789930196857,20.42223312902584,0.7201632361192253,690.364797745111,0.0,192.27375617788329,1.6012230665016343e-14,0.37624546829775185,0.37624546829775185,0.0918898132775359,0.9758652586553105,33.0,c_kam,35.0,1.1368683772161603e-13,0.7888888888888889,0.0,edge,5002,3.0,200.0,159062.0,27559.0,23723.0,259449.333713972,35.0,90.0,0.0,42.51550130052358,279.44738896901254,256.0,
33.0,33.0,0.0,0.0,d_kam_N_256,0.9695045066999757,"N=256, U0=32",110.98128174346563,8.38891892726483,,S1,32,256,917.7734471839626,2.0,118.466691810197,2933.6073064510965,17.987344576135847,11.762981444848728,0.5984286507902028,0.5259227127384338,498.1509886315325,-12.53785070799276,0.42105857101104893,0.42105857101104893,23.179050052272114,0.7893591559170414,807.771543771018,1.0,225.03103400696614,2.724746934071542,0.40678052742770476,0.40678052742770476,0.08290245522111514,0.9695045066999757,30.0,d_kam,3.0,14.759499987015257,0.02578125,0.0,edge,5002,0.0,200.0,52670.0,25115.0,25115.0,99630.1977263065,3.0,1280.0,268.0,17.63724433781772,118.18690842797514,256.0,
57.0,57.0,0.0,0.0,c_kam_N_256,0.982668775587582,"N=256, U0=32",88.82825368785154,8.179766854032712,,S1,32,256,414.21329888406547,2.0,36.87092663743718,1941.40177862587,1.5956047399525056e-14,9.42607979016255,0.6117879089243888,0.5416940591468479,1113.302206514345,0.0,0.3997856727664542,0.3997856727664542,16.876340686754784,0.7502495935756579,528.0117739341409,0.0,146.95993970340908,7.978023699762528e-15,0.3811197308060346,0.3811197308060346,0.10591579692958185,0.982668775587582,31.0,c_kam,25.0,0.0,0.6333333333333333,0.0,edge,5003,1.0,200.0,146987.0,26660.0,23676.0,222660.441302869,25.0,90.0,0.0,33.72615292825357,235.54324442596408,256.0,
43.0,43.0,0.0,0.0,d_kam_N_256,0.9764288215376344,"N=256, U0=32",97.34125887713928,8.288554319234393,,S1,32,256,563.3471333096205,2.0,67.41234145072632,2056.0599522025086,10.04138218152104,10.319945335037762,0.6695387177423648,0.6098720973347364,459.85135527851526,-3.5207748822963363,0.4258519060199751,0.4258519060199751,19.32890177485712,0.7676772181875775,619.1799961926164,1.0,172.3848548751469,3.260303649612352,0.42677391636354167,0.42677391636354167,0.0944931130834053,0.9764288215376344,30.0,d_kam,13.0,26.522846024906844,0.0346494762288477,0.0,edge,5003,0.0,200.0,46775.0,25161.0,25161.0,91970.27105570305,13.0,1241.0,188.0,25.634738589291935,103.50666773703415,256.0,
70.0,70.0,0.0,0.0,c_kam_N_256,0.9806550575381179,"N=256, U0=32",95.17744372696018,8.25070648050383,,S1,32,256,493.3990558502307,4.0,55.518173369186144,2241.9585823179286,2.1113269862585835e-14,10.093036631066461,0.5871262610613384,0.5125796137529689,1156.6555758882896,1.1368683772161604e-14,0.3972615962835323,0.3972615962835323,17.83882688456372,0.7209628516273188,610.0016848033563,0.0,169.85732396917112,1.6240976817373718e-14,0.38345630849343343,0.38345630849343343,0.09822961714216119,0.9806550575381179,30.0,c_kam,38.0,1.2505552149377699e-13,0.7777777777777778,0.0,edge,5004,2.0,200.0,174376.0,30422.0,23774.0,231331.11517765792,38.0,90.0,0.0,44.246423241875476,254.1020925770281,256.0,
40.0,40.0,0.0,0.0,d_kam_N_256,0.969305837754442,"N=256, U0=32",110.8736925611159,8.406207186368084,,S1,32,256,782.8646015315628,2.0,138.45273596363512,2480.7930419233944,13.736250043214477,11.741142758652813,0.603516477851285,0.5319291752411003,453.7324410909787,-8.923668231349485,0.4338912241374263,0.4338912241374263,21.292830296927015,0.7952074587255146,784.1978580112805,1.0,218.44522405592673,2.4062909059324964,0.42221640374244546,0.42221640374244546,0.08190204302641446,0.969305837754442,30.0,d_kam,10.0,17.114346700066605,0.03205128205128205,0.0,edge,5004,0.0,200.0,48541.0,25163.0,25163.0,90746.48821819574,10.0,1248.0,204.0,22.479869412436624,102.71967599802883,256.0,
61.0,61.0,0.0,0.0,c_kam_N_256,0.9803596166068651,"N=256, U0=32",96.10858423694616,8.238274458568336,,S1,32,256,503.14488178277844,2.0,43.273639995472394,2164.7829979704384,2.79557797676105e-14,10.19426529656271,0.6346157254083411,0.5686435647181803,1113.8917596798274,-5.5911559535221e-15,0.409912313817546,0.409912313817546,18.564083422930842,0.7252196981742998,619.4333307887845,0.0,172.47729070181984,1.11823119070442e-14,0.3951696593059411,0.3951696593059411,0.09953873804417362,0.9803596166068651,33.0,c_kam,25.0,0.0,0.6777777777777778,0.0,edge,5005,3.0,200.0,158478.0,27546.0,23722.0,222778.35193596547,25.0,90.0,0.0,35.74691308902283,232.7385447899578,256.0,
37.0,37.0,0.0,0.0,d_kam_N_256,0.9748876643281639,"N=256, U0=32",103.96038156120078,8.32518724722793,,S1,32,256,643.3246698896885,2.0,70.43546767936455,2284.0021534207563,9.356389896141252,11.018704015609446,0.6359686620725072,0.5702407816133765,349.33391636179294,-3.650069916813155,0.4275593123851579,0.4275593123851579,20.68938748536516,0.7857113153372864,707.2093402093758,1.0,196.95546351826647,2.8531599896640487,0.4223966128505031,0.4223966128505031,0.09041289523491595,0.9748876643281639,30.0,d_kam,7.0,11.880451707107172,0.03098827470686767,0.0,edge,5005,0.0,200.0,45037.0,25129.0,25129.0,69866.78327235859,7.0,1194.0,212.0,20.999702074519455,95.41833777801367,256.0,
59.0,59.0,0.0,0.0,c_kam_N_256,0.9725673128368079,"N=256, U0=32",106.92454901719017,8.360084000597071,,S1,32,256,750.6758279088722,2.0,79.49484504323044,2511.5996430592327,2.312274665524394e-14,11.342262259958405,0.6072472737360625,0.5363335870495182,931.4214142013225,-1.5415164436829292e-14,0.4178352263221657,0.4178352263221657,20.981847922500318,0.7369105081696828,761.5396667222276,0.0,212.14059124739785,3.853791109207323e-15,0.4046524177661526,0.4046524177661526,0.08543544916718927,0.9725673128368079,32.0,c_kam,25.0,0.0,0.6555555555555556,0.0,edge,5006,2.0,200.0,157832.0,27701.0,23713.0,186284.2828402645,25.0,90.0,0.0,35.68030203833063,198.54643941798713,256.0,
40.0,40.0,0.0,0.0,d_kam_N_256,0.9690652368804206,"N=256, U0=32",111.92307145272963,8.401937703544872,,S1,32,256,846.5076271169353,2.0,101.40363052581519,2593.3045228885676,17.80570344988143,11.867107115690049,0.6179127141215921,0.5489247319491017,348.1322648169589,-12.582365719309195,0.43565920939909625,0.43565920939909625,23.035764597972573,0.7898520889951257,836.4788770824088,1.0,233.03624517295276,2.6116688652861186,0.4371932826867231,0.4371932826867231,0.08104081035767034,0.9690652368804206,30.0,d_kam,10.0,13.576401785795696,0.03115264797507788,0.0,edge,5006,0.0,200.0,47858.0,25149.0,25149.0,69626.45296339178,10.0,1284.0,212.0,22.217556488975994,82.88809539697831,256.0,
70.0,70.0,0.0,0.0,c_kam_N_256,0.9701377737817976,"N=256, U0=32",109.2807756091577,8.381637960952718,,S1,32,256,712.2681837874734,6.0,121.65439656329893,2260.3831201712737,2.760966058953532e-14,11.587570787866941,0.7021565746615686,0.6483792895310185,948.8601088695577,-1.786507449911109e-14,0.4294676763932516,0.4294676763932516,20.87710825588636,0.6997075528086198,783.8872880886129,0.0,218.36918543117875,4.8722930452121156e-15,0.4095179651290585,0.4095179651290585,0.08359729870226129,0.9701377737817976,34.0,c_kam,28.0,0.0,0.7777777777777778,0.0,edge,5007,8.0,200.0,178114.0,27485.0,23798.0,189772.02177391155,28.0,90.0,0.0,41.54176631097896,204.8362883660011,256.0,
48.0,48.0,0.0,0.0,d_kam_N_256,0.9693698061635058,"N=256, U0=32",110.57856156071438,8.391946755201047,,S1,32,256,730.5856024786012,2.0,128.74903978870938,2278.0980048051215,9.230435934365554,11.72383831278039,0.6173710019382768,0.5482852106215765,246.2779863164178,-2.7216524910030473,0.4391755897543402,0.4391755897543402,21.653966409707408,0.7816658037298054,802.5441254150242,1.0,223.56582379795253,3.2543917216812535,0.4332692838484399,0.4332692838484399,0.08251487530618672,0.9693698061635058,30.0,d_kam,18.0,22.614010123308844,0.037122969837587005,0.0,edge,5007,0.0,200.0,51960.0,25220.0,25220.0,49255.59726328356,18.0,1293.0,191.0,30.11771571411701,64.79030711698579,256.0,
64.0,64.0,0.0,0.0,c_kam_N_256,0.9823353287045287,"N=256, U0=32",95.94076379327271,8.207494389258052,,S1,32,256,474.41833916578184,2.0,45.76123728209618,2361.640608435026,3.019806626980426e-14,10.176344945992735,0.6003886705797248,0.5282366249899529,874.5537499521743,3.019806626980426e-14,0.40769571861504134,0.40769571861504134,19.36643249568597,0.7452165136841216,645.4303873609209,0.0,179.7343691963726,3.019806626980426e-14,0.39650501925169346,0.39650501925169346,0.10272387105550607,0.9823353287045287,32.0,c_kam,30.0,2.2737367544323206e-13,0.7111111111111111,0.0,edge,5008,2.0,200.0,153208.0,27346.0,23700.0,174910.74999043485,30.0,90.0,0.0,38.53165134426841,184.6838799190009,256.0,
49.0,49.0,0.0,0.0,d_kam_N_256,0.9756079023232898,"N=256, U0=32",105.06199900139897,8.318793676983303,,S1,32,256,655.0961676553342,2.0,89.36749420145,2512.715459919475,9.214678135004107,11.13407464284599,0.5821058453886316,0.5066527341393566,245.52899083093507,-5.29442794448026,0.4504306018137948,0.4504306018137948,22.28846463465631,0.8011738752766148,755.8495143159598,1.0,210.53005803650328,1.9601250952619231,0.4472320649246457,0.4472320649246457,0.09103744584435475,0.9756079023232898,30.0,d_kam,19.0,12.340266715954138,0.04198800342759212,0.0,edge,5008,0.0,200.0,46448.0,25285.0,25285.0,49105.798166187014,19.0,1167.0,163.0,30.319766408604405,59.592438808991574,256.0,
63.0,63.0,0.0,0.0,c_kam_N_256,0.9625516972341089,"N=256, U0=32",123.33785983651885,8.481177970846234,,S1,32,256,964.9932358206307,2.0,168.16641572054513,2658.7226456494964,2.5263741715914672e-14,13.065991306719566,0.5801147725744135,0.5043021620670158,937.0268118247623,-3.609105959416382e-15,0.44526033694210676,0.44526033694210676,23.566898620579373,0.7474152332791445,944.766388121254,0.0,263.27605905435087,1.0827317878249145e-14,0.4259385882978113,0.4259385882978113,0.07239041134626639,0.9625516972341089,33.0,c_kam,27.0,0.0,0.7,0.0,edge,5009,3.0,200.0,150817.0,29467.0,23695.0,187405.36236495245,27.0,90.0,0.0,38.334969172412215,196.16334493202157,256.0,
36.0,36.0,0.0,0.0,d_kam_N_256,0.9589751525336362,"N=256, U0=32",128.26745344316097,8.509623019683216,,S1,32,256,1057.1560626686733,2.0,203.8798477136018,2725.576537481274,17.033529905844134,13.583598635416983,0.5868216772073547,0.5122200355920158,324.69857335905544,-12.348559248140937,0.4793175630756709,0.4793175630756709,25.880228757111716,0.7967247618811129,1026.8971403707174,1.0,286.1760971901771,2.3424853288515997,0.4584737557741824,0.4584737557741824,0.06940368121838325,0.9589751525336362,30.0,d_kam,6.0,14.310865026921022,0.030277544154751892,0.0,edge,5009,0.0,200.0,43768.0,25102.0,25102.0,64939.71467181109,6.0,1189.0,216.0,20.635975025974293,78.31253404699964,256.0,
63.0,63.0,0.0,0.0,c_kam_N_256,0.9712857929628065,"N=256, U0=32",106.81644603316738,8.370117089697091,,S1,32,256,698.5166671762046,3.0,97.03511967706812,2219.8699055300267,3.609105959416382e-14,11.324487252462113,0.5936964025197594,0.5203360307524936,1088.6763214087114,7.218211918832763e-15,0.4264044339644705,0.4264044339644705,21.227859959652402,0.7283635688017809,737.5071621670027,0.0,205.43489723034102,2.165463575649829e-14,0.4089154903246148,0.4089154903246148,0.08488437056083996,0.9712857929628065,31.0,c_kam,30.0,2.2737367544323206e-13,0.7,0.0,edge,5010,2.0,200.0,153797.0,28068.0,23710.0,217735.26428174227,30.0,90.0,0.0,39.11845473104986,230.4309281349997,256.0,
44.0,44.0,0.0,0.0,d_kam_N_256,0.9700482766496232,"N=256, U0=32",108.6958969524451,8.385825428231623,,S1,32,256,728.621129735152,2.0,105.73943729150149,2239.9967267951733,12.331925980718086,11.521829598986276,0.6053527981114358,0.5340970533260005,300.90183389547747,-1.5660097007656644,0.4509281855182394,0.4509281855182394,22.472796740193516,0.7850499202602108,767.0761887221327,1.0,213.66397672050806,5.382958139976211,0.44007710102056224,0.44007710102056224,0.08323499501471385,0.9700482766496232,30.0,d_kam,14.0,20.58351405377708,0.03691275167785235,0.0,edge,5010,0.0,200.0,47870.0,25175.0,25175.0,60180.36677909549,14.0,1192.0,204.0,25.441976490632747,77.14872904401273,256.0,
77.0,77.0,0.0,0.0,c_kam_N_512,0.8619587603098657,"N=512, U0=64",237.63106356019875,8.814558348633213,,S1,64,512,5294.608398819929,2.0,2490.6486530310394,6746.11794126655,2.3623239007089043e-13,25.076049920832528,0.7800661284989613,0.7403558461446071,6282.527706260153,8.268133652481166e-14,0.8570364889412986,0.8570364889412986,53.08168839566441,0.6940457185838637,3850.702016986002,0.0,1074.2346778542073,1.5945686329785106e-13,0.827414487149479,0.827414487149479,0.03622624939260573,0.8619587603098657,64.0,c_kam,11.0,9.094947017729282e-13,0.8555555555555555,0.0,edge,5001,2.0,200.0,1038805.0,60126.0,48156.0,1256505.5412520305,11.0,90.0,0.0,40.46718720040296,1280.029684557987,512.0,
72.0,72.0,0.0,0.0,d_kam_N_512,0.8533052182426262,"N=512, U0=64",245.89089701697762,8.825753140217499,,S1,64,512,5626.51730235917,2.0,2813.5728270157924,7007.724471918436,25.365798052801292,25.94333243379431,0.7385587031335404,0.6913540245326518,816.3756116587319,-13.848984982794548,0.8897428485397796,0.8897428485397796,59.10692136576169,0.7315626621726175,4206.493611704037,1.0,1173.5293191203516,5.758406535003372,0.8671332206928021,0.8671332206928021,0.03505079627625549,0.8533052182426262,62.0,d_kam,10.0,32.41512650649712,0.020385050962627407,0.0,edge,5001,0.0,200.0,127882.0,51101.0,51101.0,163275.1223317464,10.0,3532.0,72.0,38.96368737330363,187.52790162799647,512.0,
83.0,83.0,0.0,0.0,c_kam_N_512,0.8631304345559745,"N=512, U0=64",236.26468081826857,8.815305798892288,,S1,64,512,5264.244565425054,4.0,2117.272432723355,6761.630460668145,1.5340874487736138e-13,24.93860688974707,0.8234240126547983,0.7915422371619146,6428.660371484584,-3.2873302473720296e-14,0.8745929947768696,0.8745929947768696,54.34911792369698,0.6719660715419346,3887.588211270806,0.0,1084.524062276138,6.026772120182055e-14,0.8287416387805819,0.8287416387805819,0.03611368227732656,0.8631304345559745,63.0,c_kam,17.0,8.640199666842779e-13,0.9222222222222223,0.0,edge,5002,3.0,200.0,1067097.0,58525.0,48215.0,1285732.0742969168,17.0,90.0,0.0,45.27752998304774,1308.2004810670041,512.0,
64.0,64.0,0.0,0.0,d_kam_N_512,0.8542413276291558,"N=512, U0=64",245.36569908655179,8.827736722854045,,S1,64,512,5606.13527486933,2.0,2401.115636381625,7033.985867976996,28.896778350088745,25.894213807916813,0.6840849411485302,0.6270447221892372,1021.3335055249627,-14.749848300746443,0.9141684429311421,0.9141684429311421,61.423767949380654,0.7402657434575514,4274.552835287163,1.0,1192.5256019445542,7.073465024671151,0.86612978057151,0.86612978057151,0.034808435261342204,0.8542413276291558,62.0,d_kam,2.0,42.37708207145858,0.017967434025828188,0.0,edge,5002,0.0,200.0,139632.0,51037.0,51037.0,204266.70110499253,2.0,3562.0,78.0,32.85239291760316,229.14108572597615,512.0,
79.0,79.0,0.0,0.0,c_kam_N_512,0.8730106019583596,"N=512, U0=64",228.75445306738789,8.804933506765252,,S1,64,512,4165.016989208119,3.0,2206.1629636371185,5655.639943202499,2.993273702037485e-13,24.14264714577098,0.8079600694548295,0.7732861931063959,7432.291464917362,-1.4966368510187426e-13,0.8604807517038854,0.8604807517038854,51.76073310947756,0.6840927556379742,3616.0362892569206,0.0,1008.732875482799,7.483184255093713e-14,0.8233291674088838,0.8233291674088838,0.03749751552648819,0.8730106019583596,64.0,c_kam,12.0,9.094947017729282e-13,0.8777777777777778,0.0,edge,5003,3.0,200.0,1042846.0,59949.0,48173.0,1486458.2929834723,12.0,90.0,0.0,43.37031603392961,1511.3307104500127,512.0,
72.0,72.0,0.0,0.0,d_kam_N_512,0.864172552136892,"N=512, U0=64",237.67602546309882,8.817719929451481,,S1,64,512,4454.888649563662,2.0,2524.450031728207,5889.164023861351,27.836128197500717,25.07941224732063,0.7634529594214601,0.7207430770947794,872.9803521197755,-18.588028121591506,0.8861103388543045,0.8861103388543045,58.014236237668825,0.7232543634214236,4004.259686939331,1.0,1117.0817738243838,4.624050037954605,0.8676320163677176,0.8676320163677176,0.03615494114443392,0.864172552136892,62.0,d_kam,10.0,23.201955407909885,0.020905923344947737,0.0,edge,5003,0.0,200.0,120743.0,51097.0,51097.0,174596.0704239551,10.0,3444.0,72.0,38.580170097066066,199.94610995298717,512.0,
88.0,88.0,0.0,0.0,c_kam_N_512,0.8587082278963077,"N=512, U0=64",242.91748239885322,8.821588748478057,,S1,64,512,5262.993347977476,3.0,2140.7682090992585,6654.22094118352,1.8603300718082624e-13,25.629231794617272,0.8507072821136874,0.8237516524953256,7858.490796551923,8.268133652481166e-14,0.8763083963550653,0.8763083963550653,55.48680437988209,0.6676858993926191,4048.000416841138,0.0,1129.29377313899,1.3435717185281895e-13,0.8448715302077242,0.8448715302077242,0.03565183569992297,0.8587082278963077,64.0,c_kam,21.0,9.094947017729282e-13,0.9777777777777777,0.0,edge,5004,3.0,200.0,1054979.0,59669.0,48197.0,1571698.1593103847,21.0,90.0,0.0,48.764954940191316,1594.0613826150075,512.0,
64.0,64.0,0.0,0.0,d_kam_N_512,0.8534087788995568,"N=512, U0=64",248.18817038857443,8.828444606735331,,S1,64,512,5460.39312860573,2.0,2304.613556369155,6814.539058469697,28.884655922528744,26.182654033537993,0.7543290534246296,0.7099717991818544,1601.0337596168392,-14.575874697212747,0.8885548961751836,0.8885548961751836,58.73074794616019,0.7155011041405411,4239.494577137168,1.0,1182.7424684254358,7.154390612657998,0.8653609422891693,0.8653609422891693,0.03493197058290891,0.8534087788995568,62.0,d_kam,2.0,34.33763221753578,0.018161180476730987,0.0,edge,5004,0.0,200.0,147469.0,51025.0,51025.0,320206.75192336785,2.0,3524.0,104.0,32.69006670311911,354.24341674899915,512.0,
79.0,79.0,0.0,0.0,c_kam_N_512,0.8730674156020257,"N=512, U0=64",227.73761223650794,8.80351677442653,,S1,64,512,4701.750982073505,4.0,1715.1403058597455,6368.7951040988555,2.1873923207197009e-13,24.036154092579956,0.795103535799423,0.7581083408743189,7349.435989960039,8.058813813177845e-14,0.8720077996895769,0.8720077996895769,53.8485102559548,0.6728785701394494,3643.517010452407,0.0,1016.4051358360032,1.4966368510187426e-13,0.8447246567837575,0.8447246567837575,0.0375737008816333,0.8730674156020257,62.0,c_kam,15.0,9.094947017729282e-13,0.8777777777777778,0.0,edge,5005,2.0,200.0,1044472.0,59497.0,48203.0,1469887.1979920077,15.0,90.0,0.0,42.09766896787746,1500.5204486300354,512.0,
65.0,65.0,0.0,0.0,d_kam_N_512,0.8651140601281598,"N=512, U0=64",235.8424069196082,8.81543529390685,,S1,64,512,4996.353798894634,2.0,1937.2344751085568,6607.670155914011,39.53793481459794,24.887157534305484,0.8003027346394361,0.7642462839493344,1542.6050337133347,-14.546857762750195,0.8953895502143243,0.8953895502143243,58.971999442116484,0.7014511441426978,3948.565223835323,1.0,1101.5337667819067,12.495538525923873,0.8714640280491941,0.8714640280491941,0.03632225633619989,0.8651140601281598,62.0,d_kam,3.0,38.22277166367109,0.01845542305508234,0.0,edge,5005,0.0,200.0,153142.0,51047.0,51047.0,308521.00674266694,3.0,3522.0,130.0,33.00201162092331,340.3913428169908,512.0,
78.0,78.0,0.0,0.0,c_kam_N_512,0.841778175781024,"N=512, U0=64",261.2094578012614,8.844588218123922,,S1,64,512,5404.875149637716,5.0,2603.5176674948843,6522.275635033049,2.1571348695896374e-13,27.551108139972204,0.7805088978761329,0.7408785599926568,7293.228454104683,-4.081065969493909e-14,0.9407433510930382,0.9407433510930382,62.189091838500666,0.6726010717610086,4609.108749446963,0.0,1285.9002825000962,8.745141363201234e-14,0.8830211661290255,0.8830211661290255,0.03279072932590951,0.841778175781024,62.0,c_kam,13.0,9.094947017729282e-13,0.8666666666666667,0.0,edge,5006,3.0,200.0,1057157.0,58383.0,48205.0,1458645.6908209366,13.0,90.0,0.0,43.823640165686825,1489.7788790269988,512.0,
70.0,70.0,0.0,0.0,d_kam_N_512,0.8290793459041543,"N=512, U0=64",274.64036260127926,8.859114944325079,,S1,64,512,5838.668593555907,2.0,3038.428720950947,6927.482411757494,38.21832435808533,28.961353143974087,0.7573366738079481,0.7135224621343832,813.9738461587694,-15.503614173267904,0.9663339654595005,0.9663339654595005,70.11274962585198,0.7206762051742995,5225.862015622511,1.0,1458.0295107259747,11.357355092408715,0.9303126828290599,0.9303126828290599,0.031265423074787975,0.8290793459041543,62.0,d_kam,8.0,55.45799904767627,0.02029573789504204,0.0,edge,5006,0.0,200.0,122254.0,51081.0,51081.0,162794.7692317539,8.0,3449.0,80.0,38.2650953821031,190.05225985404104,512.0,
80.0,80.0,0.0,0.0,c_kam_N_512,0.8631243645772047,"N=512, U0=64",239.44307348931935,8.820508964874797,,S1,64,512,4435.04908505676,3.0,2163.8617868557067,5791.8787487277195,2.3305801732931284e-13,25.269504936586994,0.7637257647413742,0.7210651389307892,8000.036199608003,9.663381206337362e-14,0.9155345226121745,0.9155345226121745,57.83117135478895,0.6770319716314575,4082.6106415035238,0.0,1138.9550095197776,1.6484591469634324e-13,0.8767495955087334,0.8767495955087334,0.0354272575582189,0.8631243645772047,65.0,c_kam,11.0,9.094947017729282e-13,0.8888888888888888,0.0,edge,5007,4.0,200.0,1049898.0,60395.0,48180.0,1600007.2399216006,11.0,90.0,0.0,42.11724664073464,1622.7110111219808,512.0,
67.0,67.0,0.0,0.0,d_kam_N_512,0.8592014643201752,"N=512, U0=64",242.60894661395554,8.825212035098357,,S1,64,512,4562.1590352094245,2.0,2290.8132393010146,5834.088156035907,28.536166272102655,25.60192161467379,0.7976728396349644,0.7611415467912773,1226.8736440050998,-10.721661308053884,0.9302259218122935,0.9302259218122935,61.89111132910975,0.7013400814448998,4232.876365364433,1.0,1180.8802151861523,8.907252482024385,0.9028554171788505,0.9028554171788505,0.03493343518474498,0.8592014643201752,62.0,d_kam,5.0,36.698978843027994,0.018191691555796904,0.0,edge,5007,0.0,200.0,148245.0,51049.0,51049.0,245374.72880101996,5.0,3683.0,92.0,35.62301522599828,272.3475198899978,512.0,
78.0,78.0,0.0,0.0,c_kam_N_512,0.8657083925488561,"N=512, U0=64",235.57277960215202,8.81135950848531,,S1,64,512,5045.559963643556,3.0,1896.7187916621006,6501.07127142537,3.672959372544518e-13,24.853326770658803,0.7977138867244556,0.7611900051608157,7510.768086484459,-8.745141363201234e-14,0.8829180084341914,0.8829180084341914,54.368874291832505,0.6799349674911963,3834.0706081908966,0.0,1069.5862513588793,1.3992226181121974e-13,0.8413111229435466,0.8413111229435466,0.03692760404309775,0.8657083925488561,63.0,c_kam,13.0,9.094947017729282e-13,0.8666666666666667,0.0,edge,5008,2.0,200.0,1034673.0,58783.0,48175.0,1502153.6172968918,13.0,90.0,0.0,42.426462804742165,1531.3134132979903,512.0,
68.0,68.0,0.0,0.0,d_kam_N_512,0.8544614542398054,"N=512, U0=64",246.18308870821502,8.8259714357141,,S1,64,512,5468.126218696829,2.0,2227.8015268525796,6833.447644539092,36.26846081920692,25.967409226795418,0.7458357452681341,0.6999449770526585,1569.1225336727803,-25.719100439272406,0.9042260217228107,0.9042260217228107,62.34291457542001,0.7272416451316874,4258.664274613586,1.0,1188.0868902154084,5.274680189967258,0.8853386859769218,0.8853386859769218,0.035393351684074724,0.8544614542398054,62.0,d_kam,6.0,27.777913996321146,0.019796215429403203,0.0,edge,5008,0.0,200.0,142277.0,51069.0,51069.0,313824.50673455605,6.0,3435.0,88.0,35.77030028167037,344.6246431909967,512.0,
82.0,82.0,0.0,0.0,c_kam_N_512,0.865132661424636,"N=512, U0=64",230.18063205561828,8.805487152347391,,S1,64,512,5138.399663130922,2.0,1490.7559811615808,6398.29344317143,1.4418818442741545e-13,24.296316793386413,0.7786295175424871,0.7386598470987695,6769.9640525417635,-2.2182797604217763e-14,0.8481787668455807,0.8481787668455807,52.452377503024316,0.6870887920518867,3554.0821319150227,0.0,991.44799810186,6.100269341159885e-14,0.8177131411690916,0.8177131411690916,0.037334105722441266,0.865132661424636,65.0,c_kam,14.0,4.547473508864641e-13,0.9111111111111111,0.0,edge,5009,3.0,200.0,1054102.0,58820.0,48184.0,1353992.8105083527,14.0,90.0,0.0,43.42360757187995,1381.3509639379918,512.0,
69.0,69.0,0.0,0.0,d_kam_N_512,0.8620181260060813,"N=512, U0=64",233.8867490461959,8.81071442175239,,S1,64,512,5257.062401749206,2.0,1561.1982344700677,6516.209414931716,25.639456257560706,24.685459077397066,0.7631734787928734,0.7204131346860311,1003.279549733852,-16.079327211719384,0.8605638054047198,0.8605638054047198,56.26520524612237,0.7011448225426176,3710.939850756705,1.0,1035.2247631494577,4.780064522920661,0.8381836156629645,0.8381836156629645,0.036785242434916404,0.8620181260060813,62.0,d_kam,7.0,23.556802161470173,0.019087136929460582,0.0,edge,5009,0.0,200.0,163878.0,51061.0,51061.0,200655.9099467704,7.0,3615.0,84.0,37.17939050065344,224.82729736500187,512.0,
80.0,80.0,0.0,0.0,c_kam_N_512,0.8542018122962004,"N=512, U0=64",248.32986803877114,8.82659661170607,,S1,64,512,4541.38865308749,4.0,2857.545217798849,5696.3720458055595,2.1032064978498967e-13,26.193293226161973,0.8665793975224669,0.842489566519579,7462.077471560042,-3.979039320256561e-14,0.8903778022909056,0.8903778022909056,56.76038797149599,0.6751202636885628,4137.685093434029,0.0,1154.3175956266266,8.526512829121202e-14,0.8556519099136395,0.8556519099136395,0.03535514558803812,0.8542018122962004,62.0,c_kam,16.0,9.094947017729282e-13,0.8888888888888888,0.0,edge,5010,2.0,200.0,1035725.0,57722.0,48189.0,1492415.4943120084,16.0,90.0,0.0,45.66409951814387,1516.2162645380013,512.0,
65.0,65.0,0.0,0.0,d_kam_N_512,0.8447230489989653,"N=512, U0=64",257.9643238587735,8.838162582255519,,S1,64,512,4836.637508792213,2.0,3241.243967189363,5945.827464131943,46.32111404853917,27.20491108726222,0.7476471988449798,0.7020834986364345,815.5536569707328,-32.869765988713574,0.9297332027626996,0.9297332027626996,62.78375650424845,0.7320265680619933,4606.77946502808,1.0,1285.2425930723268,6.7256740299128,0.9018443190493514,0.9018443190493514,0.034140718680345794,0.8447230489989653,62.0,d_kam,3.0,31.47656332822898,0.0199203187250996,0.0,edge,5010,0.0,200.0,125527.0,51037.0,51037.0,163110.73139414657,3.0,3263.0,130.0,34.288420307518635,186.83735905203503,512.0,
90.0,90.0,0.0,0.0,c_kam_N_1024,0.6628569103765818,"N=1024, U0=128",384.0639157027715,8.950744257076446,,S1,128,1024,15851.622366946405,38.0,15545.992622958742,15851.622366946405,1.4551915228366853e-12,40.456381545713015,0.9757191268366878,0.9713350802933121,552315.8686708849,1.2126596023639043e-13,1.7066722989092196,1.7066722989092196,133.0166370217628,0.5985565090177642,14953.691032703362,0.0,4173.009613905702,7.882287415365378e-13,1.5972279487063035,1.5972279487063035,0.02121698485850928,0.6628569103765818,90.0,c_kam,0.0,3.637978807091713e-12,1.0,0.0,edge,5001,0.0,200.0,7423517.0,161504.0,99585.0,110463173.734177,0.0,90.0,0.0,45.0,110573.56365241797,1024.0,
90.0,90.0,0.0,0.0,d_kam_N_1024,0.6536310176779168,"N=1024, U0=128",390.67206495315924,8.95426882562576,,S1,128,1024,16285.400698931651,38.0,16702.251912995624,16285.400698931651,84.3399928067359,41.150237217003735,0.9312613686798489,0.9188502269137103,26898.59031035943,-62.20938159849526,1.7278206412924226,1.7278206412924226,147.28162278248763,0.618003324786931,15899.515091740108,1.0,4437.00019702244,11.065305604120324,1.6305960845222933,1.6305960845222933,0.020846905160831205,0.6536310176779168,90.0,d_kam,0.0,62.43086668631612,0.00786919646760514,0.0,edge,5001,0.0,200.0,366994.0,105271.0,105271.0,5379718.06207189,0.0,11437.0,0.0,45.0,5498.665738486045,1024.0,
90.0,90.0,0.0,0.0,c_kam_N_1024,0.664642607358357,"N=1024, U0=128",377.46912283405555,8.94430780602819,,S1,128,1024,16070.039700192863,38.0,20422.18750271503,16070.039700192863,1.1116046355002457e-12,39.76059313206652,0.9719679426963082,0.9669065990164748,604817.8416054995,-3.0316490059097606e-13,1.7339760101590593,1.7339760101590593,132.1390960954439,0.6001718520476835,14300.926883483604,0.0,3990.8054451977823,4.0421986745463475e-13,1.5934745471424918,1.5934745471424918,0.022166591605362152,0.664642607358357,90.0,c_kam,0.0,3.637978807091713e-12,1.0,0.0,edge,5002,0.0,200.0,7451449.0,164794.0,99585.0,120963568.32109997,0.0,90.0,0.0,45.0,121095.516946338,1024.0,
90.0,90.0,0.0,0.0,d_kam_N_1024,0.6544563764108013,"N=1024, U0=128",384.8583019489174,8.948367634448612,,S1,128,1024,16558.155183299183,38.0,22056.473132660747,16558.155183299183,62.812084011799584,40.53645693912702,0.9070632860764886,0.8902830460625211,22314.602471557446,-15.54166014202003,1.7631363454252351,1.7631363454252351,143.21279564970706,0.6365006503413313,15415.910526910562,1.0,4302.00771922688,23.635211934889774,1.6407705996225834,1.6407705996225834,0.021740309621218038,0.6544563764108013,90.0,d_kam,0.0,126.35708984139,0.00782608695652174,0.0,edge,5002,0.0,200.0,309170.0,105255.0,105255.0,4462920.494311488,0.0,11500.0,0.0,45.0,4576.631821757997,1024.0,
90.0,90.0,0.0,0.0,c_kam_N_1024,0.6651986186913783,"N=1024, U0=128",375.93672917051197,8.94652026490646,,S1,128,1024,15972.29626997012,38.0,11724.279979164017,15992.64735973964,1.081288145441148e-12,39.60037964211624,0.9739915764449806,0.9692956110808799,590689.8351417738,-2.32426423786415e-13,1.7046411149058776,1.7046411149058776,130.95059922445523,0.6000181501829916,14357.650064196107,0.0,4006.645669494298,4.244308608273665e-13,1.6012790660918865,1.6012790660918865,0.02145125165978075,0.6651986186913783,90.0,c_kam,0.0,3.637978807091713e-12,1.0,0.0,edge,5003,0.0,200.0,7455794.0,163770.0,99585.0,118137967.02835473,0.0,90.0,0.0,45.0,118252.80893051496,1024.0,
90.0,90.0,0.0,0.0,d_kam_N_1024,0.6605173947024416,"N=1024, U0=128",380.5266859390211,8.949125509635234,,S1,128,1024,16195.622398927948,38.0,12100.594012687396,16216.534414797854,71.01470976275951,40.08232510280971,0.956703139613751,0.9488856509329004,33676.03006396443,-40.446033965848464,1.708101343941874,1.708101343941874,138.69114802583283,0.5997413331120124,14898.718173282197,1.0,4157.668265769806,15.284337898455517,1.6206675689115384,1.6206675689115384,0.021177700963259504,0.6605173947024416,90.0,d_kam,0.0,73.98004842160195,0.0077035008131473084,0.0,edge,5003,0.0,200.0,438914.0,105319.0,105319.0,6735206.012792884,0.0,11683.0,0.0,45.0,6850.727703256998,1024.0,
10.0,10.0,0.0,0.0,c_kam_N_32,0.9996510320694451,"N=32, U0=4",0.2625950144885271,0.26978117968947574,,S1,4,32,0.672708997694762,4.0,1.1181788965645572,2.160520020168482,1.3322676295501878e-16,0.02224485575665014,0.6959754249647783,0.5186277561942324,14.16613882931415,1.3322676295501878e-16,0.1365594624370679,0.1365594624370679,1.0914940069612808,0.6557882984958325,1.2524395147000513,0.0,0.016858898259669953,1.3322676295501878e-16,0.13953630326052202,0.13953630326052202,0.977016434396311,0.9996510320694451,5.0,c_kam,0.0,3.441691376337983e-16,0.1111111111111111,0.0,enterprise,5001,5.0,200.0,8016.0,3200.0,3200.0,2833.22776586283,0.0,90.0,0.0,5.0,3.1252181439776905,32.0,
2.0,2.0,0.0,0.0,d_kam_N_32,1.0000000000000002,"N=32, U0=4",0.2540707095742415,0.2512771961721833,,S1,4,32,0.0,2.0,1.1755724286790716,2.266509224755965,0.1435330032874429,0.02164815441265014,0.7202551269311337,0.557070617640962,8.613535250769928,-0.1435330032874429,0.1486113018152745,0.1486113018152745,1.068973700641813,0.7307253179118206,1.35479948960252,1.0,0.018885400169422674,0.0,0.10451067320367058,0.10451067320367058,0.9783117132425215,1.0000000000000002,2.0,d_kam,0.0,0.0,0.0037105751391465678,0.0,enterprise,5001,0.0,200.0,5099.0,3136.0,3136.0,1722.7070501539856,0.0,539.0,523.0,1.0,2.022767507005483,32.0,
3.0,3.0,0.0,0.0,c_kam_N_32,1.0000000000000002,"N=32, U0=4",0.006518687991444456,0.007324331370691796,,S1,4,32,0.0,3.0,1.228501680406751,0.2628064464120115,7.401486830834377e-17,0.0004563081594011119,0.6126586204346167,0.3867094823548098,9.536821595102083,7.401486830834377e-17,0.1078038762599048,0.1078038762599048,0.9336622014005893,0.7294680011164469,1.181985028822923,0.0,2.7728632065508435e-05,7.401486830834377e-17,0.08226412033840054,0.08226412033840054,0.9994872968040515,1.0000000000000002,2.0,c_kam,0.0,1.9984014443252816e-16,0.03333333333333333,0.0,enterprise,5002,1.0,200.0,5833.0,3139.0,3139.0,1907.3643190204166,0.0,90.0,0.0,1.5,2.2095651290146634,32.0,
1.0,1.0,0.0,0.0,d_kam_N_32,0.9999999999999999,"N=32, U0=4",0.21280222530948664,0.22323345055695532,,S1,4,32,0.0,3.0,1.241742733790184,2.1247105888011792,0.16593423767574733,0.014896155771664065,0.6413353015099679,0.4321142273907824,11.001913114450872,-0.16593423767574733,0.13132067137286263,0.13132067137286263,1.0171503251886942,0.6928113823561217,1.2042792127453075,1.0,0.005199251013414012,0.0,0.11633564046939403,0.11633564046939403,0.9843736584610131,0.9999999999999999,1.0,d_kam,0.0,0.0,0.0014792899408284023,0.0,enterprise,5002,0.0,200.0,6879.0,3181.0,3181.0,2200.3826228901744,0.0,676.0,667.0,0.5,2.504898724029772,32.0,
12.0,12.0,0.0,0.0,c_kam_N_32,1.0000000000000002,"N=32, U0=4",0.17751038748139053,0.18720099679034538,,S1,4,32,0.0,3.0,0.963378977426578,1.8774589806731612,5.551115123125783e-17,0.012531206713844027,0.6245927829593542,0.4056052396856441,9.049526545277331,1.850371707708594e-17,0.11016580853509739,0.11016580853509739,0.9822831556212868,0.71456440337566,1.1969842034169653,0.0,0.004178332852797334,3.700743415417188e-17,0.09293598296182377,0.09293598296182377,0.9867765052014478,1.0000000000000002,6.0,c_kam,1.0,1.9984014443252786e-16,0.13333333333333333,0.0,enterprise,5003,5.0,200.0,5506.0,3128.0,3128.0,1809.9053090554662,1.0,90.0,0.0,6.290525058167625,2.104602262028493,32.0,
3.0,3.0,0.0,0.0,d_kam_N_32,0.9999999999999998,"N=32, U0=4",0.5672774570671846,0.568642784527111,,S1,4,32,0.0,2.0,1.2236689657480926,2.945295212927191,0.04277734593378435,0.03981490158484961,0.7412146508331808,0.5902565304858697,11.002613669843413,-0.01386246821480297,0.19230806257704758,0.19230806257704758,1.1016036042799453,0.6985690072970963,1.3764534192039548,1.0,0.017752616051315204,0.01445743885949069,0.1708748474190806,0.1708748474190806,0.9600755800598741,0.9999999999999998,2.0,d_kam,1.0,0.03903508492062486,0.004777070063694267,0.0,enterprise,5003,0.0,200.0,6490.0,3186.0,3186.0,2200.5227339686826,1.0,628.0,603.0,1.6755723063724615,2.4904442360275425,32.0,
12.0,12.0,0.0,0.0,c_kam_N_32,0.9999999999999999,"N=32, U0=4",0.4004055651827456,0.33911583893324565,,S1,4,32,0.0,4.0,1.1184655619255337,5.585520752066216,7.401486830834377e-17,0.031009348312500403,0.6154270161709057,0.3910927756039341,10.864103344501927,0.0,0.13562735041817547,0.13562735041817547,1.0363150722703651,0.7046463614297812,1.299017147377391,0.0,0.02977138111950909,3.700743415417188e-17,0.1122591128142874,0.1122591128142874,0.9729828535436751,0.9999999999999999,5.0,c_kam,2.0,2.220446049250313e-16,0.13333333333333333,0.0,enterprise,5004,5.0,200.0,6221.0,3151.0,3151.0,2172.8206689003855,2.0,90.0,0.0,6.36528333437581,2.5624975109822117,32.0,
2.0,2.0,0.0,0.0,d_kam_N_32,1.0,"N=32, U0=4",0.4453671258949767,0.38276518400989257,,S1,4,32,0.0,2.0,1.1567722369465137,5.585520752066216,0.42237172482296226,0.03415665756235659,0.5969968001927524,0.3619116003051914,9.877691708970815,-0.42237172482296226,0.14205322746843513,0.14205322746843513,1.0365075734200198,0.7912804825925258,1.3838634387698783,1.0,0.032948836398136123,0.0,0.13739609698399016,0.13739609698399016,0.9699273993883097,1.0,2.0,d_kam,0.0,0.0,0.004415011037527594,0.0,enterprise,5004,0.0,200.0,4579.0,3122.0,3122.0,1975.538341794163,0.0,453.0,436.0,1.0,2.33357223297935,32.0,
11.0,11.0,0.0,0.0,c_kam_N_32,1.0,"N=32, U0=4",1.3819997703568014,0.7671609939508801,,S1,4,32,0.0,2.0,1.209669987562334,13.364971393000394,7.266914343001025e-16,0.11571028133970537,0.5593478876850285,0.3023008221679618,8.898764876066707,6.863196879500968e-16,0.18013870614685693,0.18013870614685693,1.4211285574833723,0.7627462138841969,2.7516158379426012,0.0,0.4168882337219948,7.065055611250996e-16,0.18462960833254283,0.18462960833254283,0.9307669192786612,1.0,6.0,c_kam,1.0,3.774758283725532e-15,0.12222222222222222,0.0,enterprise,5005,4.0,200.0,4444.0,3098.0,3098.0,1779.7529752133414,1.0,90.0,0.0,5.869572124478631,2.149227046989836,32.0,
5.0,5.0,0.0,0.0,d_kam_N_32,0.995431906549678,"N=32, U0=4",2.385752564642835,1.5833401370136204,,S1,4,32,8.35322822057304,2.0,24.823599406788762,13.364971393000394,1.257121866644392,0.1859729769397277,0.5239433428871512,0.24624362623798945,5.65236783149885,0.6138460300378956,0.4006951738089113,0.4006951738089113,2.2574950724052876,0.8998327528416584,4.3290470757212685,1.0,0.7651695873662681,0.9354839483411437,0.34859278093583596,0.34859278093583596,0.8736343792642693,0.995431906549678,2.0,d_kam,3.0,3.608811481177792,0.024390243902439025,0.0,enterprise,5005,0.0,200.0,2925.0,3103.0,3103.0,1130.47356629977,3.0,205.0,182.0,3.2347242565536645,1.4710549179580994,32.0,
4.0,4.0,0.0,0.0,c_kam_N_32,0.9999999999999998,"N=32, U0=4",0.05961841800753661,0.06571956429172113,,S1,4,32,0.0,2.0,1.231673082520977,1.5644617751992822,1.1102230246251565e-16,0.010130300290673577,0.6872677699348752,0.5048406357302191,12.139160568767693,1.1102230246251565e-16,0.1101065830983613,0.1101065830983613,0.9601610047203499,0.7272328952893439,1.2344517315220886,0.0,0.0020873074299772847,1.1102230246251565e-16,0.0911364516434401,0.0911364516434401,0.9892351755512547,0.9999999999999998,3.0,c_kam,0.0,3.7747582837255307e-16,0.044444444444444446,0.0,enterprise,5006,1.0,200.0,5366.0,3123.0,3123.0,2427.8321137535386,0.0,90.0,0.0,2.0,2.7705245059914887,32.0,
2.0,2.0,0.0,0.0,d_kam_N_32,1.0,"N=32, U0=4",0.1986307264871144,0.19576542884099238,,S1,4,32,0.0,2.0,1.2355683479009256,3.417016874786315,0.22843452598866154,0.01986116188424402,0.6223403208454736,0.4020388413386665,9.286501549941022,0.043984348876517476,0.11325565869027686,0.11325565869027686,0.993395666215236,0.8037220981578741,1.293076172951636,1.0,0.008045683553429795,0.1362094374325895,0.09652712155163413,0.09652712155163413,0.9801319650328059,1.0,2.0,d_kam,0.0,0.25879793112192007,0.00546448087431694,0.0,enterprise,5006,0.0,200.0,4058.0,3108.0,3108.0,1857.3003099882044,0.0,366.0,351.0,1.0,2.3132196009973995,32.0,
7.0,7.0,0.0,0.0,c_kam_N_32,1.0000000000000002,"N=32, U0=4",0.3743989609407909,0.3374440206771391,,S1,4,32,0.0,2.0,1.2052949478061636,4.702186039476162,1.9032394707859825e-16,0.030820189753809128,0.5970943383636156,0.3620660357423914,7.891209804511163,1.2688263138573217e-16,0.13115814533270423,0.13115814533270423,1.034923256813701,0.7682886645255693,1.3158244125148892,0.0,0.022180708993826345,1.5860328923216522e-16,0.09988778237659368,0.09988778237659368,0.9715723605263296,1.0000000000000002,3.0,c_kam,3.0,4.440892098500626e-16,0.07777777777777778,0.0,enterprise,5007,1.0,200.0,3760.0,3078.0,3078.0,1578.2419609022327,3.0,90.0,0.0,4.242542512353999,1.9627663330174983,32.0,
3.0,3.0,0.0,0.0,d_kam_N_32,1.0000000000000002,"N=32, U0=4",0.5246277031192886,0.48344055115416223,,S1,4,32,0.0,2.0,1.3884017459364233,4.702186039476162,0.19591519883343955,0.04133620170630398,0.5729498657608513,0.32383728745468104,7.36790795926936,-0.10473186766701785,0.14873009334619752,0.14873009334619752,1.098809329014527,0.8094530329767512,1.3806320670436742,1.0,0.029061216491642016,0.04559166558321085,0.1418976912658351,0.1418976912658351,0.9613526033929378,1.0000000000000002,2.0,d_kam,1.0,0.07229485060434793,0.008670520231213872,0.0,enterprise,5007,0.0,200.0,3666.0,3104.0,3104.0,1473.581591853872,1.0,346.0,321.0,1.7352029552677908,1.9637521260301583,32.0,
22.0,22.0,0.0,0.0,c_kam_N_32,0.9999999999999999,"N=32, U0=4",3.2940182658546258,1.4569922231630759,,S1,4,32,0.0,3.0,1.165742124269646,22.84643427944028,1.1102230246251565e-16,0.2708144755914645,0.5662823505558183,0.3132803883800457,7.683009252650663,-7.065055611250996e-17,0.20959644350649587,0.20959644350649587,1.7590151338217352,0.7705198416057769,5.321315501630128,0.0,1.120911258433239,2.0185873175002847e-17,0.22103611481038363,0.22103611481038363,0.8719942305522786,0.9999999999999999,7.0,c_kam,9.0,2.1094237467877958e-16,0.24444444444444444,0.0,enterprise,5008,6.0,200.0,4203.0,3092.0,3092.0,1536.6018505301327,9.0,90.0,0.0,13.292998393579754,1.8443600179743953,32.0,
3.0,3.0,0.0,0.0,d_kam_N_32,1.0,"N=32, U0=4",2.8855133167722324,1.1716361317901014,,S1,4,32,0.0,2.0,1.189840498039434,22.84643427944028,4.230897427393921,0.24221912915569696,0.5373028075630583,0.26739611197484237,5.060985504533164,-3.8645899047209027,0.18210003079601805,0.18210003079601805,1.677277451562241,0.8233179783595554,5.220289910843889,1.0,1.0938875632028506,0.1831537613365093,0.1593479586247101,0.1593479586247101,0.8919691569483871,1.0,2.0,d_kam,1.0,0.49451515560857506,0.010714285714285714,0.0,enterprise,5008,0.0,200.0,3073.0,3087.0,3087.0,1012.1971009066328,1.0,280.0,261.0,1.6785510885128534,1.4819755839998834,32.0,
5.0,5.0,0.0,0.0,c_kam_N_32,1.0000000000000004,"N=32, U0=4",0.3328094552841346,0.2767353998439788,,S1,4,32,0.0,2.0,1.1680536854438142,4.411646418786327,1.3322676295501878e-16,0.033686417422562405,0.5511018323904435,0.2892445679515355,9.94752911676187,-4.4408920985006264e-17,0.11594665799785969,0.11594665799785969,1.0453410817986137,0.7765206780957876,1.3151383422737117,0.0,0.03213585883893218,4.4408920985006264e-17,0.11665130037757923,0.11665130037757923,0.970724117407144,1.0000000000000004,3.0,c_kam,1.0,1.77635683940025e-16,0.05555555555555555,0.0,enterprise,5009,1.0,200.0,4107.0,3089.0,3089.0,1989.5058233523741,1.0,90.0,0.0,2.756879687847197,2.365891936002299,32.0,
3.0,3.0,0.0,0.0,d_kam_N_32,1.0000000000000002,"N=32, U0=4",0.39767984741765355,0.34496811458395255,,S1,4,32,0.0,2.0,1.1858807967808782,4.4042931631732145,0.06987752562009948,0.03822734487190873,0.5222819691936682,0.2436131178899746,6.099604446790181,0.06987752562009948,0.14247380072479046,0.14247380072479046,1.0673128435257768,0.8494746634595083,1.409122677972528,1.0,0.03624183039540785,0.06987752562009948,0.1435907204454345,0.1435907204454345,0.9659478273753459,1.0000000000000002,2.0,d_kam,1.0,0.08889698006339017,0.010676156583629894,0.0,enterprise,5009,0.0,200.0,3074.0,3087.0,3087.0,1219.9208893580362,1.0,281.0,261.0,2.01023472202809,1.59752520598704,32.0,
11.0,11.0,0.0,0.0,c_kam_N_32,1.0000000000000004,"N=32, U0=4",0.7927062687388357,0.563938328624839,,S1,4,32,0.0,2.0,1.3058126681412636,8.353475237915767,1.8167285857502563e-16,0.06957502172719844,0.6360999958068887,0.4238249933609072,7.191454895364586,6.055761952500853e-17,0.13816307226570537,0.13816307226570537,1.1518376509768797,0.7815662383420545,1.6327115033455681,0.0,0.09818633348821092,1.2111523905001707e-16,0.15940901787435288,0.15940901787435288,0.94808035916239,1.0000000000000004,4.0,c_kam,5.0,5.551115123125783e-16,0.12222222222222222,0.0,enterprise,5010,2.0,200.0,3562.0,3072.0,3072.0,1438.2909790729173,5.0,90.0,0.0,6.296676512859323,1.83508210798027,32.0,
4.0,4.0,0.0,0.0,d_kam_N_32,1.0000000000000002,"N=32, U0=4",0.8898972661923886,0.6438755978800333,,S1,4,32,0.0,2.0,1.2498672641461461,8.353475237915767,0.4528560082497131,0.07637839154894716,0.49654693135346,0.20286597464297834,7.445820504217409,-0.27648557614991526,0.20086725708624648,0.20086725708624648,1.1925063437403653,0.8445231568886272,1.6901528238460366,1.0,0.10404398597562112,0.08818521604989893,0.22349892531561594,0.22349892531561594,0.9424847503145264,1.0000000000000002,2.0,d_kam,2.0,0.2837140415017053,0.014234875444839857,0.0,enterprise,5010,0.0,200.0,3074.0,3095.0,3095.0,1489.1641008434817,2.0,281.0,258.0,2.318670605143729,1.8932617930113338,32.0,
6.0,6.0,0.0,0.0,c_kam_N_64,1.0,"N=64, U0=8",0.27273496040491035,0.24617201863340332,,S1,8,64,0.0,4.0,1.1293570613352102,7.1455105577802795,2.220446049250313e-16,0.023235983117303502,0.7198878930677148,0.5564891640238817,123.66888870979892,0.0,0.1386931811127588,0.1386931811127588,1.0444603581234058,0.6403881320794318,1.2458362352634966,0.0,0.015559268096492067,1.1102230246251565e-16,0.1208297783623528,0.1208297783623528,0.9783889241815923,1.0,5.0,c_kam,0.0,3.885780586188048e-16,0.06666666666666667,0.0,enterprise,5001,1.0,200.0,23477.0,7408.0,6194.0,24733.777741959784,0.0,90.0,0.0,3.0,25.76973206398543,64.0,
3.0,3.0,0.0,0.0,d_kam_N_64,0.9999999999999999,"N=64, U0=8",0.5909434241803494,0.5706429115932462,,S1,8,64,0.0,5.0,1.2144478922900643,7.1455105577802795,0.14943339745556009,0.04551057558158423,0.7015255403326794,0.5274154388600758,104.63678370782873,-0.14943339745556009,0.2395546670860867,0.2395546670860867,1.205614045890068,0.6411561437909513,1.3865333127629649,1.0,0.029754247580953557,0.0,0.20385214140491542,0.20385214140491542,0.9556759616744033,0.9999999999999999,3.0,d_kam,0.0,0.0,0.0024529844644317253,0.0,enterprise,5001,0.0,200.0,19925.0,6456.0,6456.0,20927.356741565745,0.0,1223.0,1171.0,1.5,21.936164235987235,64.0,
8.0,8.0,0.0,0.0,c_kam_N_64,0.9999999999999998,"N=64, U0=8",0.566487603482246,0.41644386883400974,,S1,8,64,0.0,4.0,1.1993188120686202,12.675657962443992,1.1102230246251565e-16,0.05014899936120885,0.6212248727199882,0.40027271513998136,80.8562155260006,-5.551115123125783e-17,0.16984664354052514,0.16984664354052514,1.162152477913372,0.7343907687334643,1.481643069239236,0.0,0.06353169524667511,2.7755575615628914e-17,0.1276288817848286,0.1276288817848286,0.9607051058071224,0.9999999999999998,6.0,c_kam,0.0,1.4432899320127023e-16,0.08888888888888889,0.0,enterprise,5002,2.0,200.0,16558.0,6611.0,6094.0,16171.24310520012,0.0,90.0,0.0,4.0,17.291138180997223,64.0,
5.0,5.0,0.0,0.0,d_kam_N_64,0.9999999999999998,"N=64, U0=8",0.6663570055869019,0.4862906855664638,,S1,8,64,0.0,3.0,1.2786055544584176,13.540655899854858,0.22281500438450222,0.05713985750853476,0.5335352557674939,0.2614308216318653,57.91831284353975,-0.2225317045791484,0.20825928949072714,0.20825928949072714,1.2152166442508427,0.8113927102064525,1.5946499110732935,1.0,0.0783508564606608,0.00014164990267691026,0.18957381179440083,0.18957381179440083,0.9558158286358507,0.9999999999999998,5.0,d_kam,0.0,0.0005665996107076408,0.008620689655172414,0.0,enterprise,5002,0.0,200.0,12386.0,6290.0,6290.0,11583.66256870795,0.0,580.0,513.0,2.5,12.708037981996313,64.0,
16.0,16.0,0.0,0.0,c_kam_N_64,1.0,"N=64, U0=8",0.737108637453946,0.4967065817655011,,S1,8,64,0.0,2.0,1.1942929441131382,16.199148917612543,1.1102230246251565e-16,0.06687768390534568,0.5270160884981382,0.2511088067887188,44.89066015579738,5.551115123125783e-17,0.14851654631228642,0.14851654631228642,1.223015761188727,0.7967678381264143,1.7507772222141327,0.0,0.1427089248299781,8.326672684688674e-17,0.12971182500020817,0.12971182500020817,0.9519061444856124,1.0,11.0,c_kam,0.0,2.7755575615628914e-16,0.17777777777777778,0.0,enterprise,5003,5.0,200.0,10804.0,6163.0,6007.0,8978.132031159475,0.0,90.0,0.0,8.0,9.792096582998056,64.0,
6.0,6.0,0.0,0.0,d_kam_N_64,0.9999999999999998,"N=64, U0=8",0.7927411866615489,0.5553624153985145,,S1,8,64,0.0,2.0,1.203498284996361,16.199148917612543,0.14796168442654556,0.07077196234987788,0.5727505258633867,0.32352166595036247,49.54002348909853,-0.04798583642322999,0.20398146239799891,0.20398146239799891,1.3404059898035756,0.8189394305308625,1.8739736605177237,1.0,0.14884870241881223,0.04998792400165778,0.1659233068836793,0.1659233068836793,0.9478002361313014,0.9999999999999998,6.0,d_kam,0.0,0.1770455796384922,0.009146341463414634,0.0,enterprise,5003,0.0,200.0,13587.0,6324.0,6324.0,9908.004697819706,0.0,656.0,579.0,3.0,10.60945118300151,64.0,
11.0,11.0,0.0,0.0,c_kam_N_64,1.0000000000000004,"N=64, U0=8",1.3924944970797901,0.7537736301742611,,S1,8,64,0.0,3.0,1.178049368964677,24.865199162937103,8.074349270001139e-17,0.12026793590331561,0.5907678435755617,0.3520490856613058,52.387009199592285,8.074349270001139e-17,0.18962571766324154,0.18962571766324154,1.9941017614498497,0.7683004534863269,2.8854679410580677,0.0,0.4456264553530273,8.074349270001139e-17,0.17879567184615971,0.17879567184615971,0.9292187207698541,1.0000000000000004,8.0,c_kam,0.0,3.3306690738754696e-16,0.12222222222222222,0.0,enterprise,5004,3.0,200.0,10563.0,6148.0,6003.0,10477.401839918457,0.0,90.0,0.0,5.5,11.438110371993389,64.0,
8.0,8.0,0.0,0.0,d_kam_N_64,1.0,"N=64, U0=8",1.7845732646724837,0.9859108770099019,,S1,8,64,0.0,3.0,1.261972097754756,27.35779010996756,0.5038891185548715,0.14771344963480415,0.610087831038099,0.3826390658103236,93.53366317925975,-0.4949445170153315,0.25894220403007584,0.25894220403007584,2.135469698318974,0.7970791107760333,3.2853547077547876,1.0,0.5271164694543562,0.00447230076977001,0.23851390313822793,0.23851390313822793,0.9129691134913593,1.0,5.0,d_kam,3.0,0.023255964002804032,0.012698412698412698,0.0,enterprise,5004,0.0,200.0,13339.0,6341.0,6341.0,18706.73263585195,3.0,630.0,519.0,4.655788095732525,19.851215266040526,64.0,
10.0,10.0,0.0,0.0,c_kam_N_64,0.9999946159100885,"N=64, U0=8",0.09663367026140625,0.10228850515598051,,S1,8,64,0.018965664078277128,4.0,1.1039549300299631,2.654340440806604,1.3322676295501878e-16,0.007174118972061367,0.5749052499251348,0.32693331238146345,153.83085400884738,4.4408920985006264e-17,0.10109650252245228,0.10109650252245228,0.9900192257640588,0.641251784084011,1.0807140818042635,0.0,0.003452206413970692,8.881784197001253e-17,0.09076072800233778,0.09076072800233778,0.9923844796938609,0.9999946159100885,7.0,c_kam,0.0,3.441691376337983e-16,0.1111111111111111,0.0,enterprise,5005,3.0,200.0,28313.0,8054.0,6265.0,30766.170801769476,0.0,90.0,0.0,5.0,31.976907176955137,64.0,
2.0,2.0,0.0,0.0,d_kam_N_64,0.9999765210204742,"N=64, U0=8",0.5120279150543242,0.5198795194048583,,S1,8,64,0.08270560965721882,6.0,1.2293228758372636,4.362542002858077,0.103491287001229,0.03625171610756562,0.7035167341256985,0.5305681623656894,120.84329985053046,-0.103491287001229,0.1959934772104443,0.1959934772104443,1.1460929192388694,0.5795725452942849,1.2404927017959935,1.0,0.017562798786299023,0.0,0.17936774772486544,0.17936774772486544,0.9631531086964396,0.9999765210204742,2.0,d_kam,0.0,0.0,0.0014054813773717498,0.0,enterprise,5005,0.0,200.0,24603.0,6567.0,6567.0,24168.65997010609,0.0,1423.0,1388.0,1.0,25.130164499976672,64.0,
13.0,13.0,0.0,0.0,c_kam_N_64,0.9999999999999998,"N=64, U0=8",0.5299248415528113,0.4003764829497346,,S1,8,64,0.0,3.0,1.051375178206349,12.600784153429096,1.1956247957501685e-16,0.04779431143769158,0.563750156645642,0.30927108135559966,84.77449269907083,-1.1956247957501685e-16,0.15544124545940513,0.15544124545940513,1.366873971085401,0.6976779285260543,1.526093782567155,0.0,0.09904091646707525,0.0,0.14658276778748,0.14658276778748,0.9619156529803635,0.9999999999999998,9.0,c_kam,0.0,0.0,0.14444444444444443,0.0,enterprise,5006,4.0,200.0,18319.0,6521.0,6118.0,16954.898539814167,0.0,90.0,0.0,6.5,18.277444103034213,64.0,
5.0,5.0,0.0,0.0,d_kam_N_64,0.9999014404290254,"N=64, U0=8",0.7990848667107177,0.6242858487692453,,S1,8,64,0.34665252149538067,3.0,1.2936425461670726,14.07591010837504,0.22692857428172455,0.066635513198745,0.5956190089367738,0.35973009748322504,61.48440184304491,-0.15536653895520441,0.17654296584947515,0.17654296584947515,1.4434500486239552,0.7636784728282905,1.68129599788831,1.0,0.11400276615416338,0.03578101766326007,0.15208080558260342,0.15208080558260342,0.9462419973729977,0.9999014404290254,5.0,d_kam,0.0,0.09169034846212601,0.007132667617689016,0.0,enterprise,5006,0.0,200.0,14955.0,6329.0,6329.0,12296.880368608981,0.0,701.0,630.0,2.5,13.319193635019474,64.0,
15.0,15.0,0.0,0.0,c_kam_N_64,1.0000000000000002,"N=64, U0=8",0.6230310499884674,0.45883901462193555,,S1,8,64,0.0,3.0,1.1186198960610478,13.826590313733163,5.921189464667501e-17,0.054423377443532595,0.6178294225872115,0.39489658576308495,67.50591491610976,5.921189464667501e-17,0.1753734286445494,0.1753734286445494,1.3257205341602758,0.7208114231050163,1.8087192826740637,0.0,0.15695240135043664,5.921189464667501e-17,0.14553800211575574,0.14553800211575574,0.957626012608066,1.0000000000000002,10.0,c_kam,0.0,2.220446049250313e-16,0.16666666666666666,0.0,enterprise,5007,5.0,200.0,17997.0,6534.0,6120.0,13501.182983221952,0.0,90.0,0.0,7.5,14.354757510998752,64.0,
3.0,3.0,0.0,0.0,d_kam_N_64,1.0,"N=64, U0=8",0.696185172172985,0.5377640044940135,,S1,8,64,0.0,5.0,1.2158449874495574,13.826590313733163,0.3260882047691321,0.05954416599644881,0.6407328579880053,0.4311603584810083,80.11786740098614,0.08234594076995301,0.252413487479948,0.252413487479948,1.4482539150134612,0.7112719796544171,1.897669353195484,1.0,0.16002095122758317,0.20421707276954257,0.19852536340214383,0.19852536340214383,0.9521012633170204,1.0,3.0,d_kam,0.0,0.4074977326052931,0.0030211480362537764,0.0,enterprise,5007,0.0,200.0,18634.0,6436.0,6436.0,16023.573480197228,0.0,993.0,943.0,1.5,17.158528203028254,64.0,
10.0,10.0,0.0,0.0,c_kam_N_64,0.9999847191245181,"N=64, U0=8",0.17719647177053915,0.18292369610019366,,S1,8,64,0.05421009393195991,4.0,1.1400859431415529,4.070991568103676,1.1102230246251565e-16,0.016438989639015508,0.6930542008048346,0.5140024846076549,108.61198744067224,2.2204460492503132e-17,0.12370936437591318,0.12370936437591318,1.0552886451322947,0.6354049677787404,1.180003768628226,0.0,0.006811875056797955,6.661338147750939e-17,0.11855149733060161,0.11855149733060161,0.9829041617285583,0.9999847191245181,7.0,c_kam,0.0,2.220446049250313e-16,0.1111111111111111,0.0,enterprise,5008,3.0,200.0,25817.0,7526.0,6229.0,21722.397488134447,0.0,90.0,0.0,5.0,22.819840811018366,64.0,
2.0,2.0,0.0,0.0,d_kam_N_64,0.9999847191245184,"N=64, U0=8",1.12329918625565,0.9887239457807009,,S1,8,64,0.05421009393195991,6.0,1.1437193420128873,7.866092988390409,0.1666502198371841,0.08266617965297328,0.731358572439846,0.5746510730297563,94.88612243090756,-0.11694737640855324,0.2319121194450485,0.2319121194450485,1.2762177552866028,0.596455100526279,1.4698374723521324,1.0,0.062375891632540245,0.024851421714315425,0.20479630517187927,0.20479630517187927,0.9264981442509227,0.9999847191245184,2.0,d_kam,0.0,0.047217701257199304,0.0015822784810126582,0.0,enterprise,5008,0.0,200.0,22709.0,6543.0,6543.0,18977.224486181512,0.0,1264.0,1231.0,1.0,19.888295390002895,64.0,
7.0,7.0,0.0,0.0,c_kam_N_64,1.0000000000000002,"N=64, U0=8",0.19848721533597138,0.18168917309517982,,S1,8,64,0.0,5.0,1.0337616562350957,6.028541163498519,6.344131569286608e-17,0.021980948938374288,0.6209811300303809,0.3998867892147696,108.00338140950771,-6.344131569286608e-17,0.12486696034124993,0.12486696034124993,1.032917458705611,0.6610591316949815,1.1972988457201246,0.0,0.01663611883739942,0.0,0.1022597772987615,0.1022597772987615,0.9793677993763427,1.0000000000000002,5.0,c_kam,0.0,0.0,0.07777777777777778,0.0,enterprise,5009,2.0,200.0,24368.0,7465.0,6209.0,21600.676281901542,0.0,90.0,0.0,3.5,22.84568481700262,64.0,
4.0,4.0,0.0,0.0,d_kam_N_64,1.0,"N=64, U0=8",0.5113256828976397,0.501743645085111,,S1,8,64,0.0,4.0,1.229726136378213,6.028541163498519,0.2045850490322822,0.04387964166769107,0.6053769812480627,0.37518022030943254,70.5349460549769,-0.19000585034131584,0.2309828905214402,0.2309828905214402,1.161630223611976,0.7064291635622533,1.3758164213009956,1.0,0.02740141347962137,0.0072895993454831776,0.18551599652076953,0.18551599652076953,0.9569639863370475,1.0,4.0,d_kam,0.0,0.024784637774642793,0.0039177277179236044,0.0,enterprise,5009,0.0,200.0,18836.0,6424.0,6424.0,14106.98921099538,0.0,1021.0,957.0,2.0,15.178584942012094,64.0,
10.0,10.0,0.0,0.0,c_kam_N_64,1.0000000000000002,"N=64, U0=8",0.652532281864703,0.4499466248390216,,S1,8,64,0.0,4.0,1.0947163723502045,15.149455076442006,6.661338147750939e-17,0.06228452744603536,0.6294512517009894,0.41329781519323316,62.37710254325066,2.2204460492503132e-17,0.11826359979879981,0.11826359979879981,1.1490394374629582,0.7747957773295436,1.6014201188695356,0.0,0.09885780763501513,4.4408920985006264e-17,0.10231847244097882,0.10231847244097882,0.9542658669388948,1.0000000000000002,7.0,c_kam,0.0,2.220446049250313e-16,0.1111111111111111,0.0,enterprise,5010,3.0,200.0,11325.0,7711.0,6019.0,12475.420508650132,0.0,90.0,0.0,5.0,13.684001824993175,64.0,
6.0,6.0,0.0,0.0,d_kam_N_64,0.9999999999999999,"N=64, U0=8",1.1002631382290116,0.8269809318892569,,S1,8,64,0.0,2.0,1.229075838219994,15.32587731442206,0.16025166388959414,0.09362568739153694,0.5516078852921235,0.2900458183791954,55.514927960175555,-0.09183433835781318,0.19770364578470045,0.19770364578470045,1.3788379292656168,0.8217139928746573,1.7780985705070251,1.0,0.12662570480138485,0.034208662765890484,0.169691022241228,0.169691022241228,0.9278734654453783,0.9999999999999999,6.0,d_kam,0.0,0.10636660375961271,0.011299435028248588,0.0,enterprise,5010,0.0,200.0,9637.0,6272.0,6272.0,11102.985592035111,0.0,531.0,458.0,3.0,12.406415921985172,64.0,
11.0,11.0,0.0,0.0,c_kam_N_128,0.9999999999999997,"N=128, U0=16",0.7322926733419634,0.5039410632528611,,S1,16,128,0.0,9.0,1.2018318124043625,24.126591856980976,2.0185873175002847e-17,0.0640275652198172,0.623730423003493,0.4042398364221971,650.1509387342958,2.0185873175002847e-17,0.23701978817857175,0.23701978817857175,1.4013827041918023,0.7152064493065908,1.902681226058287,0.0,0.1671555603800686,2.0185873175002847e-17,0.17229344755556902,0.17229344755556902,0.9529975349438162,0.9999999999999997,9.0,c_kam,0.0,1.1102230246251565e-16,0.12222222222222222,0.0,enterprise,5001,2.0,200.0,95170.0,15180.0,12352.0,130030.18774685916,0.0,90.0,0.0,5.5,132.7453045270522,128.0,
6.0,6.0,0.0,0.0,d_kam_N_128,0.999983828003002,"N=128, U0=16",0.8808048537620102,0.6242536826355225,,S1,16,128,0.0893750433845596,10.0,1.2996203229344818,25.529453505889855,0.4439663613734755,0.07442341784922048,0.6834838638992714,0.49884945117384644,320.1716351049254,-0.35875975375757213,0.28931881096336876,0.28931881096336876,1.5984667593089972,0.7178755793515935,2.0423159721160005,1.0,0.18113947024237706,0.04260330380795171,0.19208644846793277,0.19208644846793277,0.9445756515870297,0.999983828003002,6.0,d_kam,0.0,0.1454905093725214,0.00373366521468575,0.0,enterprise,5001,0.0,200.0,37336.0,12888.0,12888.0,64034.327020985074,0.0,1607.0,1459.0,3.0,68.47762906597927,128.0,
16.0,16.0,0.0,0.0,c_kam_N_128,1.0000000000000004,"N=128, U0=16",0.40125516902632175,0.33410542361425705,,S1,16,128,0.0,8.0,1.092600686971851,15.00036828982438,1.249000902703301e-16,0.0375717848364369,0.6437741994985899,0.43597581587276735,653.5115506299189,1.3877787807814457e-17,0.2236084382272085,0.2236084382272085,1.4011777171916788,0.673999658147546,1.7229810672998036,0.0,0.12821826482674628,6.938893903907228e-17,0.17632658308415983,0.17632658308415983,0.9674822119675649,1.0000000000000004,12.0,c_kam,0.0,2.220446049250313e-16,0.17777777777777778,0.0,enterprise,5002,4.0,200.0,100461.0,14858.0,12369.0,130702.31012598379,0.0,90.0,0.0,8.0,133.10430190595798,128.0,
4.0,4.0,0.0,0.0,d_kam_N_128,1.0,"N=128, U0=16",0.7137641691544333,0.6574688396198894,,S1,16,128,0.0,12.0,1.2720215253763314,15.22874312492982,0.4135057856068945,0.0594474148454047,0.6822519146710545,0.49689886489583623,358.54034485528246,-0.36716754280655045,0.46333164593522197,0.46333164593522197,2.1114447725228653,0.6297759335408493,2.033974014730744,1.0,0.15434245019892612,0.02316912140017202,0.28404494141187114,0.28404494141187114,0.9448467728471706,1.0,4.0,d_kam,0.0,0.07877501276058484,0.0018231540565177757,0.0,enterprise,5002,0.0,200.0,43204.0,13060.0,13060.0,71708.06897105649,0.0,2194.0,2078.0,2.0,74.86388958699536,128.0,
6.0,6.0,0.0,0.0,c_kam_N_128,1.0,"N=128, U0=16",0.03746685088427323,0.041917179288183615,,S1,16,128,0.0,10.0,1.207726048056302,1.3653850154062468,7.401486830834377e-17,0.00284133377861585,0.7636266889194977,0.6257422574558712,676.8128747135052,0.0,0.158245159689068,0.158245159689068,0.9892536116555926,0.5778648641024694,1.1760669246273374,0.0,0.00040200205006895337,3.700743415417188e-17,0.08820831551797795,0.08820831551797795,0.996816917534409,1.0,6.0,c_kam,0.0,1.6653345369377348e-16,0.06666666666666667,0.0,enterprise,5003,0.0,200.0,116380.0,19686.0,12482.0,135362.57494270103,0.0,90.0,0.0,3.0,138.0894461669959,128.0,
5.0,5.0,0.0,0.0,d_kam_N_128,1.0000000000000004,"N=128, U0=16",0.7196511365416548,0.7288252651526295,,S1,16,128,0.0,12.0,1.1837080307788903,8.406765810003236,0.06691621647018305,0.05059423377463256,0.7555276079004076,0.6129187125089787,264.6341822150862,-0.06548192677527384,0.3363711842867284,0.3363711842867284,1.5576488439939162,0.5432584533015009,1.4719517891941905,1.0,0.04406816311676817,0.0007171448474545983,0.21038040916678555,0.21038040916678555,0.9487333515238978,1.0000000000000004,4.0,d_kam,1.0,0.0028685793898183924,0.0019157088122605363,0.0,enterprise,5003,0.0,200.0,49033.0,13193.0,13193.0,52926.83644301724,1.0,2610.0,2461.0,2.7597661588327527,55.596326807979494,128.0,
7.0,7.0,0.0,0.0,c_kam_N_128,1.0,"N=128, U0=16",0.12622253950505669,0.12580144777202526,,S1,16,128,0.0,9.0,1.1576257553584002,5.486289570658124,6.344131569286608e-17,0.012474662847185047,0.8221238476652097,0.7183627588032486,552.0487266694545,0.0,0.17070792932470316,0.17070792932470316,1.2173761155484824,0.606382899374202,1.3222949455860986,0.0,0.020258122487029007,3.172065784643304e-17,0.12408639097096578,0.12408639097096578,0.9872828312103517,1.0,7.0,c_kam,0.0,1.5543122344752176e-16,0.07777777777777778,0.0,enterprise,5004,0.0,200.0,110480.0,17506.0,12448.0,110409.7453338909,0.0,90.0,0.0,3.5,112.85504154901719,128.0,
7.0,7.0,0.0,0.0,d_kam_N_128,0.9999928578506904,"N=128, U0=16",0.7692748514479787,0.7650097877511116,,S1,16,128,0.039178740767497694,9.0,1.1999630385763773,8.729914076177588,0.0986118749846143,0.05748832468318959,0.7325397244694966,0.5765212304100363,214.8990331866662,-0.08975342082682161,0.340842227042366,0.340842227042366,1.7916387364333415,0.6356810945893456,1.6190907927629905,1.0,0.06261799348921519,0.004429227078896337,0.2339153780663395,0.2339153780663395,0.9425382474118155,0.9999928578506904,7.0,d_kam,0.0,0.021703212686592033,0.003482587064676617,0.0,enterprise,5004,0.0,200.0,42124.0,12934.0,12934.0,42979.80663733324,0.0,2010.0,1818.0,3.5,45.68562988197664,128.0,
8.0,8.0,0.0,0.0,c_kam_N_128,1.0000000000000004,"N=128, U0=16",0.17662991190353336,0.17043266603219775,,S1,16,128,0.0,10.0,1.0907205984334811,6.958011032091336,1.3877787807814457e-16,0.016745214021592465,0.7493634217590093,0.6031587511184314,534.3630332691828,1.3877787807814457e-16,0.15369631677710294,0.15369631677710294,1.177581049827194,0.6070331887909706,1.242901930602176,0.0,0.014714456104260804,1.3877787807814457e-16,0.11395299831838612,0.11395299831838612,0.9834610444874287,1.0000000000000004,7.0,c_kam,0.0,4.440892098500626e-16,0.08888888888888889,0.0,enterprise,5005,1.0,200.0,111668.0,17397.0,12453.0,106872.60665383656,0.0,90.0,0.0,4.0,109.13599753996823,128.0,
5.0,5.0,0.0,0.0,d_kam_N_128,0.9999911448229992,"N=128, U0=16",0.8716397751176711,0.7600221049048997,,S1,16,128,0.047547101635512734,11.0,1.1623278913437685,13.048876546673398,0.07289445138004362,0.0653959044465821,0.7119037973061851,0.5438476790681266,207.5210731482366,-0.05262355255570776,0.2596775758951055,0.2596775758951055,1.5422828700220492,0.6088704855396927,1.5406766591626662,1.0,0.07419846391880372,0.01013544941216793,0.1877520319149952,0.1877520319149952,0.9421897837663397,0.9999911448229992,5.0,d_kam,0.0,0.04054179764867171,0.002279981760145919,0.0,enterprise,5005,0.0,200.0,48178.0,12985.0,12985.0,41504.21462964732,0.0,2193.0,2050.0,2.5,43.158262494020164,128.0,
10.0,10.0,0.0,0.0,c_kam_N_128,1.0000000000000002,"N=128, U0=16",0.8704561361368691,0.5905495941631045,,S1,16,128,0.0,8.0,1.1104200593041889,24.85615559124502,3.9968028886505636e-16,0.07685174063165644,0.675712264164709,0.4865444182607891,440.9343626900227,0.0,0.2136785478782396,0.2136785478782396,1.4190669101921036,0.6492673198682261,1.9539455003993818,0.0,0.1972496754468824,1.9984014443252818e-16,0.19172773011610128,0.19172773011610128,0.9447477307476646,1.0000000000000002,9.0,c_kam,0.0,1.0769163338864002e-15,0.1111111111111111,0.0,enterprise,5006,1.0,200.0,95676.0,15121.0,12325.0,88186.87253800454,0.0,90.0,0.0,5.0,89.88477940502344,128.0,
9.0,9.0,0.0,0.0,d_kam_N_128,1.0000000000000002,"N=128, U0=16",1.0576048295883065,0.7835772821364736,,S1,16,128,0.0,7.0,1.2576968407847242,24.85615559124502,0.24923402910139764,0.08995214917325704,0.6220047910767612,0.40150758587153845,217.28007219557185,-0.22280860640332398,0.3383618238010227,0.3383618238010227,1.8757703805158354,0.7449836787749433,2.2084507181253947,1.0,0.21654750481275706,0.013212711349036836,0.24354755210532517,0.24354755210532517,0.9312357925895287,1.0000000000000002,9.0,d_kam,0.0,0.06368884395043098,0.005667506297229219,0.0,enterprise,5006,0.0,200.0,37496.0,12765.0,12765.0,43456.01443911437,0.0,1588.0,1369.0,4.5,45.95996411697706,128.0,
11.0,11.0,0.0,0.0,c_kam_N_128,1.0000000000000002,"N=128, U0=16",0.03745581275629239,0.04198082468287684,,S1,16,128,0.0,9.0,1.1486109348437825,1.6523914020276413,8.074349270001139e-17,0.0028720595107089293,0.7127998625878561,0.5452664490974388,520.284717019822,4.0371746350005693e-17,0.15286974621768393,0.15286974621768393,1.0083767971115927,0.5767955131364563,1.1402390934059499,0.0,0.0003860033558233625,6.055761952500853e-17,0.10068224095209079,0.10068224095209079,0.9967776647398822,1.0000000000000002,9.0,c_kam,0.0,3.3306690738754696e-16,0.12222222222222222,0.0,enterprise,5007,2.0,200.0,127389.0,18731.0,12582.0,104056.9434039644,0.0,90.0,0.0,5.5,105.55084288300714,128.0,
2.0,2.0,0.0,0.0,d_kam_N_128,0.9999679307575209,"N=128, U0=16",0.6687452977866186,0.6793245991189165,,S1,16,128,0.1749187940533768,14.0,1.1850696696328051,6.601666630886836,0.07191777712444614,0.047062323462831755,0.7312794929842198,0.5745258638916814,276.67930132884067,-0.07191777712444614,0.31610739521442816,0.31610739521442816,1.3380529100789114,0.5306385091052358,1.4056061104100974,1.0,0.038807526111753504,0.0,0.20184874033394745,0.20184874033394745,0.9521636005293592,0.9999679307575209,2.0,d_kam,0.0,0.0,0.000791765637371338,0.0,enterprise,5007,0.0,200.0,52507.0,13261.0,13261.0,55335.86026576813,0.0,2526.0,2466.0,1.0,57.189723071001936,128.0,
19.0,19.0,0.0,0.0,c_kam_N_128,1.0000000000000002,"N=128, U0=16",0.9173555812917356,0.592002042828318,,S1,16,128,0.0,6.0,1.100747462271686,29.573441250105926,1.6361181415528622e-16,0.08196213393147624,0.66629743128455,0.4716375995338709,442.8861828087247,7.011934892369409e-17,0.19592758542579883,0.19592758542579883,1.3818591831989864,0.6665885504227076,2.012179963625843,0.0,0.21484829311488052,1.1686558153949016e-16,0.17759359909589434,0.17759359909589434,0.9434774654899709,1.0000000000000002,14.0,c_kam,1.0,4.884981308350679e-16,0.2111111111111111,0.0,enterprise,5008,4.0,200.0,90713.0,13993.0,12298.0,88577.23656174494,1.0,90.0,0.0,9.761107169982406,90.50708432198735,128.0,
7.0,7.0,0.0,0.0,d_kam_N_128,0.9999917183180888,"N=128, U0=16",1.465876957865124,1.135535947420355,,S1,16,128,0.04576582978819732,10.0,1.2773932976370324,29.573441250105926,0.24619360899483683,0.12035863029161345,0.625183836923377,0.4065410751286803,211.6595880803652,-0.1863727661043753,0.4301716374900558,0.4301716374900558,2.4159758486624927,0.7106544918575547,2.431401486732195,1.0,0.26202308775885724,0.029910421445230755,0.2993460988453652,0.2993460988453652,0.9054300921685285,0.9999917183180888,6.0,d_kam,1.0,0.09713297423490021,0.004323656578134651,0.0,enterprise,5008,0.0,200.0,37412.0,13003.0,13003.0,42331.91761607304,1.0,1619.0,1460.0,3.703950075323961,44.74899152002763,128.0,
9.0,9.0,0.0,0.0,c_kam_N_128,0.9999999999999994,"N=128, U0=16",0.12732649798642362,0.13797563886157363,,S1,16,128,0.0,9.0,1.23559314934393,3.6312858464128506,7.401486830834377e-17,0.010366392172208807,0.7108030263026588,0.5421047916458762,484.26653781934874,2.4671622769447922e-17,0.21157206284809052,0.21157206284809052,1.1170513863206473,0.6242940407438593,1.2541182808203848,0.0,0.003354774734533362,4.9343245538895844e-17,0.11961787649038708,0.11961787649038708,0.9887355151953764,0.9999999999999994,8.0,c_kam,0.0,2.664535259100374e-16,0.1,0.0,enterprise,5009,1.0,200.0,117898.0,15989.0,12518.0,96853.30756386975,0.0,90.0,0.0,4.5,98.38145149301272,128.0,
5.0,5.0,0.0,0.0,d_kam_N_128,0.9999999999999994,"N=128, U0=16",0.8435641794157701,0.8302777738694378,,S1,16,128,0.0,11.0,1.3193510476851449,8.859548644813536,0.08588469483748522,0.060503029872263046,0.6897925271781234,0.5088381680320286,212.81153423013166,-0.07742435367535058,0.4000197204234928,0.4000197204234928,2.1175208682219075,0.5907867050573796,1.6223987220045664,1.0,0.06636101952675365,0.004230170581067316,0.2645118967498841,0.2645118967498841,0.9402743657448259,0.9999999999999994,5.0,d_kam,0.0,0.01692068232426926,0.0022114108801415304,0.0,enterprise,5009,0.0,200.0,48991.0,13147.0,13147.0,42562.30684602633,0.0,2261.0,2130.0,2.5,44.08271276101004,128.0,
7.0,7.0,0.0,0.0,c_kam_N_128,1.0000000000000002,"N=128, U0=16",0.12558626784855803,0.12857262364662678,,S1,16,128,0.0,11.0,1.1831719327907166,5.666045516985226,3.172065784643304e-17,0.011218249347572349,0.7281229634705987,0.5695280254951146,577.2281637956621,3.172065784643304e-17,0.2146801897863469,0.2146801897863469,1.0453260058214362,0.5980814660040916,1.2536118338337423,0.0,0.006696721880696964,3.172065784643304e-17,0.11806749982841289,0.11806749982841289,0.9883392366630613,1.0000000000000002,6.0,c_kam,0.0,1.5543122344752176e-16,0.07777777777777778,0.0,enterprise,5010,1.0,200.0,138132.0,17775.0,12649.0,115445.63275913242,0.0,90.0,0.0,3.5,116.82059578696499,128.0,
4.0,4.0,0.0,0.0,d_kam_N_128,1.0,"N=128, U0=16",0.6942884290250178,0.6739467944804474,,S1,16,128,0.0,12.0,1.27315041377293,8.656366847244975,0.08083346950119652,0.05102740062992454,0.7200441808552742,0.5567366196875174,240.7910937073757,-0.08083346950119652,0.31560892671607294,0.31560892671607294,1.25078181245989,0.6185458621450957,1.479103326884628,1.0,0.03744464778326634,0.0,0.19371300005914371,0.19371300005914371,0.9501630447046938,1.0,4.0,d_kam,0.0,0.0,0.0017145306472353193,0.0,enterprise,5010,0.0,200.0,45665.0,13104.0,13104.0,48158.21874147514,0.0,2333.0,2214.0,2.0,50.381401207007,128.0,
18.0,18.0,0.0,0.0,c_kam_N_256,0.9999938920093001,"N=256, U0=32",0.11903615954594227,0.12773161048740914,,S1,32,256,0.06349308559810335,18.0,1.1226019245769243,6.706989461521058,1.603655480014115e-16,0.010253469887818637,0.7187692018106111,0.5547179028668009,2694.4799587115995,-3.700743415417188e-17,0.19591501237982087,0.19591501237982087,1.3068219215233128,0.6184623609024277,1.2506409394510793,0.0,0.006993471722126622,6.167905692361981e-17,0.09613517315348315,0.09613517315348315,0.9889689123446734,0.9999938920093001,16.0,c_kam,0.0,2.220446049250313e-16,0.2,0.0,enterprise,5001,2.0,200.0,451424.0,42299.0,24858.0,538895.9917423199,0.0,90.0,0.0,9.0,545.8410544680082,256.0,
4.0,4.0,0.0,0.0,d_kam_N_256,0.9995294605330728,"N=256, U0=32",1.0973172825922164,1.1081487866101782,,S1,32,256,4.891297992999906,28.0,2.263342361388424,13.411459286558244,0.020385646001260305,0.07873314850105784,0.7883244475568543,0.6648470419650195,662.6657381278346,0.013803659094395349,0.5836713971084424,0.5836713971084424,3.8496343682297276,0.5064453356455207,1.9779515382917165,1.0,0.12093785295601915,0.017094652547827827,0.3708784878070782,0.3708784878070782,0.9203397100160796,0.9995294605330728,4.0,d_kam,0.0,0.04123280636167629,0.0008216926869350862,0.0,enterprise,5001,0.0,200.0,112731.0,26700.0,26700.0,132533.14762556693,0.0,4868.0,4648.0,2.0,138.97595749801258,256.0,
14.0,14.0,0.0,0.0,c_kam_N_256,0.9999939737803778,"N=256, U0=32",0.10848204473933958,0.11378544853387354,,S1,32,256,0.06292454300784442,20.0,1.1012513321772892,8.049545435474084,7.930164461608261e-17,0.009921357705113711,0.7717771203036751,0.6386471071474853,3127.682160681288,-1.586032892321652e-17,0.2104967819234635,0.2104967819234635,1.441260582775119,0.5708011605558577,1.2918213719785465,0.0,0.01862185986472913,3.172065784643304e-17,0.12579056373980385,0.12579056373980385,0.9894432809376836,0.9999939737803778,13.0,c_kam,0.0,2.220446049250313e-16,0.15555555555555556,0.0,enterprise,5002,1.0,200.0,504755.0,42811.0,25107.0,625536.4321362576,0.0,90.0,0.0,7.0,632.5164663320174,256.0,
5.0,5.0,0.0,0.0,d_kam_N_256,0.9999939737803786,"N=256, U0=32",0.2809487299648089,0.29901344423404935,,S1,32,256,0.06292454300784442,29.0,1.1665430966743116,8.049545435474084,0.11131395376830669,0.021994025670896568,0.7943421928500246,0.6743751386792056,640.0251264759572,-0.11131395376830669,0.35023685501913493,0.35023685501913493,1.9836721795008156,0.5363967357076374,1.4598442092101092,1.0,0.032315990797158696,0.0,0.18168941785918954,0.18168941785918954,0.9764773212386713,0.9999939737803786,3.0,d_kam,2.0,0.0,0.0010890873448050533,0.0,enterprise,5002,0.0,200.0,103980.0,26695.0,26695.0,128005.02529519144,2.0,4591.0,4319.0,2.978053863383685,134.01720651995856,256.0,
16.0,16.0,0.0,0.0,c_kam_N_256,0.9999999999999997,"N=256, U0=32",0.09193441198475324,0.10080185226880818,,S1,32,256,0.0,18.0,1.1928580872977022,6.0419397783517255,6.938893903907228e-17,0.00942689744207837,0.7972210048064619,0.6789332576102314,2832.513576273923,-1.3877787807814457e-17,0.19372414603405658,0.19372414603405658,1.3721651940297048,0.5956560515756977,1.2895214203906449,0.0,0.011650138913014531,2.7755575615628914e-17,0.12010249526279893,0.12010249526279893,0.9896749229037078,0.9999999999999997,15.0,c_kam,0.0,2.220446049250313e-16,0.17777777777777778,0.0,enterprise,5003,1.0,200.0,462716.0,40543.0,24951.0,566502.7152547846,0.0,90.0,0.0,8.0,573.9217444169917,256.0,
7.0,7.0,0.0,0.0,d_kam_N_256,0.9998945842703398,"N=256, U0=32",0.8630670660483144,0.8977020987257526,,S1,32,256,1.1152582812173246,25.0,1.4218028289124418,11.971132941210374,0.06675607524491532,0.06340618322652765,0.8095820976629434,0.6985049879663271,703.5970070466283,-0.06675607524491532,0.5456124440863398,0.5456124440863398,3.0481299304755622,0.5241385694536578,1.9098082934536007,1.0,0.10413565559640865,0.0,0.33968783650162904,0.33968783650162904,0.9338919056517215,0.9998945842703398,7.0,d_kam,0.0,0.0,0.00155659328441183,0.0,enterprise,5003,0.0,200.0,109398.0,26649.0,26649.0,140719.40140932566,0.0,4497.0,4146.0,3.5,146.80864683398977,256.0,
12.0,12.0,0.0,0.0,c_kam_N_256,0.9999999999999998,"N=256, U0=32",0.20852685919921696,0.2063993423627144,,S1,32,256,0.0,23.0,1.1647673558422205,14.273828099505153,9.251858538542972e-17,0.017843165269072373,0.7393913906383324,0.5873697018440263,3611.8461133158416,-1.850371707708594e-17,0.22959260713182292,0.22959260713182292,1.1999237444134376,0.5598168415679712,1.2664776833058617,0.0,0.014637544655858316,3.700743415417188e-17,0.13016912857699137,0.13016912857699137,0.9820887143576869,0.9999999999999998,10.0,c_kam,1.0,2.220446049250313e-16,0.13333333333333333,0.0,enterprise,5004,1.0,200.0,578600.0,50008.0,25397.0,722369.2226631683,1.0,90.0,0.0,6.104294203110597,728.705456893018,256.0,
4.0,4.0,0.0,0.0,d_kam_N_256,0.9997873909213144,"N=256, U0=32",0.6745564953731096,0.6975883764143969,,S1,32,256,2.2421498663247257,28.0,1.536259480370212,14.273828099505153,0.0796399689266914,0.050465239801244836,0.7474347941666383,0.600105090763844,692.0459154137643,-0.05708587700262907,0.39882809490999876,0.39882809490999876,2.0703052379563918,0.5491478494746177,1.5435150102806998,1.0,0.046505035795708576,0.011277045962031162,0.2609268310008765,0.2609268310008765,0.9477054819740691,0.9997873909213144,4.0,d_kam,0.0,0.03279163234501194,0.0008703220191470844,0.0,enterprise,5004,0.0,200.0,105487.0,26646.0,26646.0,138409.18308275286,0.0,4596.0,4380.0,2.0,148.0527012060047,256.0,
13.0,13.0,0.0,0.0,c_kam_N_256,0.9999999999999994,"N=256, U0=32",0.5098482181715673,0.4128972186726978,,S1,32,256,0.0,23.0,1.1879403925398,29.6110302310066,1.708035422500241e-16,0.0464934923183943,0.7163566642750396,0.5508980517688126,3323.741062847839,-6.832141690000964e-17,0.37026426265502704,0.37026426265502704,2.21231578905042,0.5885587781337689,1.8738431987703714,0.0,0.14095864419525836,5.124106267500723e-17,0.18968214853343418,0.18968214853343418,0.9610483120439582,0.9999999999999994,11.0,c_kam,0.0,2.220446049250313e-16,0.14444444444444443,0.0,enterprise,5005,2.0,200.0,544947.0,42497.0,25211.0,664748.2125695678,0.0,90.0,0.0,6.5,672.6827564680134,256.0,
8.0,8.0,0.0,0.0,d_kam_N_256,0.999999999999999,"N=256, U0=32",0.8154646301936214,0.7376449585395809,,S1,32,256,0.0,24.0,1.2564825343790886,29.6110302310066,0.1192661190472695,0.06788664115993806,0.7035556076570372,0.5306297121236421,530.2033456004574,-0.09243791174597374,0.4952237688285636,0.4952237688285636,3.1686021842550396,0.6043009310501454,2.0865370187292034,1.0,0.16344931697041354,0.01341410365064788,0.2681918907031116,0.2681918907031116,0.9383159702532765,0.999999999999999,8.0,d_kam,0.0,0.05575493176738612,0.0018626309662398137,0.0,enterprise,5005,0.0,200.0,92150.0,26454.0,26454.0,106040.66912009148,0.0,4295.0,3882.0,4.0,114.94557812996209,256.0,
19.0,19.0,0.0,0.0,c_kam_N_256,0.9999999999999997,"N=256, U0=32",0.11120939279851202,0.1216742443808794,,S1,32,256,0.0,16.0,1.1486345825807556,4.70787833816717,1.4023869784738819e-16,0.009381246184048075,0.7476773385598285,0.600489119386395,2787.392087095359,0.0,0.1894763429977258,0.1894763429977258,1.4366235592897698,0.5912706876668687,1.2393220650007075,0.0,0.008156918162876637,7.011934892369409e-17,0.12992475551044128,0.12992475551044128,0.9896855773275752,0.9999999999999997,17.0,c_kam,1.0,4.440892098500626e-16,0.2111111111111111,0.0,enterprise,5006,1.0,200.0,459426.0,44073.0,24914.0,557478.4174190718,1.0,90.0,0.0,9.78586128034118,563.432930423005,256.0,
7.0,7.0,0.0,0.0,d_kam_N_256,0.9998534932232217,"N=256, U0=32",0.9441449778566016,0.9564597871810138,,S1,32,256,1.574162042702294,25.0,1.4971184048570843,16.520857159792147,0.0825473770707043,0.06768673713811435,0.7431091853368677,0.5932562101167071,643.2084600595408,-0.05815384310788899,0.4557659941336483,0.4557659941336483,2.6887210785262368,0.5618028004729159,1.712065679130499,1.0,0.07488820635083193,0.012196766981407656,0.29044075456305285,0.29044075456305285,0.9312505893315657,0.9998534932232217,7.0,d_kam,0.0,0.05976415820889745,0.0016766467065868263,0.0,enterprise,5006,0.0,200.0,99862.0,26487.0,26487.0,128641.69201190816,0.0,4175.0,3824.0,3.5,136.97062906203791,256.0,
13.0,13.0,0.0,0.0,c_kam_N_256,0.9999983095396353,"N=256, U0=32",0.05783561390751303,0.06545361983350391,,S1,32,256,0.0181122182708241,22.0,1.1076752150054348,2.5724735267140124,1.5372318802502167e-16,0.0044548914912999164,0.7439366562230724,0.594566372353198,3993.620825588878,8.540177112501205e-17,0.16845338860257475,0.16845338860257475,1.257318450938582,0.5795989945834951,1.178255660851425,0.0,0.0009311104549791899,1.1956247957501685e-16,0.09505307285318093,0.09505307285318093,0.9949556575221808,0.9999983095396353,11.0,c_kam,1.0,4.440892098500626e-16,0.14444444444444443,0.0,enterprise,5007,1.0,200.0,574110.0,47396.0,25350.0,798724.1651177756,1.0,90.0,0.0,6.53599168762668,806.6752038370469,256.0,
3.0,3.0,0.0,0.0,d_kam_N_256,0.9997675109492921,"N=256, U0=32",0.9073795304862584,0.9311027450384136,,S1,32,256,2.4909737733255843,29.0,1.441637971283952,13.555109607878217,0.033695862413625065,0.06392296565181212,0.7927553409738474,0.6718626232085916,727.491400942672,-0.01000356318607043,0.4758878688059827,0.4758878688059827,1.874128277314411,0.487462242484321,1.6508236416635271,1.0,0.06414539029312812,0.011846149613777316,0.2587101646371269,0.2587101646371269,0.934360218757837,0.9997675109492921,3.0,d_kam,0.0,0.03198460395719875,0.0005634861006761833,0.0,enterprise,5007,0.0,200.0,127128.0,26852.0,26852.0,145498.2801885344,0.0,5324.0,5152.0,1.5,152.86683903000085,256.0,
17.0,17.0,0.0,0.0,c_kam_N_256,0.9999918942344003,"N=256, U0=32",0.13737085150129505,0.14238564215044,,S1,32,256,0.08510765796214492,19.0,1.1207590575758002,10.052963760734151,1.0449157878825003e-16,0.01313404336927408,0.7093355657848442,0.5397813124926703,2787.249982744397,-2.6122894697062506e-17,0.1695983172454989,0.1695983172454989,1.1985068528211134,0.6176034362002941,1.2181257730142239,0.0,0.007093244669384788,3.918434204559376e-17,0.10480416736879399,0.10480416736879399,0.9862021444519639,0.9999918942344003,15.0,c_kam,0.0,2.220446049250313e-16,0.18888888888888888,0.0,enterprise,5008,2.0,200.0,470800.0,38087.0,24944.0,557449.9965488794,0.0,90.0,0.0,8.5,563.5242185750394,256.0,
7.0,7.0,0.0,0.0,d_kam_N_256,0.9999837911995206,"N=256, U0=32",0.8054607313729116,0.8319687091710087,,S1,32,256,0.17018664432970754,25.0,1.1639417651128154,10.756257913532554,0.08078854365832841,0.05990033496028723,0.7521111206789405,0.6075092744083225,579.6402325830422,-0.048613238668416346,0.42820615165889053,0.42820615165889053,2.389405043731178,0.5591841779525006,1.6552547039759247,1.0,0.06591944557447187,0.01608765249495603,0.27269340453175267,0.27269340453175267,0.937931329760524,0.9999837911995206,7.0,d_kam,0.0,0.06090195593912811,0.001568451714093659,0.0,enterprise,5008,0.0,200.0,95464.0,26564.0,26564.0,115928.04651660845,0.0,4463.0,4103.0,3.5,124.8343523729709,256.0,
22.0,22.0,0.0,0.0,c_kam_N_256,0.9999999999999988,"N=256, U0=32",0.5368908881437009,0.4577729857915797,,S1,32,256,0.0,16.0,1.154684118815855,30.80818062250628,7.065055611250996e-17,0.045472024142095925,0.701861715138898,0.5279477156365884,4227.966853313264,-3.027880976250427e-17,0.27291597856028277,0.27291597856028277,1.598975211408675,0.5999047265182206,1.4839245695934629,0.0,0.05839763098072512,2.0185873175002847e-17,0.1595350530769094,0.1595350530769094,0.9600652919832763,0.9999999999999988,19.0,c_kam,0.0,2.1094237467877958e-16,0.24444444444444444,0.0,enterprise,5009,3.0,200.0,480522.0,34969.0,25005.0,845593.3706626529,0.0,90.0,0.0,11.0,851.4503105960321,256.0,
6.0,6.0,0.0,0.0,d_kam_N_256,0.9999229204510941,"N=256, U0=32",0.810453686091483,0.693854836804662,,S1,32,256,0.8288066035631314,26.0,1.3057224911460694,35.394248984691124,0.12035899680255839,0.06462141999844068,0.663941806933434,0.4679078609779371,592.9941202205373,-0.09196523876551395,0.41500002660678204,0.41500002660678204,2.2481764445714303,0.6483172375275629,1.7560121067995513,1.0,0.08832630214974799,0.014196879018522216,0.22551976104357693,0.22551976104357693,0.9435395624123605,0.9999229204510941,6.0,d_kam,0.0,0.056695348637877396,0.0016277807921866521,0.0,enterprise,5009,0.0,200.0,85626.0,26402.0,26402.0,118598.82404410746,0.0,3686.0,3402.0,3.0,126.53695933998097,256.0,
22.0,22.0,0.0,0.0,c_kam_N_256,0.9999863141302348,"N=256, U0=32",0.2269078391723868,0.22624511584079984,,S1,32,256,0.14149937931756476,16.0,1.1207665714806794,12.282705179102319,1.1102230246251565e-16,0.019337364890889393,0.7160533119620487,0.5504177439399105,4021.7312985876924,-3.027880976250427e-17,0.1927571339549518,0.1927571339549518,1.4918572847792422,0.6082276304025361,1.2738136904453712,0.0,0.017458737854755574,4.0371746350005693e-17,0.11403318461192402,0.11403318461192402,0.9804685096555034,0.9999863141302348,19.0,c_kam,0.0,2.220446049250313e-16,0.24444444444444444,0.0,enterprise,5010,3.0,200.0,458815.0,36225.0,24883.0,804346.2597175385,0.0,90.0,0.0,11.0,811.0512565089739,256.0,
3.0,3.0,0.0,0.0,d_kam_N_256,0.9994580417016505,"N=256, U0=32",0.6699258304162269,0.688933622097231,,S1,32,256,5.603353250370848,29.0,2.074022562533765,14.861012484304558,0.029107735290256603,0.05034862427795821,0.7941846647402667,0.6741257191720891,742.4291913997149,-0.010534224339277939,0.4252405780740224,0.4252405780740224,2.417254811629636,0.5109621868668601,1.600748398982006,1.0,0.057703361603863836,0.009286755475489331,0.24542948258210692,0.24542948258210692,0.9480803142175531,0.9994580417016505,3.0,d_kam,0.0,0.01429633822264682,0.0005895067793279622,0.0,enterprise,5010,0.0,200.0,112868.0,26699.0,26699.0,148485.83827994298,0.0,5089.0,4912.0,1.5,157.210961603967,256.0,
23.0,23.0,0.0,0.0,c_kam_N_512,0.9999966246223877,"N=512, U0=64",0.3766728766517624,0.3589274225176653,,S1,64,512,0.07171976691008602,41.0,1.181867308922582,41.94040497662824,1.2550347234893073e-16,0.03221746601502467,0.7509112243909871,0.6056094386190628,24335.07363428507,-2.896233977283017e-17,0.31479331304936076,0.31479331304936076,2.0636212274732944,0.5615008617669629,1.4961461834551988,0.0,0.052616644087323,4.827056628805028e-17,0.1696595152147456,0.1696595152147456,0.9688514298661463,0.9999966246223877,23.0,c_kam,0.0,2.220446049250313e-16,0.25555555555555554,0.0,enterprise,5001,0.0,200.0,2100153.0,86011.0,50209.0,4867014.726857014,0.0,90.0,0.0,11.5,4882.151830711984,512.0,
16.0,16.0,0.0,0.0,d_kam_N_512,0.9997676153594489,"N=512, U0=64",1.6807021698014377,1.537713060679897,,S1,64,512,4.937691176813379,48.0,1.9960249956852563,65.45967653143242,0.05296377435872687,0.12349951653550197,0.7007166481554539,0.5261346929128019,2305.6413574668113,-0.04630708566062555,0.6927664540939308,0.6927664540939308,6.819758953549965,0.5787792462844138,2.984935699604157,1.0,0.3664487332472342,0.0033283443490506603,0.5568188454432267,0.5568188454432267,0.88633643519479,0.9997676153594489,16.0,d_kam,0.0,0.01858651215680529,0.001955512099731117,0.0,enterprise,5001,0.0,200.0,204513.0,52877.0,52877.0,461128.27149336226,0.0,8182.0,6638.0,8.0,479.47546313900966,512.0,
19.0,19.0,0.0,0.0,c_kam_N_512,0.999995435763007,"N=512, U0=64",0.06724733667051466,0.07633047623366493,,S1,64,512,0.09463200464028476,46.0,1.1761151099848572,3.153762974822052,9.349246523159212e-17,0.005479348225398133,0.7778602423549832,0.6482787170620569,30432.195450729047,4.674623261579606e-17,0.2655262041689864,0.2655262041689864,1.4531597091385848,0.528720146660628,1.252532468067783,0.0,0.0027924831251417465,7.011934892369409e-17,0.10864484671441982,0.10864484671441982,0.9937817457271977,0.999995435763007,18.0,c_kam,1.0,2.4424906541753397e-16,0.2111111111111111,0.0,enterprise,5002,0.0,200.0,2402822.0,95749.0,50804.0,6086439.0901458105,1.0,90.0,0.0,9.635912950659224,6107.738014117,512.0,
4.0,4.0,0.0,0.0,d_kam_N_512,0.9994393837765546,"N=512, U0=64",0.40768289379055894,0.44881337108676206,,S1,64,512,11.62346239755766,60.0,2.4100039277529253,12.784750576997642,0.08533425247291898,0.029309837223801233,0.7689856527192405,0.6342272834721305,2565.4409132825094,-0.08533425247291898,0.5557831276643286,0.5557831276643286,3.181010027024505,0.5004673667059538,1.6688396918153847,1.0,0.04731817292575607,0.0,0.25255092917652855,0.25255092917652855,0.9677079430874808,0.9994393837765546,4.0,d_kam,0.0,0.0,0.00041485169052063887,0.0,enterprise,5002,0.0,200.0,228790.0,53474.0,53474.0,513088.1826565019,0.0,9642.0,9207.0,2.0,535.1162923620432,512.0,
16.0,16.0,0.0,0.0,c_kam_N_512,1.0000000000000004,"N=512, U0=64",0.04291728227144331,0.04896019894178848,,S1,64,512,0.0,50.0,1.1816673855811572,2.86928612319359,2.7755575615628914e-17,0.003651850421310496,0.743500228052575,0.5938753610832438,31362.617853780688,0.0,0.2642675489550628,0.2642675489550628,1.2454384815019912,0.5363826694405465,1.2325575009976153,0.0,0.0012478425840848479,1.3877787807814457e-17,0.10741757945082142,0.10741757945082142,0.9958401962702658,1.0000000000000004,14.0,c_kam,2.0,5.551115123125783e-17,0.17777777777777778,0.0,enterprise,5003,0.0,200.0,2343062.0,91371.0,50799.0,6272523.5707561355,2.0,90.0,0.0,8.198077883516177,6293.612154691014,512.0,
6.0,6.0,0.0,0.0,d_kam_N_512,0.9996774483044422,"N=512, U0=64",1.085810940011069,1.1188273201063283,,S1,64,512,6.745789381547129,58.0,1.6805077360035847,25.584676277912607,0.04509452090939144,0.07665440646308429,0.7411732897256613,0.5901910420656304,3277.710162845324,-0.035196229496233945,0.6710784490808777,0.6710784490808777,3.8517686340244928,0.5121462236212659,2.0385813603224916,1.0,0.11978008616703456,0.004949145706578746,0.37343194100821847,0.37343194100821847,0.920949497788748,0.9996774483044422,6.0,d_kam,0.0,0.018221518140311144,0.0006433626420759168,0.0,enterprise,5003,0.0,200.0,227757.0,53507.0,53507.0,655542.0325690648,0.0,9326.0,8699.0,3.0,676.3702493250021,512.0,
16.0,16.0,0.0,0.0,c_kam_N_512,0.9999867436281064,"N=512, U0=64",0.08819774479025953,0.09691912183979128,,S1,64,512,0.2753467070855926,53.0,1.2387545179498016,10.167579418165898,6.938893903907228e-17,0.007345659265333883,0.7676428632572572,0.6321012001573237,26757.914998876808,-6.938893903907228e-17,0.2741319116062148,0.2741319116062148,1.651118351304117,0.5620134953583115,1.30341217694057,0.0,0.00732115068386526,0.0,0.11458495336251526,0.11458495336251526,0.9918742192553135,0.9999867436281064,13.0,c_kam,1.0,0.0,0.17777777777777778,0.0,enterprise,5004,2.0,200.0,2403790.0,82723.0,50930.0,5351582.999775362,1.0,90.0,0.0,8.16507697907726,5375.478746537992,512.0,
4.0,4.0,0.0,0.0,d_kam_N_512,0.9992805031336639,"N=512, U0=64",0.7163231144988458,0.7599184683103987,,S1,64,512,14.944593776894905,60.0,2.0717811295921402,19.789317090296066,0.03946440824049863,0.05131443514493492,0.7844139715866659,0.658655455012221,3375.075427762931,0.007300073882538116,0.5249583007232226,0.5249583007232226,3.1301356904043085,0.5169149317230449,1.7104980174427937,1.0,0.06053607268261997,0.023382241061518372,0.2918268525148456,0.2918268525148456,0.945464265002371,0.9992805031336639,4.0,d_kam,0.0,0.051851528864835225,0.0004437049362174154,0.0,enterprise,5004,0.0,200.0,233586.0,53466.0,53466.0,675015.0855525862,0.0,9015.0,8604.0,2.0,699.1360559089808,512.0,
21.0,21.0,0.0,0.0,c_kam_N_512,0.9999972037438546,"N=512, U0=64",0.15274063952976227,0.16358822316426655,,S1,64,512,0.05844252885560133,45.0,1.187631072312048,12.580806811663496,8.458842092382145e-17,0.013496316145161377,0.7922748704322368,0.6711018781843751,20329.524685298966,0.0,0.2817114200485399,0.2817114200485399,1.7302193604401441,0.55862242221725,1.3511334706611149,0.0,0.015291278578249174,4.229421046191072e-17,0.12924650139069896,0.12924650139069896,0.9854982629281669,0.9999972037438546,20.0,c_kam,0.0,2.220446049250313e-16,0.23333333333333334,0.0,enterprise,5005,1.0,200.0,2173475.0,82331.0,50415.0,4065904.937059793,0.0,90.0,0.0,10.5,4088.1792865179596,512.0,
10.0,10.0,0.0,0.0,d_kam_N_512,0.9999380920104096,"N=512, U0=64",2.2093868343172764,1.886378650149728,,S1,64,512,1.2938941500705894,54.0,1.4436285082290867,59.63992146038265,0.09441166861000316,0.15746154978028742,0.7768516947242822,0.6466818499801136,2655.5389092859696,0.037420553815562974,0.7585522595051968,0.7585522595051968,4.414900820437033,0.5251973093902335,3.2280476377754415,1.0,0.41786136375012545,0.06591611121278307,0.4844121185064833,0.4844121185064833,0.8649029330391846,0.9999380920104096,10.0,d_kam,0.0,0.3244566704963978,0.0011159468809284678,0.0,enterprise,5005,0.0,200.0,199322.0,53214.0,53214.0,531107.7818571939,0.0,8961.0,7930.0,5.0,555.7429999150336,512.0,
18.0,18.0,0.0,0.0,c_kam_N_512,0.9999975529645624,"N=512, U0=64",0.22014724848757328,0.2173685722813528,,S1,64,512,0.05108376698324579,46.0,1.2526258321926678,28.2159266551651,2.4671622769447922e-17,0.020485525655651232,0.7506183833841382,0.6051457736915521,18169.758465154737,2.4671622769447922e-17,0.2901433594891015,0.2901433594891015,1.7378690981230718,0.5638884740558694,1.3777081300932565,0.0,0.025895750330222414,2.4671622769447922e-17,0.13933717524983485,0.13933717524983485,0.9794375957074871,0.9999975529645624,18.0,c_kam,0.0,2.220446049250313e-16,0.2,0.0,enterprise,5006,0.0,200.0,2176687.0,85402.0,50478.0,3633951.6930309474,0.0,90.0,0.0,9.0,3646.3919834949775,512.0,
7.0,7.0,0.0,0.0,d_kam_N_512,0.9995924483877853,"N=512, U0=64",1.082873983795593,1.1068192074861511,,S1,64,512,8.507956721896093,58.0,2.0483927554428663,28.2159266551651,0.02732640193635714,0.0808763971272126,0.7346157527930101,0.5798082752555993,1544.6527704337495,-0.022298297513964886,0.6639280058308654,0.6639280058308654,5.460260322403343,0.5314146189284608,2.151306224378753,1.0,0.1490961930792728,0.002514052211196129,0.42478685059342497,0.42478685059342497,0.9171760512431513,0.9995924483877853,6.0,d_kam,1.0,0.01208657780017267,0.0008081274532440544,0.0,enterprise,5006,0.0,200.0,198499.0,53346.0,53346.0,308930.5540867499,1.0,8662.0,7964.0,3.7134585247405556,323.9189808139927,512.0,
15.0,15.0,0.0,0.0,c_kam_N_512,1.0000000000000004,"N=512, U0=64",0.08048398929549538,0.08929786459800391,,S1,64,512,0.0,51.0,1.2462569087641833,10.310328767505183,8.881784197001253e-17,0.007036387523838883,0.7656303123851923,0.6289146612765545,17027.393438236904,-5.921189464667501e-17,0.2827358177154568,0.2827358177154568,1.5221075724630193,0.525090307273432,1.2794570083915775,0.0,0.008586461073099018,1.4802973661668754e-17,0.11552546689830347,0.11552546689830347,0.9921778254090586,1.0000000000000004,14.0,c_kam,0.0,6.661338147750916e-17,0.16666666666666666,0.0,enterprise,5007,1.0,200.0,2408858.0,97870.0,50908.0,3405478.687647381,0.0,90.0,0.0,7.5,3416.4201987390406,512.0,
4.0,4.0,0.0,0.0,d_kam_N_512,0.999848936690752,"N=512, U0=64",0.6264897053244407,0.6742928276143109,,S1,64,512,3.189695396174999,60.0,1.7451501019993507,21.12290284445521,0.04035656325278425,0.04525678764586506,0.7612460511048355,0.6219729142493229,1682.3737581801834,-0.008697794290257299,0.4935741648845843,0.4935741648845843,4.560343823058559,0.5291950725926501,1.7220023680833392,1.0,0.07303503199403304,0.015829384481263475,0.3141345915443042,0.3141345915443042,0.951228177997917,0.999848936690752,4.0,d_kam,0.0,0.053819907236295796,0.0004385003288752467,0.0,enterprise,5007,0.0,200.0,215302.0,53394.0,53394.0,336474.7516360367,0.0,9122.0,8703.0,2.0,350.38047419302166,512.0,
25.0,25.0,0.0,0.0,c_kam_N_512,0.9999901047816403,"N=512, U0=64",0.14915782869218805,0.15890131155054815,,S1,64,512,0.2069945513137455,44.0,1.1509423338407299,17.330158664208476,8.881784197001253e-17,0.01309798270565274,0.7582275991346313,0.6171936986298329,15658.623465094424,-3.552713678800501e-17,0.25082889536307973,0.25082889536307973,1.525836872646287,0.5710386487093018,1.2910732361097774,0.0,0.00937798713978646,2.6645352591003756e-17,0.11914642619833472,0.11914642619833472,0.9859497337364388,0.9999901047816403,22.0,c_kam,1.0,2.220446049250313e-16,0.2777777777777778,0.0,enterprise,5008,2.0,200.0,2151034.0,75737.0,50414.0,3131724.693018885,1.0,90.0,0.0,12.708444171349662,3143.859407888027,512.0,
7.0,7.0,0.0,0.0,d_kam_N_512,0.9998162362851252,"N=512, U0=64",1.0913653976111075,1.1420016972771894,,S1,64,512,3.8440877532551916,57.0,1.4614704137087289,21.079400528965653,0.05449502490915987,0.07905251252997711,0.7569310366742081,0.6151408080674962,1818.376085460768,-0.05449502490915987,0.7869615274821951,0.7869615274821951,4.194124888666618,0.5279610560849207,2.3031894271834763,1.0,0.1543754390543498,0.0,0.42993730051566503,0.42993730051566503,0.9171327067355739,0.9998162362851252,7.0,d_kam,0.0,0.0,0.0007984487281852401,0.0,enterprise,5008,0.0,200.0,228932.0,53416.0,53416.0,363675.2170921536,0.0,8767.0,8072.0,3.5,377.3522805919638,512.0,
26.0,26.0,0.0,0.0,c_kam_N_512,0.999986366639818,"N=512, U0=64",0.20380481761809516,0.21581454536665415,,S1,64,512,0.284839139198967,42.0,1.1926143423366848,16.27317911311196,1.0248212535001446e-16,0.017163154209964438,0.7879356964047339,0.6642315193074956,14671.991041949368,-3.416070845000482e-17,0.40606564886048957,0.40606564886048957,2.139077989714362,0.5441356338613268,1.5581524261180828,0.0,0.04293919191615109,3.416070845000482e-17,0.16372393924466255,0.16372393924466255,0.9817051622248328,0.999986366639818,24.0,c_kam,0.0,2.220446049250313e-16,0.28888888888888886,0.0,enterprise,5009,2.0,200.0,2086042.0,91204.0,50198.0,2934398.2083898736,0.0,90.0,0.0,13.0,2946.1106078629964,512.0,
12.0,12.0,0.0,0.0,d_kam_N_512,0.9998859548260102,"N=512, U0=64",1.1783748829045408,1.204751038760768,,S1,64,512,2.382723609970231,53.0,1.4083920392436626,23.07167011457819,0.038238004629186584,0.08538305878001565,0.7700816414481202,0.6359625989595237,1629.7044475426082,-0.01641833717868546,0.8665141334842539,0.8665141334842539,6.434212404630164,0.5182929430980368,2.595660323062902,1.0,0.21417425892792535,0.010909833725250562,0.47952175614792547,0.47952175614792547,0.912479607687245,0.9998859548260102,11.0,d_kam,1.0,0.0397045941823396,0.0013708019191226869,0.0,enterprise,5009,0.0,200.0,219297.0,53178.0,53178.0,325940.88950852165,1.0,8754.0,7548.0,6.136554082430484,339.03814000904094,512.0,
24.0,24.0,0.0,0.0,c_kam_N_512,0.9999923129073781,"N=512, U0=64",0.14439285531491325,0.15536629141961675,,S1,64,512,0.16324079831231464,42.0,1.1610940957670033,13.77865512823739,1.1102230246251565e-16,0.012820318906060134,0.7507707583639049,0.6053870340761827,15214.875518574845,1.850371707708594e-17,0.27169325875986944,0.27169325875986944,1.6871274166540533,0.5587118344649874,1.309793616313196,0.0,0.013383317537417389,6.47630097698008e-17,0.1268773762837404,0.1268773762837404,0.9861508250367157,0.9999923129073781,23.0,c_kam,0.0,2.220446049250313e-16,0.26666666666666666,0.0,enterprise,5010,1.0,200.0,2135397.0,95178.0,50321.0,3042975.103714969,0.0,90.0,0.0,12.0,3055.4727150940453,512.0,
12.0,12.0,0.0,0.0,d_kam_N_512,0.9997419814402875,"N=512, U0=64",1.004863793985546,1.0418951069049844,,S1,64,512,5.479204914430747,54.0,1.9201774277327779,28.020598183588508,0.05094135231307887,0.07305328461300442,0.7468401166043936,0.5991635179569567,1652.9209942938178,-0.023008744221939104,0.7167235333022041,0.7167235333022041,4.442438864600278,0.5324911776604702,2.148346436333243,1.0,0.13114314556666387,0.013966304045569885,0.38937786238868743,0.38937786238868743,0.9240938079527399,0.9997419814402875,10.0,d_kam,2.0,0.06516443600279906,0.001322022694722926,0.0,enterprise,5010,0.0,200.0,217141.0,53313.0,53313.0,330584.19885876356,2.0,9077.0,7845.0,6.292519270372066,343.92156340001384,512.0,
18.0,18.0,0.0,0.0,c_kam_N_1024,0.9999946417370802,"N=1024, U0=128",0.06570882332107131,0.07525425268593798,,S1,128,1024,0.21983970403611283,112.0,1.2998858380457432,4.8909141751790965,1.2335811384723961e-17,0.005121139026155301,0.7506313829392454,0.6051663563204719,721403.2572490138,-1.2335811384723961e-17,0.36892123428329837,0.36892123428329837,2.0997347750303987,0.5126575302181428,1.3305991914507211,0.0,0.004738334389702734,0.0,0.11827960656547697,0.11827960656547697,0.9941375604385414,0.9999946417370802,16.0,c_kam,2.0,0.0,0.2,0.0,enterprise,5001,0.0,200.0,10515533.0,274678.0,102603.0,144280651.4498028,2.0,90.0,0.0,9.279748720330316,144338.32887802,1024.0,
5.0,5.0,0.0,0.0,d_kam_N_1024,0.9998848623517059,"N=1024, U0=128",0.4495281455545056,0.49954438017979846,,S1,128,1024,4.7238866225019125,123.0,1.7643421031494295,14.069675915421989,0.03761043197212954,0.0319884915824957,0.742869801818579,0.5928771862127502,38479.794077148545,-0.022639055399963137,0.6311316507773266,0.6311316507773266,5.822339958899743,0.5007904634112716,1.9517627593660405,1.0,0.10952929204432531,0.007485688286083203,0.37322043447322356,0.37322043447322356,0.9644372515139711,0.9998848623517059,5.0,d_kam,0.0,0.025131146685355696,0.00026520978093672097,0.0,enterprise,5001,0.0,200.0,470791.0,107346.0,107346.0,7695958.81542971,0.0,18853.0,17801.0,2.5,7755.256053948018,1024.0,
19.0,19.0,0.0,0.0,c_kam_N_1024,0.9999717562427533,"N=1024, U0=128",0.08995685846738713,0.1014753148366921,,S1,128,1024,1.1629057160665095,109.0,1.273102175520374,8.625280057841918,4.674623261579606e-17,0.007280422661357331,0.7335101811308559,0.5780577867905218,734898.9152233157,-2.337311630789803e-17,0.37114313183322895,0.37114313183322895,2.2655166156581377,0.5395800755338933,1.3607445387459742,0.0,0.00808787945629314,1.1686558153949016e-17,0.1305506094712376,0.1305506094712376,0.991788741971369,0.9999717562427533,19.0,c_kam,0.0,2.2204460492502657e-17,0.2111111111111111,0.0,enterprise,5002,0.0,200.0,10174519.0,233211.0,102282.0,146979783.04466313,0.0,90.0,0.0,9.5,147036.166813765,1024.0,
5.0,5.0,0.0,0.0,d_kam_N_1024,0.9998117253649854,"N=1024, U0=128",0.6858424672910362,0.7423990053978363,,S1,128,1024,7.752001524962111,123.0,2.238583545064422,27.82345422194953,0.0925053029316695,0.04899241527901276,0.7395550282677865,0.5876287947573288,40638.67842571926,-0.021867449846199795,0.7409572218704434,0.7409572218704434,6.492236532639493,0.5066195598873812,2.1916925330848533,1.0,0.14481697288388695,0.03531892654273485,0.4293849332578826,0.4293849332578826,0.946924083632089,0.9998117253649854,5.0,d_kam,0.0,0.0678763186681004,0.00027676298018377063,0.0,enterprise,5002,0.0,200.0,462216.0,107294.0,107294.0,8127735.685143857,0.0,18066.0,17052.0,2.5,8187.306632586988,1024.0,
33.0,33.0,0.0,0.0,c_kam_N_1024,0.9998652344280105,"N=1024, U0=128",0.14340073260990005,0.16203279110612875,,S1,128,1024,5.580556159961841,95.0,1.2375121402700133,11.73318589866714,4.710037074167331e-17,0.010982111200633454,0.7553805743708366,0.6126859094204913,733656.4366347608,6.7286243916676156e-18,0.40603284898523584,0.40603284898523584,2.5174814876235168,0.5233157819082751,1.409732917978843,0.0,0.012692456166516177,2.6914497566670462e-17,0.14663415794928647,0.14663415794928647,0.9875780707792284,0.9998652344280105,33.0,c_kam,0.0,2.220446049250313e-16,0.36666666666666664,0.0,enterprise,5003,0.0,200.0,9621623.0,267053.0,101672.0,146731287.32695213,0.0,90.0,0.0,16.5,146788.08605008898,1024.0,
6.0,6.0,0.0,0.0,d_kam_N_1024,0.9994864393579875,"N=1024, U0=128",0.6854820095676989,0.745338875700809,,S1,128,1024,21.266217788322827,122.0,2.9761701292232248,21.266217788322827,0.027530804017892502,0.048927800587679364,0.7394147151780155,0.5874066323651911,37493.76678009896,0.027530804017892502,0.9297864893648322,0.9297864893648322,6.876792929864792,0.5044057867655153,2.392108353870479,1.0,0.14866730159796449,0.027530804017892502,0.43158967050602115,0.43158967050602115,0.9467466448576007,0.9994864393579875,6.0,d_kam,0.0,0.06341094265468572,0.0003278688524590164,0.0,enterprise,5003,0.0,200.0,415734.0,107165.0,107165.0,7498753.356019791,0.0,18300.0,17070.0,3.0,7558.534847848001,1024.0,
51.0,51.0,0.0,0.0,c_kam_N_32,1.0,"N=32, U0=4",6.727111182031883,2.5888778390530813,,S1,4,32,0.0,3.0,0.854211660860911,87.71102136510872,1.1319921035393752e-16,0.5936605598183555,0.40963174828889676,0.3424116008168404,7.808617720438633,-7.836868409118753e-17,0.15844483647736143,0.15844483647736143,2.0895633648414162,0.6588435553490959,7.35123683413281,0.0,1.758833326737718,1.7415263131375004e-17,0.15411053979102274,0.15411053979102274,0.7652190105693838,1.0,11.0,c_kam,30.0,1.1102230246251565e-16,0.5666666666666667,0.0,hpc,5001,10.0,200.0,7610.0,3189.0,3189.0,1561.7235440877266,30.0,90.0,0.0,37.17438487992298,1.8038472449989058,32.0,
11.0,11.0,0.0,0.0,d_kam_N_32,0.9999999999999991,"N=32, U0=4",6.275384439089268,2.3842948208236985,,S1,4,32,0.0,2.0,1.0627170978126883,88.08690131805403,1.0902715247822206,0.5552637866682335,0.39200916653757195,0.32278248747996874,3.705154220224358,0.29143563562438274,0.18733626669064754,0.18733626669064754,2.1442431076477946,0.7851735251640687,7.633058571749382,1.0,1.8001167702784493,0.6908535802033016,0.16417006312952742,0.16417006312952742,0.7826085671188813,0.9999999999999991,2.0,d_kam,9.0,3.733079873533036,0.02576112412177986,0.0,hpc,5001,0.0,200.0,3716.0,3167.0,3167.0,741.0308440448716,9.0,427.0,348.0,10.055415653331128,0.9601030920166522,32.0,
34.0,34.0,0.0,0.0,c_kam_N_32,0.9997867019328268,"N=32, U0=4",9.532661656602968,3.1742370686251054,,S1,4,32,1.1914808362106748,4.0,0.8911552814320689,96.9327771218976,4.604160190357267e-16,0.8384020183455339,0.4560048550031082,0.39406481374108593,11.221738470194396,-4.147009533158673e-16,0.1978917165237386,0.1978917165237386,2.5151102288141804,0.6498475930170704,12.906397624467957,0.0,3.2939893078858917,2.2857532859929692e-17,0.17625095203982036,0.17625095203982036,0.7127346919401686,0.9997867019328268,7.0,c_kam,20.0,1.498801083243959e-16,0.37777777777777777,0.0,hpc,5002,7.0,200.0,7839.0,3196.0,3196.0,2244.347694038879,20.0,90.0,0.0,25.28576389123943,2.611353048996534,32.0,
11.0,11.0,0.0,0.0,d_kam_N_32,0.999476904882776,"N=32, U0=4",9.592576023151414,3.548332620421805,,S1,4,32,2.922004010391334,2.0,1.0745338898390917,97.11179008993639,1.5344109769602867,0.8434947395021517,0.36588206099283854,0.2936805134821221,3.6830093257594854,-1.5131411248542834,0.24384446580091257,0.24384446580091257,2.6152365743211536,0.7991460750594812,12.77944813693275,1.0,3.2212589833840286,0.010634926053001627,0.24601190189677427,0.24601190189677427,0.6809365700374491,0.999476904882776,2.0,d_kam,9.0,0.05849209329150895,0.029891304347826088,0.0,hpc,5002,0.0,200.0,3161.0,3151.0,3151.0,736.6018651518971,9.0,368.0,316.0,10.01399776914467,1.0376547069754452,32.0,
40.0,40.0,0.0,0.0,c_kam_N_32,0.9999920221678552,"N=32, U0=4",3.133066463440085,1.7155131996566935,,S1,4,32,0.050800712393386904,3.0,0.8705378666635111,56.84874613095302,2.4980018054066023e-17,0.28147612446957265,0.3665006685578125,0.2943695565619198,7.934340575593524,8.326672684688674e-18,0.16267282949103934,0.16267282949103934,1.6551838105983978,0.666210331222645,3.306158110102407,0.0,0.634307856437863,1.6653345369377347e-17,0.16170361999054308,0.16170361999054308,0.8425402644385457,0.9999920221678552,9.0,c_kam,23.0,1.1102230246251565e-16,0.4444444444444444,0.0,hpc,5003,8.0,200.0,7345.0,3181.0,3181.0,1586.8681151187047,23.0,90.0,0.0,25.61630471778241,1.8903330859611742,32.0,
13.0,13.0,0.0,0.0,d_kam_N_32,0.9996638786179931,"N=32, U0=4",4.351231735676151,2.6086704653241584,,S1,4,32,2.1403315267488883,2.0,1.0989386753337618,56.84874613095302,0.4477375398176729,0.3850201726096384,0.38899510305524637,0.31942523855163585,3.1957637215964496,-0.27439034320214717,0.2156840992160991,0.2156840992160991,1.7860594995708288,0.8249236090766635,3.7436534552373213,1.0,0.6961531821130567,0.08667359830776288,0.2193077980276353,0.2193077980276353,0.7666218968568111,0.9996638786179931,2.0,d_kam,11.0,0.4523155075421275,0.04498269896193772,0.0,hpc,5003,0.0,200.0,3082.0,3167.0,3167.0,639.1527443192899,11.0,289.0,239.0,10.063854002873635,0.8975410219863988,32.0,
40.0,40.0,0.0,0.0,c_kam_N_32,0.9998453443585184,"N=32, U0=4",5.310812233390784,2.3970165763326006,,S1,4,32,0.8811671913103609,4.0,1.0055929769901626,58.3760619342364,3.8857805861880476e-17,0.4669955624486786,0.4471366817951614,0.38418689803916495,8.295406221877784,-3.8857805861880476e-17,0.16389361481618558,0.16389361481618558,1.8581367552196113,0.648127130306426,4.914424004512907,0.0,1.0745642281478744,0.0,0.15157960184093702,0.15157960184093702,0.7845202185293004,0.9998453443585184,14.0,c_kam,12.0,0.0,0.4444444444444444,0.0,hpc,5004,14.0,200.0,7916.0,3197.0,3197.0,1659.0812443755567,12.0,90.0,0.0,24.48783529876839,1.9625545960152522,32.0,
12.0,12.0,0.0,0.0,d_kam_N_32,0.9995563267725243,"N=32, U0=4",6.2383608048446995,3.164495996999644,,S1,4,32,2.5278760475139737,2.0,1.1376749778317912,58.27580260528048,0.49916030130891825,0.5458371910222614,0.3918677909979834,0.3226250147254766,3.077921589720063,-0.28298705441108973,0.22845938644599695,0.22845938644599695,2.033411243399964,0.8312888578667332,5.282007941148659,1.0,1.119767035628441,0.10808662344891425,0.22559686500330592,0.22559686500330592,0.7192844677726016,0.9995563267725243,2.0,d_kam,10.0,0.5393362181183854,0.0410958904109589,0.0,hpc,5004,0.0,200.0,3116.0,3160.0,3160.0,615.5843179440126,10.0,292.0,236.0,11.549732695359356,0.8926190419588238,32.0,
47.0,47.0,0.0,0.0,c_kam_N_32,0.9999830650925969,"N=32, U0=4",2.8533730109954223,1.663092716732936,,S1,4,32,0.11125718573675891,5.0,0.8391333003902005,52.87799432655926,5.196788625904988e-17,0.25727382535820204,0.5005697700968337,0.44370395184053263,14.075623645039741,-4.724353296277262e-18,0.12086257694306632,0.12086257694306632,1.4396009792439144,0.6094101462752654,2.100090638207304,0.0,0.30179401221348795,2.362176648138631e-17,0.11898158024165045,0.11898158024165045,0.8476090787045039,0.9999830650925969,11.0,c_kam,24.0,1.8873791418627614e-16,0.5222222222222223,0.0,hpc,5005,12.0,200.0,9692.0,3251.0,3251.0,2815.124729007948,24.0,90.0,0.0,34.922671656181535,3.169996461016126,32.0,
8.0,8.0,0.0,0.0,d_kam_N_32,0.9979456505706549,"N=32, U0=4",3.2112628939942716,1.8946149843418767,,S1,4,32,13.496450296217164,2.0,1.9366433152950804,52.87799432655926,0.3534086692490866,0.2876944654131044,0.39187381784035064,0.3226317277924698,3.391128990042489,-0.3009167628611845,0.13901152404994546,0.13901152404994546,1.485269531114496,0.8079740422588283,2.387942154007812,1.0,0.3434717289809995,0.026245953193951038,0.1554836866667664,0.1554836866667664,0.8279296859577439,0.9979456505706549,2.0,d_kam,6.0,0.11401912955208933,0.02476780185758514,0.0,hpc,5005,0.0,200.0,3457.0,3138.0,3138.0,678.2257980084978,6.0,323.0,272.0,7.488916996800977,0.9126334869652055,32.0,
38.0,38.0,0.0,0.0,c_kam_N_32,0.999566660811212,"N=32, U0=4",0.63252304175784,0.5881191053563339,,S1,4,32,2.808024073063507,5.0,0.8618147871549072,8.371813171518497,6.135443030823234e-17,0.05409754066292848,0.37645413742352524,0.30545634118957016,9.809735399030615,-8.764918615461762e-18,0.08599913566321525,0.08599913566321525,1.1118993632428151,0.6198553661394753,0.952850342915448,0.0,0.009725319460181842,2.6294755846385285e-17,0.08438909454880097,0.08438909454880097,0.9496688034410485,0.999566660811212,11.0,c_kam,15.0,2.220446049250313e-16,0.4222222222222222,0.0,hpc,5006,12.0,200.0,9514.0,3245.0,3245.0,1961.947079806123,15.0,90.0,0.0,21.80501334929888,2.2030299789621495,32.0,
5.0,5.0,0.0,0.0,d_kam_N_32,0.9974307731026734,"N=32, U0=4",1.7374387541697534,1.3889751401703165,,S1,4,32,16.648508059093867,2.0,2.5328597771157035,19.586398398802878,0.27289808416520467,0.14801537621794109,0.40201862994633997,0.33393164226696287,6.312207184964791,-0.2391799976365739,0.13417301096050704,0.13417301096050704,1.2485083133449524,0.7761396854907135,1.3803015851563076,1.0,0.070667954075895,0.016859043264315376,0.1353119044467471,0.1353119044467471,0.88159604048186,0.9974307731026734,2.0,d_kam,3.0,0.06743617305726149,0.011185682326621925,0.0,hpc,5006,0.0,200.0,4046.0,3129.0,3129.0,1262.4414369929582,3.0,447.0,415.0,3.342852625459475,1.605769274989143,32.0,
52.0,52.0,0.0,0.0,c_kam_N_32,0.999930793421179,"N=32, U0=4",4.729905942228906,2.175462804666226,,S1,4,32,0.4339592594939804,4.0,0.9015170789341387,64.57559709021052,6.832141690000964e-17,0.420945156340184,0.47889749667831394,0.4195640433298051,14.034846304857638,-3.843079700625542e-17,0.15589706896755523,0.15589706896755523,1.8614242445630955,0.6269420346211597,4.561651063791084,0.0,0.9780248946180891,1.4945309946877107e-17,0.15372054608807165,0.15372054608807165,0.8016271685218189,0.999930793421179,11.0,c_kam,30.0,4.996003610813157e-17,0.5777777777777777,0.0,hpc,5007,11.0,200.0,9284.0,3237.0,3237.0,2806.9692609715275,30.0,90.0,0.0,35.16791682642723,3.1819270739797503,32.0,
9.0,9.0,0.0,0.0,d_kam_N_32,0.9990012753728523,"N=32, U0=4",4.517431702755902,2.1751794673475127,,S1,4,32,6.26249421686603,2.0,1.55634747234062,63.422423499281656,0.7641619386599694,0.40288484598497853,0.40762264908466583,0.3401737427923258,3.4037051515770145,-0.42295391339639665,0.2019886064230557,0.2019886064230557,1.8697667944697611,0.7763812354918116,4.589480890629634,1.0,0.9463624816921667,0.17060401263178637,0.17628171659044373,0.17628171659044373,0.8016512521939098,0.9990012753728523,2.0,d_kam,7.0,0.8204574259627666,0.023316062176165803,0.0,hpc,5007,0.0,200.0,3303.0,3139.0,3139.0,680.7410303154029,7.0,386.0,328.0,7.537795213883357,0.9633491040440276,32.0,
46.0,46.0,0.0,0.0,c_kam_N_32,0.999996972649251,"N=32, U0=4",6.875545287589048,2.78316197477327,,S1,4,32,0.01957086497640137,5.0,0.8479568780171373,93.74021688909681,1.9066873683779863e-16,0.6078295474147178,0.38303024031401095,0.3127812082705567,10.115621938894037,2.413528314402514e-18,0.16784369460911253,0.16784369460911253,2.0704910634527365,0.6312106488897204,7.315534745181676,0.0,1.75847009463668,9.654113257610057e-17,0.16650057194817208,0.16650057194817208,0.7479996694051129,0.999996972649251,12.0,c_kam,21.0,2.220446049250313e-16,0.5111111111111111,0.0,hpc,5008,13.0,200.0,9226.0,3237.0,3237.0,2023.1243877788074,21.0,90.0,0.0,32.31541853055364,2.32786641898565,32.0,
7.0,7.0,0.0,0.0,d_kam_N_32,0.999649222129442,"N=32, U0=4",6.3555700781222315,2.5618718981756277,,S1,4,32,2.2676679749624373,2.0,1.276937109968721,93.74021688909681,1.6407965820535384,0.5636316546100385,0.34266544286441286,0.26782041903214304,2.946382191730663,-1.5703913561506984,0.19651149494911066,0.19651149494911066,2.0593237043623462,0.813768726437758,7.310222709307461,1.0,1.7081142983368147,0.03520261295142012,0.1771351547666616,0.1771351547666616,0.7668093259159123,0.999649222129442,2.0,d_kam,5.0,0.15196577173496778,0.019390581717451522,0.0,hpc,5008,0.0,200.0,3154.0,3119.0,3119.0,589.2764383461326,5.0,361.0,328.0,5.824254171451679,0.7974816280184314,32.0,
41.0,41.0,0.0,0.0,c_kam_N_32,1.0,"N=32, U0=4",1.9135704799888709,1.2300661832753388,,S1,4,32,0.0,3.0,0.8878640412400339,34.07621598050993,8.665155314147564e-17,0.1737119968411047,0.3820773976304237,0.31171987359824427,7.817928775621112,5.415722071342227e-18,0.13135290509867562,0.13135290509867562,1.3930631762114813,0.6590385839055217,1.9815309778418486,0.0,0.2719583243516041,4.603363760640893e-17,0.13468728970961547,0.13468728970961547,0.8864387829944939,1.0,10.0,c_kam,22.0,2.220446049250313e-16,0.45555555555555555,0.0,hpc,5009,9.0,200.0,7525.0,3186.0,3186.0,1563.5857551242225,22.0,90.0,0.0,26.960168798995493,1.83060021197889,32.0,
6.0,6.0,0.0,0.0,d_kam_N_32,0.99902110255087,"N=32, U0=4",2.316476003494298,1.4785666050760857,,S1,4,32,5.300727119230762,2.0,1.271959080264481,37.7175908681443,0.231413344647192,0.20795896633906596,0.3672295313619066,0.29518140869519294,3.095887594099622,-0.14933545497423215,0.1884046032155019,0.1884046032155019,1.5011954809086692,0.8432475883212761,2.3667101000309585,1.0,0.3183498077261907,0.04103894483647993,0.16655834246483436,0.16655834246483436,0.8653162471414304,0.99902110255087,2.0,d_kam,4.0,0.13566563840073442,0.02112676056338028,0.0,hpc,5009,0.0,200.0,3077.0,3111.0,3111.0,619.1775188199244,4.0,284.0,254.0,5.345892311828687,0.8307496749912389,32.0,
39.0,39.0,0.0,0.0,c_kam_N_32,0.9996351554748036,"N=32, U0=4",1.5705804885200323,1.1300886259719487,,S1,4,32,2.2147032856545965,5.0,0.8449380832640934,33.35894727323611,5.693451408334136e-17,0.1419199638023273,0.42877014852558903,0.36372912583295813,14.3524679238908,-1.708035422500241e-17,0.11844963716130687,0.11844963716130687,1.2949318614160383,0.5839345509629128,1.3819974167103088,0.0,0.12115684063736182,1.9927079929169476e-17,0.13433407913384623,0.13433407913384623,0.8967116423215049,0.9996351554748036,10.0,c_kam,18.0,2.220446049250313e-16,0.43333333333333335,0.0,hpc,5010,11.0,200.0,11518.0,3301.0,3301.0,2870.49358477816,18.0,90.0,0.0,25.07592368751303,3.222326536953915,32.0,
6.0,6.0,0.0,0.0,d_kam_N_32,0.9998904974854336,"N=32, U0=4",2.4978357090646086,1.8243841126184892,,S1,4,32,0.6647093818070187,2.0,1.1080147002593819,33.35894727323611,0.15583926396626072,0.2207366575486163,0.3864343264578611,0.31657288838128095,3.2751702627865598,-0.10136311913039842,0.15688680025659074,0.15688680025659074,1.4257499143466645,0.7825845319909247,1.8065294951785893,1.0,0.18405987724672812,0.027238072417931154,0.1876266149669129,0.1876266149669129,0.8376965259565489,0.9998904974854336,2.0,d_kam,4.0,0.1225713258806902,0.016260162601626018,0.0,hpc,5010,0.0,200.0,3162.0,3111.0,3111.0,655.034052557312,4.0,369.0,336.0,4.918092965776926,0.8900163290090859,32.0,
48.0,48.0,0.0,0.0,c_kam_N_64,0.9999755061295879,"N=64, U0=8",8.992031800676271,3.0863443055937982,,S1,8,64,0.29843578520323133,5.0,0.8441491740502595,185.91354968824413,2.544261098099317e-17,0.7866234750993325,0.3761789420098547,0.30514981164464017,21.063572833954822,-6.938893903907228e-18,0.20241269654251262,0.20241269654251262,2.9151012343144256,0.6685234874589279,13.744073691827104,0.0,3.535306092648259,9.25185853854297e-18,0.2247472485134557,0.2247472485134557,0.7224580611753842,0.9999755061295879,16.0,c_kam,19.0,7.216449660063502e-17,0.5333333333333333,0.0,hpc,5001,13.0,200.0,19247.0,6594.0,6132.0,4212.714566790964,19.0,90.0,0.0,31.096053000972947,4.698506302025635,64.0,
11.0,11.0,0.0,0.0,d_kam_N_64,0.9998928875316931,"N=64, U0=8",9.278854148643497,3.2313836565873353,,S1,8,64,1.3050691069783704,2.0,1.0712729079144878,193.3938149665642,3.345914497701962,0.8110033746765469,0.29410225002048196,0.2137277537356853,7.297686047386378,-2.9772416254449046,0.229953340148691,0.229953340148691,3.0134224424534892,0.8592825545670066,14.396748484707302,1.0,3.6725229083633932,0.18433643612852874,0.2853486491640788,0.2853486491640788,0.7101297163409336,0.9998928875316931,6.0,d_kam,5.0,1.0092899217330564,0.02972972972972973,0.0,hpc,5001,0.0,200.0,6860.0,6273.0,6273.0,1459.5372094772756,5.0,370.0,263.0,7.050330659305798,1.8578173539717682,64.0,
59.0,59.0,0.0,0.0,c_kam_N_64,0.9993944898497983,"N=64, U0=8",10.872360419299683,3.8010089620859966,,S1,8,64,7.017490156825019,4.0,0.941583200919266,199.08448735387014,3.763467880085276e-17,0.9514118242090184,0.3815577741726679,0.3111410850933181,22.758733612427022,-3.010774304068221e-17,0.17948899083112252,0.17948899083112252,2.827631361677017,0.7040347421369032,13.63215886598259,0.0,3.4995452707592425,3.7634678800852764e-18,0.1989392980193479,0.1989392980193479,0.6597163214674256,0.9993944898497983,14.0,c_kam,35.0,0.0,0.6555555555555556,0.0,hpc,5002,10.0,200.0,15511.0,6229.0,6077.0,4551.7467224854045,35.0,90.0,0.0,43.00311940324202,5.111871308996342,64.0,
9.0,9.0,0.0,0.0,d_kam_N_64,1.0,"N=64, U0=8",10.151437607041123,3.4006255027144903,,S1,8,64,0.0,2.0,1.1787630265687439,206.8657377015712,2.0311603352084635,0.8901333851670408,0.27786164179010514,0.19563796734046363,8.073566465754993,-2.0127835061941726,0.2619450033053147,0.2619450033053147,2.8222569219133526,0.8609549853935786,13.71043725425204,1.0,3.4743599352124734,0.009188414507145618,0.1882606356280777,0.1882606356280777,0.6937489155140036,1.0,6.0,d_kam,3.0,0.04961743833858631,0.02564102564102564,0.0,hpc,5002,0.0,200.0,6826.0,6242.0,6242.0,1614.7132931509987,3.0,351.0,250.0,5.554137772067644,2.2027333739679307,64.0,
55.0,55.0,0.0,0.0,c_kam_N_64,0.9999288632887992,"N=64, U0=8",18.18422376699846,4.658013068561334,,S1,8,64,0.8610146024682899,7.0,0.8784549811210519,314.74314609939137,6.0557619525008536e-18,1.5843973522924923,0.36076109102487874,0.2879764627752362,38.12869370012777,2.0185873175002845e-18,0.24756701516446902,0.24756701516446902,4.480643210992191,0.6567944276291233,40.125883737306324,0.0,10.891827187137249,4.037174635000569e-18,0.27603855894170415,0.27603855894170415,0.5831298924314536,0.9999288632887992,14.0,c_kam,28.0,0.0,0.6111111111111112,0.0,hpc,5003,13.0,200.0,22380.0,6431.0,6179.0,7625.738740025554,28.0,90.0,0.0,40.453659495648814,8.199757845024578,64.0,
16.0,16.0,0.0,0.0,d_kam_N_64,0.9999725504261606,"N=64, U0=8",18.360474704521007,4.580629837323368,,S1,8,64,0.3322403230061922,2.0,1.090751387884699,323.06582923139683,7.074467226586595,1.5993786819819087,0.28985944997093965,0.20900186259139317,7.713806657120585,-5.845590895186861,0.28644224013292413,0.28644224013292413,4.567924136572891,0.8624878860938443,41.5689595212099,1.0,11.240780484300233,0.614438165699867,0.28432082287178667,0.28432082287178667,0.5897074670866806,0.9999725504261606,6.0,d_kam,10.0,3.6990077733721236,0.04419889502762431,0.0,hpc,5003,0.0,200.0,6885.0,6325.0,6325.0,1542.761331424117,10.0,362.0,245.0,12.990542716327267,1.935371920990292,64.0,
46.0,46.0,0.0,0.0,c_kam_N_64,0.9999999999999992,"N=64, U0=8",5.182085759958607,2.2875075203447794,,S1,8,64,0.0,4.0,0.8377927604056119,132.31542056270894,7.240584943207543e-17,0.4568049971804913,0.30911958039341575,0.2304549781609829,23.59851796296425,1.4481169886415085e-17,0.20809524512259425,0.20809524512259425,2.2240025731577204,0.6745515085068667,7.070128017491899,0.0,1.6800783045112024,4.344350965924526e-17,0.2081280287816126,0.2081280287816126,0.793366993894161,0.9999999999999992,13.0,c_kam,24.0,3.0531133177191805e-16,0.5111111111111111,0.0,hpc,5004,9.0,200.0,17368.0,6269.0,6104.0,4719.70359259285,24.0,90.0,0.0,33.342257944536904,5.274827024957631,64.0,
10.0,10.0,0.0,0.0,d_kam_N_64,1.0,"N=64, U0=8",5.144242088603912,2.193054744458716,,S1,8,64,0.0,2.0,1.0915159534680474,132.6239742783851,0.5866565056418411,0.4535882851153422,0.3188794727267158,0.24132614536391614,8.096666949859355,0.12178951351403866,0.26375548930768666,0.26375548930768666,2.314819765882338,0.8633709172182009,7.513548635601496,1.0,1.736672615464699,0.35422300957793984,0.21412481764945623,0.21412481764945623,0.8013954798444763,1.0,6.0,d_kam,4.0,1.631006460479019,0.027777777777777776,0.0,hpc,5004,0.0,200.0,6866.0,6257.0,6257.0,1619.333389971871,4.0,360.0,263.0,6.507473984708656,2.11994332697941,64.0,
61.0,61.0,0.0,0.0,c_kam_N_64,0.9999792519396693,"N=64, U0=8",7.8831542800465115,2.896777138272118,,S1,8,64,0.25721077336670406,5.0,0.866324795306322,184.39548004436497,2.7300566179307128e-17,0.6919846775268477,0.3833069699406986,0.3130894467161247,21.853728904679883,-5.4601132358614255e-18,0.26483785598293336,0.26483785598293336,3.2462130376394343,0.6639838719811008,15.44825595873361,0.0,3.9930559035064728,1.0920226471722851e-17,0.2747443927021918,0.2747443927021918,0.7388412253370313,0.9999792519396693,14.0,c_kam,36.0,1.1102230246251565e-16,0.6777777777777778,0.0,hpc,5005,11.0,200.0,19656.0,6358.0,6138.0,4370.745780935977,36.0,90.0,0.0,43.95665221907208,4.871113932982553,64.0,
11.0,11.0,0.0,0.0,d_kam_N_64,0.9999999999999994,"N=64, U0=8",9.557267208885602,3.219472639511238,,S1,8,64,0.0,2.0,1.1739095277494545,212.85570528555485,3.4539187909849334,0.8342842764781703,0.3332866729174306,0.25737376933872214,12.940723718202207,0.6769133023486349,0.3262164772498241,0.3262164772498241,3.5062735217533993,0.8535324162838396,18.35575755809933,1.0,4.745746045997106,2.0654160466667837,0.29263084832537795,0.29263084832537795,0.7114121077317062,0.9999999999999994,6.0,d_kam,5.0,10.97386735232098,0.026378896882494004,0.0,hpc,5005,0.0,200.0,6853.0,6273.0,6273.0,2588.1447436404414,5.0,417.0,316.0,7.799546761072609,3.247853218985256,64.0,
55.0,55.0,0.0,0.0,c_kam_N_64,0.9998054118829957,"N=64, U0=8",8.389476151391895,2.975011073205126,,S1,8,64,2.4762986819676875,7.0,0.8632217766197927,213.12160646148573,1.7561709662252476e-16,0.7389223329716716,0.40091063263400656,0.3326974868448093,28.96152370085474,-1.2717100100251794e-16,0.19755718673966718,0.19755718673966718,2.7516798812877346,0.6856918434135072,12.413602732196034,0.0,3.156269950791745,2.4223047810003414e-17,0.21066756868380007,0.21066756868380007,0.7305155955886309,0.9998054118829957,16.0,c_kam,24.0,1.4432899320127003e-16,0.6111111111111112,0.0,hpc,5006,15.0,200.0,17111.0,6909.0,6103.0,5792.304740170948,24.0,90.0,0.0,35.606922100751646,6.443508539989125,64.0,
12.0,12.0,0.0,0.0,d_kam_N_64,0.9999999999999996,"N=64, U0=8",9.481723941695012,3.351850621955456,,S1,8,64,0.0,2.0,1.0841921972959359,230.15176775861045,1.534586409840144,0.8317633951474366,0.3419488139978128,0.267022193809445,7.995518674142659,0.023662259282900906,0.2595926662287058,0.2595926662287058,2.958093709364923,0.8094069808633998,13.788212525926491,1.0,3.4999736607798595,0.7791243345615224,0.24576579415998487,0.24576579415998487,0.6984842339448529,0.9999999999999996,6.0,d_kam,6.0,3.8846873546253375,0.02696629213483146,0.0,hpc,5006,0.0,200.0,7388.0,6281.0,6281.0,1599.1037348285317,6.0,445.0,320.0,9.088630289987863,2.101107509981375,64.0,
73.0,73.0,0.0,0.0,c_kam_N_64,0.9999807073539246,"N=64, U0=8",7.998744875096786,3.0653487616186648,,S1,8,64,0.228860715091189,4.0,0.9316541323373937,182.85264675966968,8.97303540450469e-17,0.7029602981035603,0.42209823554162684,0.35629753958844573,27.375260272820015,-5.0188164126890635e-17,0.21054667958267217,0.21054667958267217,2.5401527316718457,0.6445516254697151,10.327083532669015,0.0,2.577289303291396,1.977109495907813e-17,0.21824136334096564,0.21824136334096564,0.7240050346709666,0.9999807073539246,22.0,c_kam,33.0,1.1102230246251565e-16,0.8111111111111111,0.0,hpc,5007,18.0,200.0,24442.0,6621.0,6207.0,5475.052054564003,33.0,90.0,0.0,50.760748660838445,5.895811338035855,64.0,
17.0,17.0,0.0,0.0,d_kam_N_64,0.9982214248976577,"N=64, U0=8",10.369814750732266,3.8776526594668366,,S1,8,64,21.09850396667781,2.0,1.6710032300164472,211.62666673794976,1.2357051856857908,0.9045012375325763,0.3039194466353873,0.22466274996515906,11.641109847696498,0.10519952367128295,0.3107393207056641,0.3107393207056641,3.0630815228564097,0.8527070779555532,13.947597425909478,1.0,3.524654812214345,0.6704523546785369,0.3019734464074665,0.3019734464074665,0.6549592033538719,0.9982214248976577,6.0,d_kam,11.0,5.220413176547864,0.04028436018957346,0.0,hpc,5007,0.0,200.0,8231.0,6380.0,6380.0,2328.2219695392996,11.0,422.0,253.0,15.329551314779899,2.846552705974318,64.0,
41.0,41.0,0.0,0.0,c_kam_N_64,1.0000000000000016,"N=64, U0=8",12.444515101963614,3.7259826952125756,,S1,8,64,0.0,3.0,0.9910688482278192,245.62240226479483,2.6807824253144023e-16,1.088604233016551,0.38139745080051257,0.31096250707977885,15.18873845867347,2.6807824253144023e-16,0.18926183530548485,0.18926183530548485,3.1256590749189455,0.7428537343796114,17.41601732924405,0.0,4.543075263721202,2.6807824253144023e-16,0.1914441082987357,0.1914441082987357,0.6649712102933829,1.0000000000000016,10.0,c_kam,26.0,2.220446049250313e-16,0.45555555555555555,0.0,hpc,5008,5.0,200.0,13329.0,6905.0,6044.0,3037.747691734694,26.0,90.0,0.0,32.17986044200881,3.5189553379896097,64.0,
18.0,18.0,0.0,0.0,d_kam_N_64,0.9998208143249576,"N=64, U0=8",12.98138359657917,4.1773916933597395,,S1,8,64,2.096561101412804,2.0,1.215928341914474,241.52142955269582,2.2219903651705852,1.1342380550588738,0.3708806583710662,0.29924825808658356,7.123595931043383,-1.4896671978814249,0.2734145347104336,0.2734145347104336,3.3323651191476564,0.8207170446311377,18.16534186842442,1.0,4.709781509102938,0.36616158364458024,0.25516385502456,0.25516385502456,0.6266014454508739,0.9998208143249576,6.0,d_kam,12.0,2.5099229374798537,0.043373493975903614,0.0,hpc,5008,0.0,200.0,6843.0,6357.0,6357.0,1424.7191862086765,12.0,415.0,288.0,15.087760838104007,1.8651895790244453,64.0,
59.0,59.0,0.0,0.0,c_kam_N_64,1.0000000000000007,"N=64, U0=8",11.344790161389694,3.500632083625,,S1,8,64,0.0,3.0,0.934622688085011,249.9131330743428,4.327988062098068e-17,0.9959236936782163,0.37704906004822447,0.3061190025289629,21.801200692134444,-1.8817339400426382e-18,0.19675559763059966,0.19675559763059966,2.8812828777579216,0.6984074361755634,16.443545393215263,0.0,4.281942796726176,2.069907334046902e-17,0.18897906894866906,0.18897906894866906,0.6836454036351225,1.0000000000000007,19.0,c_kam,26.0,2.220446049250313e-16,0.6555555555555556,0.0,hpc,5009,14.0,200.0,16421.0,6247.0,6089.0,4360.240138426889,26.0,90.0,0.0,43.29022164406475,4.902820080984384,64.0,
24.0,24.0,0.0,0.0,d_kam_N_64,1.0000000000000002,"N=64, U0=8",13.613751083089895,4.33177439163752,,S1,8,64,0.0,2.0,1.1246728813160989,269.64880411191695,1.3651434029424105,1.1887853720227337,0.41364897585203586,0.3468862354787528,12.243827840138692,-0.5542513718505345,0.29227734808914446,0.29227734808914446,3.336490628217589,0.8165639613411648,20.265549147023492,1.0,5.284619744447931,0.405446015545938,0.2797843043238899,0.2797843043238899,0.6129983074540583,1.0000000000000002,6.0,d_kam,18.0,1.3120020863941648,0.055299539170506916,0.0,hpc,5009,0.0,200.0,7327.0,6424.0,6424.0,2448.7655680277385,18.0,434.0,261.0,23.499165893158416,3.039306355989538,64.0,
62.0,62.0,0.0,0.0,c_kam_N_64,0.9996387052568125,"N=64, U0=8",7.072400355879743,2.8819953876645874,,S1,8,64,4.633888380406383,6.0,0.9743260090518344,180.23120384783212,6.80459273157354e-17,0.6227307616240944,0.40491513547193025,0.337157947926655,24.733111574605573,4.297637514678025e-17,0.18905856498377502,0.18905856498377502,2.5945292883407007,0.6830229415693977,8.996240082726978,0.0,2.2045695149088655,5.551115123125783e-17,0.20970201382601367,0.20970201382601367,0.7401274783135365,0.9996387052568125,15.0,c_kam,34.0,2.220446049250313e-16,0.6888888888888889,0.0,hpc,5010,13.0,200.0,18274.0,6309.0,6119.0,4946.622314921115,34.0,90.0,0.0,46.93796484497213,5.37906111398479,64.0,
11.0,11.0,0.0,0.0,d_kam_N_64,0.9995840729095455,"N=64, U0=8",7.965028175436593,3.0073695052552925,,S1,8,64,5.334591072512646,2.0,1.0876766998440655,195.1893861205057,1.5922182533792373,0.6986041262864267,0.3096196905960854,0.23101203160455064,9.834439987898804,-1.3365199872028297,0.20125842878255984,0.20125842878255984,2.7425924796155097,0.8585618782080343,10.709037459337166,1.0,2.648872913191894,0.1278491330882038,0.2400860792034402,0.2400860792034402,0.7294706783183265,0.9995840729095455,6.0,d_kam,5.0,0.6672772633418784,0.030136986301369864,0.0,hpc,5010,0.0,200.0,7247.0,6274.0,6274.0,1966.8879975797608,5.0,365.0,241.0,8.071454126864518,2.5060766880051233,64.0,
68.0,68.0,0.0,0.0,c_kam_N_128,0.9999999999999999,"N=128, U0=16",14.222155879530636,4.5522252527257265,,S1,16,128,0.0,4.0,0.9348255103705094,475.7418871253045,3.2816886463184776e-16,1.235776978768446,0.4421912647495327,0.37867838895368733,101.80996606533881,-3.151074172833165e-16,0.19126914244348295,0.19126914244348295,3.4154569455127035,0.6952274733956233,17.3508882959221,0.0,4.527091802485789,6.530723674265627e-18,0.19839355694207966,0.19839355694207966,0.5959876893093105,0.9999999999999999,19.0,c_kam,42.0,0.0,0.7555555555555555,0.0,hpc,5001,7.0,200.0,46933.0,12927.0,11952.0,20361.993213067763,42.0,90.0,0.0,55.172265748710366,21.775721113022882,128.0,
27.0,27.0,0.0,0.0,d_kam_N_128,0.9999999999999999,"N=128, U0=16",27.333160540296056,6.386473090981385,,S1,16,128,0.0,2.0,1.0970486857013444,672.3068062332894,0.9918842385998865,2.3502123749335064,0.3202912188765547,0.24289863488725152,79.01523045962676,-0.3951667508215423,0.3563593267399385,0.3563593267399385,5.510671517472061,0.8189245802227834,43.97509022846092,1.0,11.899608952306469,0.2983587438891721,0.28486174631474415,0.28486174631474415,0.44007662305757944,0.9999999999999999,14.0,d_kam,13.0,1.0082482020402463,0.03237410071942446,0.0,hpc,5001,0.0,200.0,20601.0,12560.0,12560.0,15803.046091925353,13.0,834.0,261.0,20.612997057445142,17.510199183016084,128.0,
52.0,52.0,0.0,0.0,c_kam_N_128,0.999848644160371,"N=128, U0=16",12.948831861127017,3.8555090929908715,,S1,16,128,3.81771484786542,6.0,0.9079765721855617,515.021175066594,1.6866849797189877e-15,1.1306237958394265,0.46061604674793954,0.3992010421697346,82.81974350073142,1.6610644483814842e-15,0.19900172291115353,0.19900172291115353,3.3933565293532215,0.6887594242375892,19.334378277832013,0.0,5.07743837990714,1.673874714050236e-15,0.20962296375050787,0.20962296375050787,0.6543785840349574,0.999848644160371,19.0,c_kam,24.0,1.4210854715202004e-14,0.5777777777777777,0.0,hpc,5002,9.0,200.0,44666.0,12516.0,11937.0,16563.948700146284,24.0,90.0,0.0,37.67631234751314,17.808762925036717,128.0,
23.0,23.0,0.0,0.0,d_kam_N_128,0.999775411266862,"N=128, U0=16",18.348804158296065,4.918502288161576,,S1,16,128,5.664900298958348,2.0,1.0517903122096983,600.2447600034169,1.8338305970345814,1.5896214410987954,0.27223638292598984,0.18937220870469168,81.34100905386731,-0.33716080796009035,0.28694213409876285,0.28694213409876285,4.227104700753545,0.8469592198802744,28.76095935627609,1.0,7.672920242997856,0.7483348945372456,0.26689955871179327,0.26689955871179327,0.5640241624454475,0.999775411266862,14.0,d_kam,9.0,1.4565523183597402,0.0343796711509716,0.0,hpc,5002,0.0,200.0,17675.0,12473.0,12473.0,16268.201810773462,9.0,669.0,209.0,14.814276659943378,18.316991532978136,128.0,
59.0,59.0,0.0,0.0,c_kam_N_128,0.9999999999999991,"N=128, U0=16",8.456113995076754,3.0920223611231084,,S1,16,128,0.0,5.0,0.9303409994653467,367.4824731599623,5.983913929335589e-16,0.7394796101211955,0.4688801413171016,0.408406098001722,145.29042211157503,-4.026910631691246e-16,0.21871166034620548,0.21871166034620548,3.0535908409097696,0.6617441033323407,11.408330816072137,0.0,2.865508703680762,9.785016488221718e-17,0.23254812853719126,0.23254812853719126,0.7227360024542483,0.9999999999999991,22.0,c_kam,26.0,2.442490654175332e-16,0.6555555555555556,0.0,hpc,5003,11.0,200.0,60503.0,12725.0,12055.0,29058.084422315005,26.0,90.0,0.0,40.868965900008014,30.398850311990827,128.0,
29.0,29.0,0.0,0.0,d_kam_N_128,0.9999999999999986,"N=128, U0=16",12.162522024813157,3.9555631578826054,,S1,16,128,0.0,2.0,1.154424428238466,443.51340901150274,0.6829792637031945,1.0545242926487899,0.3612125376432671,0.2884793117313619,104.24290266964817,-0.29542065237408544,0.38558966079073687,0.38558966079073687,4.072699988487944,0.7576543402565897,17.6910922897409,1.0,4.564877903838535,0.19377930566455448,0.3145376864981488,0.3145376864981488,0.6493350347296911,0.9999999999999986,14.0,d_kam,15.0,1.401874564561773,0.02269170579029734,0.0,hpc,5003,0.0,200.0,33561.0,12676.0,12676.0,20848.580533929635,15.0,1278.0,594.0,29.73654396478611,22.874474781972822,128.0,
38.0,38.0,0.0,0.0,c_kam_N_128,1.0000000000000007,"N=128, U0=16",13.929175492082024,4.104946174121297,,S1,16,128,0.0,2.0,1.0289756971151913,510.7447169012371,1.3731705830890094e-15,1.2105762813262009,0.39358373939430435,0.324536343384745,115.66207259485964,-6.018577449283744e-16,0.21447745178161287,0.21447745178161287,3.704308345653004,0.7444498433921041,19.92520238669485,0.0,5.234350676603136,3.8565641908031755e-16,0.2283127159071423,0.2283127159071423,0.6339263058314978,1.0000000000000007,18.0,c_kam,16.0,2.220446049250313e-16,0.4222222222222222,0.0,hpc,5004,4.0,200.0,36880.0,12447.0,11874.0,23132.414518971927,16.0,90.0,0.0,27.831237258538316,25.045758139982354,128.0,
25.0,25.0,0.0,0.0,d_kam_N_128,1.0000000000000002,"N=128, U0=16",18.38432081130637,4.819114912781503,,S1,16,128,0.0,2.0,1.0673894256849423,595.5358371634131,0.5799687666713832,1.5892636334602708,0.34392315516311256,0.26922133619653627,96.77460809762124,-0.29160067852926047,0.3375639519648596,0.3375639519648596,4.616075239876312,0.7978100648281997,28.92514596548112,1.0,7.706005696375942,0.1441840440710614,0.26731305742367606,0.26731305742367606,0.5732219630453804,1.0000000000000002,14.0,d_kam,11.0,0.6914453418750695,0.02986857825567503,0.0,hpc,5004,0.0,200.0,20517.0,12529.0,12529.0,19354.921619524248,11.0,837.0,282.0,18.38552571087458,21.777605731971562,128.0,
64.0,64.0,0.0,0.0,c_kam_N_128,0.9999577219863993,"N=128, U0=16",10.8062647796397,4.110948119161781,,S1,16,128,1.0457086294705769,5.0,0.9344189887805961,394.2724296163977,2.8796409701215e-16,0.9432461527432408,0.4063934543391183,0.33880459022921583,123.13602303969674,1.700029006457271e-16,0.2654503119506998,0.2654503119506998,2.95087565312597,0.7134379511711892,11.343192957943359,0.0,2.830622785542904,2.2898349882893854e-16,0.2629884023376332,0.2629884023376332,0.6343903453865599,0.9999577219863993,19.0,c_kam,37.0,1.5432100042289588e-15,0.7111111111111111,0.0,hpc,5005,8.0,200.0,43017.0,12448.0,11923.0,24627.204607939348,37.0,90.0,0.0,52.6020572663093,26.368021850008518,128.0,
24.0,24.0,0.0,0.0,d_kam_N_128,0.9999602142192422,"N=128, U0=16",9.379718301717181,3.1831992405270197,,S1,16,128,0.9840654923187315,2.0,1.076383334487917,414.53555460061364,0.5355310637997678,0.8219897021198267,0.3505923252304581,0.27664986721214385,110.58786897250684,-0.20094608153100066,0.32404474099623004,0.32404474099623004,2.9997996227776906,0.7868834445718396,11.4816197501535,1.0,2.8428238859882593,0.16729249113438358,0.2379012755862213,0.2379012755862213,0.7132490000705147,0.9999602142192422,14.0,d_kam,10.0,0.9474427752056584,0.023529411764705882,0.0,hpc,5005,0.0,200.0,28433.0,12600.0,12600.0,22117.573794501368,10.0,1020.0,474.0,16.6973023656878,24.413642742030788,128.0,
65.0,65.0,0.0,0.0,c_kam_N_128,1.0000000000000004,"N=128, U0=16",15.785308207000567,4.189278701061709,,S1,16,128,0.0,4.0,1.0104100747762588,605.4785554543789,6.815061335775961e-16,1.3739346617926562,0.5432641151137608,0.49125953416136725,158.57884676166577,-6.507614959725917e-16,0.22259460730895791,0.22259460730895791,3.801190923545191,0.6544208634512002,24.844949571648957,0.0,6.604405181904632,1.5372318802502168e-17,0.21367191248246903,0.21367191248246903,0.624765167595206,1.0000000000000004,21.0,c_kam,35.0,1.9984014443252786e-16,0.7222222222222222,0.0,hpc,5006,9.0,200.0,55433.0,12581.0,12016.0,31715.769352333155,35.0,90.0,0.0,50.14577490296891,33.32539239100879,128.0,
22.0,22.0,0.0,0.0,d_kam_N_128,0.9992614489605709,"N=128, U0=16",22.164114701593256,6.35856037765227,,S1,16,128,18.8673055988355,2.0,1.188341197638887,692.7810442014209,1.1384461062801317,1.916133213833035,0.35856577097990916,0.2855311805469285,82.83770993672078,-0.4907457055274076,0.3204049995326967,0.3204049995326967,4.650301778803952,0.8387574197644738,33.45964789351653,1.0,8.962939132907474,0.32385020037636214,0.3031114007380865,0.3031114007380865,0.4403762250850082,0.9992614489605709,14.0,d_kam,8.0,1.688956753626387,0.03442879499217527,0.0,hpc,5006,0.0,200.0,16919.0,12405.0,12405.0,16567.541987344157,8.0,639.0,268.0,15.986411049632729,18.308183846995234,128.0,
66.0,66.0,0.0,0.0,c_kam_N_128,1.0000000000000002,"N=128, U0=16",16.39914323782147,4.463618373634184,,S1,16,128,0.0,4.0,1.0621824173520544,592.5755534831632,9.924720977709733e-16,1.4266234830889215,0.49403006538763244,0.43641962728820444,159.1143212057068,-7.502416196709391e-16,0.1939551506166366,0.1939551506166366,3.5586460741304906,0.6993914013865689,23.257873818541015,0.0,6.165442721645474,1.2111523905001707e-16,0.20126733797069438,0.20126733797069438,0.6012804149193193,1.0000000000000002,21.0,c_kam,36.0,1.6653345369377348e-16,0.7333333333333333,0.0,hpc,5007,9.0,200.0,47964.0,12518.0,11960.0,31822.86424114136,36.0,90.0,0.0,47.80744986628315,33.393623026960995,128.0,
26.0,26.0,0.0,0.0,d_kam_N_128,1.0000000000000002,"N=128, U0=16",23.735954840730436,5.388928227717183,,S1,16,128,0.0,2.0,1.044271810519664,718.7971808601131,1.6061779107007543,2.050252469336184,0.2799612492170745,0.19797663897941462,115.26708240737207,-0.9234726770938421,0.30656965682887793,0.30656965682887793,5.006423909287153,0.8355518799274927,40.54536955187923,1.0,10.958446674891677,0.3413526168034562,0.2681929955495449,0.2681929955495449,0.5226290773222645,1.0000000000000002,14.0,d_kam,12.0,2.2788982307250123,0.036414565826330535,0.0,hpc,5007,0.0,200.0,19149.0,12506.0,12506.0,23053.416481474414,12.0,714.0,235.0,17.267247860726776,25.546570438018534,128.0,
59.0,59.0,0.0,0.0,c_kam_N_128,1.0000000000000004,"N=128, U0=16",8.674074434732411,3.152391823403629,,S1,16,128,0.0,5.0,0.9535655783631344,367.3797548740573,3.95164127408954e-16,0.7598915790387883,0.4743362344622964,0.4144834294753301,163.47647497692378,-3.6129291648818656e-16,0.22598221322324072,0.22598221322324072,2.9498746164861647,0.646869324609179,11.33656359138095,0.0,2.8465960908751553,1.6935605460383745e-17,0.21635312279305907,0.21635312279305907,0.7169905898749641,1.0000000000000004,24.0,c_kam,22.0,1.221245327087666e-16,0.6555555555555556,0.0,hpc,5008,13.0,200.0,60703.0,12782.0,12057.0,32695.294995384756,22.0,90.0,0.0,39.759701338516784,34.2511167700286,128.0,
22.0,22.0,0.0,0.0,d_kam_N_128,1.0000000000000004,"N=128, U0=16",10.973695839917218,3.6769630900128867,,S1,16,128,0.0,2.0,1.0460426140499879,418.06997523854153,0.45198739502761137,0.9553593984794972,0.29607312507866607,0.21592303535990034,112.25872862356482,-0.026568198286392262,0.35752039659768914,0.35752039659768914,3.4881905517320346,0.8216005423361361,14.752317778622219,1.0,3.7460017565488313,0.21270959837060952,0.29296771992380005,0.29296771992380005,0.6724020322131773,1.0000000000000004,14.0,d_kam,8.0,1.1158122891713433,0.028132992327365727,0.0,hpc,5008,0.0,200.0,20557.0,12473.0,12473.0,22451.745724712964,8.0,782.0,384.0,16.680109303208056,25.039938498986885,128.0,
46.0,46.0,0.0,0.0,c_kam_N_128,1.0000000000000002,"N=128, U0=16",25.149725006984333,5.759332209627907,,S1,16,128,0.0,3.0,0.9390203645486661,717.635486838507,1.5470716495320116e-15,2.176396293840566,0.3440774621484581,0.26939321278912404,103.34526846039807,-9.243813444161629e-16,0.2525278186717807,0.2525278186717807,5.299950455976536,0.7153338895674776,48.05967072494875,0.0,13.092608379358104,3.1134515255792434e-16,0.23338343734162906,0.23338343734162906,0.4898803026736104,1.0000000000000002,18.0,c_kam,23.0,0.0,0.5111111111111111,0.0,hpc,5009,5.0,200.0,38420.0,12597.0,11887.0,20669.053692079615,23.0,90.0,0.0,35.58957152842278,22.153344792954158,128.0,
25.0,25.0,0.0,0.0,d_kam_N_128,1.0000000000000004,"N=128, U0=16",31.752152622197876,7.084171208158586,,S1,16,128,0.0,2.0,1.0412696198763816,788.1751009646434,2.2352663385712974,2.737602641133717,0.2996870888294423,0.21994849003279454,123.14608886517817,-1.1279145102859178,0.36397668206165334,0.36397668206165334,6.822187573898957,0.8406199425878708,64.9841892659511,1.0,17.759057148848253,0.5536759141426899,0.32161476119171684,0.32161476119171684,0.3772689877985026,1.0000000000000004,14.0,d_kam,11.0,2.1924792162207543,0.03346720214190094,0.0,hpc,5009,0.0,200.0,20966.0,12550.0,12550.0,24629.217773035634,11.0,747.0,249.0,19.128282978703634,27.573123631009366,128.0,
56.0,56.0,0.0,0.0,c_kam_N_128,1.0000000000000002,"N=128, U0=16",18.79947510106934,4.8479661610362745,,S1,16,128,0.0,4.0,0.8507308955886843,619.8808251911315,3.548748596569697e-16,1.6289685178211886,0.4709197982186291,0.41067799306530467,147.59838039899478,-3.310843662721449e-16,0.20538515201303073,0.20538515201303073,4.4239694131053025,0.7162375643087049,29.55718018261452,0.0,7.919947742548138,1.1895246692412391e-17,0.22435646482799534,0.22435646482799534,0.5692730675262774,1.0000000000000002,21.0,c_kam,26.0,5.551115123125783e-17,0.6222222222222222,0.0,hpc,5010,9.0,200.0,45110.0,12516.0,11939.0,29519.676079798955,26.0,90.0,0.0,40.953137782174245,31.185934431967326,128.0,
23.0,23.0,0.0,0.0,d_kam_N_128,1.0000000000000007,"N=128, U0=16",27.76136851051124,6.0575635548585565,,S1,16,128,0.0,2.0,1.1200704658230574,799.8937574840394,1.7608858528843303,2.3907294576237508,0.2764980997029501,0.19411917046120672,121.5031870585517,-0.978009532714052,0.3222782168469701,0.3222782168469701,5.797043914371884,0.8498036896246421,51.22302395402589,1.0,13.931128963535958,0.39143816008513926,0.2669344083703503,0.2669344083703503,0.4664572890513833,1.0000000000000007,14.0,d_kam,9.0,1.6056342253134641,0.03662420382165605,0.0,hpc,5010,0.0,200.0,17985.0,12462.0,12462.0,24300.63741171034,9.0,628.0,217.0,14.5368722962449,27.414728348026983,128.0,
80.0,80.0,0.0,0.0,c_kam_N_256,0.9999352572947097,"N=256, U0=32",37.62819102078796,7.521237548083639,,S1,32,256,3.258456742168695,7.0,0.9778807967982643,1698.0693401359295,4.633793349029247e-15,3.2352537383933786,0.5346861312748692,0.4817048491923048,722.6006462832447,-1.0783041126671833e-15,0.36541771125220984,0.36541771125220984,9.49787887331889,0.643338294493284,90.22829370165412,0.0,24.81886485501644,1.777744618181032e-15,0.3770774037897541,0.3770774037897541,0.3403081954761376,0.9999352572947097,34.0,c_kam,37.0,5.551115123125467e-18,0.8888888888888888,0.0,hpc,5001,9.0,200.0,194392.0,29742.0,23838.0,144520.12925664894,37.0,90.0,0.0,60.88960379016846,149.15534151397878,256.0,
37.0,37.0,0.0,0.0,d_kam_N_256,0.989199749626101,"N=256, U0=32",64.75788184993642,9.48569054763663,,S1,32,256,543.5693255444535,2.0,15.822822301097522,2272.513102890932,3.168664025125307,5.541277458870999,0.34443177801789504,0.269787871554586,302.55914656911045,-1.7365101683038666,0.47986209218814013,0.47986209218814013,13.757241706557927,0.7820014250960966,187.6926041567888,1.0,51.98503873056036,0.71607692841072,0.44010703250117217,0.44010703250117217,0.17332969051413336,0.989199749626101,30.0,d_kam,7.0,4.142471881690193,0.023125,0.0,hpc,5001,0.0,200.0,46308.0,25155.0,25155.0,60511.82931382209,7.0,1600.0,212.0,22.262528214938083,66.14500675396994,256.0,
61.0,61.0,0.0,0.0,c_kam_N_256,0.9999854130593208,"N=256, U0=32",11.112078021049086,3.87431312588294,,S1,32,256,0.7244749882839723,5.0,0.8594592580263016,789.3715461171693,1.3450078937671979e-15,0.9655987330216362,0.38783809555049165,0.3181364925686169,744.9072603447712,4.2406879465190406e-16,0.22073121017896186,0.22073121017896186,3.3097097845066212,0.6723639439131636,12.577061677923933,0.0,3.2021120880874703,8.84538344209551e-16,0.22608052134835682,0.22608052134835682,0.6562436300298546,0.9999854130593208,36.0,c_kam,16.0,7.105427357601002e-15,0.6777777777777778,0.0,hpc,5002,9.0,200.0,178777.0,29516.0,23776.0,148981.45206895424,16.0,90.0,0.0,36.52176468779871,152.1733488200116,256.0,
38.0,38.0,0.0,0.0,d_kam_N_256,1.0,"N=256, U0=32",20.752909957810378,5.7342433199475265,,S1,32,256,0.0,2.0,1.0489699956691703,1038.5486658661534,0.41129739768788265,1.7850694476463462,0.3812849776558953,0.310837227587012,384.57431702758186,-0.1864954777542603,0.3515640852782841,0.3515640852782841,5.2127346962356365,0.7380266589499164,28.930949577238213,1.0,7.713718431476837,0.11240095996681117,0.31886516331546366,0.31886516331546366,0.49814956353436474,1.0,30.0,d_kam,8.0,0.5935647351951064,0.01761706073249884,0.0,hpc,5002,0.0,200.0,70761.0,25366.0,25366.0,76914.86340551637,8.0,2157.0,421.0,24.400976828690684,81.75619463803014,256.0,
75.0,75.0,0.0,0.0,c_kam_N_256,0.9997836930664271,"N=256, U0=32",22.23277154799972,5.496998734058227,,S1,32,256,11.253419782108697,8.0,0.9962358038548536,1396.8398179133428,4.967877960856034e-15,1.9211760987655482,0.565945510317106,0.5165234644621232,1032.4309045591508,-7.401486830834377e-16,0.2851956309213617,0.2851956309213617,5.294557004194172,0.6465501756563087,39.973317765836775,0.0,10.808208378582709,2.113864638886298e-15,0.2978143134443429,0.2978143134443429,0.5141989206413,0.9997836930664271,36.0,c_kam,27.0,1.8474111129762564e-14,0.8333333333333334,0.0,hpc,5003,12.0,200.0,200438.0,30312.0,23862.0,206486.18091183016,27.0,90.0,0.0,48.45833259245872,211.13814728200668,256.0,
37.0,37.0,0.0,0.0,d_kam_N_256,0.9990345208814496,"N=256, U0=32",41.48251899996045,8.177180545012925,,S1,32,256,50.22928129224631,2.0,1.2301275286517455,1910.2367948200417,1.3221426576469943,3.55740463218221,0.33936444368634516,0.2641435635120181,542.6723239911371,-0.4948033207218256,0.36712691846264206,0.36712691846264206,7.875087350473195,0.7821587305422294,86.06416934806916,1.0,23.651209247235332,0.4136696684625843,0.34951932892533955,0.34951932892533955,0.28638346671015064,0.9990345208814496,30.0,d_kam,7.0,2.20279526368912,0.021094640820980615,0.0,hpc,5003,0.0,200.0,57826.0,25255.0,25255.0,108534.46479822742,7.0,1754.0,329.0,20.976086719663066,115.61206791794393,256.0,
77.0,77.0,0.0,0.0,c_kam_N_256,0.9998588481649371,"N=256, U0=32",29.820628544820238,6.25285784276458,,S1,32,256,7.161017506128722,3.0,1.1011406215391477,1618.2746217641416,3.2037864424897375e-15,2.571050193490879,0.5551146130474764,0.5044593462162485,1075.1774858377757,4.902283485357834e-17,0.34508880069637454,0.34508880069637454,7.565502390914014,0.6520034939692668,69.77687509821462,0.0,19.11047177515897,1.626404638671658e-15,0.35103390399363554,0.35103390399363554,0.4482570759871906,0.9998588481649371,35.0,c_kam,36.0,4.263256414560611e-15,0.8555555555555555,0.0,hpc,5004,6.0,200.0,203893.0,31625.0,23870.0,215035.49716755515,36.0,90.0,0.0,53.392027658410285,219.8047351949499,256.0,
35.0,35.0,0.0,0.0,d_kam_N_256,0.999958214517543,"N=256, U0=32",43.24003912965261,8.003946033650525,,S1,32,256,2.119891471780311,2.0,1.1223858902734927,1925.249272874135,1.9708550454246287,3.7117000932016304,0.3198702505611672,0.24242973453595354,563.8071822398342,-1.5358966700060226,0.4622358527784198,0.4622358527784198,10.433471736634504,0.7957762065868786,113.37273644841939,1.0,31.246463637328084,0.21747918770930322,0.42098555605839805,0.42098555605839805,0.2994145797618853,0.999958214517543,30.0,d_kam,5.0,1.2027515840921967,0.0212636695018226,0.0,hpc,5004,0.0,200.0,50343.0,25186.0,25186.0,112761.43644796684,5.0,1646.0,176.0,19.528347274168503,119.53156071301783,256.0,
62.0,62.0,0.0,0.0,c_kam_N_256,0.9999655072633209,"N=256, U0=32",19.65761924799535,5.164127092458746,,S1,32,256,1.73228989996581,10.0,0.8678939240479588,1134.2108332600153,5.560068534614695e-15,1.6951429428194762,0.4971436872405407,0.43988777044119637,931.8038865164272,3.1927865369462163e-15,0.2744385325305516,0.2744385325305516,5.468693606825525,0.6610705537240839,32.25767234877972,0.0,8.665204496626806,4.376427535780456e-15,0.2826404373441988,0.2826404373441988,0.5450019336545262,0.9999655072633209,34.0,c_kam,16.0,2.842170943040401e-14,0.6888888888888889,0.0,hpc,5005,12.0,200.0,186350.0,29592.0,23811.0,186360.77730328543,16.0,90.0,0.0,38.13152712808311,190.76184397295583,256.0,
38.0,38.0,0.0,0.0,d_kam_N_256,0.9999999999999997,"N=256, U0=32",29.402896691133567,6.649579306340043,,S1,32,256,0.0,2.0,1.1747009330147309,1443.409691730109,0.9219179717265078,2.5234915254862247,0.348414415250875,0.27422397738340043,362.40876588533865,-0.6171580205771585,0.3786243392023041,0.3786243392023041,7.299726743959825,0.7606663386326309,54.30175925181007,1.0,14.78691169589616,0.15237997557467473,0.33929114437204144,0.33929114437204144,0.41873849547461606,0.9999999999999997,30.0,d_kam,8.0,1.1638044201739348,0.02006335797254488,0.0,hpc,5005,0.0,200.0,53229.0,25245.0,25245.0,72481.75317706773,8.0,1894.0,274.0,23.69286993605585,79.28175177099183,256.0,
61.0,61.0,0.0,0.0,c_kam_N_256,0.9999999999999991,"N=256, U0=32",16.6769731472704,4.312013151401747,,S1,32,256,0.0,5.0,0.852056685715127,1186.564364047507,3.2014463939600824e-15,1.4480495953813766,0.4318172993250172,0.36712322944618264,1034.5222029247088,1.1102230246251565e-16,0.28618402937117937,0.28618402937117937,4.873974594979516,0.6744961803434638,29.89964176802471,0.0,8.01094728871204,1.656234348211299e-15,0.27987196480924825,0.27987196480924825,0.6153568305549291,0.9999999999999991,32.0,c_kam,24.0,1.4210854715202004e-14,0.6777777777777778,0.0,hpc,5006,5.0,200.0,178058.0,30051.0,23774.0,206904.44058494177,24.0,90.0,0.0,41.87829991813362,211.6039550700225,256.0,
40.0,40.0,0.0,0.0,d_kam_N_256,1.0,"N=256, U0=32",27.51125742699631,6.1340804987291,,S1,32,256,0.0,2.0,1.0756499819830538,1468.0047702103825,1.216027692514983,2.3689637591580794,0.35179113718879224,0.27798517756177354,479.7588141349843,-0.6515373347880116,0.422193461925306,0.422193461925306,7.331206186563287,0.7719912899519649,54.73516732699961,1.0,14.892090008707747,0.2822451788634858,0.37357767113793705,0.37357767113793705,0.4604811060321039,1.0,30.0,d_kam,10.0,1.7028467307789623,0.022753128555176336,0.0,hpc,5006,0.0,200.0,54739.0,25281.0,25281.0,95951.76282699686,10.0,1758.0,198.0,23.780944154574048,102.0041278009885,256.0,
73.0,73.0,0.0,0.0,c_kam_N_256,0.9999426400745612,"N=256, U0=32",27.5692733302544,6.102737329360467,,S1,32,256,2.9112474771013055,6.0,0.9709523999992319,1421.2035782185603,4.9032315498513766e-15,2.3715623417833105,0.5266111745979445,0.47271046675513617,1200.2729980097502,5.627157796045314e-16,0.32861258242251074,0.32861258242251074,7.283230669308006,0.6427590830763922,56.58978310561247,0.0,15.441605765931117,2.732973664727954e-15,0.3404843137896144,0.3404843137896144,0.46345968914186747,0.9999426400745612,34.0,c_kam,31.0,2.842170943040401e-14,0.8111111111111111,0.0,hpc,5007,8.0,200.0,204582.0,29236.0,23876.0,240054.59960195003,31.0,90.0,0.0,49.454397615999504,244.76972395001212,256.0,
36.0,36.0,0.0,0.0,d_kam_N_256,0.9957890824992788,"N=256, U0=32",51.88599517168802,8.898956140640431,,S1,32,256,213.72104054393438,2.0,3.140162208101874,1989.2668501577336,2.6536166986273586,4.438483698305168,0.29347351680301326,0.21302743208256428,614.6003277067211,-1.0157337224999832,0.4722885725414224,0.4722885725414224,11.721173641218792,0.8068688582932705,130.9562664517313,1.0,36.15288582142529,0.8189414880636878,0.42287329794206935,0.42287329794206935,0.2257810901830706,0.9957890824992788,30.0,d_kam,6.0,3.0988238657310134,0.022756005056890013,0.0,hpc,5007,0.0,200.0,49982.0,25184.0,25184.0,122920.06554134423,6.0,1582.0,204.0,20.990237603765536,130.53276947099948,256.0,
80.0,80.0,0.0,0.0,c_kam_N_256,0.9998249467737718,"N=256, U0=32",20.15937442500815,5.306867846383952,,S1,32,256,8.612271215612287,7.0,1.0145914470971662,1180.2946541855463,3.4486302702418925e-15,1.7402008464495262,0.5292620357249433,0.4756631586045161,1264.778027916036,3.1502578323738816e-16,0.31231887185689183,0.31231887185689183,5.366829096078251,0.6570137910443679,35.01312675928303,0.0,9.419384238495189,1.8818280267396403e-15,0.300534288421791,0.300534288421791,0.5318227686465318,0.9998249467737718,35.0,c_kam,35.0,1.4210854715202004e-14,0.8888888888888888,0.0,hpc,5008,10.0,200.0,198257.0,29216.0,23853.0,252955.60558320722,35.0,90.0,0.0,53.75476268754516,258.7171847160207,256.0,
34.0,34.0,0.0,0.0,d_kam_N_256,0.999951610891517,"N=256, U0=32",31.036870218663747,6.998862110932272,,S1,32,256,2.380648075529514,2.0,1.2879884527655552,1355.564291653441,1.806427300873419,2.6647879889102524,0.3247272627147306,0.2478397728258139,561.7228524206439,-1.3717100474178845,0.4049862185094755,0.4049862185094755,7.300345308581174,0.7909116948103496,57.20524397782358,1.0,15.585722947796585,0.2173586267277673,0.34601888175985457,0.34601888175985457,0.38800325615992437,0.999951610891517,30.0,d_kam,4.0,0.7381992172558081,0.021065675340768277,0.0,hpc,5008,0.0,200.0,50581.0,25166.0,25166.0,112344.57048412878,4.0,1614.0,212.0,18.587045323191923,121.65061914897524,256.0,
72.0,72.0,0.0,0.0,c_kam_N_256,0.9999999999999996,"N=256, U0=32",24.11523864170067,5.749144386569425,,S1,32,256,0.0,5.0,1.0198358806627066,1409.2501789271278,3.8749867512264145e-15,2.081719309577098,0.5705968154308375,0.5217043736234576,1153.795052570058,2.8757860290637736e-15,0.2975149508669519,0.2975149508669519,5.7193833215544805,0.6159352060801311,44.25965102926931,0.0,12.008688413430505,3.375386390145094e-15,0.2909971240282712,0.2909971240282712,0.49218558647218613,0.9999999999999996,36.0,c_kam,27.0,2.842170943040401e-14,0.8,0.0,hpc,5009,9.0,200.0,218796.0,30451.0,23929.0,230759.0105140116,27.0,90.0,0.0,48.714477395186265,236.4207359070424,256.0,
43.0,43.0,0.0,0.0,d_kam_N_256,0.9999999999999991,"N=256, U0=32",44.707716362104854,8.287833832751101,,S1,32,256,0.0,2.0,1.1867602864771338,1862.4764848318218,1.3979117567808395,3.8320799158114536,0.4163629601075309,0.3499092377435368,479.565005771874,-0.33937007222307836,0.41583555096479613,0.41583555096479613,9.590580611231287,0.7240809250980211,99.4930029483071,1.0,27.388712941278445,0.5292708422788804,0.3717013295539004,0.3717013295539004,0.2763969835467438,0.9999999999999991,30.0,d_kam,13.0,2.8482852528187848,0.02084343189529811,0.0,hpc,5009,0.0,200.0,70978.0,25359.0,25359.0,95913.0011543748,13.0,2063.0,440.0,31.37992799214649,102.03498855500948,256.0,
72.0,72.0,0.0,0.0,c_kam_N_256,0.9997105280227875,"N=256, U0=32",19.081778277123597,4.9491882976826576,,S1,32,256,14.706591758843365,3.0,0.9487784532142577,1192.8399790900517,3.0099379778726466e-15,1.6474872328049317,0.48413745096143346,0.4254006260709036,935.6951336999191,-1.942890293094024e-16,0.26501154995803833,0.26501154995803833,5.1030991289339696,0.6558127914978863,30.653911195317338,0.0,8.223729189539275,1.407824474281622e-15,0.27543807762335276,0.27543807762335276,0.5625798333309132,0.9997105280227875,38.0,c_kam,25.0,1.4210854715202004e-14,0.8,0.0,hpc,5010,9.0,200.0,188907.0,29975.0,23813.0,187139.02673998382,25.0,90.0,0.0,46.982698994571514,192.2339705490158,256.0,
45.0,45.0,0.0,0.0,d_kam_N_256,0.9994965831294615,"N=256, U0=32",45.346443334162714,8.449630524420352,,S1,32,256,25.57603838139805,2.0,1.2736881979971195,1858.2895481371397,1.423209808665912,3.8799837626532563,0.3399775573616493,0.264826487160253,500.8799404386082,-0.8446540273384601,0.4961849765672802,0.4961849765672802,9.53045392722146,0.776325972925529,95.82569621894177,1.0,26.341238317695623,0.2892778906637259,0.37620267733961527,0.37620267733961527,0.26504224405820925,0.9994965831294615,30.0,d_kam,15.0,1.8714249184180085,0.023474178403755867,0.0,hpc,5010,0.0,200.0,53695.0,25397.0,25397.0,100175.98808772163,15.0,1917.0,183.0,29.44714906438392,106.66848490398843,256.0,
84.0,84.0,0.0,0.0,c_kam_N_512,0.9994185691542371,"N=512, U0=64",48.04801829491135,8.53037484413415,,S1,64,512,60.342000131945326,7.0,1.065128648775762,3870.3256230715115,1.3621379156889123e-14,4.116316932856525,0.6109264036883798,0.5666259447024032,4698.93397144042,3.634658711570453e-15,0.4642082982172388,0.4642082982172388,12.164900904753331,0.5600179899774341,127.27852563345506,0.0,35.14265443180944,8.628018934229787e-15,0.4716463731095874,0.4716463731095874,0.25575730269352515,0.9994185691542371,65.0,c_kam,11.0,5.684341886080802e-14,0.9333333333333333,0.0,hpc,5001,8.0,200.0,1147961.0,71721.0,48266.0,939786.7942880839,11.0,90.0,0.0,47.424433291849574,945.3651512100478,512.0,
77.0,77.0,0.0,0.0,d_kam_N_512,0.9851861307430286,"N=512, U0=64",66.49298699711089,9.612669906064877,,S1,64,512,1537.4115549139674,3.0,28.746718432881785,4403.751070733533,1.1939598800843962,5.684139272543486,0.476821654410673,0.4172518427841655,860.2277472621063,-0.40792331825064787,0.6694874941211836,0.6694874941211836,17.99869839880723,0.6127294749701392,207.95420939757233,1.0,57.61126111128795,0.39301828091687435,0.605726926317001,0.605726926317001,0.16376222242941324,0.9851861307430286,61.0,d_kam,16.0,2.142510035384766,0.011777301927194861,0.0,hpc,5001,0.0,200.0,194094.0,51736.0,51736.0,172045.54945242126,16.0,6538.0,156.0,48.187626583255984,179.14229564199923,512.0,
78.0,78.0,0.0,0.0,c_kam_N_512,0.9877048494931241,"N=512, U0=64",61.28057820057781,9.462325894779012,,S1,64,512,1279.0154988869947,7.0,20.30986414794853,4258.798577046991,2.3229281746003275e-14,5.2420148197586975,0.617139567283201,0.5735465477164366,4705.423787469335,-6.8321416900009635e-15,0.5065707619584702,0.5065707619584702,13.270337775078634,0.5530570645354358,172.12674683288648,0.0,47.64955217022699,8.198570028001155e-15,0.4925446901966241,0.4925446901966241,0.17628614114171096,0.9877048494931241,61.0,c_kam,13.0,5.684341886080802e-14,0.8666666666666667,0.0,hpc,5002,4.0,200.0,1171257.0,71854.0,48311.0,941084.7574938671,13.0,90.0,0.0,46.638936455231345,946.7473262330168,512.0,
68.0,68.0,0.0,0.0,d_kam_N_512,0.9681629925325718,"N=512, U0=64",87.5820990613917,9.999400351398059,,S1,64,512,3311.876984852539,3.0,130.74562025291286,5353.0794991211615,1.7895726033404373,7.4776440929278785,0.44407314026296774,0.3807745374216225,849.1607367081451,-1.0515670482433772,0.7017794132709002,0.7017794132709002,20.231465670056608,0.6385166463013657,330.83951121648283,1.0,91.89994182107323,0.36900277754853006,0.6211540771699617,0.6211540771699617,0.13063481232909194,0.9681629925325718,61.0,d_kam,7.0,2.2318924125899824,0.011929824561403509,0.0,hpc,5002,0.0,200.0,179690.0,51307.0,51307.0,169832.14734162902,7.0,5700.0,212.0,38.069760498900564,177.31028084701393,512.0,
77.0,77.0,0.0,0.0,c_kam_N_512,0.9997071019412145,"N=512, U0=64",38.778786785764254,7.632604528573855,,S1,64,512,30.114503018512636,7.0,0.8329160745334027,3609.2747467268055,1.9770620926831358e-14,3.3276114060573376,0.5145966867400155,0.4593279926559579,4674.567535042006,5.179118317472159e-15,0.47643622541771175,0.47643622541771175,10.698435296158323,0.5644874547892998,93.33198999916675,0.0,25.679043034260904,1.2474869622151759e-14,0.4495055406274939,0.4495055406274939,0.3320214594304114,0.9997071019412145,66.0,c_kam,2.0,5.684341886080802e-14,0.8555555555555555,0.0,hpc,5003,9.0,200.0,1138234.0,70918.0,48250.0,934913.5070084012,2.0,90.0,0.0,40.1540130024719,940.5246614799835,512.0,
72.0,72.0,0.0,0.0,d_kam_N_512,0.9721933836731416,"N=512, U0=64",87.53888309162421,9.989656665479028,,S1,64,512,2858.955210504176,3.0,135.96636318151064,5497.612415606729,1.1359800723685556,7.472219592055435,0.4727232313361205,0.41268676757736195,887.5418630684726,-0.5415802783349348,0.6331139975241136,0.6331139975241136,19.30011959335499,0.6115066767027375,315.75360134433805,1.0,87.71094133535784,0.2971998970168104,0.5624384801289227,0.5624384801289227,0.13167202779347154,0.9721933836731416,61.0,d_kam,11.0,1.3066883229112505,0.011801344041960335,0.0,hpc,5003,0.0,200.0,214637.0,51406.0,51406.0,177508.37261369452,11.0,6101.0,204.0,40.08544921393478,184.49202119000256,512.0,
76.0,76.0,0.0,0.0,c_kam_N_512,0.9928059401539499,"N=512, U0=64",57.936262803473994,9.264338902816897,,S1,64,512,732.164911861413,2.0,6.77515444796372,4029.1373106993997,1.4771809506591557e-14,4.958708915726727,0.5999491454008894,0.5543988005702976,4564.883370193711,2.804773956947764e-15,0.5270365498206172,0.5270365498206172,14.963753965668168,0.5772821995180191,168.6042863097295,0.0,46.65696720415459,8.78829173176966e-15,0.5326900704458698,0.5326900704458698,0.19321238462524057,0.9928059401539499,65.0,c_kam,8.0,5.684341886080802e-14,0.8444444444444444,0.0,hpc,5004,3.0,200.0,1123669.0,70532.0,48214.0,912976.6740387422,8.0,90.0,0.0,42.01687966992864,918.5854011469637,512.0,
68.0,68.0,0.0,0.0,d_kam_N_512,0.9757364489624407,"N=512, U0=64",82.26101117879286,9.906628660385806,,S1,64,512,2469.3873955764075,2.0,65.89671454594895,5213.449996179734,1.8006652413633817,7.026312527628829,0.43858297262270646,0.3746592516837077,786.3280479377136,-0.8987233628977942,0.6871750910015832,0.6871750910015832,21.253874718302022,0.6602512701232756,306.24304811363976,1.0,85.03378719712951,0.4509709392327938,0.6394345508884123,0.6394345508884123,0.13861775523188333,0.9757364489624407,62.0,d_kam,6.0,2.068796933632339,0.012258878673156661,0.0,hpc,5004,0.0,200.0,159636.0,51244.0,51244.0,157265.6095875427,6.0,5547.0,104.0,36.975507611949055,164.74971840000944,512.0,
82.0,82.0,0.0,0.0,c_kam_N_512,0.9999840505785098,"N=512, U0=64",34.75125166097343,7.474350591204862,,S1,64,512,1.6689503402679522,6.0,1.0106602115039207,3166.0549360903215,1.1627555287171762e-14,2.981803052232704,0.6101973007822257,0.5658138251287168,4760.075605246238,1.456829237191059e-15,0.46277625158931884,0.46277625158931884,10.271508353557456,0.5581197748624814,77.31220883140436,0.0,21.19728058856861,6.5421922621814105e-15,0.44850915772498995,0.44850915772498995,0.3470315732918248,0.9999840505785098,65.0,c_kam,10.0,2.842170943040401e-14,0.9111111111111111,0.0,hpc,5005,7.0,200.0,1148937.0,71755.0,48274.0,952015.1210492477,10.0,90.0,0.0,47.70749719669703,957.765275053971,512.0,
67.0,67.0,0.0,0.0,d_kam_N_512,0.9848985318602921,"N=512, U0=64",65.33485580283624,9.595929947039872,,S1,64,512,1580.220348754293,3.0,26.240875269393456,4375.258765288248,1.2555955354919328,5.581409404291041,0.4567010534125639,0.3948402822664697,853.4341978433076,-0.6052187229599815,0.6176848233785617,0.6176848233785617,17.212384477881987,0.6381578617593089,191.9324008591385,1.0,53.150250452375595,0.3251884062659757,0.5582850451343551,0.5582850451343551,0.16669732804584914,0.9848985318602921,61.0,d_kam,6.0,1.744248371765683,0.011476533059266871,0.0,hpc,5005,0.0,200.0,194996.0,51267.0,51267.0,170686.83956866153,6.0,5838.0,234.0,36.85448141695965,178.13887429697206,512.0,
78.0,78.0,0.0,0.0,c_kam_N_512,0.9999873284316926,"N=512, U0=64",37.48760260495784,7.712981246048382,,S1,64,512,1.313094464432981,4.0,0.9987262903337951,2959.843713298128,1.1425333613674527e-14,3.2103040203459257,0.5622754366239958,0.5124355110910844,4638.532343867992,4.1704531566047547e-16,0.45605395781808034,0.45605395781808034,9.455380241352657,0.5751439173456053,78.093268845777,0.0,21.420538302903378,5.921189464667502e-15,0.4384117723854212,0.4384117723854212,0.32878664125321494,0.9999873284316926,65.0,c_kam,8.0,2.842170943040401e-14,0.8666666666666667,0.0,hpc,5006,5.0,200.0,1115615.0,70967.0,48203.0,927706.4687735983,8.0,90.0,0.0,43.39152059043634,933.9419703579624,512.0,
72.0,72.0,0.0,0.0,d_kam_N_512,0.9877468061822723,"N=512, U0=64",58.24774774288738,9.384897611448796,,S1,64,512,1269.7403023466004,2.0,20.53829488905604,3826.8467741777354,1.1434250937325279,4.974916357069937,0.45035770077692644,0.3877746667069725,886.1972200256423,-0.7046127119471794,0.6053845110215726,0.6053845110215726,14.895268247909994,0.6373890245410149,154.63579041190727,1.0,42.74486773578217,0.2194061908926742,0.5616365583708414,0.5616365583708414,0.18667375019417976,0.9877468061822723,62.0,d_kam,10.0,1.1063931725600924,0.011998000333277787,0.0,hpc,5006,0.0,200.0,195788.0,51433.0,51433.0,177239.44400512846,10.0,6001.0,89.0,42.46819171837694,184.6416766360053,512.0,
82.0,82.0,0.0,0.0,c_kam_N_512,1.0,"N=512, U0=64",35.85246800721513,7.35433434227053,,S1,64,512,0.0,6.0,1.032169999607898,2969.93817336766,8.351043434009714e-15,3.074353198539315,0.6128286844958806,0.568744821839471,5164.748132028908,-1.7113681745441437e-15,0.4852640307924534,0.4852640307924534,9.219481928028697,0.5572109674408845,78.28910462333222,0.0,21.46348961615982,3.319837629732785e-15,0.45889244652417444,0.45889244652417444,0.35802415764796136,1.0,64.0,c_kam,12.0,2.842170943040401e-14,0.9111111111111111,0.0,hpc,5007,6.0,200.0,1154157.0,70183.0,48279.0,1032949.6264057816,12.0,90.0,0.0,44.94588005951761,1038.9488529399969,512.0,
70.0,70.0,0.0,0.0,d_kam_N_512,0.988777939706525,"N=512, U0=64",60.96359836565301,9.388840152283539,,S1,64,512,1133.5549360496047,4.0,16.12951977208945,4174.905449489219,1.0861180504606722,5.208799279006536,0.4657563276136507,0.40492660253995744,1022.4977597367251,-0.46421910597493293,0.6430025591470553,0.6430025591470553,15.480901355754881,0.6135228974093636,174.0744381723589,1.0,48.16390343028609,0.3109494722428698,0.5550862438742966,0.5550862438742966,0.18509116379685564,0.988777939706525,60.0,d_kam,10.0,1.611739051439653,0.011194626579241964,0.0,hpc,5007,0.0,200.0,225679.0,51433.0,51433.0,204499.55194734503,10.0,6253.0,320.0,40.79314098749545,212.20803079998586,512.0,
78.0,78.0,0.0,0.0,c_kam_N_512,0.9999747342933668,"N=512, U0=64",35.57030760444355,7.154019115910726,,S1,64,512,2.5463598649399635,5.0,1.087447550135928,3089.465905061027,1.4287716309214513e-14,3.05222921632155,0.5752608594388591,0.5268994721472441,4950.296670225798,-1.0504417848376481e-15,0.5004637919066254,0.5004637919066254,11.534888666084392,0.5927800358763189,86.56540438072935,0.0,23.76589563743518,6.618637262188433e-15,0.48862934957241877,0.48862934957241877,0.37411239413761144,0.9999747342933668,63.0,c_kam,11.0,5.684341886080802e-14,0.8666666666666667,0.0,hpc,5008,4.0,200.0,1106690.0,71172.0,48184.0,990059.3340451596,11.0,90.0,0.0,45.94948340825207,996.3928711450426,512.0,
69.0,69.0,0.0,0.0,d_kam_N_512,0.9878352388932344,"N=512, U0=64",59.99720702340514,9.438822602362045,,S1,64,512,1226.0040813161847,5.0,21.238710548884427,3877.1796587024346,1.2842303918840188,5.128515666933287,0.4666980456457259,0.4059755458925165,1120.061556386645,-0.4906373401215522,0.6345037839511908,0.6345037839511908,16.59880933395105,0.6225906972310761,162.78904240824838,1.0,45.01373291085711,0.3967965258812332,0.5813719135785588,0.5813719135785588,0.17990409778924932,0.9878352388932344,59.0,d_kam,10.0,1.3661069168673745,0.010835427135678392,0.0,hpc,5008,0.0,200.0,234098.0,51437.0,51437.0,224012.311277329,10.0,6368.0,332.0,41.30810186919821,232.53895379201276,512.0,
83.0,83.0,0.0,0.0,c_kam_N_512,0.9969141108351127,"N=512, U0=64",44.20148363530487,8.657048386688162,,S1,64,512,312.380520230978,4.0,2.3088702524789273,3349.828266386817,1.6864689029486717e-14,3.7883375923707847,0.591557782287927,0.545051985221701,4982.40229877847,-6.677389564974436e-15,0.4827854251013863,0.4827854251013863,11.033443345004509,0.5795175064737802,107.94913232775588,0.0,29.7402729738877,5.09364973225614e-15,0.4728397477438502,0.4728397477438502,0.24545641278945665,0.9969141108351127,62.0,c_kam,19.0,4.121147867408569e-14,0.9222222222222223,0.0,hpc,5009,2.0,200.0,1150752.0,74217.0,48268.0,996480.459755694,19.0,90.0,0.0,49.464706006397186,1002.7647799139959,512.0,
72.0,72.0,0.0,0.0,d_kam_N_512,0.9626634650341418,"N=512, U0=64",94.47613980141965,10.063288222577365,,S1,64,512,3779.528555000109,3.0,177.09668595640645,5524.67198767992,1.8481671118642842,8.06168336649054,0.47844685396522046,0.4190620898127456,884.3316951493034,-0.619737160403944,0.6832618535641068,0.6832618535641068,21.899287636586163,0.6134649288563183,373.2195785901167,1.0,103.73512021911198,0.6142149757301701,0.6317811084893199,0.6317811084893199,0.12592602673887437,0.9626634650341418,61.0,d_kam,11.0,3.129438786028375,0.011272898074213245,0.0,hpc,5009,0.0,200.0,197139.0,51498.0,51498.0,176866.33902986068,11.0,6387.0,236.0,40.70132895722767,184.30676254199352,512.0,
82.0,82.0,0.0,0.0,c_kam_N_512,0.9965700677907925,"N=512, U0=64",50.078566745409546,8.877928205383604,,S1,64,512,355.67849048330606,5.0,2.424778511582792,3673.35341091427,1.9149993244266116e-14,4.288893700951891,0.5992903966438138,0.5536650457666242,4814.2018881687545,2.1662888285368908e-15,0.4719123544252607,0.4719123544252607,11.853672836977484,0.5609445183562234,126.02627085318598,0.0,34.7926727893404,1.0658141036401503e-14,0.4584286402222514,0.4584286402222514,0.22654758672275285,0.9965700677907925,64.0,c_kam,13.0,5.684341886080802e-14,0.9111111111111111,0.0,hpc,5010,5.0,200.0,1134691.0,69272.0,48238.0,962840.3776337509,13.0,90.0,0.0,48.784692303708546,968.3744521129993,512.0,
73.0,73.0,0.0,0.0,d_kam_N_512,0.9719453387313903,"N=512, U0=64",85.83332766967429,9.96600715784801,,S1,64,512,2909.2235538221707,2.0,98.03302309902446,5430.046678252104,1.4641203579171542,7.328048379514394,0.4425143102853398,0.3790382169019874,910.4844003342441,-0.2981439362751078,0.6730244309309826,0.6730244309309826,20.911807058228046,0.6537961803872401,318.1031482674282,1.0,88.34916839525985,0.5829882108210233,0.5922040220858953,0.5922040220858953,0.13406087576327838,0.9719453387313903,62.0,d_kam,11.0,2.4093669059571377,0.012314439946018893,0.0,hpc,5010,0.0,200.0,166251.0,51388.0,51388.0,182096.88006684883,11.0,5928.0,119.0,43.1506799580851,190.3227137089707,512.0,
90.0,90.0,0.0,0.0,c_kam_N_1024,0.9590369318648526,"N=1024, U0=128",87.4609282745887,9.998041690708945,,S1,128,1024,8401.511591691999,38.0,254.91695319111906,10238.495444888635,6.505413491848028e-14,7.462596818145419,0.680021008253242,0.6435877567177198,617736.1834521018,-1.2631870857957337e-15,0.8296031319861057,0.8296031319861057,25.756882166190916,0.395229028909307,364.0974759128196,0.0,101.17373671014917,3.1895473916342275e-14,0.8199138899974241,0.8199138899974241,0.1321785102324073,0.9590369318648526,90.0,c_kam,0.0,1.1368683772161603e-13,1.0,0.0,hpc,5001,0.0,200.0,7947814.0,242900.0,99585.0,123547236.6904203,0.0,90.0,0.0,45.0,123588.63177405106,1024.0,
90.0,90.0,0.0,0.0,d_kam_N_1024,0.9304446593687187,"N=1024, U0=128",111.04678901626727,10.212254300117726,,S1,128,1024,14265.77713001915,43.0,859.6531797552046,14495.857721983535,2.2291973992868277,9.467394981188098,0.6191362926940571,0.575770623050311,46095.740040363155,-0.903721945164928,0.9862506377978312,0.9862506377978312,37.481686962025506,0.4191588657154193,657.8033830021716,1.0,183.11159241773603,0.6627377270609499,0.962525876885205,0.962525876885205,0.11397043843266079,0.9304446593687187,85.0,d_kam,5.0,2.992134124172423,0.004909983633387889,0.0,hpc,5001,0.0,200.0,598003.0,105276.0,105276.0,9219148.00807263,5.0,18330.0,0.0,47.209694054888466,9259.449415800977,1024.0,
90.0,90.0,0.0,0.0,c_kam_N_1024,0.9593437101188601,"N=1024, U0=128",88.1925669177132,10.00872698244215,,S1,128,1024,8348.42192442009,38.0,225.79632902303493,10058.531724271525,7.547542837629508e-14,7.527831083292238,0.6756360231679501,0.6387034911524196,597434.6654042765,-1.484244825809987e-14,0.7699446863304042,0.7699446863304042,23.30670043228347,0.40019394791595303,355.7782896165923,0.0,98.86775759917568,3.031649005909761e-14,0.7666460766892874,0.7666460766892874,0.13078519892934304,0.9593437101188601,90.0,c_kam,0.0,1.4495071809506028e-13,1.0,0.0,hpc,5002,0.0,200.0,7948017.0,231725.0,99585.0,119486933.08085534,0.0,90.0,0.0,45.0,119527.13969881495,1024.0,
90.0,90.0,0.0,0.0,d_kam_N_1024,0.9334464741162416,"N=1024, U0=128",108.89150575673118,10.199054343531259,,S1,128,1024,13666.19817646403,47.0,692.2263209949531,13726.11157515915,1.910885707713012,9.287240884608764,0.6177216170462896,0.5741948704723522,41696.53995764151,-0.6133835514143834,0.9226441747319254,0.9226441747319254,34.74513935573138,0.41846750019332873,616.7913755492608,1.0,171.68267143844068,0.6487510781493142,0.9134303542325752,0.9134303542325752,0.11460737323676869,0.9334464741162416,81.0,d_kam,9.0,2.728810500600363,0.004772763430025985,0.0,hpc,5002,0.0,200.0,525385.0,105529.0,105529.0,8339307.991528306,9.0,18857.0,0.0,51.025215903191885,8381.954876710952,1024.0,
90.0,90.0,0.0,0.0,c_kam_N_1024,0.9707823169551425,"N=1024, U0=128",78.19984327116383,9.877704234633704,,S1,128,1024,6004.704938638387,38.0,134.2798406415779,9594.329936462984,5.668552047508355e-14,6.679910218244293,0.6812396981456132,0.6449452083305096,568713.9093073267,5.210646728907401e-15,0.7814345742335488,0.7814345742335488,23.835558948887382,0.3905515223369849,295.81628257192335,0.0,82.12988946788751,3.094808360199547e-14,0.7742705089474985,0.7742705089474985,0.14157615665504344,0.9707823169551425,90.0,c_kam,0.0,1.7053025658242404e-13,1.0,0.0,hpc,5003,0.0,200.0,7948418.0,238836.0,99585.0,113742781.8614653,0.0,90.0,0.0,45.0,113781.55390363198,1024.0,
90.0,90.0,0.0,0.0,d_kam_N_1024,0.9282322318324928,"N=1024, U0=128",122.0720588224172,10.289913630633814,,S1,128,1024,14749.433460855556,43.0,852.8310908294501,15291.476206710056,1.9814949078722621,10.40904854010083,0.6288432831085771,0.5865828648486626,36007.579662791104,-0.5894497991505843,0.9185585836045211,0.9185585836045211,38.163028163866585,0.4023954505464718,748.6153001130867,1.0,208.48044436341414,0.6960225543608389,0.9079266967988601,0.9079266967988601,0.10653835799503414,0.9282322318324928,85.0,d_kam,5.0,2.6818567590257367,0.0048241852487135506,0.0,hpc,5003,0.0,200.0,570361.0,105446.0,105446.0,7201515.932558221,5.0,18656.0,0.0,49.879620400773305,7240.428445535013,1024.0,
