scenario,seed,method,completion_ratio,disturbance_backlog_auc_mean,disturbance_service_loss_auc_mean,final_backlog,final_n_units,final_objective,max_backlog,mean_backlog_to_capacity,mean_coordination_cost_normalized,mean_cross_communication_ratio,mean_decision_time_ms,mean_kam_capacity_mismatch,mean_kam_load_cv,mean_makespan_proxy,mean_management_overhead_normalized,mean_objective,mean_overload_penalty,mean_raw_load_cv,mean_raw_load_imbalance,mean_service_ratio,mean_throughput_ratio,merge_count,move_count,repartition_count,split_count,steps,total_candidate_evaluations,total_control_message_hops,total_control_messages,total_decision_time_ms,total_moved_agents,total_reorganization_cost
warehouse,3001,static,0.919154162157947,109.48153021516407,9.16210350019261,855.7546888439911,8.0,2032.2203656484228,855.7546888439911,10.443549960754492,0.7808388839924943,0.6948389523946125,0.0,1.3168396524078745,1.3168396524078745,42.65419330345472,0.5245700956990421,1317.2788231566547,367.03387981211955,1.3366304372025781,1.3366304372025781,0.10483969148982647,0.919154162157947,0.0,0.0,0.0,0.0,200.0,0.0,0.0,0.0,0.0,0.0,0.0
warehouse,3001,greedy_load,0.9999919979631484,7.091629643867111,2.405872130894509,0.08470170806955868,8.0,1.1695410228289083,215.94894986381516,0.7165094064812808,0.8928981515694113,0.8508708439574082,131.1473527707858,0.3305194151044806,0.3305194151044806,3.25634800881177,0.5272301481052585,15.814092503179106,4.028985084092577,0.30542385490785207,0.30542385490785207,0.7466816715731461,0.9999919979631484,0.0,90.0,0.0,0.0,200.0,0.0,0.0,0.0,26229.47055415716,90.0,35.43859425162258
warehouse,3001,affinity_greedy,0.878029121405832,132.51894918982106,9.281407391496732,1291.0640058341712,8.0,8739.966501690305,1291.0640058341712,12.632104763346906,0.7245665075856309,0.6164850105622708,1.3765083998441696,1.4747849158748203,1.4747849158748203,63.22013745202376,0.5364004967507153,2541.7831801430334,708.7742626495217,1.4673757908751797,1.4673757908751797,0.09350582181593482,0.878029121405832,0.0,56.0,0.0,0.0,200.0,0.0,0.0,0.0,275.3016799688339,56.0,20.520845718958707
warehouse,3001,balanced_affinity,0.999999999999999,7.0929734537017906,2.407162648199374,0.0,8.0,1.0852462045165367,215.94894986381516,0.716637068415576,0.8822845375825452,0.8360923941022782,130.62834730983013,0.32807080703653546,0.32807080703653546,3.2490780126140306,0.523505252632679,15.80095876467324,4.0289820357518265,0.3060247665491803,0.3060247665491803,0.7465590724291837,0.999999999999999,0.0,87.0,0.0,0.0,200.0,0.0,0.0,0.0,26125.669461966027,87.0,31.96452232089968
warehouse,3001,dynamic_leiden,0.9329567951958503,73.77750194052574,8.866604261856958,709.6535628508988,8.0,1162.8591659359292,709.6535628508988,7.051667274663853,0.7010998134815432,0.5838098668730349,4.498223085392965,1.1718504388827748,1.1718504388827748,28.305352109108068,0.5188525097201597,542.655464693558,150.8794420983254,1.1825068419179539,1.1825068419179539,0.1329121191317132,0.9329567951958503,0.0,0.0,16.0,0.0,200.0,1234.0,1152.0,1152.0,899.644617078593,54.0,21.25445920705562
warehouse,3001,domain_heuristic,0.9999999999999998,7.139917560617339,2.4548720329653095,0.0,8.0,1.1123462569456284,215.94894986381516,0.7210967585725528,0.8763473378971053,0.8278254071985011,148.5910989533295,0.3448699295164988,0.3448699295164988,3.271525229281814,0.5224529530539492,15.817952419736935,4.030245024641891,0.3154411245081009,0.3154411245081009,0.74202668087642,0.9999999999999998,0.0,89.0,0.0,0.0,200.0,40320.0,0.0,0.0,29718.2197906659,89.0,33.22519965421092
warehouse,3001,c_kam,0.9999999999999997,6.240618724786585,2.0296349959296767,0.0,6.0,0.930535729934411,216.00388624376046,0.635663369168631,0.5253817828666738,0.3391391913333433,34.36649998417124,0.19271895360828364,0.19271895360828364,2.5040053285909236,0.6676227544758551,12.261791463039131,3.099437911106317,0.20362467890618266,0.20362467890618266,0.782424199394805,0.9999999999999997,17.0,31.0,0.0,15.0,200.0,21916.0,6314.0,6173.0,6873.299996834248,31.0,27.907933762576747
warehouse,3001,d_kam,1.0000000000000002,6.168736517224343,2.0222176486380556,0.0,2.0,1.1922944632261938,216.00388624376046,0.628834559450218,0.4499482249043039,0.23410512328447386,10.811318390333327,0.22377418797738882,0.22377418797738882,2.5260499796286355,0.8622814967209048,12.41195517073073,3.093614134725511,0.2315741902414414,0.2315741902414414,0.7831288473875091,1.0000000000000002,6.0,4.0,0.0,0.0,200.0,7031.0,6272.0,6272.0,2162.2636780666653,4.0,4.615693172461434
warehouse,3002,static,0.8442281461686453,198.10899778284553,9.448192582557903,1856.081696822217,8.0,11322.743461899254,1856.081696822217,18.86887766666336,0.8123651990211473,0.7387363530674205,0.0,1.314489904407312,1.314489904407312,73.98835793465176,0.5028402991874185,5208.089221668992,1453.0215137955033,1.340033232939911,1.340033232939911,0.07600554359001543,0.8442281461686453,0.0,0.0,0.0,0.0,200.0,0.0,0.0,0.0,0.0,0.0,0.0
warehouse,3002,greedy_load,0.9999999999999993,9.137845797963251,2.585431561124081,0.0,8.0,1.1124890035341792,314.9831684157503,0.9166182280995416,0.9066328569957368,0.869995117335836,133.57083947514184,0.2607566305201735,0.2607566305201735,3.0262400980540183,0.5077712812687385,18.37146389686872,4.765338803201222,0.2302652997650318,0.2302652997650318,0.7279678406262287,0.9999999999999993,0.0,90.0,0.0,0.0,200.0,0.0,0.0,0.0,26714.167895028368,90.0,36.181753078590376
warehouse,3002,affinity_greedy,0.8281793456051386,217.73654434652747,9.480805316761279,2047.3093432115659,8.0,10306.072886319253,2047.3093432115659,20.733494590213144,0.7735209775794479,0.6846494624523959,1.271241480280878,1.1177622056746088,1.1177622056746088,70.39135359313735,0.516473635312066,4911.737560958898,1370.3627290071322,1.1622724404502092,1.1622724404502092,0.07290733384069474,0.8281793456051386,0.0,34.0,0.0,0.0,200.0,0.0,0.0,0.0,254.2482960561756,34.0,14.971897507775076
warehouse,3002,balanced_affinity,0.9999999999999989,9.199187252900753,2.6385627861123067,0.0,8.0,1.1240614103117208,314.9831684157503,0.9224456663186043,0.9050610028940104,0.8678064597258371,134.36992377057322,0.261916322786881,0.261916322786881,3.0486470443572715,0.5073362871706978,18.384234207960223,4.7692514685368215,0.2382061616007578,0.2382061616007578,0.7229203742523471,0.9999999999999989,0.0,85.0,0.0,0.0,200.0,0.0,0.0,0.0,26873.984754114645,85.0,31.027553916170707
warehouse,3002,dynamic_leiden,0.9608159683725046,74.50066443139752,8.870778465547378,466.8928443917565,8.0,357.1827950292222,523.1281571348931,7.126085998275796,0.8138154736069038,0.7407557227437901,8.032268189126626,0.8423159199473368,0.8423159199473368,17.91649935199429,0.5161842790423422,368.5040046631782,102.34496789420291,0.8425422868476172,0.8425422868476172,0.1308598847060154,0.9608159683725046,0.0,0.0,20.0,0.0,200.0,2245.0,1440.0,1440.0,1606.4536378253251,74.0,31.606146787937572
warehouse,3002,domain_heuristic,0.9999880758605182,9.108669755750649,2.5640747683289207,0.14208071931570912,8.0,1.195673047206463,314.9831684157503,0.9138465040893441,0.8986270723616099,0.8588478222756593,151.4639712011558,0.27022471594528413,0.27022471594528413,3.0623328549778446,0.5096153410012628,18.399697273665574,4.7716484060345,0.24057725397737617,0.24057725397737617,0.729996735941769,0.9999880758605182,0.0,86.0,0.0,0.0,200.0,40320.0,0.0,0.0,30292.79424023116,86.0,32.11367509323448
warehouse,3002,c_kam,1.0000000000000004,8.291954585602497,2.364952243019155,0.0,3.0,0.9511885748837179,309.4781506135233,0.8362585629252698,0.44091265615754255,0.22152395161176808,22.957602874957956,0.1508878700941196,0.1508878700941196,2.541025438755856,0.7623014545054433,14.468324881329742,3.71566146586981,0.18274670246062313,0.18274670246062313,0.7489133758461964,1.0000000000000004,13.0,41.0,0.0,8.0,200.0,13496.0,6249.0,6047.0,4591.520574991591,41.0,26.34838069439622
warehouse,3002,d_kam,0.9999999999999997,9.85309070823032,2.6894054456151615,0.0,2.0,1.1952441749818672,334.73999987897014,0.9845664945749129,0.5052815407663585,0.31115151245948647,16.946255044458667,0.23304383129302245,0.23304383129302245,2.972687734768207,0.8269806916367295,17.681049214409093,4.562081840588977,0.24446280497703074,0.24446280497703074,0.718090321599576,0.9999999999999997,6.0,6.0,0.0,0.0,200.0,10224.0,6348.0,6348.0,3389.2510088917334,6.0,4.906341934350537
warehouse,3003,static,0.9406407542332376,67.56803718082608,8.53691095630017,688.6048580452132,8.0,1037.511539974691,688.6048580452132,6.440409139100068,0.7979441826191844,0.7186564568115226,0.0,1.2979657531009565,1.2979657531009565,24.875327485855646,0.5048025982990394,517.2537730112722,143.74209014207673,1.2837821388309822,1.2837821388309822,0.17301360042255667,0.9406407542332376,0.0,0.0,0.0,0.0,200.0,0.0,0.0,0.0,0.0,0.0,0.0
warehouse,3003,greedy_load,0.9999804584886084,1.7853654359857676,0.9624971073807916,0.22669391269741423,8.0,1.1678640358980565,94.24306754980843,0.1910553233402397,0.8963015515219288,0.8556097552836985,131.0869868991722,0.22593589684171111,0.22593589684171111,1.7483111748775295,0.5043367302132836,3.5092007031846486,0.6292732365232667,0.19996727589059282,0.19996727589059282,0.8925829160698978,0.9999804584886084,0.0,90.0,0.0,0.0,200.0,0.0,0.0,0.0,26217.397379834438,90.0,34.78278592879143
warehouse,3003,affinity_greedy,0.915864894807279,82.61273277888031,8.705939257600036,976.0205241740732,8.0,2185.0560780276505,976.0205241740732,7.869655220915223,0.6963311751181169,0.5771699906707957,1.2918657246336807,1.2711970139517648,1.2711970139517648,34.10780353255765,0.5085096077247783,886.709710482785,246.88627145312253,1.1991128935878583,1.1991128935878583,0.1569559117990696,0.915864894807279,0.0,39.0,0.0,0.0,200.0,0.0,0.0,0.0,258.37314492673613,39.0,15.807542619759602
warehouse,3003,balanced_affinity,0.9999883287477257,1.9859078397588978,1.1427009830338033,0.13539392072484624,8.0,1.1483905113720103,94.24306754980843,0.21010685169868715,0.8826302296476842,0.8365737374841176,131.48436427974957,0.2453338659824938,0.2453338659824938,1.8109423488817569,0.5041619025076665,3.550813669001057,0.6380363750497599,0.22528042206964152,0.22528042206964152,0.8754635478828616,0.9999883287477257,0.0,85.0,0.0,0.0,200.0,0.0,0.0,0.0,26296.872855949914,85.0,30.69252876437963
warehouse,3003,dynamic_leiden,0.9695729600470374,21.315384835593097,6.086335375395251,352.97294055709807,8.0,344.929328923892,352.97294055709807,2.0464071663029357,0.7536623761857366,0.6569982453219118,9.88534032687312,0.8624306912730085,0.8624306912730085,8.56148493318039,0.5141384933742188,72.47923058488794,19.724083485496003,0.8028025053214023,0.8028025053214023,0.40581828060852415,0.9695729600470374,0.0,0.0,21.0,0.0,200.0,2747.0,1512.0,1512.0,1977.068065374624,113.0,42.53074851384554
warehouse,3003,domain_heuristic,0.9999993587343772,1.9395943456423639,1.109860995011843,0.0074390874972875,8.0,1.1210929407873835,94.24306754980843,0.20570706975761638,0.8800129890871569,0.8329294784757877,149.07568969967542,0.24667369180295395,0.24667369180295395,1.8054150735989334,0.504784218453912,3.536923183177271,0.6340037447270965,0.22465915830571898,0.22465915830571898,0.8785833467449479,0.9999993587343772,0.0,87.0,0.0,0.0,200.0,40320.0,0.0,0.0,29815.137939935084,87.0,31.526783819348914
warehouse,3003,c_kam,1.0,1.7917928399571592,0.9459231996180276,0.0,2.0,1.0554368724094862,94.33413462068475,0.19166592671752194,0.5042384476526991,0.30969910432654296,22.562946704856586,0.15454916953421535,0.15454916953421535,1.5864792281122249,0.7279475186440137,3.237841894045642,0.578689829928409,0.17042466515127572,0.17042466515127572,0.8941574373073604,1.0,15.0,34.0,0.0,9.0,200.0,13885.0,6328.0,6051.0,4512.589340971317,34.0,23.707259333275914
warehouse,3003,d_kam,0.9999999999999993,1.7979725627264063,0.9166242516432591,0.0,2.0,1.2145719239133095,94.33413462068475,0.19225300038060045,0.3921680777483941,0.15365175382687793,11.446350005426211,0.24314825843391716,0.24314825843391716,1.6048906334816326,0.8799790103134495,3.4461190210372563,0.5905125913703737,0.27031275309716124,0.27031275309716124,0.8969408373649634,0.9999999999999993,6.0,1.0,0.0,0.0,200.0,7359.0,6225.0,6225.0,2289.2700010852423,1.0,3.387747915662626
warehouse,3004,static,0.9209961143151115,94.23792131499664,8.874166371986808,904.291648792657,8.0,2661.5772783267757,904.291648792657,8.978996845960244,0.8188422764504754,0.7477550684753453,0.0,1.3901329011452643,1.3901329011452643,37.47082323297554,0.512440496754479,1198.2413384133122,333.785156497488,1.3610276061318722,1.3610276061318722,0.13859525879797613,0.9209961143151115,0.0,0.0,0.0,0.0,200.0,0.0,0.0,0.0,0.0,0.0,0.0
warehouse,3004,greedy_load,1.0000000000000002,3.429552381028517,1.5817562608934665,0.0,8.0,1.1165556852889054,136.66861751926754,0.35220179723327105,0.8823687504562653,0.8362096525340406,130.7018139808497,0.2699749507859478,0.2699749507859478,2.159066518081821,0.5089653920797182,5.820948887464203,1.2633801352700142,0.257886683932266,0.257886683932266,0.8313742193518436,1.0000000000000002,0.0,90.0,0.0,0.0,200.0,0.0,0.0,0.0,26140.36279616994,90.0,34.11225528686052
warehouse,3004,affinity_greedy,0.8992653045923873,107.42738208339036,8.960350460443715,1153.0261203114394,8.0,2803.5146249692802,1153.0261203114394,10.231995618957647,0.7284588403149521,0.6219047143625916,1.229107605322497,1.2723890769721575,1.2723890769721575,35.45690520308946,0.5118267226205369,1282.0105017233932,357.21440389241974,1.2200103439427026,1.2200103439427026,0.1304077703945699,0.8992653045923873,0.0,31.0,0.0,0.0,200.0,0.0,0.0,0.0,245.8215210644994,31.0,11.986996149370489
warehouse,3004,balanced_affinity,1.0000000000000007,3.2906757268511857,1.4507530171986132,0.0,8.0,1.1503703128459752,136.66861751926754,0.3390085150864246,0.8469166070868569,0.7868459086019525,130.5455027653079,0.27629006385876226,0.27629006385876226,2.1215575033940812,0.5105923461494222,5.790740088958359,1.2588729614436438,0.24049713829014888,0.24049713829014888,0.8438195275028548,1.0000000000000007,0.0,85.0,0.0,0.0,200.0,0.0,0.0,0.0,26109.10055306158,85.0,29.377987299340862
warehouse,3004,dynamic_leiden,0.9776271198461267,30.780067261636646,7.650150416248498,256.08371673365485,8.0,231.03481925776833,289.3488989165089,2.950500710891043,0.7254657099356463,0.6177370644673555,6.383983924461063,0.963374150324418,0.963374150324418,10.79698355123909,0.5089728409538103,89.02001955438864,24.319200428262672,0.9410187065883303,0.9410187065883303,0.2548767745931157,0.9776271198461267,0.0,0.0,16.0,0.0,200.0,1773.0,1152.0,1152.0,1276.7967848922126,90.0,33.602136085440584
warehouse,3004,domain_heuristic,1.0000000000000002,3.3457457710623877,1.5014204459995322,0.0,8.0,1.1712083113487093,136.66861751926754,0.3442401692864888,0.8511706288479237,0.7927692300414129,148.40524897372234,0.2787866738265776,0.2787866738265776,2.1431817665003496,0.510344179615384,5.812405507046324,1.2635662563917334,0.24818808907012077,0.24818808907012077,0.8390061217667675,1.0000000000000002,0.0,87.0,0.0,0.0,200.0,40292.0,0.0,0.0,29681.049794744467,87.0,29.900112292688338
warehouse,3004,c_kam,1.0000000000000004,2.9034250622592195,1.2092519607547008,0.0,4.0,0.982584185249336,137.08282876528858,0.3022197019501878,0.5017154790639724,0.3061861100890755,22.382973739149747,0.1684095249941087,0.1684095249941087,1.784827775768021,0.7326654190930229,4.975364482285009,1.0588199526899011,0.16859051006985548,0.16859051006985548,0.8667621278650265,1.0000000000000004,18.0,28.0,0.0,14.0,200.0,13754.0,6199.0,6051.0,4476.5947478299495,28.0,26.489380102281665
warehouse,3004,d_kam,1.0000000000000007,4.386931047416536,2.2069866283571526,0.0,2.0,1.2501397258740872,137.08282876528858,0.4431527705401329,0.4544603853669952,0.24038787835910713,11.705280909809517,0.28404901901704144,0.28404901901704144,2.1357328962710627,0.8519402577625794,5.626332665268201,1.1848298623209645,0.2874697591324735,0.2874697591324735,0.7719773344427935,1.0000000000000007,6.0,6.0,0.0,0.0,200.0,7237.0,6303.0,6303.0,2341.0561819619033,6.0,5.321752628836372
warehouse,3005,static,0.8797925990782942,120.85561304279264,9.024370534653949,1324.9579204970437,8.0,9733.409781819028,1324.9579204970437,11.507293875308683,0.8496386137613725,0.7906360444778605,0.0,1.625134532301149,1.625134532301149,84.7995071464495,0.5111530199077563,2820.951835682917,786.6387982222494,1.6048967272399535,1.6048967272399535,0.12463520281951464,0.8797925990782942,0.0,0.0,0.0,0.0,200.0,0.0,0.0,0.0,0.0,0.0,0.0
warehouse,3005,greedy_load,0.9999832545036172,2.6302658776643932,1.1940448329867142,0.1845733115868362,8.0,1.188595856521811,137.52485119154045,0.2758858946214973,0.910732696884037,0.8757037551549882,127.09459491117741,0.2529727552301442,0.2529727552301442,2.0951496798465725,0.521467228149384,4.452788899561838,0.8780031913235156,0.19421342429407923,0.19421342429407923,0.8685161444779018,0.9999832545036172,0.0,90.0,0.0,0.0,200.0,0.0,0.0,0.0,25418.918982235482,90.0,34.596617599910914
warehouse,3005,affinity_greedy,0.8704499025288844,114.61639414690772,8.936437566981537,1427.935604874434,8.0,10164.859496160158,1427.935604874434,10.91456808019961,0.7753484658715002,0.6871940664033547,1.3540125561121386,1.7167998656609655,1.7167998656609655,85.00959553199274,0.5349925363701941,2747.8989132649235,766.2287371574735,1.7088879545377227,1.7088879545377227,0.13298883474839365,0.8704499025288844,0.0,56.0,0.0,0.0,200.0,0.0,0.0,0.0,270.8025112224277,56.0,21.237569066712805
warehouse,3005,balanced_affinity,0.9999629943753666,2.934939841086561,1.4668385736986387,0.40788582970636394,8.0,1.1128933324131487,137.52485119154045,0.3048299211466032,0.9071057335991852,0.8706535531127895,127.388782024791,0.2648012044673226,0.2648012044673226,2.2141304911768587,0.5186147659164233,4.522015122042924,0.8957000520224311,0.23099555252467852,0.23099555252467852,0.8426007391102691,0.9999629943753666,0.0,87.0,0.0,0.0,200.0,0.0,0.0,0.0,25477.7564049582,87.0,29.760115386433153
warehouse,3005,dynamic_leiden,0.9464389460449335,49.96987342995025,8.231128404750644,590.3641716216579,8.0,853.5989095174986,590.3641716216579,4.773148612088653,0.8011847094240103,0.7231685827422928,7.1141214936506,1.086606809210537,1.086606809210537,18.110452439166085,0.5311051033722167,240.07702715664087,66.42878991155416,1.0552228058891437,1.0552228058891437,0.19999320516032867,0.9464389460449335,0.0,0.0,15.0,0.0,200.0,2078.0,1080.0,1080.0,1422.82429873012,65.0,25.07140636462568
warehouse,3005,domain_heuristic,0.9999569815377563,2.783357013602911,1.329004107008015,0.4741609238742991,8.0,1.125904312665706,137.52485119154045,0.2904295525356565,0.8992398965036773,0.8597011217139809,144.23362158442615,0.2502386833478714,0.2502386833478714,2.1562039829885675,0.5193274470392812,4.478773317873058,0.8886969471336738,0.2125243856062227,0.2125243856062227,0.8556950134458784,0.9999569815377563,0.0,86.0,0.0,0.0,200.0,39886.0,0.0,0.0,28846.72431688523,86.0,31.32109366803707
warehouse,3005,c_kam,0.9999272796708409,2.558697375139751,1.1313439128768938,0.8015427948782252,5.0,0.9451579196562955,137.71351401498717,0.2690868868816563,0.5464543645681029,0.3684807607910294,32.670408878766466,0.1610826844422957,0.1610826844422957,1.9374894674517713,0.6660816852443949,4.065601842870918,0.8175070725507567,0.16361976297725098,0.16361976297725098,0.8744727318883347,0.9999272796708409,17.0,28.0,0.0,14.0,200.0,20737.0,6376.0,6155.0,6534.081775753293,28.0,25.26588575610916
warehouse,3005,d_kam,0.9998969069611274,2.8076790495592747,1.3123020430827357,1.1363188735049423,2.0,1.2644856936638602,137.52485119154045,0.292740145951511,0.5607605190112973,0.3884007226739582,15.518640435038833,0.2521977992305439,0.2521977992305439,2.0634706421474216,0.7908048437988822,4.5317426114763375,0.8870600161595164,0.23077232342257795,0.23077232342257795,0.8572817095187798,0.9998969069611274,6.0,6.0,0.0,0.0,200.0,9617.0,6316.0,6316.0,3103.7280870077666,6.0,5.542173038928598
warehouse,3006,static,0.8741405382676267,136.47119039877694,9.267385201154779,1531.4919504116515,8.0,9473.586104091371,1531.4919504116515,13.006907601681375,0.8024776964147171,0.7249689443749224,0.0,1.8032671815215338,1.8032671815215338,73.43988213955076,0.5133214771524184,3926.630845278917,1095.208720366195,1.7845810726948292,1.7845810726948292,0.09533955511174165,0.8741405382676267,0.0,0.0,0.0,0.0,200.0,0.0,0.0,0.0,0.0,0.0,0.0
warehouse,3006,greedy_load,0.9999630890102688,5.465938364345767,1.794244018499546,0.449142900175662,8.0,1.2075592461506885,212.14552051531248,0.5614086584104148,0.8999520514280459,0.8606927298365199,130.0336973692174,0.2913958715444827,0.2913958715444827,2.721162934585036,0.517103270639426,13.364238791425949,3.3578332490214415,0.2491731349044132,0.2491731349044132,0.8052879674639888,0.9999630890102688,0.0,90.0,0.0,0.0,200.0,0.0,0.0,0.0,26006.73947384348,90.0,35.62911681501535
warehouse,3006,affinity_greedy,0.8634528191575408,156.27518302809088,9.341383651684726,1661.543005453998,8.0,8113.437076115968,1661.543005453998,14.888286901466198,0.7629856926251357,0.6699800783387964,1.239385200169636,1.4642551277483056,1.4642551277483056,69.19240856395008,0.5271598073209467,3564.511845133355,994.2329819033004,1.4791174397274287,1.4791174397274287,0.08830970231139668,0.8634528191575408,0.0,38.0,0.0,0.0,200.0,0.0,0.0,0.0,247.8770400339272,38.0,15.920617295574933
warehouse,3006,balanced_affinity,1.0000000000000007,5.512699856689,1.8284403191165721,0.0,8.0,1.1510941215693207,212.14552051531248,0.5658510001830218,0.8941949535601427,0.8526765176153885,129.97725869485294,0.2806161925955256,0.2806161925955256,2.7529382242970954,0.5197761918098651,13.37776290223527,3.3650614670449475,0.25935022030243066,0.25935022030243066,0.8020393189053714,1.0000000000000007,0.0,82.0,0.0,0.0,200.0,0.0,0.0,0.0,25995.451738970587,82.0,31.30488868605089
warehouse,3006,dynamic_leiden,0.9758963537755357,57.26717797827727,8.583133293036514,293.2996825207582,8.0,105.0791980053155,506.0776155520903,5.4825264217339065,0.8120648568899693,0.7383181551632484,7.604037470446201,1.3170037847770184,1.3170037847770184,28.13187140504042,0.5234219777884686,395.6756053192047,109.79478925489748,1.2771950537673484,1.2771950537673484,0.16034348638297682,0.9758963537755357,0.0,0.0,16.0,0.0,200.0,2173.0,1152.0,1152.0,1520.8074940892402,78.0,30.623377134376423
warehouse,3006,domain_heuristic,1.0000000000000002,5.902920421151264,2.137429785957457,0.0,8.0,1.127254706810176,212.14552051531248,0.6029219538069369,0.8699489656981143,0.8189162813518047,148.29500268911943,0.3291093129231001,0.3291093129231001,2.8491285820899384,0.520559775324556,13.518995675752551,3.3947633149925873,0.295086485628887,0.295086485628887,0.7726853195554872,1.0000000000000002,0.0,87.0,0.0,0.0,200.0,40152.0,0.0,0.0,29659.000537823886,87.0,32.55307057390147
warehouse,3006,c_kam,0.9999750385271184,5.373213490528714,1.750785476809225,0.30373794916812874,8.0,1.0134585852744697,212.29121863522806,0.5525997953977947,0.5407551234621469,0.3605451086181794,36.65517250163248,0.19346590521172924,0.19346590521172924,2.3690408466266395,0.6876177214089612,11.211412180996247,2.798279316510067,0.20290587394908882,0.20290587394908882,0.8094165289245693,0.9999750385271184,10.0,39.0,0.0,10.0,200.0,21110.0,6266.0,6163.0,7331.034500326496,39.0,25.23868500033607
warehouse,3006,d_kam,1.0,6.456552576952507,2.0171101707661134,0.0,2.0,1.3395114305848066,226.41540272751143,0.655517008608055,0.3780299696991189,0.1339657805937099,11.311502378812293,0.32510119330847337,0.32510119330847337,2.6558112374610134,0.901733268259442,13.166264099707305,3.2771732393793305,0.3316080686984371,0.3316080686984371,0.7841156829986651,1.0,6.0,3.0,0.0,0.0,200.0,6840.0,6253.0,6253.0,2262.3004757624585,3.0,4.339217436755246
warehouse,3007,static,0.8970153832046571,103.15679631392076,8.887215058283095,1081.217081091546,8.0,5582.288062104948,1081.217081091546,9.826160544239169,0.8357415854174701,0.7712857518471102,0.0,1.442033559933709,1.442033559933709,47.28620959459437,0.5205985660856386,1663.2461135485282,463.5557942435925,1.4114802022661073,1.4114802022661073,0.13762911592033558,0.8970153832046571,0.0,0.0,0.0,0.0,200.0,0.0,0.0,0.0,0.0,0.0,0.0
warehouse,3007,greedy_load,1.0000000000000004,2.3288208228608664,1.1617292179009988,0.0,8.0,1.1696265763367615,119.96165309172827,0.24750287258847942,0.9128857268630859,0.8787016449992336,124.65848270483548,0.2531638328637565,0.2531638328637565,2.158762729075752,0.5288039197612666,4.1609367375766695,0.7939458158498873,0.2127206314204747,0.2127206314204747,0.8715502707566348,1.0000000000000004,0.0,90.0,0.0,0.0,200.0,0.0,0.0,0.0,24931.696540967096,90.0,35.890427428451005
warehouse,3007,affinity_greedy,0.8884854142827044,124.15691660216645,9.049498687404885,1170.771699893729,8.0,4310.6970949923,1170.771699893729,11.821171971622507,0.7737941795076526,0.685029870200529,1.2444509954366367,1.230263904352073,1.230263904352073,51.186659619541835,0.5241881872598259,1625.236149830384,453.0149428407344,1.1840630846378344,1.1840630846378344,0.12221217115376568,0.8884854142827044,0.0,40.0,0.0,0.0,200.0,0.0,0.0,0.0,248.89019908732735,40.0,15.34355999854264
warehouse,3007,balanced_affinity,1.000000000000001,2.376911580569177,1.210753266550962,0.0,8.0,1.089234536152326,119.96165309172827,0.2520714945707689,0.8990860554519757,0.8594869126546497,126.16779257936287,0.26670350370101087,0.26670350370101087,2.1820601146890346,0.5296820935451249,4.170579420345398,0.7953848852987968,0.22221045654525692,0.22221045654525692,0.8668929861348883,1.000000000000001,0.0,78.0,0.0,0.0,200.0,0.0,0.0,0.0,25233.558515872573,78.0,28.197913407516978
warehouse,3007,dynamic_leiden,0.8719034596984383,122.89361620137367,8.90184670521775,1344.8626767045855,8.0,10038.315025917933,1344.8626767045855,11.701158433547198,0.6787660540348819,0.5527122271371773,4.79824056092184,1.4852603071838093,1.4852603071838093,54.3348781445361,0.5262267101706971,2989.437307386601,833.7289997782883,1.4410559029466554,1.4410559029466554,0.13623910946154363,0.8719034596984383,0.0,0.0,15.0,0.0,200.0,1362.0,1080.0,1080.0,959.6481121843681,43.0,16.971806975656932
warehouse,3007,domain_heuristic,0.9999522133523335,2.4129648142197127,1.246173112072896,0.5017034709986585,8.0,1.124840353960343,119.96165309172827,0.2554965517675697,0.8988961953928138,0.859222550546956,142.94095525474404,0.26792440559830927,0.26792440559830927,2.1803135379757306,0.5290579264750835,4.174944236298523,0.7963593073183982,0.22720128285980842,0.22720128285980842,0.8635281008103047,0.9999522133523335,0.0,86.0,0.0,0.0,200.0,39564.0,0.0,0.0,28588.191050948808,86.0,29.95991460502088
warehouse,3007,c_kam,1.0000000000000004,2.1811215084521387,1.0616704695322725,0.0,5.0,0.9215983495640487,119.91902537109947,0.23347143771965015,0.4761355654631743,0.27056850887277434,35.45391745909001,0.18790663031335103,0.18790663031335103,1.9789158431464526,0.6614804518456733,3.6146234176897183,0.6968788745364867,0.18353847166489004,0.18353847166489004,0.8810558518516638,1.0000000000000004,17.0,32.0,0.0,14.0,200.0,22068.0,6633.0,6175.0,7090.7834918180015,32.0,27.551187828196934
warehouse,3007,d_kam,1.0000000000000007,2.941509278588474,1.3688760419999908,0.0,3.0,1.2476655913018146,136.54870716432103,0.3057082758826021,0.5858806200547496,0.42337807855724635,19.815575959073612,0.24310445338401204,0.24310445338401204,2.1824979938575475,0.8092669905889502,4.654608182709142,0.914770595741315,0.23708839734252013,0.23708839734252013,0.8518713224672306,1.0000000000000007,5.0,5.0,0.0,0.0,200.0,12501.0,6371.0,6371.0,3963.1151918147225,5.0,4.724647018350513
warehouse,3008,static,0.8656875998205681,141.12414346137248,9.16928618645672,1411.7601130721675,8.0,8230.832441611496,1411.7601130721675,13.442206666036041,0.7635968090363078,0.670830999923973,0.0,1.2462483150647976,1.2462483150647976,60.198461075197784,0.5121314358917682,3217.257749528861,897.3737972418219,1.3100379702818987,1.3100379702818987,0.10729928921371122,0.8656875998205681,0.0,0.0,0.0,0.0,200.0,0.0,0.0,0.0,0.0,0.0,0.0
warehouse,3008,greedy_load,1.0,3.96104166765976,1.6133861982306672,0.0,8.0,1.1388957766945829,148.0477130620766,0.41171199563333105,0.8959948138090088,0.8551826521391261,126.98035706576775,0.24179146855056602,0.24179146855056602,1.9513896538754048,0.5216727396017666,5.967134335156177,1.3062044083884579,0.21525163608860665,0.21525163608860665,0.8251097880951861,1.0,0.0,90.0,0.0,0.0,200.0,0.0,0.0,0.0,25396.07141315355,90.0,33.66580709020546
warehouse,3008,affinity_greedy,0.8310757625268151,149.53322751096655,9.148067398876762,1775.5657726105665,8.0,7716.347487829042,1775.5657726105665,14.241069650747477,0.7043793886226113,0.5883763639049018,1.182680984493345,1.227762283562226,1.227762283562226,57.60097245470639,0.5575802180923242,2986.861379573263,833.0691434278793,1.2107738966909787,1.2107738966909787,0.10931507403380727,0.8310757625268151,0.0,36.0,0.0,0.0,200.0,0.0,0.0,0.0,236.536196898669,36.0,13.932314551457033
warehouse,3008,balanced_affinity,0.9999999999999997,3.7902370463054504,1.4607501038319597,0.0,8.0,1.1147616707773556,148.0477130620766,0.3954855566046715,0.8843018832425158,0.8389013564136295,127.84785809519235,0.22715602219327283,0.22715602219327283,1.8949501543661262,0.5168251524766148,5.924810989212208,1.3020004360495328,0.1950985568509835,0.1950985568509835,0.8396102170630633,0.9999999999999997,0.0,81.0,0.0,0.0,200.0,0.0,0.0,0.0,25569.57161903847,81.0,28.9392130875013
warehouse,3008,dynamic_leiden,0.9145522113266846,96.37636933178995,8.87690887582537,898.1432811717386,8.0,2934.2114060430144,898.1432811717386,9.1911681237257,0.7645648111881276,0.6721788510214434,7.186293910926906,1.1662077500219121,1.1662077500219121,32.38538664493549,0.521101629037726,1248.5688773181878,347.9013531600287,1.1586050438505273,1.1586050438505273,0.13507513372368946,0.9145522113266846,0.0,0.0,16.0,0.0,200.0,2113.0,1152.0,1152.0,1437.2587821853813,67.0,25.868607345263676
warehouse,3008,domain_heuristic,0.9999999999999994,4.0589281597732345,1.6914133040641046,0.0,8.0,1.1092500087190762,148.0477130620766,0.4210112123841111,0.8728344633723124,0.822934062923473,145.62266088527394,0.2511628806398433,0.2511628806398433,1.9865989562720612,0.5242587347740886,6.009511417737383,1.3188954718359236,0.22750140426485757,0.22750140426485757,0.8176972130410093,0.9999999999999994,0.0,80.0,0.0,0.0,200.0,40096.0,0.0,0.0,29124.53217705479,80.0,28.88472255568246
warehouse,3008,c_kam,1.0000000000000002,3.4517655400129352,1.3317879860179054,0.0,3.0,1.0076914384109206,150.24082286394102,0.36333076350688276,0.5852624244058009,0.42251729980554553,37.31325267479406,0.14611891952052555,0.14611891952052555,1.6728808196593934,0.6545335312724825,4.759435839878736,1.0119910672662171,0.16459364174309804,0.16459364174309804,0.8518616182553984,1.0000000000000002,13.0,40.0,0.0,8.0,200.0,23201.0,6406.0,6188.0,7462.6505349588115,40.0,24.986127298548773
warehouse,3008,d_kam,1.0000000000000002,4.283522800442463,1.8588242170396687,0.0,2.0,1.2590853608546608,158.09424962081312,0.4423477032476879,0.5458971730845659,0.36770492454812964,10.850960165989818,0.22500055441301858,0.22500055441301858,1.8632930063200672,0.7941382368432063,5.4906935107052,1.1639118963241435,0.21839211600686334,0.21839211600686334,0.801793176308331,1.0000000000000002,6.0,4.0,0.0,0.0,200.0,7061.0,6260.0,6260.0,2170.1920331979636,4.0,4.679723019762941
warehouse,3009,static,0.9232183312520649,73.36577382368637,8.658982165810627,814.3560258294351,8.0,2155.4573171947445,814.3560258294351,6.991220738341594,0.8570395222728586,0.8009411069622082,0.0,1.0699166003746334,1.0699166003746334,27.807521731890994,0.5059065412939476,615.2536691221601,171.14893224890392,1.078367573935737,1.078367573935737,0.1616688691234123,0.9232183312520649,0.0,0.0,0.0,0.0,200.0,0.0,0.0,0.0,0.0,0.0,0.0
warehouse,3009,greedy_load,0.9999749540261912,2.376430489427745,1.0732593090362545,0.26564074506547464,8.0,1.2105779912336234,109.3424884851218,0.24723312158702282,0.9199517967285072,0.8885404764574151,127.82416749061667,0.18828492930474258,0.18828492930474258,1.6395512080715537,0.5155786365482188,3.6703780612740013,0.6776692217362766,0.16783143313081086,0.16783143313081086,0.8823125405169777,0.9999749540261912,0.0,90.0,0.0,0.0,200.0,0.0,0.0,0.0,25564.833498123335,90.0,34.376188128925
warehouse,3009,affinity_greedy,0.8717142691603756,97.65671043342424,8.78564726486071,1360.6145795052175,8.0,12916.64348579227,1360.6145795052175,9.29885971626669,0.7515695234040735,0.6540841465120011,1.3272491651878227,1.490531993836255,1.490531993836255,61.00375143406654,0.5227007652453528,2505.557945053275,698.657976302908,1.4350449069530193,1.4350449069530193,0.14963568471365446,0.8717142691603756,0.0,52.0,0.0,0.0,200.0,0.0,0.0,0.0,265.44983303756453,52.0,20.627807086771803
warehouse,3009,balanced_affinity,0.9999999999999997,2.417694134141358,1.115883313525994,0.0,8.0,1.137020233020285,109.3424884851218,0.251153167834816,0.9056000640136023,0.8685570511581804,129.909641554259,0.2084500937098709,0.2084500937098709,1.663003348147417,0.5121905875072048,3.6806589990938225,0.6785494806434982,0.17683144143414453,0.17683144143414453,0.8782632600904524,0.9999999999999997,0.0,81.0,0.0,0.0,200.0,0.0,0.0,0.0,25981.9283108518,81.0,28.502227479907802
warehouse,3009,dynamic_leiden,0.9128171440098852,64.86279006667075,7.926710223153697,924.6723245576605,8.0,4640.671455608754,924.6723245576605,6.183437281425109,0.7781739116155731,0.6911282313634564,7.099443314655218,1.2585405175576503,1.2585405175576503,33.86615813319753,0.5180307223597326,978.7174393786711,272.5541230671426,1.2202461675237937,1.2202461675237937,0.23123470367582083,0.9128171440098852,0.0,0.0,15.0,0.0,200.0,2025.0,1080.0,1080.0,1419.8886629310437,67.0,25.712814379600797
warehouse,3009,domain_heuristic,0.9999999999999997,2.382033435618608,1.0791938993500878,0.0,8.0,1.139314140358323,109.3424884851218,0.24776540147515472,0.8909796441091319,0.8481995044557533,148.33833977463655,0.2001190180972754,0.2001190180972754,1.642791711188143,0.513491144187215,3.6622166185670495,0.677724139114149,0.17151467747674315,0.17151467747674315,0.8817487544371636,0.9999999999999997,0.0,87.0,0.0,0.0,200.0,40320.0,0.0,0.0,29667.66795492731,87.0,29.829528178233538
warehouse,3009,c_kam,0.999975149447263,2.233324823829667,1.0266440048868535,0.263568084630377,6.0,0.97288430356568,109.38121689837368,0.23363808335520533,0.5581847512348347,0.38481421058014964,33.36898023044341,0.11617232989074548,0.11617232989074548,1.5123594410734134,0.685134839984023,3.0173505470388076,0.5304916914758726,0.14317535418779212,0.14317535418779212,0.8867409944111708,0.999975149447263,13.0,28.0,0.0,11.0,200.0,20496.0,6327.0,6152.0,6673.7960460886825,28.0,21.802878226699008
warehouse,3009,d_kam,0.9999999999999994,2.428454025476695,1.166719218656376,0.0,2.0,1.169789344001231,109.38121689837368,0.252175357511673,0.5378740834121428,0.35653353386500897,14.812328003317816,0.15086178177731885,0.15086178177731885,1.5575446333161491,0.8315562914472935,3.3036982968947695,0.5653864163789418,0.16643389476309395,0.16643389476309395,0.8734338491030662,0.9999999999999994,6.0,3.0,0.0,0.0,200.0,9283.0,6285.0,6285.0,2962.4656006635632,3.0,4.118704216142158
warehouse,3010,static,0.8476127569903654,139.37062867099914,9.261349878726886,2068.4813358170595,8.0,13762.276068879673,2068.4813358170595,13.281310832656485,0.7939298917053308,0.7130669378175495,0.0,1.9290881879665573,1.9290881879665573,79.77779032968502,0.5032586088825016,3711.855208893226,1035.2304908082715,1.7372374831396753,1.7372374831396753,0.09613108825754516,0.8476127569903654,0.0,0.0,0.0,0.0,200.0,0.0,0.0,0.0,0.0,0.0,0.0
warehouse,3010,greedy_load,0.9999999999999992,6.27924110142526,2.0837252007134945,0.0,8.0,1.1713381911244318,259.3451613931995,0.6376290135469678,0.9096741844820911,0.8742298771269624,133.34194059571018,0.309702424793646,0.309702424793646,3.171992327849199,0.5085550888478817,15.06831129803778,3.829288004762588,0.27363086946782667,0.27363086946782667,0.7780054326688175,0.9999999999999992,0.0,90.0,0.0,0.0,200.0,0.0,0.0,0.0,26668.388119142037,90.0,33.707172020656
warehouse,3010,affinity_greedy,0.8309613265479329,152.40167242451017,9.302797660468803,2294.505328407108,8.0,14253.281538300616,2294.505328407108,14.519259989240032,0.7396978900163824,0.6375540240734441,1.1847608542302623,1.7810730283443197,1.7810730283443197,79.89452781857568,0.5345051929046475,3803.586982671373,1060.8760777175282,1.6053596398953698,1.6053596398953698,0.09219354899206317,0.8309613265479329,0.0,30.0,0.0,0.0,200.0,0.0,0.0,0.0,236.95217084605247,30.0,11.72809247772763
warehouse,3010,balanced_affinity,0.999975377534011,6.279797251768468,2.084625013967106,0.3342216207374167,8.0,1.1388306934750905,259.3451613931995,0.6376818478295724,0.9002458536309891,0.8611018215115038,133.9268372899096,0.3048500924634043,0.3048500924634043,3.173213496118826,0.5063603073958651,15.054925920132643,3.829206464727972,0.2757742331777611,0.2757742331777611,0.7779199504097244,0.999975377534011,0.0,89.0,0.0,0.0,200.0,0.0,0.0,0.0,26785.36745798192,89.0,30.496029835235547
warehouse,3010,dynamic_leiden,0.9572416893818247,55.79692558804942,8.54633372155669,580.3948264827618,8.0,656.6167119375813,580.3948264827618,5.341809039776263,0.7862118342856127,0.7023202755875622,7.995469680754468,1.0548294701276975,1.0548294701276975,16.316926335691736,0.5163742226413308,257.6784947991149,71.3570378666771,0.9954533507095291,0.9954533507095291,0.16405762318871367,0.9572416893818247,0.0,0.0,18.0,0.0,200.0,2230.0,1296.0,1296.0,1599.0939361508936,78.0,30.159709769621934
warehouse,3010,domain_heuristic,1.0,6.413108525583493,2.212060247786334,0.0,8.0,1.114116000789744,259.3451613931995,0.6503464188419998,0.8930768035748684,0.851119599914374,149.668915430957,0.34293054495525366,0.34293054495525366,3.221667175432409,0.5085355732936351,15.105427683304647,3.833251982993187,0.2951117319171606,0.2951117319171606,0.7658136031968976,1.0,0.0,90.0,0.0,0.0,200.0,40292.0,0.0,0.0,29933.783086191397,90.0,31.485747267740244
warehouse,3010,c_kam,0.9999803289034149,6.156658513622909,1.9602606323378289,0.2670124830458033,5.0,0.9973242403279443,259.7454670357221,0.6259836677057442,0.4903338661839859,0.29033829468656264,31.231875179510098,0.22506956864057387,0.22506956864057387,2.78836241030281,0.7182586089249494,13.84594644649149,3.525241592816477,0.22681395462783802,0.22681395462783802,0.7897345666645057,0.9999803289034149,7.0,46.0,0.0,4.0,200.0,18047.0,6267.0,6116.0,6246.37503590202,46.0,20.315603973436204
warehouse,3010,d_kam,0.9999999999999996,6.18224121057974,1.9962179973732332,0.0,2.0,1.3256936485136752,259.65318293132145,0.6284140239166431,0.5032572307907616,0.3083328529997946,12.22922666638624,0.285008482223997,0.285008482223997,2.9555616784749073,0.8736258713962987,14.349391717842753,3.605316252929257,0.2589669259422007,0.2589669259422007,0.7863186169861422,0.9999999999999996,6.0,11.0,0.0,0.0,200.0,7141.0,6359.0,6359.0,2445.845333277248,11.0,7.284046685731801
warehouse,3011,static,0.9530287622456762,58.725803507408656,8.51531190498181,531.5853825788538,8.0,1372.0201959719182,531.5853825788538,5.603120510809421,0.790357240657313,0.7080923604089168,0.0,1.8054652360525938,1.8054652360525938,53.0086784691176,0.514466323788226,678.7650443416007,188.67941840062173,1.6856484437679882,1.6856484437679882,0.1736919808491454,0.9530287622456762,0.0,0.0,0.0,0.0,200.0,0.0,0.0,0.0,0.0,0.0,0.0
warehouse,3011,greedy_load,0.9999382760077844,2.9683685469963486,1.676493968203403,0.6985460376307386,8.0,1.1504045943135397,128.05907004508043,0.30616418957025116,0.8790629891728327,0.831606693784957,125.5649074644316,0.534939311320116,0.534939311320116,4.216536100193487,0.5199266171977502,6.486730291674808,1.372710126306555,0.506325918124379,0.506325918124379,0.8233796848430941,0.9999382760077844,0.0,89.0,0.0,0.0,200.0,0.0,0.0,0.0,25112.98149288632,89.0,36.195063772761834
warehouse,3011,affinity_greedy,0.8885725888396339,105.4705420714642,8.883734959380904,1261.0522060599078,8.0,5341.118373534895,1261.0522060599078,10.043870674394695,0.6422777258562796,0.5019056942302627,1.1863728781463578,1.4326438043665684,1.4326438043665684,53.148500159628796,0.5563583022967683,1329.6666916204827,370.47352582750887,1.2731395474041505,1.2731395474041505,0.13869179068123147,0.8885725888396339,0.0,35.0,0.0,0.0,200.0,0.0,0.0,0.0,237.27457562927157,35.0,13.449500039761533
warehouse,3011,balanced_affinity,0.9999741467761089,3.1727882963877105,1.8280815206960548,0.2925874763004422,8.0,1.1575709018724645,128.05907004508043,0.3255840657624305,0.8303978585867224,0.7638451195511324,123.92045866596163,0.5436385685933538,0.5436385685933538,4.230402379268143,0.5231486456402301,6.488962436688273,1.3786527964474677,0.5090854017610839,0.5090854017610839,0.8089788673562921,0.9999741467761089,0.0,72.0,0.0,0.0,200.0,0.0,0.0,0.0,24784.091733192327,72.0,26.08201717819269
warehouse,3011,dynamic_leiden,0.9781395842731875,25.950842631551527,7.314315617307028,247.39985601935388,8.0,254.29193482729977,247.39985601935388,2.489499227602993,0.7302380468104787,0.6243820904956031,9.231885864428477,1.351135858869607,1.351135858869607,16.537633988208828,0.5217931219530341,92.24875538912497,25.107740156462498,1.195858205066055,1.195858205066055,0.2877866281782497,0.9781395842731875,0.0,0.0,19.0,0.0,200.0,2742.0,1368.0,1368.0,1846.3771728856955,104.0,40.9906847954111
warehouse,3011,domain_heuristic,0.9999498204902223,3.1912700834220273,1.860001928422839,0.5678942088399533,8.0,1.1101376388772348,128.05907004508043,0.32733983553069057,0.8340472863824608,0.768926601292034,141.84041647982667,0.5554779132345936,0.5554779132345936,4.249821659848609,0.522545168100717,6.509999161325874,1.3806767591837754,0.5184168867097649,0.5184168867097649,0.8059464286222477,0.9999498204902223,0.0,77.0,0.0,0.0,200.0,39480.0,0.0,0.0,28368.083295965334,77.0,28.37777895182118
warehouse,3011,c_kam,0.9999999999999996,2.2338154390826768,1.0734291057038625,0.0,4.0,1.0616646238386338,128.143794615304,0.2363816443184522,0.614416413494064,0.4631114618271778,36.665694355324376,0.17892151912950177,0.17892151912950177,2.0191029206279314,0.6533466075868125,3.899643759012347,0.7582825946242271,0.19147979627624223,0.19147979627624223,0.8806708467805504,0.9999999999999996,16.0,35.0,0.0,12.0,200.0,23592.0,6530.0,6195.0,7333.138871064875,35.0,26.674376556259396
warehouse,3011,d_kam,0.9999999999999997,2.6089221438413372,1.2338850846930385,0.0,2.0,1.2281666957343815,128.8769120115561,0.27201678127052503,0.4733266392130046,0.2666573457396267,14.265104121004697,0.2589851927110207,0.2589851927110207,2.2075611115170233,0.8415298831958203,4.590989842469386,0.9024959927819274,0.2570856974887596,0.2570856974887596,0.8654275287765788,0.9999999999999997,6.0,7.0,0.0,0.0,200.0,9325.0,6340.0,6340.0,2853.0208242009394,7.0,5.86202781572637
warehouse,3012,static,0.9153826801565444,65.91449575018686,8.298808003731446,824.8890384384295,8.0,5183.861085467152,824.8890384384295,6.2771397026254085,0.7725949385784987,0.6833600410586692,0.0,1.48297483413698,1.48297483413698,33.924579728105584,0.512903167457335,1027.4242095139539,286.0890590658511,1.4999227349289475,1.4999227349289475,0.1993847495294499,0.9153826801565444,0.0,0.0,0.0,0.0,200.0,0.0,0.0,0.0,0.0,0.0,0.0
warehouse,3012,greedy_load,0.9999999999999998,1.4154552101803817,0.8527856644619323,0.0,8.0,1.2116282102546707,53.840029785279384,0.1497308513247938,0.8945595210283855,0.8531841432040811,125.53679296077462,0.2497643672636152,0.2497643672636152,1.6131661073944494,0.5197769517505073,2.7915485228967247,0.41803091713814816,0.19065184277090247,0.19065184277090247,0.9067568717600537,0.9999999999999998,0.0,90.0,0.0,0.0,200.0,0.0,0.0,0.0,25107.358592154924,90.0,35.407567003594245
warehouse,3012,affinity_greedy,0.8343877135417741,119.53063739861042,8.808929267392875,1614.4656907457208,8.0,14340.603145275118,1614.4656907457208,11.370673159225648,0.6128306544171942,0.46090344285938445,1.1461459068232216,1.4576036572922317,1.4576036572922317,56.55969066850431,0.5391836460021403,3081.3308038965597,859.3930371450464,1.4282483184964412,1.4282483184964412,0.15092322948161405,0.8343877135417741,0.0,28.0,0.0,0.0,200.0,0.0,0.0,0.0,229.22918136464432,28.0,11.640145219537274
warehouse,3012,balanced_affinity,1.0,1.549289063485178,0.977786000896619,0.0,8.0,1.1331096736151665,53.840029785279384,0.16244506738874948,0.8535825819375583,0.7961276457358405,125.48316181477276,0.26732643575847703,0.26732643575847703,1.6655438753948253,0.5184067486029798,2.805066822550123,0.4244618298973147,0.21128210299905426,0.21128210299905426,0.8948818397987586,1.0,0.0,82.0,0.0,0.0,200.0,0.0,0.0,0.0,25096.63236295455,82.0,29.551147389249234
warehouse,3012,dynamic_leiden,0.9669854165374729,30.721939591731754,7.311628813407363,321.8415338282067,8.0,648.8575039362075,321.8415338282067,2.933846867572174,0.74302307578907,0.6421840295797179,7.076201013842365,1.089058641631146,1.089058641631146,14.145786383961648,0.5284103695953808,144.7358673938145,39.82702179355076,1.0371117988660432,1.0371117988660432,0.29316677261023794,0.9669854165374729,0.0,0.0,19.0,0.0,200.0,2083.0,1368.0,1368.0,1415.240202768473,77.0,30.335428389805106
warehouse,3012,domain_heuristic,1.0000000000000002,1.4995474452226958,0.9296010394324737,0.0,8.0,1.1322845445749603,53.840029785279384,0.15771961365381368,0.8645727547957762,0.8114304180700682,143.0672827710805,0.25780018312713215,0.25780018312713215,1.640878959743512,0.5184436545998471,2.7944176561394203,0.4223720616858082,0.20102785588484737,0.20102785588484737,0.8994594111378524,1.0000000000000002,0.0,79.0,0.0,0.0,200.0,40320.0,0.0,0.0,28613.4565542161,79.0,28.802270515113207
warehouse,3012,c_kam,1.0000000000000007,1.4313748072328707,0.8642240774085614,0.0,7.0,0.8330383804367645,57.41949908277918,0.15124321304478028,0.4870472166906951,0.2857619472908413,34.00089139337069,0.16716751617549958,0.16716751617549958,1.5367026776712764,0.6771220390882422,2.467095501869315,0.3763242029276163,0.1880702080116305,0.1880702080116305,0.905670222530124,1.0000000000000007,17.0,25.0,0.0,16.0,200.0,22080.0,6583.0,6176.0,6800.178278674139,25.0,25.567654081023182
warehouse,3012,d_kam,1.0000000000000004,1.6408542819803043,0.9664478439542146,0.0,2.0,1.219119006857162,57.311445786545534,0.17114376314578647,0.4758342127984831,0.27014890389662205,15.555727890314301,0.21514635493351875,0.21514635493351875,1.5922990022307388,0.8352323118882743,2.8175468112069852,0.42098993367980225,0.2199896287782859,0.2199896287782859,0.895958964708287,1.0000000000000004,6.0,5.0,0.0,0.0,200.0,10935.0,6316.0,6316.0,3111.1455780628603,5.0,4.954830303891031
warehouse,3013,static,0.9038093538088785,81.93199361726786,7.8951160094880715,1191.425020479474,8.0,2849.409399285673,1191.425020479474,7.788175167595001,0.8268259732415864,0.7588716083110697,0.0,1.1564055813830516,1.1564055813830516,35.88646679853636,0.5052734562870187,1086.3822737500846,302.62938358310174,1.1916093014712101,1.1916093014712101,0.24530174749217543,0.9038093538088785,0.0,0.0,0.0,0.0,200.0,0.0,0.0,0.0,0.0,0.0,0.0
warehouse,3013,greedy_load,0.9999963499391425,0.44120604627400456,0.4021770584155307,0.045209945092274384,8.0,1.1845385181761476,20.376496813592016,0.04655034835058544,0.9000684609909032,0.8608548191012576,129.91257331566885,0.16862818897587883,0.16862818897587883,1.1640471785491469,0.5140259878249264,1.2944315337947367,0.02383377735467075,0.11945522033351721,0.11945522033351721,0.9571309478440668,0.9999963499391425,0.0,90.0,0.0,0.0,200.0,0.0,0.0,0.0,25982.51466313377,90.0,35.877274145906185
warehouse,3013,affinity_greedy,0.836274243112314,122.94055553970118,8.161583693923607,2027.9202913903803,8.0,6452.800208427255,2027.9202913903803,11.683988550226168,0.7196493468970807,0.6096383311225175,1.1810230770788621,0.9673606050451958,0.9673606050451958,43.811021439094205,0.5290784500087606,2088.2570530036946,582.3322791169473,1.0810329885789043,1.0810329885789043,0.21998731747079966,0.836274243112314,0.0,32.0,0.0,0.0,200.0,0.0,0.0,0.0,236.20461541577242,32.0,12.205490443098054
warehouse,3013,balanced_affinity,0.9999558134520398,0.4866481356699205,0.4456476237634662,0.5472981094631699,8.0,1.152867122284762,20.633842828332668,0.05086734684319745,0.8796553776993749,0.8324315385687499,130.58309381303843,0.17404817337383582,0.17404817337383582,1.1834640564648675,0.5109393710263036,1.2922020444247055,0.026236575339172733,0.12560375343892688,0.12560375343892688,0.9530012441360128,0.9999558134520398,0.0,87.0,0.0,0.0,200.0,0.0,0.0,0.0,26116.618762607686,87.0,29.409513098045885
warehouse,3013,dynamic_leiden,0.9714083511703424,31.009845580452854,6.707317291551808,354.13844423847115,8.0,706.7743506089676,441.91031091866563,2.9505711040975755,0.7849095532933709,0.7005069729401366,7.356421649310505,1.1442630661565132,1.1442630661565132,16.51194480021042,0.5165642674322584,168.46543561008167,46.43112962730227,1.086019658827438,1.086019658827438,0.3581426256961203,0.9714083511703424,0.0,0.0,17.0,0.0,200.0,2106.0,1224.0,1224.0,1471.284329862101,82.0,30.60630389261978
warehouse,3013,domain_heuristic,1.0000000000000004,0.44878057348818695,0.42046532710686924,0.0,8.0,1.151724721270429,17.97746421652391,0.04726992843593275,0.8687843898237437,0.8172947200077445,148.62619399515097,0.20001386149746295,0.20001386149746295,1.1775230917973485,0.5086592360968205,1.2903297848498034,0.020842676220822084,0.12538375574301036,0.12538375574301036,0.9553935623183896,1.0000000000000004,0.0,84.0,0.0,0.0,200.0,40320.0,0.0,0.0,29725.238799030194,84.0,30.39027426614213
warehouse,3013,c_kam,0.999961334085588,0.29974767444954614,0.28256292417329465,0.47891910175697655,5.0,1.0214727659572391,18.057230483452386,0.033111803027261875,0.6221348501462556,0.4738586521023812,40.708330299239606,0.08789816002105127,0.08789816002105127,1.1543437255152278,0.6419662372162784,1.1305849296629011,0.01268826420438176,0.10415327409633073,0.10415327409633073,0.9684942905970791,0.999961334085588,15.0,33.0,0.0,12.0,200.0,24236.0,6890.0,6206.0,8141.666059847921,33.0,25.267572989322726
warehouse,3013,d_kam,1.0000000000000007,2.3588297589526603,1.9008741634736785,0.0,2.0,1.1777183586125073,46.2184146279011,0.2287246010550578,0.6029750471721436,0.44718044542956714,26.800861048104707,0.27272238190266085,0.27272238190266085,1.5878536928235172,0.7231390281902358,1.8300833694643892,0.1385387305724616,0.26833077516794995,0.26833077516794995,0.8147547228635428,1.0000000000000007,6.0,4.0,0.0,0.0,200.0,16381.0,6454.0,6454.0,5360.172209620941,4.0,4.459466164467968
warehouse,3014,static,0.9258061652055991,76.97362476350791,8.654694610150807,792.9116951472074,8.0,2502.9976630801802,792.9116951472074,7.330465296674918,0.8151838149859381,0.7426610082082682,0.0,1.2451963067439846,1.2451963067439846,32.53240367852796,0.5038497147158154,812.0475943906084,226.03580036280778,1.2732562685757114,1.2732562685757114,0.16344129110747307,0.9258061652055991,0.0,0.0,0.0,0.0,200.0,0.0,0.0,0.0,0.0,0.0,0.0
warehouse,3014,greedy_load,0.9999995033972615,2.0935472225857397,1.082609862517038,0.00530720808175375,8.0,1.1266580242771376,98.69310521604629,0.21685793028731085,0.888289055636817,0.8444531154436693,131.70367357932264,0.21924752061122846,0.21924752061122846,1.735697126218649,0.5052686189238103,3.1905225420787686,0.543165441502432,0.18496819579474827,0.18496819579474827,0.8827893421326815,0.9999995033972615,0.0,90.0,0.0,0.0,200.0,0.0,0.0,0.0,26340.734715864528,90.0,33.72212803846756
warehouse,3014,affinity_greedy,0.9219087911801017,77.98095069806759,8.691665547309615,834.5630460140728,8.0,2243.4058701597983,834.5630460140728,7.426161260458087,0.7674891845000651,0.6762507632279388,1.3460657355608419,1.072195365148535,1.072195365148535,27.82014202572418,0.5076841607517956,630.7799848324024,175.4961743804536,1.0755014394033142,1.0755014394033142,0.15992905207738664,0.9219087911801017,0.0,47.0,0.0,0.0,200.0,0.0,0.0,0.0,269.2131471121684,47.0,18.98559886807051
warehouse,3014,balanced_affinity,0.9999563156597117,2.241449075781045,1.2233443058791078,0.46685582981166973,8.0,1.0819731060722684,98.69310521604629,0.23090860634086482,0.8607457909576521,0.8061017342448321,132.2478673045407,0.23988124930581073,0.23988124930581073,1.7877971858458757,0.5077204176099106,3.2175772870155,0.5491236863894958,0.20614146213619342,0.20614146213619342,0.8694195700132846,0.9999563156597117,0.0,85.0,0.0,0.0,200.0,0.0,0.0,0.0,26449.57346090814,85.0,29.86544331115255
warehouse,3014,dynamic_leiden,0.9883107240666168,23.261233073246775,7.068176043163042,124.92363578546707,8.0,39.22269674678781,208.03227948042266,2.2277880861001096,0.7696454212451299,0.6792531181894215,8.592995013459586,0.9141418017962512,0.9141418017962512,8.592119957612725,0.521476379603224,50.934197576501326,13.69161585153722,0.9052076421943834,0.9052076421943834,0.3141605549713109,0.9883107240666168,0.0,0.0,19.0,0.0,200.0,2409.0,1368.0,1368.0,1718.5990026919171,110.0,41.55256101750852
warehouse,3014,domain_heuristic,0.9999606514510773,2.1864090609066302,1.1671735475833878,0.4205190999339835,8.0,1.0854535769922549,98.69310521604629,0.2256798049277954,0.8743814918127596,0.825088153157007,150.08101222570986,0.23688182397364357,0.23688182397364357,1.767486768445041,0.5066178239748537,3.217620633786502,0.5479793870468119,0.19801820244820806,0.19801820244820806,0.8747557920513781,0.9999606514510773,0.0,84.0,0.0,0.0,200.0,40320.0,0.0,0.0,30016.20244514197,84.0,30.04068389098129
warehouse,3014,c_kam,0.9999979977004219,1.984538720020349,0.9838489536650161,0.021398634496726743,6.0,0.9991530162761026,98.86525979360758,0.20650212254359868,0.576305789001393,0.41004603531839545,32.24851778984885,0.14535410355872233,0.14535410355872233,1.5811750974360004,0.6779653272067308,2.8852571980379413,0.4841453702751203,0.16379430224991878,0.16379430224991878,0.8921716284736234,0.9999979977004219,17.0,30.0,0.0,15.0,200.0,18751.0,6426.0,6126.0,6449.7035579697695,30.0,25.94193507213993
warehouse,3014,d_kam,0.9997669829519548,2.5716659388608476,1.4483578008167868,2.490260047562399,2.0,1.2664954586379993,98.47285800353775,0.26227920833344603,0.6191708012280919,0.4697314953808873,21.80846805058536,0.25936680711002924,0.25936680711002924,1.803336442334733,0.7372712314004102,3.391364358367466,0.5715305088680573,0.2619488333272524,0.2619488333272524,0.8480432879942051,0.9997669829519548,6.0,7.0,0.0,0.0,200.0,12659.0,6391.0,6391.0,4361.693610117072,7.0,5.519620290347644
warehouse,3015,static,0.9213836125588867,82.96129388399997,8.80588733857846,897.6657964953146,8.0,3271.948045581776,897.6657964953146,7.908532138514118,0.8214718348595287,0.7514164789183312,0.0,1.405863349577877,1.405863349577877,39.69446014423898,0.5036349394039699,1008.3090296526375,280.769619958174,1.4229104194972695,1.4229104194972695,0.14481713971125104,0.9213836125588867,0.0,0.0,0.0,0.0,200.0,0.0,0.0,0.0,0.0,0.0,0.0
warehouse,3015,greedy_load,0.9999982089382267,2.992912621227479,1.3947304055097387,0.020450887471304136,8.0,1.1557586297801827,161.7210528713393,0.311535918550731,0.8997502325012576,0.8604117161409917,129.6673294104403,0.2720583903608523,0.2720583903608523,2.160044619312536,0.5100048157638413,5.417226758307433,1.1468899848011065,0.23103830514777815,0.23103830514777815,0.8488770483527794,0.9999982089382267,0.0,90.0,0.0,0.0,200.0,0.0,0.0,0.0,25933.465882088058,90.0,32.60604713816984
warehouse,3015,affinity_greedy,0.8651976054112905,122.6580406141837,9.03167765824765,1539.2146961546505,8.0,9109.028417847947,1539.2146961546505,11.679723077881572,0.7123277754608293,0.5994437379834331,1.3343390297086444,1.2630437700143486,1.2630437700143486,49.12217349896875,0.5176366062455494,2212.820742515634,617.0218644832643,1.330359554328047,1.330359554328047,0.12336705934267794,0.8651976054112905,0.0,54.0,0.0,0.0,200.0,0.0,0.0,0.0,266.8678059417289,54.0,20.50143334131024
warehouse,3015,balanced_affinity,0.9999816497785625,3.028806364871927,1.4317610609820166,0.20952840340454584,8.0,1.1387126938659948,161.7210528713393,0.31494582419695355,0.8870516626500798,0.8427301631836557,129.85877749990323,0.26151645860001776,0.26151645860001776,2.1817117718621377,0.510474633735477,5.402166364169911,1.1477590275328904,0.24000719623884825,0.24000719623884825,0.8453591360829131,0.9999816497785625,0.0,89.0,0.0,0.0,200.0,0.0,0.0,0.0,25971.755499980645,89.0,30.160662098481286
warehouse,3015,dynamic_leiden,0.912405023616401,64.76893022685934,8.174827516799322,1000.186052854046,8.0,2445.9563146084733,1000.186052854046,6.180257591085756,0.7307646262935353,0.6251153024340365,5.986936261178926,0.9702233030338916,0.9702233030338916,17.937146226854075,0.5139083679231606,510.29169882472576,141.89874439436358,0.9702249201137596,0.9702249201137596,0.20476782278026903,0.912405023616401,0.0,0.0,13.0,0.0,200.0,1705.0,936.0,936.0,1197.3872522357851,61.0,23.55862424737701
warehouse,3015,domain_heuristic,0.9999975766975516,3.0718568488107025,1.4732564543214355,0.027670003592166204,8.0,1.1502651386593845,161.7210528713393,0.31903562017113724,0.8768057988523879,0.8284637705539578,148.32260963943554,0.27053470116996303,0.27053470116996303,2.195721308766311,0.5105188517990988,5.409850323888996,1.1490846921553346,0.244758055511877,0.244758055511877,0.8414170737156682,0.9999975766975516,0.0,87.0,0.0,0.0,200.0,40320.0,0.0,0.0,29664.521927887108,87.0,30.31926457328941
warehouse,3015,c_kam,0.9999999999999993,2.6885307594995336,1.2065915194149193,0.0,7.0,0.8472193545158104,165.1144895739381,0.2826196416865763,0.5132265367593045,0.3222141651078925,29.32474746587104,0.1493322535763176,0.1493322535763176,1.8431825749275736,0.6981896671371507,4.555280791913339,0.9543166651257572,0.17948657939689705,0.17948657939689705,0.8667502425317873,0.9999999999999993,12.0,40.0,0.0,11.0,200.0,18273.0,6262.0,6121.0,5864.949493174208,40.0,24.918584720896593
warehouse,3015,d_kam,0.9999999999999999,3.8814114252277707,1.8990242562919193,0.0,2.0,1.1332325296529877,172.97119897196148,0.39594330493075885,0.5827181064401612,0.41897457858756626,10.878664035408292,0.22039438365410535,0.22039438365410535,2.058162586536074,0.7904905319187924,5.396120004307004,1.1337229746332325,0.22661860413905874,0.22661860413905874,0.8009691325284723,0.9999999999999999,6.0,1.0,0.0,0.0,200.0,6979.0,6227.0,6227.0,2175.7328070816584,1.0,3.33141094062256
warehouse,3016,static,0.9301872667522493,64.66195545494212,8.477709781844817,812.6428794892021,8.0,4930.149251622862,812.6428794892021,6.16686654330469,0.7887329669621806,0.705830713491644,0.0,1.1973079812995697,1.1973079812995697,27.170378688361826,0.5099853610126869,767.5251699359453,213.6249938076649,1.1819333155412215,1.1819333155412215,0.17742329352273079,0.9301872667522493,0.0,0.0,0.0,0.0,200.0,0.0,0.0,0.0,0.0,0.0,0.0
warehouse,3016,greedy_load,0.9999917765123363,2.515381005807364,1.1759061342152772,0.09572406614200527,8.0,1.1538806482363289,147.0803001898809,0.2629419706368885,0.8946624734142009,0.8533274946273681,127.93197058461374,0.2119187437641767,0.2119187437641767,1.699344799730705,0.511705804313634,3.7504279982347004,0.6987483420217256,0.1847394937293026,0.1847394937293026,0.871094640047537,0.9999917765123363,0.0,90.0,0.0,0.0,200.0,0.0,0.0,0.0,25586.394116922747,90.0,34.515564226239455
warehouse,3016,affinity_greedy,0.8999122418397373,90.29969344188602,8.692543306670128,1165.0539981629456,8.0,12095.335653552404,1165.0539981629456,8.602451652064362,0.6925702740485378,0.5719332929789768,1.2255436953273602,1.2746035249574499,1.2746035249574499,43.87442959974613,0.5383800242711461,1843.0250260222333,513.8005076531728,1.2717107122944993,1.2717107122944993,0.1570141086643261,0.8999122418397373,0.0,40.0,0.0,0.0,200.0,0.0,0.0,0.0,245.10873906547204,40.0,15.63789094985565
warehouse,3016,balanced_affinity,0.9996316068578137,2.727072958327026,1.3745813653292787,4.288215772731216,8.0,1.4560975456242558,147.0803001898809,0.28305270612625644,0.8615261668671798,0.807188333612529,128.09596065009828,0.2583226553204709,0.2583226553204709,1.799457350826521,0.5098250549666257,3.813962918108519,0.7098453762276884,0.21301690905859424,0.21301690905859424,0.852220493091707,0.9996316068578137,0.0,83.0,0.0,0.0,200.0,0.0,0.0,0.0,25619.192130019655,83.0,29.57399022114326
warehouse,3016,dynamic_leiden,0.9302342926418306,60.17354243473203,8.168047656192142,812.0954828676696,8.0,4792.726466186615,812.0954828676696,5.740467306384732,0.7354459517073111,0.6316336036430915,6.516405274160206,1.3665470948097689,1.3665470948097689,33.091433378447526,0.5070254964836195,935.6683212932602,260.51843997980137,1.2702047979449056,1.2702047979449056,0.20684119545973487,0.9302342926418306,0.0,0.0,14.0,0.0,200.0,1837.0,1008.0,1008.0,1303.2810548320413,85.0,33.10062864097059
warehouse,3016,domain_heuristic,1.0,2.561789170439941,1.2178071400828243,0.0,8.0,1.1829002690674768,147.0803001898809,0.26735074627698346,0.860816644761022,0.8062003914393978,145.4415388700727,0.24193051870538582,0.24193051870538582,1.7266079314013079,0.5135774545580959,3.7687922046907834,0.7007887871727317,0.19425703515204196,0.19425703515204196,0.8671140444901201,1.0,0.0,86.0,0.0,0.0,200.0,40320.0,0.0,0.0,29088.307774014538,86.0,31.565864587728253
warehouse,3016,c_kam,1.0,2.4349088233539438,1.1276898533976594,0.0,5.0,0.8643585575737485,147.18866920454843,0.2552971133038136,0.47843051069874093,0.27376400223875325,31.08486952565727,0.1531486371546293,0.1531486371546293,1.5661604742853574,0.6866154413638867,3.32000968791238,0.6174987539721435,0.15566148107136793,0.15566148107136793,0.8756751867252107,1.0,14.0,29.0,0.0,11.0,200.0,19838.0,6313.0,6142.0,6216.973905131454,29.0,23.235092591047007
warehouse,3016,d_kam,1.0,3.0678093078842466,1.5797210685120084,0.0,2.0,1.28397193495974,147.11146409535968,0.31542265933419233,0.510028034613442,0.31776055452504604,19.293544990359806,0.24818959809488397,0.24818959809488397,1.8173248286105126,0.79722620051792,3.8422180600659557,0.7024142093826721,0.2625699511579803,0.2625699511579803,0.8327322212893477,1.0,6.0,8.0,0.0,0.0,200.0,11786.0,6389.0,6389.0,3858.708998071961,8.0,6.168626727727732
warehouse,3017,static,0.9415052959736466,67.6726404079543,8.617571823277975,749.3649185962712,8.0,1107.332083076326,749.3649185962712,6.452246700485192,0.7903538711955521,0.7080876687533005,0.0,1.1554951236353377,1.1554951236353377,21.86757206160195,0.5099472157322114,451.20592468889083,125.34673227197112,1.153840431488317,1.153840431488317,0.16432529096713705,0.9415052959736466,0.0,0.0,0.0,0.0,200.0,0.0,0.0,0.0,0.0,0.0,0.0
warehouse,3017,greedy_load,0.9999822345446705,2.7123590979841854,1.2475609050446943,0.22758998799264252,8.0,1.166443942497595,171.36383560297722,0.2810199760380314,0.8983128667522305,0.8584103207942451,127.08132333631511,0.2450541830435211,0.2450541830435211,1.9257808723747676,0.5104900997925956,5.001129784430389,1.0384435591900159,0.21616572511208632,0.21616572511208632,0.8644763281992986,0.9999822345446705,0.0,90.0,0.0,0.0,200.0,0.0,0.0,0.0,25416.26466726302,90.0,34.76723509435512
warehouse,3017,affinity_greedy,0.8572404293034949,143.47146844406132,9.107553931588638,1828.8666615977445,8.0,15698.64525136916,1828.8666615977445,13.653135363915357,0.6363758075736023,0.49368783333033245,1.1763264452747535,1.2279379126463679,1.2279379126463679,58.796088309338714,0.544164849088914,3431.1682901287627,957.0971094575491,1.266667896650751,1.266667896650751,0.1177769906776238,0.8572404293034949,0.0,34.0,0.0,0.0,200.0,0.0,0.0,0.0,235.2652890549507,34.0,12.154406734924258
warehouse,3017,balanced_affinity,0.9999516152695214,2.7014199140343846,1.2389537417273448,0.619847902815795,8.0,1.0833064479477803,171.36383560297722,0.27998075356280033,0.8645788511715647,0.8114389066945839,126.9707264113822,0.23942800540709874,0.23942800540709874,1.9171806772833093,0.5087475585219046,4.965107705577111,1.0362935231749342,0.2169316801614637,0.2169316801614637,0.8652940087144468,0.9999516152695214,0.0,87.0,0.0,0.0,200.0,0.0,0.0,0.0,25394.14528227644,87.0,29.79891580973122
warehouse,3017,dynamic_leiden,0.9865685002238886,17.403290865171776,6.318121706727413,172.06847874325038,8.0,62.17155163936932,199.3514235019856,1.676658493920852,0.7407367510210797,0.6390005393964402,8.202644050616072,0.7512380838798282,0.7512380838798282,6.625500025050932,0.5133568940169921,30.599911739957715,8.068500983605386,0.7899232174550116,0.7899232174550116,0.3827730520394405,0.9865685002238886,0.0,0.0,19.0,0.0,200.0,2361.0,1368.0,1368.0,1640.5288101232145,100.0,38.95436226708
warehouse,3017,domain_heuristic,0.9999710861123607,2.8078204677188756,1.3338393229033372,0.370410508389531,8.0,1.1379580249193584,171.36383560297722,0.2900888061628269,0.8543045087267194,0.7971328602523943,145.26868105036556,0.2628189234940031,0.2628189234940031,1.9501469189501877,0.5059939135386116,5.002517961277946,1.0426733305016074,0.22836759014627778,0.22836759014627778,0.8562798785027276,0.9999710861123607,0.0,85.0,0.0,0.0,200.0,40320.0,0.0,0.0,29053.73621007311,85.0,29.842615355585945
warehouse,3017,c_kam,0.9999958806169083,2.561658154269538,1.1182265770669433,0.05277266083311405,4.0,0.9872591615994617,171.69470367346275,0.2667033863851399,0.4630747382473403,0.25238254692667633,22.362327010487206,0.1552986024140075,0.1552986024140075,1.67952535575507,0.731419188857424,4.490437942046771,0.9341992054468361,0.1671035161269345,0.1671035161269345,0.8767630893571849,0.9999958806169083,11.0,32.0,0.0,7.0,200.0,14530.0,6447.0,6062.0,4472.465402097441,32.0,20.443218381922733
warehouse,3017,d_kam,1.0000000000000002,2.5955720468890813,1.156225469838025,0.0,2.0,1.2257052073601413,171.69470367346275,0.2699252061839965,0.422311894118353,0.19562415636732708,13.118949184718076,0.22293769705132627,0.22293769705132627,1.7669654705612592,0.8589201707844984,4.682587161271211,0.9419605083288666,0.22935040743682664,0.22935040743682664,0.8731531945439321,1.0000000000000002,6.0,3.0,0.0,0.0,200.0,8689.0,6281.0,6281.0,2623.7898369436152,3.0,4.002402029483682
warehouse,3018,static,0.9239526090942836,81.65536004605919,8.563460093872132,913.8830416655989,8.0,2872.607424694023,913.8830416655989,7.771832618954277,0.7782618759485486,0.6912507133460803,0.0,1.398271465651494,1.398271465651494,36.37156866551905,0.5224839949834904,1019.6336884123458,283.93470865764505,1.367805466255492,1.367805466255492,0.1744049711321672,0.9239526090942836,0.0,0.0,0.0,0.0,200.0,0.0,0.0,0.0,0.0,0.0,0.0
warehouse,3018,greedy_load,0.9998979722983363,1.409246624539808,0.8639071949137358,1.226095796575967,8.0,1.1297828573209328,87.53144062200963,0.14845184390993407,0.8841093971256078,0.8386333377698334,127.69636776458356,0.24905846590583078,0.24905846590583078,1.8330300756023428,0.5254267980670407,2.896770314500943,0.4482339684376825,0.2041402011728656,0.2041402011728656,0.905862496533215,0.9998979722983363,0.0,90.0,0.0,0.0,200.0,0.0,0.0,0.0,25539.27355291671,90.0,34.019681651052544
warehouse,3018,affinity_greedy,0.8508105042838593,134.42514628396708,8.779232899648298,1792.8524372211639,8.0,8097.664981392664,1792.8524372211639,12.784962311555525,0.676019371402885,0.5488877323331309,1.2302764810738154,1.299666387897712,1.299666387897712,47.07208955170281,0.5451668002242628,2256.377295332591,629.1675380561347,1.2230456575739541,1.2230456575739541,0.15390655458343144,0.8508105042838593,0.0,38.0,0.0,0.0,200.0,0.0,0.0,0.0,246.05529621476308,38.0,13.714785831891744
warehouse,3018,balanced_affinity,0.9999261726197974,1.4195266762768015,0.8720646586911702,0.8872045440885276,8.0,1.1099161668056539,87.53144062200963,0.14942844882494846,0.8688174485464816,0.8173407511406705,129.85134384347475,0.2538038910231252,0.2538038910231252,1.8132266096339709,0.5228799597741394,2.8892829361903423,0.44822256766841634,0.2031473985526181,0.2031473985526181,0.9050875374743588,0.9999261726197974,0.0,84.0,0.0,0.0,200.0,0.0,0.0,0.0,25970.26876869495,84.0,30.709392307387514
warehouse,3018,dynamic_leiden,0.9481188370582175,64.7315174531755,8.111053804027765,623.4706336364438,8.0,1084.3951608820723,737.75497532914,6.164067572630325,0.734081096460205,0.6297331722863615,7.399545226362534,1.1517553094212225,1.1517553094212225,21.777823930095998,0.5278389822727452,543.9018558199203,151.22493116096112,1.0962754859821495,1.0962754859821495,0.21738356866738226,0.9481188370582175,0.0,0.0,14.0,0.0,200.0,2142.0,1008.0,1008.0,1479.9090452725068,63.0,23.48031404708798
warehouse,3018,domain_heuristic,0.9999909509405884,1.4849856832151047,0.9379480949985185,0.10874511065482995,8.0,1.1046032695871713,87.53144062200963,0.15564705448408722,0.8615818974757029,0.8072659331940166,147.20684532439918,0.2657463291954041,0.2657463291954041,1.8513297802452156,0.5233317972433943,2.904327441371687,0.4500831660236954,0.2150028619151172,0.2150028619151172,0.8988286110251608,0.9999909509405884,0.0,89.0,0.0,0.0,200.0,40012.0,0.0,0.0,29441.369064879837,89.0,32.63471404983562
warehouse,3018,c_kam,0.9999051013289778,1.2646960294349079,0.7054532425733451,1.1404242156220978,5.0,0.9636657623559761,93.61126892383584,0.13471953737496853,0.4337706573165775,0.21157939626358904,17.056351150531555,0.14944387263531822,0.14944387263531822,1.6194550650228081,0.780750833334732,2.5504790881390376,0.38594751704563607,0.16120610902083585,0.16120610902083585,0.9209156220055522,0.9999051013289778,11.0,24.0,0.0,8.0,200.0,10806.0,6289.0,6009.0,3411.270230106311,24.0,17.69196963264999
warehouse,3018,d_kam,0.9999605363080504,1.6694559384429855,0.8895917684011604,0.47424636670571996,2.0,1.3177812253709156,104.74435568066187,0.17317172873073589,0.4046833762030768,0.17107811876377776,12.100105399877066,0.22770588409485343,0.22770588409485343,1.7415442747738183,0.8803126738462486,3.061717196660922,0.4853598437134153,0.21968428868172904,0.21968428868172904,0.9034224620519098,0.9999605363080504,6.0,2.0,0.0,0.0,200.0,7770.0,6261.0,6261.0,2420.021079975413,2.0,3.5660353098217548
warehouse,3019,static,0.9427428372413755,68.12411429571517,8.686169893315013,765.8186031301581,8.0,1992.783939329093,784.9479742335411,6.500027326223687,0.8427637795804351,0.7810634905550361,0.0,1.381707233175694,1.381707233175694,33.12904910983829,0.5018308836590213,619.0489130013644,172.1246949527081,1.3699107961549641,1.3699107961549641,0.15554360845190107,0.9427428372413755,0.0,0.0,0.0,0.0,200.0,0.0,0.0,0.0,0.0,0.0,0.0
warehouse,3019,greedy_load,0.999930388038265,3.6148641801600503,1.5288470723982235,0.9310649135988944,8.0,1.1046734430370866,153.3718388842328,0.3716485652459506,0.9072427257795718,0.8708443017183913,133.95999219079386,0.312857334799624,0.312857334799624,2.6022820569953127,0.5040685090559336,8.753148406018926,2.0672994171828902,0.27217981425369514,0.27217981425369514,0.8354892764389962,0.999930388038265,0.0,90.0,0.0,0.0,200.0,0.0,0.0,0.0,26791.99843815877,90.0,33.467604342243355
warehouse,3019,affinity_greedy,0.9094623224082636,74.68969117755255,8.734774846100752,1210.9478437876137,8.0,3209.215808679329,1210.9478437876137,7.1237571299982365,0.7854970717892025,0.70132503666851,1.2486327000078745,1.3519028803028972,1.3519028803028972,34.08311877870537,0.5194125402866702,766.0027168351336,213.1547873037351,1.337833135542059,1.337833135542059,0.15092613793725596,0.9094623224082636,0.0,38.0,0.0,0.0,200.0,0.0,0.0,0.0,249.7265400015749,38.0,14.601599105235307
warehouse,3019,balanced_affinity,0.9999583668445388,3.620876448240487,1.5346821538717013,0.556846400049801,8.0,1.1204071131987412,153.3718388842328,0.37221973071359216,0.8942069712247865,0.852693251072488,134.33217453944962,0.3203682808309452,0.3203682808309452,2.6012792923798638,0.5052473722765645,8.75386273893712,2.0674653093577686,0.2734116909298987,0.2734116909298987,0.8349349436990159,0.9999583668445388,0.0,87.0,0.0,0.0,200.0,0.0,0.0,0.0,26866.434907889925,87.0,28.383993495316872
warehouse,3019,dynamic_leiden,0.987642318387107,39.47780493358628,7.934721975627331,165.28486594085234,8.0,41.959370108640016,551.5191226070325,3.7786279368214424,0.8145560903602803,0.74178696126115,9.05033809656743,0.8090969681504845,0.8090969681504845,9.642093781352024,0.5100234546685897,99.50955382679598,27.274996304883107,0.710470391991976,0.710470391991976,0.2269311606322311,0.987642318387107,0.0,0.0,22.0,0.0,200.0,2557.0,1584.0,1584.0,1810.067619313486,109.0,39.906852497495834
warehouse,3019,domain_heuristic,0.9999960502553477,3.6433369235843416,1.5558935859678893,0.05282811418560329,8.0,1.0772281461550859,153.3718388842328,0.3743534758712583,0.8879603559595064,0.8439954323486796,151.48059998522513,0.3158471078621852,0.3158471078621852,2.61259884333465,0.5041640578429855,8.748280819890557,2.0684776575758046,0.27669865394326626,0.27669865394326626,0.832919857649878,0.9999960502553477,0.0,88.0,0.0,0.0,200.0,40320.0,0.0,0.0,30296.119997045025,88.0,29.000908560321275
warehouse,3019,c_kam,0.9999004154375933,3.262586428089226,1.2960305180169167,1.331950568304378,6.0,0.9976485175687022,153.49746467662246,0.3381821787992223,0.6252706406456123,0.47822494267110593,42.7429283807578,0.20967414949829113,0.20967414949829113,2.2475415676622017,0.6423153843438965,7.679328517959402,1.8063019425215976,0.22424877698954437,0.22424877698954437,0.8576068491052203,0.9999004154375933,11.0,37.0,0.0,9.0,200.0,23602.0,6513.0,6198.0,8548.58567615156,37.0,22.256124734629346
warehouse,3019,d_kam,1.0000000000000002,3.2789133763535108,1.2875867421108358,0.0,2.0,1.1249502575629016,153.49746467662246,0.3397332388843294,0.43199310735540153,0.2091043266973946,12.66239182499703,0.2229270212626636,0.2229270212626636,2.2615662369316807,0.8505334604450323,7.843301221042104,1.8248332818733928,0.2258535769865715,0.2258535769865715,0.858409007816298,1.0000000000000002,6.0,4.0,0.0,0.0,200.0,7438.0,6275.0,6275.0,2532.478364999406,4.0,4.362130011651956
warehouse,3020,static,0.8789128648111425,99.00253366489953,8.873765122734914,1367.356285601504,8.0,6332.211776683456,1367.356285601504,9.430391639431686,0.7852820005879657,0.7010255704389396,0.0,1.8287102800047452,1.8287102800047452,61.679930156780195,0.5141461335371477,1824.268661395705,508.40192448000954,1.8390567338279835,1.8390567338279835,0.1392374897150076,0.8789128648111425,0.0,0.0,0.0,0.0,200.0,0.0,0.0,0.0,0.0,0.0,0.0
warehouse,3020,greedy_load,0.9999771721670964,3.5844275541980917,1.565307394278863,0.2577794970348267,8.0,1.1300556946368736,124.55196317922467,0.3656715589150503,0.8870958175166329,0.842791644643413,128.88668203071575,0.2981559574427483,0.2981559574427483,2.5088170644791834,0.5131241471800334,7.308962387570349,1.668756331483531,0.26341071519253295,0.26341071519253295,0.8335409739183324,0.9999771721670964,0.0,90.0,0.0,0.0,200.0,0.0,0.0,0.0,25777.33640614315,90.0,38.20703480883836
warehouse,3020,affinity_greedy,0.8274042877936834,141.87421134239312,9.112421414421199,1949.0083036904846,8.0,9740.952854356889,1949.0083036904846,13.503201018793577,0.6774711056996638,0.5509091345185193,1.2317763747705612,1.4901889955720815,1.4901889955720815,61.82278752471828,0.5159217402561886,2591.783856982295,722.7392929677948,1.4567924508573926,1.4567924508573926,0.1165651420048105,0.8274042877936834,0.0,37.0,0.0,0.0,200.0,0.0,0.0,0.0,246.35527495411225,37.0,14.550911784912028
warehouse,3020,balanced_affinity,0.9999274635098399,3.601841291649579,1.5735733284625908,0.8191062213119984,8.0,1.0983625488601714,124.55196317922467,0.36732586397294165,0.8759864788434075,0.8273229452249977,128.93109868397005,0.2952851958779921,0.2952851958779921,2.4967846667022195,0.5136154575881271,7.308744762632854,1.6715276761763838,0.2588501191929831,0.2588501191929831,0.8327557101708782,0.9999274635098399,0.0,88.0,0.0,0.0,200.0,0.0,0.0,0.0,25786.21973679401,88.0,31.930674216452413
warehouse,3020,dynamic_leiden,0.921349831348284,77.38557646807384,8.630705181464252,888.1439163773206,8.0,1422.7924611436679,888.4365100725084,7.376780705733246,0.740960420603012,0.639311978054827,5.332271619408857,1.1856336549815283,1.1856336549815283,24.88436957632499,0.5206215286706016,559.9076064938974,155.68380302938832,1.1567211258378052,1.1567211258378052,0.1623281841357204,0.921349831348284,0.0,0.0,14.0,0.0,200.0,1511.0,1008.0,1008.0,1066.4543238817714,50.0,19.849603782663703
warehouse,3020,domain_heuristic,0.9999848483045523,3.8035803361735807,1.7720389904850424,0.17109799462722156,8.0,1.1140896179456459,124.55196317922467,0.3864910732027218,0.8657614804065251,0.8130856056293387,146.1435928202991,0.3231624513980549,0.3231624513980549,2.574818195067163,0.5129565518570857,7.353925283954055,1.6781826879123587,0.2902892538867316,0.2902892538867316,0.8139014722787453,0.9999848483045523,0.0,89.0,0.0,0.0,200.0,40278.0,0.0,0.0,29228.718564059818,89.0,33.750886984985485
warehouse,3020,c_kam,0.9999909939945452,3.5263823761073625,1.5046505367531757,0.10169881503577755,7.0,0.9164936764025946,124.7077693268658,0.360157266996431,0.46786652519725375,0.25905465533794825,41.61988061037846,0.2345891631522359,0.2345891631522359,2.329317335152373,0.6354427672010423,6.490780345057037,1.4953278361807867,0.2360230335627395,0.2360230335627395,0.8393033753832728,0.9999909939945452,18.0,25.0,0.0,17.0,200.0,26407.0,6601.0,6239.0,8323.976122075692,25.0,26.838394376255554
warehouse,3020,d_kam,0.9999469045963963,3.43707118217806,1.419440048821016,0.5995709927379183,2.0,1.142879888752309,124.7077693268658,0.3516727035731474,0.41191466121307313,0.18114699662579806,11.25126573999296,0.21084581496804813,0.21084581496804813,2.1633714368361763,0.8635883719652168,6.6356771580039045,1.4909505256957076,0.21871186945219775,0.21871186945219775,0.8473983717368279,0.9999469045963963,6.0,2.0,0.0,0.0,200.0,7576.0,6238.0,6238.0,2250.253147998592,2.0,3.748764423626005
warehouse,3021,static,0.8655519680454128,143.86288789703366,9.239797359664944,1342.6095493724047,8.0,7417.835750968485,1342.6095493724047,13.700790088811473,0.8018604352930015,0.724109466863673,0.0,1.7430092467420797,1.7430092467420797,96.99789074157059,0.50796667971503,4543.395766409299,1267.3758749472372,1.8496293984000989,1.8496293984000989,0.10113668885540308,0.8655519680454128,0.0,0.0,0.0,0.0,200.0,0.0,0.0,0.0,0.0,0.0,0.0
warehouse,3021,greedy_load,1.0,4.547181005952872,1.7369818056449293,0.0,8.0,1.1405393391478824,171.77605859803063,0.4657979341587991,0.9015321681644991,0.8628928923809479,128.73480280322838,0.280657072268679,0.280657072268679,2.513671338778079,0.5137418623252465,8.456600248512828,1.9913716347537507,0.23976304340994692,0.23976304340994692,0.8139041664873045,1.0,0.0,90.0,0.0,0.0,200.0,0.0,0.0,0.0,25746.960560645675,90.0,32.942107296437996
warehouse,3021,affinity_greedy,0.8321570430540678,155.3403658775874,9.254681554744431,1676.0941273325955,8.0,7943.9822381420345,1676.0941273325955,14.791150496964075,0.7120715509079878,0.5990869696187172,1.1901640193536878,1.5984255266136913,1.5984255266136913,97.17301355660682,0.5429577535519566,4588.013544574682,1279.8751116394615,1.7697029507477162,1.7697029507477162,0.099722690322852,0.8321570430540678,0.0,34.0,0.0,0.0,200.0,0.0,0.0,0.0,238.03280387073755,34.0,12.960654211967954
warehouse,3021,balanced_affinity,1.0000000000000004,4.534207034471685,1.726430549623289,0.0,8.0,1.1297317951496075,171.77605859803063,0.4645654068680864,0.8830941205606523,0.8372196615401488,128.3391281038348,0.27477050046638446,0.27477050046638446,2.5152987057564986,0.5156037693817026,8.435487133691833,1.990100158660664,0.24102538890747335,0.24102538890747335,0.8149065358093602,1.0000000000000004,0.0,79.0,0.0,0.0,200.0,0.0,0.0,0.0,25667.825620766962,79.0,26.395538078184146
warehouse,3021,dynamic_leiden,0.9503989055120798,62.117107728783594,8.62469172991696,495.3207730203021,8.0,397.4156832476314,495.3207730203021,5.934940972827715,0.8198210098990885,0.7491178618848064,6.95522882961086,1.0596218695356072,1.0596218695356072,20.821267750483038,0.5201569057230709,346.87457898708294,96.24512848186063,1.0346855666134516,1.0346855666134516,0.15957172368146189,0.9503989055120798,0.0,0.0,16.0,0.0,200.0,2027.0,1152.0,1152.0,1391.045765922172,60.0,21.252782158878187
warehouse,3021,domain_heuristic,1.0000000000000007,4.583544652996911,1.7761258303389396,0.0,8.0,1.1894838201571427,171.77605859803063,0.4692524806279828,0.8735524670083545,0.8239338148217594,144.57605048941332,0.2858482821066945,0.2858482821066945,2.546748141408794,0.5172792864982549,8.449748077857103,1.9918916682671437,0.2532256839026415,0.2532256839026415,0.8101854841413737,1.0000000000000007,0.0,86.0,0.0,0.0,200.0,40320.0,0.0,0.0,28915.210097882664,86.0,30.043639967355876
warehouse,3021,c_kam,1.0000000000000002,4.074938300652164,1.4999926074213268,0.0,4.0,0.9622752320142347,170.69977659443984,0.420934877155232,0.46578888078653974,0.2561617327407516,22.398595409758855,0.14796991482802205,0.14796991482802205,2.0851627001222433,0.7134000236798577,6.721070559041474,1.5630852110843576,0.16303561427106764,0.16303561427106764,0.8364181403185468,1.0000000000000002,12.0,32.0,0.0,8.0,200.0,14515.0,6247.0,6062.0,4479.719081951771,32.0,22.08602487974173
warehouse,3021,d_kam,0.9997368223460475,5.101836639836314,1.8547047566485808,2.628114567695887,3.0,1.3637928110681594,186.50821632886212,0.5184902193777261,0.5954548426771018,0.4367092746136861,20.386363626166712,0.2104018905108867,0.2104018905108867,2.437849821440023,0.7749065791905521,8.594333032640193,2.03126085487035,0.2226204014192942,0.2226204014192942,0.8027204861419577,0.9997368223460475,5.0,6.0,0.0,0.0,200.0,13440.0,6385.0,6385.0,4077.2727252333425,6.0,4.528343275060857
warehouse,3022,static,0.9090815646977953,76.50987192735816,8.688240080784942,1068.633665189519,8.0,2159.000940510096,1068.633665189519,7.296855928127116,0.8240842027230028,0.7550539531586117,0.0,1.1649669133881817,1.1649669133881817,25.813885974172344,0.5064029699016127,650.3584060779095,180.92602929013628,1.168148037642692,1.168148037642692,0.15554720272371367,0.9090815646977953,0.0,0.0,0.0,0.0,200.0,0.0,0.0,0.0,0.0,0.0,0.0
warehouse,3022,greedy_load,0.9999878722778928,2.882274379994931,1.2269324775542862,0.14254636128460024,8.0,1.1240461786090092,126.81101730196747,0.3022341611276105,0.9061483465572522,0.8693204825480728,128.84957952599507,0.22296577318106653,0.22296577318106653,1.8936097108984888,0.5083194451405517,5.313118481569001,1.1309763452194461,0.20185566108247519,0.20185566108247519,0.864371425030626,0.9999878722778928,0.0,90.0,0.0,0.0,200.0,0.0,0.0,0.0,25769.915905199014,90.0,34.75028962873495
warehouse,3022,affinity_greedy,0.8869142006730082,91.24000243006721,8.830968630253599,1329.1835898187746,8.0,3291.7874520118526,1329.1835898187746,8.696218325884477,0.7141558503185051,0.6019891586713363,1.1888596147764474,1.1827752246289,1.1827752246289,32.929067791691914,0.515301035585078,960.3219862355168,267.4525165710453,1.1297260477505153,1.1297260477505153,0.14198799052419114,0.8869142006730082,0.0,32.0,0.0,0.0,200.0,0.0,0.0,0.0,237.77192295528948,32.0,12.417920911192825
warehouse,3022,balanced_affinity,0.9999612266985564,3.1567348725963096,1.4899264291398602,0.45573216361492597,8.0,1.1010596616688062,126.81101730196747,0.32830790792474146,0.8815713333526487,0.8350993249214096,128.872327356803,0.2608820949402983,0.2608820949402983,1.9966421985971028,0.5055594100140004,5.367458255373177,1.140509965444309,0.24178540595859502,0.24178540595859502,0.8393869996299965,0.9999612266985564,0.0,89.0,0.0,0.0,200.0,0.0,0.0,0.0,25774.4654713606,89.0,33.308455449414986
warehouse,3022,dynamic_leiden,0.966374908364376,33.92802676862159,7.544393242687592,395.2213299477971,8.0,497.9780626178356,407.7168250024056,3.251580638047144,0.7558345916467287,0.6600228491283563,6.589964245358715,1.0085463192233437,1.0085463192233437,12.760716420582094,0.5082617022396144,149.40005311585918,41.15464158391063,0.9700665824505208,0.9700665824505208,0.2642126523429621,0.966374908364376,0.0,0.0,18.0,0.0,200.0,1875.0,1296.0,1296.0,1317.992849071743,90.0,36.57605349290836
warehouse,3022,domain_heuristic,0.9999853762604446,2.9678565717891257,1.3079030212551908,0.17188395673526263,8.0,1.146342653942939,126.81101730196747,0.3103644693480589,0.8886174883350896,0.8449104267956943,146.38496381856385,0.2671451239081813,0.2671451239081813,1.9298963229872614,0.5063362910249891,5.366386128904212,1.1370871707060284,0.21549811742256939,0.21549811742256939,0.85667922337904,0.9999853762604446,0.0,87.0,0.0,0.0,200.0,40320.0,0.0,0.0,29276.99276371277,87.0,32.72380131107374
warehouse,3022,c_kam,1.0000000000000002,2.938980111919617,1.2934345297214311,0.0,4.0,1.0522173165571165,126.95627431000489,0.3076212056604556,0.5170894795899125,0.32759294626443514,28.740031109482516,0.16877592165285601,0.16877592165285601,1.7433615753865712,0.7027869478730433,4.610126499443973,0.9623018441455947,0.18065109385155723,0.18065109385155723,0.8580537300747473,1.0000000000000002,19.0,28.0,0.0,15.0,200.0,17667.0,6262.0,6108.0,5748.006221896503,28.0,27.286513774939937
warehouse,3022,d_kam,0.9999999999999991,3.3280358027907924,1.332180203553754,0.0,2.0,1.196379088217534,137.43376592076012,0.3445814962932172,0.4716341624638264,0.2643007325445684,12.108952778507955,0.2141657913488012,0.2141657913488012,1.8741086810711571,0.8620011743763678,5.573820397813123,1.1841021581611946,0.22953870789722822,0.22953870789722822,0.8543728910606765,0.9999999999999991,6.0,6.0,0.0,0.0,200.0,7788.0,6309.0,6309.0,2421.790555701591,6.0,5.520221785863615
warehouse,3023,static,0.8932127718066291,106.94263623068503,9.017760512700063,1259.7004482996929,8.0,3529.57876703075,1259.7004482996929,10.194363764506889,0.7917014217855572,0.7099640050178644,0.0,1.2132482109451346,1.2132482109451346,38.35852451403466,0.5061626239700814,1204.5766822317833,335.609032504681,1.2775931000126464,1.2775931000126464,0.12151905542847316,0.8932127718066291,0.0,0.0,0.0,0.0,200.0,0.0,0.0,0.0,0.0,0.0,0.0
warehouse,3023,greedy_load,0.9999999999999992,4.17466170762343,1.625080171254501,0.0,8.0,1.1179500449797848,165.74625148056924,0.4314061848160399,0.8849720755244167,0.839834535540327,129.9603384459624,0.27119998594918565,0.27119998594918565,2.635514488896315,0.5093215568947196,8.974339007226135,2.1427230710054497,0.2531784105295571,0.2531784105295571,0.8238236878658014,0.9999999999999992,0.0,90.0,0.0,0.0,200.0,0.0,0.0,0.0,25992.06768919248,90.0,35.43803309671717
warehouse,3023,affinity_greedy,0.9075789805204173,99.9110169223411,9.004377055490451,1090.2314971592527,8.0,2675.5836693915567,1090.2314971592527,9.526359930214221,0.7217287587120944,0.6125337146624099,1.2356656300835311,1.2253586902118938,1.2253586902118938,38.49865094097012,0.5151001215866633,1030.733866220823,287.09250493387975,1.2483015192763265,1.2483015192763265,0.12279048386338631,0.9075789805204173,0.0,34.0,0.0,0.0,200.0,0.0,0.0,0.0,247.13312601670623,34.0,13.53826738575817
warehouse,3023,balanced_affinity,0.9999879525476754,4.200493692127847,1.6523245791155503,0.14211606902792423,8.0,1.0730128828087804,165.74625148056924,0.43386022334395963,0.8344769489704297,0.7695248656550285,131.49318932002643,0.2860799904841372,0.2860799904841372,2.648998630386324,0.5075588047802359,8.958164886873707,2.143064582807868,0.2608949700773706,0.2608949700773706,0.8212354691190018,0.9999879525476754,0.0,89.0,0.0,0.0,200.0,0.0,0.0,0.0,26298.637864005286,89.0,32.707007771668444
warehouse,3023,dynamic_leiden,0.9837447145963899,34.23355541034964,7.844665544933813,191.75317738453728,8.0,124.9224221800888,307.428341630062,3.2870010865750294,0.7812857238550922,0.6954611344817739,8.179300956544466,0.8472506716826536,0.8472506716826536,11.575114814241356,0.5133072738091908,93.15153496412474,25.494392318491606,0.8602454726292739,0.8602454726292739,0.23296307736626676,0.9837447145963899,0.0,0.0,21.0,0.0,200.0,2321.0,1512.0,1512.0,1635.8601913088933,86.0,35.069585893917136
warehouse,3023,domain_heuristic,0.9999999999999999,4.1836487206999005,1.6349600565901536,0.0,8.0,1.114909356901155,165.74625148056924,0.4322599510583046,0.8366234413167541,0.7725136524663663,149.61479057368706,0.28853565385817914,0.28853565385817914,2.643584482926,0.5076594532465235,8.960824473534004,2.142849342118769,0.25769135964114814,0.25769135964114814,0.8228850987589145,0.9999999999999999,0.0,82.0,0.0,0.0,200.0,40320.0,0.0,0.0,29922.958114737412,82.0,30.450170128837346
warehouse,3023,c_kam,0.9999985333730361,4.508020208628159,1.5366563964507762,0.017300857744418696,2.0,1.1220044357906462,182.97074033047994,0.46307524241148923,0.43052145686766324,0.2070551931068729,15.372574390203226,0.17501156679316815,0.17501156679316815,2.310162927723186,0.8226986442177795,8.699396047057869,2.0843482548088383,0.17578711571859235,0.17578711571859235,0.8322239464721554,0.9999985333730361,11.0,30.0,0.0,5.0,200.0,8965.0,6161.0,5979.0,3074.5148780406453,30.0,18.675110435371327
warehouse,3023,d_kam,0.9999999999999997,5.327450003310616,1.7491833389794724,0.0,2.0,1.1386806643944214,202.24721670639633,0.5409210729063225,0.4214308791013657,0.1943974265968383,11.939742526010377,0.20172967613702164,0.20172967613702164,2.5014792141686257,0.8802385062510024,9.926125954527116,2.4058163383753017,0.20925041121817947,0.20925041121817947,0.8120338869319292,0.9999999999999997,6.0,5.0,0.0,0.0,200.0,7346.0,6282.0,6282.0,2387.9485052020755,5.0,5.37215779143053
warehouse,3024,static,0.9104445314318884,91.90271215507425,8.71378300374996,978.5358127383781,8.0,3469.7915518910304,978.5358127383781,8.74730484954781,0.7250302076296532,0.6171306688514161,0.0,1.333427020722075,1.333427020722075,37.737390718370044,0.5121624354361533,1177.1316819357996,327.92461521493897,1.323508519879412,1.323508519879412,0.15882303868722297,0.9104445314318884,0.0,0.0,0.0,0.0,200.0,0.0,0.0,0.0,0.0,0.0,0.0
warehouse,3024,greedy_load,0.9999766865511788,2.321231599650695,1.3803995346567173,0.25473647734458493,8.0,1.1026007801425832,86.68213047502988,0.23706419678257326,0.8869384225071666,0.8425724870352953,129.4812661713513,0.2615505253473263,0.2615505253473263,1.8641208536983982,0.5089974531768912,3.4086257018731088,0.591445983345812,0.24367562557261138,0.24367562557261138,0.8554944682510811,0.9999766865511788,0.0,90.0,0.0,0.0,200.0,0.0,0.0,0.0,25896.25323427026,90.0,35.44936191003154
warehouse,3024,affinity_greedy,0.8672985063875244,118.49561797088364,8.905501622263477,1449.9747026047958,8.0,4730.022565912751,1449.9747026047958,11.273630902049703,0.6257490125014368,0.4788910300652917,1.2254494459193666,1.0458110545865325,1.0458110545865325,35.37272914653315,0.5231525539802656,1393.719247544761,388.4713018966512,1.0472582507286772,1.0472582507286772,0.1406097699284385,0.8672985063875244,0.0,38.0,0.0,0.0,200.0,0.0,0.0,0.0,245.0898891838733,38.0,14.269250434745436
warehouse,3024,balanced_affinity,0.9999621197404117,2.382177051262911,1.425355930699345,0.4139020340696926,8.0,1.0988773201354274,86.68213047502988,0.24285401468573378,0.8740617932189633,0.8246430032162784,130.1140904390195,0.2761351492776425,0.2761351492776425,1.9007286234462293,0.5090053733016873,3.4475018208901718,0.6006350720497333,0.25213065485772135,0.25213065485772135,0.8512236106270313,0.9999621197404117,0.0,86.0,0.0,0.0,200.0,0.0,0.0,0.0,26022.8180878039,86.0,30.98013461528932
warehouse,3024,dynamic_leiden,0.955659224688562,47.35327515152318,7.828532377956,484.49343519237743,8.0,560.2940626392498,489.30786004815843,4.51510833421046,0.7166216701298853,0.6054225786618657,8.546455004543532,1.0810701509464986,1.0810701509464986,18.41438385736751,0.5200610799806691,284.96809781101524,78.97695167513547,1.099793423400718,1.099793423400718,0.2429218481376492,0.955659224688562,0.0,0.0,17.0,0.0,200.0,2475.0,1224.0,1224.0,1709.2910009087063,96.0,37.370184560191966
warehouse,3024,domain_heuristic,0.9999921515841481,2.8031601544880034,1.6940776642035682,0.08575641562200045,8.0,1.1341332056437716,86.68213047502988,0.28284740949211756,0.8745421479086468,0.8253118515183689,147.72825818537967,0.3094128632091275,0.3094128632091275,2.0164664952883515,0.5105698464239122,3.6953292028417843,0.6600739650734399,0.28087484603986346,0.28087484603986346,0.8256950459441302,0.9999921515841481,0.0,85.0,0.0,0.0,200.0,40320.0,0.0,0.0,29545.651637075935,85.0,30.934890857581387
warehouse,3024,c_kam,1.0000000000000002,1.6421939132288472,0.9114367358213479,0.0,5.0,0.9977424439992142,86.87551850602144,0.17255561657249768,0.5371694703199306,0.3555524270277513,41.947563309950056,0.16350651008714537,0.16350651008714537,1.5549076461420186,0.646062548817815,2.6671556111648664,0.4333948354964861,0.18448720768655946,0.18448720768655946,0.9000459341404411,1.0000000000000002,16.0,33.0,0.0,13.0,200.0,25677.0,6709.0,6227.0,8389.512661990011,33.0,25.696904571096887
warehouse,3024,d_kam,0.99998579255078,1.68868916892659,0.8688241483942966,0.1552389607448323,2.0,1.2115207225946514,93.53631554834703,0.17697266586378327,0.40126128641332826,0.1663131836134952,11.357261511293473,0.19136080343729706,0.19136080343729706,1.5247635470061447,0.8734726801691278,2.917189712856766,0.4575718334109947,0.2152426854020842,0.2152426854020842,0.9040941299460108,0.99998579255078,6.0,2.0,0.0,0.0,200.0,7356.0,6249.0,6249.0,2271.4523022586945,2.0,3.7771908283529827
warehouse,3025,static,0.9212874104093218,88.96210710135851,8.660314294320298,890.597758766067,8.0,1999.5358109220317,890.597758766067,8.469529501025706,0.7864676498671216,0.7026764744985238,0.0,1.2768957415062012,1.2768957415062012,37.42795856607077,0.5124067388496699,978.7822481735479,272.56767159735404,1.324617216573122,1.324617216573122,0.1629958898635688,0.9212874104093218,0.0,0.0,0.0,0.0,200.0,0.0,0.0,0.0,0.0,0.0,0.0
warehouse,3025,greedy_load,0.9999692322221255,1.906385036206388,1.0305750936882492,0.34812365035589565,8.0,1.134868372763418,109.42752286468018,0.19923590483625506,0.8845920278793497,0.8393053552750438,129.37765563605353,0.2281427306093736,0.2281427306093736,1.7249073864367772,0.5161767101481634,3.277107759316069,0.5624944119246996,0.19862875637828853,0.19862875637828853,0.8878211139236134,0.9999692322221255,0.0,90.0,0.0,0.0,200.0,0.0,0.0,0.0,25875.531127210706,90.0,34.635559821409345
warehouse,3025,affinity_greedy,0.8749652934155491,118.95596059721443,8.855479103094286,1414.711801900531,8.0,4577.689106525546,1414.711801900531,11.318945583132017,0.6735470509714149,0.5454452608462739,1.185113836399978,1.2241436527362375,1.2241436527362375,44.274410772964785,0.527381061226627,1642.1359780478808,457.74945714002604,1.2130907665913675,1.2130907665913675,0.14445523303003982,0.8749652934155491,0.0,30.0,0.0,0.0,200.0,0.0,0.0,0.0,237.0227672799956,30.0,11.213846000521702
warehouse,3025,balanced_affinity,1.0000000000000004,1.9109451327789901,1.0320917962855363,0.0,8.0,1.1362732223474565,109.42752286468018,0.1996691140106522,0.8552832680821361,0.7984956897346197,130.04104342937353,0.2553859374316719,0.2553859374316719,1.7172438350039239,0.5157012335396562,3.2871358615689714,0.5631863866895924,0.19387810347205267,0.19387810347205267,0.8876770271768711,1.0000000000000004,0.0,75.0,0.0,0.0,200.0,0.0,0.0,0.0,26008.208685874706,75.0,26.154029728397592
warehouse,3025,dynamic_leiden,0.9585373867053305,45.830385445623456,7.691059779225303,469.1309314665309,8.0,624.8308474937694,469.1309314665309,4.372015943730876,0.7431180982453109,0.6423163393289139,5.39312829831033,0.9495581918158623,0.9495581918158623,15.440080668151086,0.5201319440480442,248.6713628924051,68.87840329665808,0.9497608258630834,0.9497608258630834,0.2550750687975933,0.9585373867053305,0.0,0.0,17.0,0.0,200.0,1501.0,1224.0,1224.0,1078.625659662066,59.0,22.990365072430013
warehouse,3025,domain_heuristic,0.9999632619737804,1.9158940467562446,1.0366870560635855,0.41567434107820117,8.0,1.187310265667564,109.42752286468018,0.20013926083849146,0.8547582411493295,0.7977646395750156,147.4280404993624,0.25140040242357387,0.25140040242357387,1.7224041354462947,0.5182530055323005,3.2869015717427628,0.5635869858240861,0.1975898779637274,0.1975898779637274,0.8872404774979564,0.9999632619737804,0.0,78.0,0.0,0.0,200.0,40320.0,0.0,0.0,29485.60809987248,78.0,26.878602382030966
warehouse,3025,c_kam,0.9999937686214779,1.7144335995382283,0.8579975705738733,0.07050526192351328,5.0,0.9155637450234808,114.76959191541503,0.18100051835277983,0.5138160853833091,0.32303505559701257,31.281744524894748,0.14151218618715145,0.14151218618715145,1.5621672290455182,0.698403657930533,2.856615448468767,0.4824233382294485,0.1658524353939316,0.1658524353939316,0.9042159786194793,0.9999937686214779,11.0,31.0,0.0,8.0,200.0,19264.0,6937.0,6134.0,6256.34890497895,31.0,20.320855795213227
warehouse,3025,d_kam,1.0,1.7425105944722612,0.8628241319905151,0.0,2.0,1.1290518733732906,114.37383902615196,0.18366783287151298,0.415416119079137,0.18602244428740597,11.393353590538027,0.19931808661061443,0.19931808661061443,1.5575834608174932,0.8783315911603712,3.1051918152649503,0.5041717161509878,0.22496132077834305,0.22496132077834305,0.9037574552848981,1.0,6.0,2.0,0.0,0.0,200.0,7185.0,6248.0,6248.0,2278.6707181076054,2.0,3.788276841519026
warehouse,3026,static,0.9662841984033192,40.18068491440496,7.8151835652281925,338.06873685014307,8.0,368.29100489238965,338.06873685014307,3.8307833583611774,0.843506092837954,0.7820970912933535,0.0,1.0220448457995335,1.0220448457995335,14.20572379691594,0.5074958217270507,163.2973417508308,45.01599865574192,1.0230625198673664,1.0230625198673664,0.24605607837852644,0.9662841984033192,0.0,0.0,0.0,0.0,200.0,0.0,0.0,0.0,0.0,0.0,0.0
warehouse,3026,greedy_load,1.0000000000000002,1.0884271928232212,0.6730662052687665,0.0,8.0,1.0872161056170666,66.8889522904082,0.11701887481091296,0.9032687453499874,0.8653109112468178,127.63809989904985,0.18751934008597787,0.18751934008597787,1.4393942961854216,0.5094368361145496,2.2168154209046422,0.27630686481960415,0.16352951072805236,0.16352951072805236,0.9245572275746717,1.0000000000000002,0.0,90.0,0.0,0.0,200.0,0.0,0.0,0.0,25527.61997980997,90.0,35.75683805969779
warehouse,3026,affinity_greedy,0.9392242849276704,49.97679973781083,8.054140186217541,609.3988056831413,8.0,806.6356028949469,609.3988056831413,4.761414266584735,0.7369135010212906,0.633677026738506,1.3282492785947397,0.9283528583054883,0.9283528583054883,15.602390342368398,0.5188506024462382,240.43632227994115,66.58718894472186,0.9542807239432014,0.9542807239432014,0.22335519938453813,0.9392242849276704,0.0,57.0,0.0,0.0,200.0,0.0,0.0,0.0,265.64985571894795,57.0,23.991388309866807
warehouse,3026,balanced_affinity,0.9999999999999992,1.17388269963392,0.7521034921173869,0.0,8.0,1.111112683222736,66.8889522904082,0.12513714795792935,0.8800274550909354,0.8329496210126951,127.75321530963993,0.2018455469772361,0.2018455469772361,1.471170906442371,0.5109299833733588,2.2335029306002765,0.28079898619793686,0.17638902989015798,0.17638902989015798,0.9170486853240528,0.9999999999999992,0.0,85.0,0.0,0.0,200.0,0.0,0.0,0.0,25550.643061927985,85.0,29.752666766785858
warehouse,3026,dynamic_leiden,0.967521415491276,21.20108688186074,6.64561597388055,325.6631466423724,8.0,272.77065023934966,325.6631466423724,2.0277215452694777,0.761040265452641,0.6672712556935507,7.880288375017699,0.9341357993666102,0.9341357993666102,8.31809346535666,0.5143982375993271,51.57286449452044,13.867514951125314,0.8999066006968858,0.8999066006968858,0.3571649995565524,0.967521415491276,0.0,0.0,17.0,0.0,200.0,2312.0,1224.0,1224.0,1576.0576750035398,97.0,38.291264674694865
warehouse,3026,domain_heuristic,0.9999999999999998,1.2059082064021909,0.7874156165327783,0.0,8.0,1.0899477134076312,66.8889522904082,0.12817957110091505,0.8746711340798905,0.8254914525163034,145.16681595574482,0.219954081185744,0.219954081185744,1.4755091443844919,0.5073539087473806,2.24436388392072,0.28080917222278984,0.18039649721618375,0.18039649721618375,0.9136940335045907,0.9999999999999998,0.0,77.0,0.0,0.0,200.0,40320.0,0.0,0.0,29033.363191148965,77.0,27.23826691512992
warehouse,3026,c_kam,1.0000000000000004,1.1961576417368236,0.7390363317874693,0.0,3.0,0.979154273650954,67.52675009544153,0.12725326745770515,0.507168898674328,0.31377947916678584,23.223704723641276,0.13195524925557536,0.13195524925557536,1.358061657239853,0.7097412041142919,2.045938397143739,0.2564469523476275,0.14760536083384188,0.14760536083384188,0.918290065555395,1.0000000000000004,17.0,28.0,0.0,12.0,200.0,15431.0,6444.0,6075.0,4644.740944728255,28.0,24.465615544805736
warehouse,3026,d_kam,0.9999999999999991,2.3210845993650953,1.5526334354186448,0.0,3.0,1.307486058380177,67.52675009544153,0.234121328432391,0.5635215504457798,0.3922451968232377,21.199846449162578,0.26959751487976646,0.26959751487976646,1.5889288651586826,0.7561010630250012,2.535938226868963,0.3340980776199626,0.2736966168570497,0.2736966168570497,0.8409983407104333,0.9999999999999991,5.0,3.0,0.0,0.0,200.0,14462.0,6362.0,6362.0,4239.969289832516,3.0,3.972610276173849
warehouse,3027,static,0.8967920335860782,101.38533595085114,8.885964277006984,1125.366707667456,8.0,3584.443829268862,1125.366707667456,9.658034261265929,0.8166071717949822,0.744642897436051,0.0,1.2137722703518998,1.2137722703518998,43.04161993591358,0.5067011815104994,1266.7582187651883,352.96044494028706,1.2013990158029575,1.2013990158029575,0.13751671310855618,0.8967920335860782,0.0,0.0,0.0,0.0,200.0,0.0,0.0,0.0,0.0,0.0,0.0
warehouse,3027,greedy_load,0.9999999999999994,2.4311528939867175,1.0719558756862986,0.0,8.0,1.153919993848815,135.86619125086247,0.25738687086380846,0.8968393382512027,0.8563585722485101,128.64106133041787,0.21534557668811874,0.21534557668811874,1.9446288924436874,0.5144824358899547,4.190959498804439,0.8194298917224573,0.18102073930948137,0.18102073930948137,0.8798475112340212,0.9999999999999994,0.0,90.0,0.0,0.0,200.0,0.0,0.0,0.0,25728.212266083574,90.0,36.49296047732617
warehouse,3027,affinity_greedy,0.8385586310817262,132.85820399954306,8.9710251032646,1760.3364171738785,8.0,8020.552481162592,1760.3364171738785,12.64795672589166,0.6824035560456546,0.557777103354709,1.309607249131659,1.2614934872810448,1.2614934872810448,46.572273086530004,0.5332438419615356,2257.192438328653,629.407849678517,1.168897999924123,1.168897999924123,0.12943593461408265,0.8385586310817262,0.0,50.0,0.0,0.0,200.0,0.0,0.0,0.0,261.9214498263318,50.0,20.965860678295705
warehouse,3027,balanced_affinity,0.9999970741344872,2.442633285700927,1.0843176147224365,0.03190327019760325,8.0,1.1358360181814047,135.86619125086247,0.2584775080766584,0.8862739069275972,0.841647212177667,129.59238569965237,0.2197856966023744,0.2197856966023744,1.9573457642880743,0.5146105225929876,4.188880333918576,0.8198149703048307,0.1845636913611964,0.1845636913611964,0.8786731460255881,0.9999970741344872,0.0,80.0,0.0,0.0,200.0,0.0,0.0,0.0,25918.477139930474,80.0,28.28530876841609
warehouse,3027,dynamic_leiden,0.9660107003416402,44.00827258454697,8.121288531691798,370.61505600298676,8.0,238.452691374666,400.38591361310273,4.2072132414670325,0.78472885080016,0.7002553618736406,8.683431143581402,0.9095754870981113,0.9095754870981113,13.30364703921142,0.5196437422237936,153.05418461456273,42.19448446302526,0.8389240816095497,0.8389240816095497,0.21016090891349876,0.9660107003416402,0.0,0.0,20.0,0.0,200.0,2472.0,1440.0,1440.0,1736.6862287162803,85.0,33.38887157675376
warehouse,3027,domain_heuristic,0.9999999999999988,2.4510165239759787,1.0916924811287583,0.0,8.0,1.1502431284607755,135.86619125086247,0.25927391571278835,0.8880629652322272,0.8441383060195569,149.99462635430973,0.23288101480839177,0.23288101480839177,1.957285062951559,0.5121932176541147,4.200871471191336,0.8200289313845717,0.18508130560664834,0.18508130560664834,0.8779725337169876,0.9999999999999988,0.0,71.0,0.0,0.0,200.0,40264.0,0.0,0.0,29998.925270861946,71.0,25.28197153360179
warehouse,3027,c_kam,0.9999999999999991,2.2021161818210153,0.994778727072091,0.0,4.0,0.9660373941111208,135.94113140169648,0.23562838320806684,0.4871726305425553,0.28593657417317814,27.37834556013695,0.13541218304694064,0.13541218304694064,1.7450968936290088,0.7069167770459691,3.3988657919697705,0.637409196887793,0.14586121757021103,0.14586121757021103,0.8871793403523708,0.9999999999999991,14.0,31.0,0.0,10.0,200.0,16466.0,6226.0,6091.0,5475.66911202739,31.0,23.47074203891695
warehouse,3027,d_kam,0.9987406727005829,2.918379080527723,1.6344628409316406,13.731546760029007,2.0,1.5350475159589978,136.23065087661828,0.30367335858520406,0.469529993180257,0.26137087658010477,17.947866663744207,0.2718678286890707,0.2718678286890707,1.915524569160076,0.8113799151946338,3.766588448937622,0.677632346855855,0.29736354700756706,0.29736354700756706,0.8264093495357137,0.9987406727005829,6.0,3.0,0.0,0.0,200.0,11215.0,6324.0,6324.0,3589.5733327488415,3.0,4.09207798446554
warehouse,3028,static,0.9245235372084752,108.72974563534092,9.125175966944411,797.7214565669228,8.0,1581.3472108127387,797.7214565669228,10.368654717632403,0.8085371739442211,0.7334061915679027,0.0,1.20458614403082,1.20458614403082,35.707677146387034,0.5098908335461756,1140.231441376347,317.6478745573646,1.1751320347826664,1.1751320347826664,0.10953180791597998,0.9245235372084752,0.0,0.0,0.0,0.0,200.0,0.0,0.0,0.0,0.0,0.0,0.0
warehouse,3028,greedy_load,0.9999999999999994,5.431786184505348,2.128954270720554,0.0,8.0,1.180409354488188,195.04760490751556,0.5553485698030215,0.8902147282921345,0.8471344317991745,129.01308337139199,0.3413362821914955,0.3413362821914955,2.753443414027342,0.5127083019637056,10.586082153820444,2.571135156147163,0.2928591954402965,0.2928591954402965,0.7741728690572461,0.9999999999999994,0.0,90.0,0.0,0.0,200.0,0.0,0.0,0.0,25802.616674278397,90.0,33.5886712375576
warehouse,3028,affinity_greedy,0.8233065367886774,170.01083324705942,9.3220240008562,1867.4983117335244,8.0,12549.078263978374,1867.4983117335244,16.190358040745657,0.7190791253950948,0.6088443518159551,1.2294959627615754,1.195161511642467,1.195161511642467,56.11003724884955,0.5436280809729085,3446.6924179271846,961.4256714158059,1.1852498249655259,1.1852498249655259,0.09083124469435988,0.8233065367886774,0.0,41.0,0.0,0.0,200.0,0.0,0.0,0.0,245.89919255231507,41.0,16.027895014626928
warehouse,3028,balanced_affinity,0.9999914001139848,5.604905524775024,2.277962637827788,0.09089341689104682,8.0,1.0991450265482987,195.04760490751556,0.5717949071286408,0.8719491065976035,0.8217012876675491,129.9687199757318,0.3407736354781696,0.3407736354781696,2.809927175265204,0.5117406513066896,10.605586752262965,2.580202779022621,0.31289662661478984,0.31289662661478984,0.760017074182059,0.9999914001139848,0.0,87.0,0.0,0.0,200.0,0.0,0.0,0.0,25993.74399514636,87.0,31.403200232504695
warehouse,3028,dynamic_leiden,0.9576231275141773,61.630243025506246,8.614211483850388,447.88718487662436,8.0,402.83732550862,524.5355803340353,5.894201969698106,0.7208143932309531,0.61126054753677,6.8091826609452255,0.9631155976883065,0.9631155976883065,16.95971258937302,0.5141475222763955,305.10027319529223,84.63020023312438,0.9122230021692905,0.9122230021692905,0.1580734338099121,0.9576231275141773,0.0,0.0,20.0,0.0,200.0,1903.0,1440.0,1440.0,1361.836532189045,84.0,31.491497554123452
warehouse,3028,domain_heuristic,1.0000000000000004,5.915249559315561,2.4027533079940597,0.0,8.0,1.1129342507403837,195.04760490751556,0.6012775904099918,0.867711747605719,0.8158011675522668,147.43478765434702,0.34645286638551936,0.34645286638551936,2.856245112853722,0.5127960282826646,10.839978044659329,2.644580754377977,0.31654064742038207,0.31654064742038207,0.7481619605162632,1.0000000000000004,0.0,82.0,0.0,0.0,200.0,40320.0,0.0,0.0,29486.957530869404,82.0,29.840166978650068
warehouse,3028,c_kam,1.0000000000000002,4.668215024038504,1.6102160964709205,0.0,4.0,0.9823231874797178,195.15717139756902,0.48280930955867135,0.4560109642997554,0.24254691231611525,18.209030559955863,0.1676227369101592,0.1676227369101592,2.1635896885023076,0.7569808228853309,8.757996946459645,2.1162410514521057,0.17187182885754507,0.17187182885754507,0.8234529956109614,1.0000000000000002,12.0,26.0,0.0,8.0,200.0,11432.0,6182.0,6017.0,3641.8061119911727,26.0,18.25308482124318
warehouse,3028,d_kam,0.9999999999999997,4.842389846352434,1.7197398780883897,0.0,2.0,1.298964148988781,195.15717139756902,0.49935591767849485,0.541652152137396,0.3617941358875135,11.959815594891552,0.2392222341067095,0.2392222341067095,2.2977255067602544,0.8466469954201724,9.131232053102758,2.162586938731779,0.22912487726836622,0.22912487726836622,0.8130482363573017,0.9999999999999997,6.0,5.0,0.0,0.0,200.0,7372.0,6283.0,6283.0,2391.9631189783104,5.0,4.649462613810083
warehouse,3029,static,0.9248363126339265,85.75620619895172,8.901735330987197,893.2834363361376,8.0,1965.824903698267,893.2834363361376,8.180454879653631,0.8169045043156836,0.745056904743357,0.0,1.5568649019372207,1.5568649019372207,49.719052651614895,0.5063281628319816,1084.623344006811,302.02802771836826,1.6420467749177055,1.6420467749177055,0.13283998728420116,0.9248363126339265,0.0,0.0,0.0,0.0,200.0,0.0,0.0,0.0,0.0,0.0,0.0
warehouse,3029,greedy_load,1.0,3.5732128966132595,1.3967090081142417,0.0,8.0,1.1650236781679415,156.1445425492284,0.3730705159314764,0.9011904955489106,0.8624171457010148,131.65321763590327,0.28950282889216367,0.28950282889216367,2.9666735843832424,0.5104386831181428,11.112857769926777,2.7314934283632315,0.2678312661797936,0.2678312661797936,0.8458174879571321,1.0,0.0,90.0,0.0,0.0,200.0,0.0,0.0,0.0,26330.643527180655,90.0,34.574028859762535
warehouse,3029,affinity_greedy,0.8276023112787784,166.64963358195854,9.259052068996104,2048.8616936429257,8.0,6101.578783092478,2048.8616936429257,15.865330481039278,0.7322365284061553,0.6271647863883175,1.1406744337000418,1.3389502567524716,1.3389502567524716,55.28295080444127,0.5289537717202413,3040.125690405477,847.9081680902332,1.3798295276119765,1.3798295276119765,0.09889489717335528,0.8276023112787784,0.0,27.0,0.0,0.0,200.0,0.0,0.0,0.0,228.13488674000837,27.0,9.760110275332872
warehouse,3029,balanced_affinity,1.0,3.6163201873286046,1.4417398837703237,0.0,8.0,1.1501816876721278,156.1445425492284,0.37716570854943426,0.8672360871013194,0.8151388554575335,130.60928779450478,0.31199445959455263,0.31199445959455263,2.9936517997736867,0.510344837511411,11.117794250703243,2.732473031917077,0.2811730201398594,0.2811730201398594,0.8415395547698042,1.0,0.0,85.0,0.0,0.0,200.0,0.0,0.0,0.0,26121.857558900956,85.0,30.58254879197547
warehouse,3029,dynamic_leiden,0.9919314082574877,29.746337591533205,7.405291627216461,95.89124231015286,8.0,30.37106814155549,283.46367906157764,2.8595173619488707,0.8171513389798665,0.7454005985795608,9.512793589528883,0.7752642862729666,0.7752642862729666,8.570031126417655,0.5115299591309239,65.52094993983398,17.796841454356947,0.7745679892066396,0.7745679892066396,0.2750021391424211,0.9919314082574877,0.0,0.0,20.0,0.0,200.0,2734.0,1440.0,1440.0,1902.5587179057766,88.0,33.850935379205424
warehouse,3029,domain_heuristic,0.9999999999999991,3.6036154692229125,1.4285797710084327,0.0,8.0,1.1062710666486066,156.1445425492284,0.3759587603293937,0.8685706785671937,0.816997147372042,148.35765651019756,0.31051138714724835,0.31051138714724835,2.987396302098166,0.510558661895417,11.115688476180596,2.7321162086524513,0.2775120720961536,0.2775120720961536,0.842789765482184,0.9999999999999991,0.0,80.0,0.0,0.0,200.0,40264.0,0.0,0.0,29671.53130203951,80.0,28.57850480425336
warehouse,3029,c_kam,1.0,3.4453016430890777,1.2973112669417002,0.0,4.0,1.0337488413727698,156.34456831256796,0.3609189468466792,0.5144689580793792,0.32394411884470514,22.867489135969663,0.21049258642871924,0.21049258642871924,2.546450126245182,0.7309122754374694,9.596515217092255,2.3354258160810875,0.23113598066072646,0.23113598066072646,0.8552602733685235,1.0,15.0,32.0,0.0,11.0,200.0,13551.0,6226.0,6048.0,4573.497827193933,32.0,24.35228073482094
warehouse,3029,d_kam,0.9999999999999997,3.826382943357686,1.5520670021529892,0.0,2.0,1.1453863068060968,156.964386911359,0.3971216703721971,0.44684942098293035,0.2297903330142068,11.233992698835209,0.25991022846827394,0.25991022846827394,2.5814891423854864,0.8613287871895627,9.841900736749357,2.366984790110085,0.280358672528467,0.280358672528467,0.831058478523451,0.9999999999999997,6.0,1.0,0.0,0.0,200.0,6949.0,6231.0,6231.0,2246.798539767042,1.0,3.4352949213994735
warehouse,3030,static,0.8572970981100627,153.00824354935426,9.161640672565344,1700.2901337625422,8.0,9972.891529066812,1700.2901337625422,14.564016585041545,0.8225101556203945,0.7528622420030809,0.0,1.3438711844365212,1.3438711844365212,59.54955326043822,0.5018308836590213,3319.8891490122733,925.9855821333309,1.3601111994114923,1.3601111994114923,0.11034053221307781,0.8572970981100627,0.0,0.0,0.0,0.0,200.0,0.0,0.0,0.0,0.0,0.0,0.0
warehouse,3030,greedy_load,0.9999440271515732,3.3578704017995835,1.3792719559467796,0.6669106281519085,8.0,1.1370496499722258,173.62570507655153,0.3472311360238487,0.910726607702647,0.8756952765479895,133.07571323384764,0.2564352887579424,0.2564352887579424,2.162597921682215,0.5060981815891072,6.636686938515844,1.4908535607566182,0.2236679918524025,0.2236679918524025,0.8496655602918414,0.9999440271515732,0.0,90.0,0.0,0.0,200.0,0.0,0.0,0.0,26615.142646769527,90.0,34.15461368801127
warehouse,3030,affinity_greedy,0.8086665880093884,185.35522336361598,9.249577430366902,2279.7175695675196,8.0,15728.13139187541,2279.7175695675196,17.636979667396407,0.7657993672838669,0.6738978531800677,1.2557992836809717,1.231070903951268,1.231070903951268,60.19419723836425,0.5226177661724624,4328.202347140415,1207.4568567016381,1.2260907785465667,1.2260907785465667,0.10198654022192982,0.8086665880093884,0.0,37.0,0.0,0.0,200.0,0.0,0.0,0.0,251.15985673619434,37.0,14.024134490320797
warehouse,3030,balanced_affinity,0.9999945757181989,3.3900554011136323,1.4090354273172274,0.06462974969743626,8.0,1.1323410548483652,173.62570507655153,0.35028871095868325,0.9048283699067935,0.8674825403765479,133.67223637062125,0.25157251214671544,0.25157251214671544,2.170792407694513,0.5078041496015492,6.632361554773879,1.4919117055834108,0.22724915011422703,0.22724915011422703,0.8468380305116489,0.9999945757181989,0.0,77.0,0.0,0.0,200.0,0.0,0.0,0.0,26734.44727412425,77.0,27.2553022525021
warehouse,3030,dynamic_leiden,0.9270351784252081,77.16031697944,8.668414817879873,869.3682090014393,8.0,1960.2485974534059,869.3682090014393,7.358463560899688,0.7830606450967746,0.6979325438056355,6.916355588618899,1.0985286028449348,1.0985286028449348,24.06167444648258,0.5120252802811752,633.9902578508899,176.3810036476451,0.9851831231923527,0.9851831231923527,0.15719698840819746,0.9270351784252081,0.0,0.0,15.0,0.0,200.0,1905.0,1080.0,1080.0,1383.2711177237798,82.0,31.326325763233996
warehouse,3030,domain_heuristic,0.9999442345903218,3.520050042046465,1.5334056532577363,0.6644390171779188,8.0,1.1620918510322684,173.62570507655153,0.36263820184730233,0.9053719967089217,0.8682394890883717,150.98629630010691,0.2910936531162374,0.2910936531162374,2.2393847687072856,0.5083035521612067,6.697596265022451,1.4986524816487456,0.2509482145307684,0.2509482145307684,0.8350228590473006,0.9999442345903218,0.0,88.0,0.0,0.0,200.0,40320.0,0.0,0.0,30197.259260021383,88.0,31.57519306660782
warehouse,3030,c_kam,0.9999999999999999,3.2759633300581426,1.2993477152940807,0.0,4.0,0.9561122430000282,175.38397219478122,0.33944996420841167,0.44707524170967117,0.23010476693751689,23.04542955418583,0.15094293338303733,0.15094293338303733,1.88273236312844,0.7559673409318526,5.662895564612873,1.2586101828169034,0.17993211249357458,0.17993211249357458,0.8572583631538478,0.9999999999999999,12.0,32.0,0.0,8.0,200.0,13487.0,6217.0,6048.0,4609.085910837166,32.0,21.815094481985877
warehouse,3030,d_kam,1.0,3.6612201913757527,1.3748547449822255,0.0,2.0,1.205322758092458,187.44671082277674,0.37604936603358474,0.5498787044757647,0.37324882901688755,12.340439211111516,0.1924181453700515,0.1924181453700515,1.9776091834637561,0.8175283923748533,6.444208132604786,1.4322089372514193,0.17289061267208108,0.17289061267208108,0.8500851953334739,1.0,6.0,3.0,0.0,0.0,200.0,7139.0,6259.0,6259.0,2468.087842222303,3.0,3.973678742754416
warehouse,3031,static,0.856767168302271,164.86206909030926,9.360099145648647,1634.9582412154807,8.0,9178.992505383487,1634.9582412154807,15.7073336752339,0.8003541057180894,0.7220120459365801,0.0,1.5903994695279908,1.5903994695279908,91.08149671169973,0.5157164889715434,4988.588512353222,1391.6769158194406,1.6555818448230273,1.6555818448230273,0.08559182713854238,0.856767168302271,0.0,0.0,0.0,0.0,200.0,0.0,0.0,0.0,0.0,0.0,0.0
warehouse,3031,greedy_load,0.9999999999999997,7.157783978360964,2.3722295525272354,0.0,8.0,1.1219846852178943,255.71164978697408,0.7254265895988109,0.9005742460418934,0.8615590767671932,128.74857720613363,0.2931638340755618,0.2931638340755618,2.782807297539514,0.519750228624291,13.467701742599795,3.3853452583301173,0.25649469038981193,0.25649469038981193,0.7494394384850764,0.9999999999999997,0.0,90.0,0.0,0.0,200.0,0.0,0.0,0.0,25749.715441226726,90.0,35.353137341527415
warehouse,3031,affinity_greedy,0.8002850803236117,183.6506653114866,9.401437914123434,2279.6837146086896,8.0,11872.245461743118,2279.6837146086896,17.492250316245745,0.7365067054091219,0.6331106024683977,1.2287689506774768,1.4818466144043223,1.4818466144043223,87.00487340128808,0.526974087659697,5150.443484736913,1436.890973600245,1.509779152257103,1.509779152257103,0.0816646441334377,0.8002850803236117,0.0,38.0,0.0,0.0,200.0,0.0,0.0,0.0,245.75379013549536,38.0,15.516124653125251
warehouse,3031,balanced_affinity,0.9999730788276624,7.192361319357522,2.394840884649065,0.3072968121538523,8.0,1.1619156261062105,255.71164978697408,0.728711436993484,0.899077734863609,0.8594753270252784,128.83067571470747,0.3023525604685747,0.3023525604685747,2.7820256910877688,0.5211604089348725,13.492523364659744,3.389810059849771,0.25487408787992505,0.25487408787992505,0.7472913619335028,0.9999730788276624,0.0,85.0,0.0,0.0,200.0,0.0,0.0,0.0,25766.135142941494,85.0,30.99025620887484
warehouse,3031,dynamic_leiden,0.9558559117800032,52.558542065469204,8.516384782634054,503.89104216370106,8.0,382.61012191478716,503.89104216370106,5.038498607874093,0.7655307576583974,0.6735238397775153,8.156955199956428,0.960888295053756,0.960888295053756,14.28855688036251,0.5282207140553586,192.62311495195527,53.225421050787574,0.8579308753881796,0.8579308753881796,0.16574469162492872,0.9558559117800032,0.0,0.0,20.0,0.0,200.0,2368.0,1440.0,1440.0,1631.3910399912857,87.0,34.30691632514407
warehouse,3031,domain_heuristic,0.9999999999999996,7.22159207603895,2.430838619853892,0.0,8.0,1.1085992582533701,255.71164978697408,0.7314883588782197,0.8827677824270828,0.8367652666706217,146.83472915465245,0.3161586675054744,0.3161586675054744,2.803360778985458,0.5177155858473828,13.492150680884528,3.389415044906191,0.26726290258719054,0.26726290258719054,0.7438715770890441,0.9999999999999996,0.0,90.0,0.0,0.0,200.0,40320.0,0.0,0.0,29366.94583093049,90.0,32.744193881444524
warehouse,3031,c_kam,0.999943670508572,7.116294843760106,2.147715312226981,0.6429836312044424,6.0,0.9802092331779229,265.7374293526493,0.7214851218117296,0.5552104958587725,0.38067284233499976,43.506344394991174,0.19131787300853398,0.19131787300853398,2.4778686072262865,0.626861338901898,12.494383295101331,3.170825072915552,0.19575130747678138,0.19575130747678138,0.7707682913136006,0.999943670508572,19.0,34.0,0.0,17.0,200.0,26719.0,6653.0,6243.0,8701.268878998235,34.0,30.43840743728016
warehouse,3031,d_kam,0.9999999999999996,7.6089786081292825,2.3740395544407833,0.0,2.0,1.2205553082846157,269.2114823527584,0.7682900794268012,0.49486681860469545,0.2966500005888166,14.597942759719444,0.27802017697457154,0.27802017697457154,2.651577667318268,0.814361674467919,13.709176210475405,3.446060218090178,0.2609275291820927,0.2609275291820927,0.7492674883032895,0.9999999999999996,6.0,5.0,0.0,0.0,200.0,9081.0,6312.0,6312.0,2919.588551943889,5.0,5.139004161487743
warehouse,3032,static,0.9241997503089433,76.66086600710088,8.765893054876864,808.5576655759821,8.0,2750.3683302494437,808.5576655759821,7.3091872983154325,0.8509512785463801,0.792463805570909,0.0,1.3259297212472496,1.3259297212472496,34.02825834327329,0.5023017416470006,893.4803121689863,248.73689185323852,1.294947431421407,1.294947431421407,0.14901603455626902,0.9241997503089433,0.0,0.0,0.0,0.0,200.0,0.0,0.0,0.0,0.0,0.0,0.0
warehouse,3032,greedy_load,0.9999889444173793,3.2581652924663382,1.358611957145758,0.11792937506187542,8.0,1.1349816388657157,133.3386541774762,0.33593073042515015,0.9135084083036118,0.8795686697898393,129.08470423397375,0.23255000755273783,0.23255000755273783,1.9782048157343883,0.5068937732535275,5.356300700159303,1.1393238262420093,0.19956387146507296,0.19956387146507296,0.8527077388407238,0.9999889444173793,0.0,90.0,0.0,0.0,200.0,0.0,0.0,0.0,25816.94084679475,90.0,34.70926121417359
warehouse,3032,affinity_greedy,0.8534903087892028,110.21402537307603,8.999038358959721,1562.8119220250712,8.0,12672.19435488485,1562.8119220250712,10.496737438083068,0.730648674930827,0.624953851169506,1.265737510548206,1.4823250332339424,1.4823250332339424,64.96039355977449,0.5141736960649846,3090.9247159557376,862.0511876699654,1.449818336807798,1.449818336807798,0.1268672306683972,0.8534903087892028,0.0,41.0,0.0,0.0,200.0,0.0,0.0,0.0,253.1475021096412,41.0,15.16999802994035
warehouse,3032,balanced_affinity,0.9999999999999998,3.353401342134545,1.4453831574206668,0.0,8.0,1.1146499992905619,133.3386541774762,0.3449781551436298,0.8864088779915056,0.8418351465704507,128.028450148704,0.2381640962491605,0.2381640962491605,2.005975110751092,0.506556234547076,5.3590768027746325,1.1433806326494804,0.21304570258335928,0.21304570258335928,0.8444644748146075,0.9999999999999998,0.0,87.0,0.0,0.0,200.0,0.0,0.0,0.0,25605.6900297408,87.0,30.477188453407926
warehouse,3032,dynamic_leiden,0.9736990601471032,43.42269429323036,8.092057832970147,280.5508770299127,8.0,113.45960773395406,411.22208151911224,4.151560985497732,0.792413637468552,0.7109556977410217,8.594692995538935,0.8505463368292697,0.8505463368292697,10.23711362111129,0.5162354043772167,132.5235977583005,36.48011578648898,0.7667605343033758,0.7667605343033758,0.2130303806374069,0.9736990601471032,0.0,0.0,17.0,0.0,200.0,2524.0,1224.0,1224.0,1718.938599107787,105.0,40.29290572525925
warehouse,3032,domain_heuristic,1.0000000000000004,3.5047317472785986,1.5880608496767838,0.0,8.0,1.1103109017962833,133.3386541774762,0.35935454363231484,0.882403558370111,0.8362581192495216,145.2677618288726,0.2718887943796554,0.2718887943796554,2.072058690842765,0.5078883447310356,5.413430080118052,1.149480185568995,0.23503429038709142,0.23503429038709142,0.8309100940502762,1.0000000000000004,0.0,86.0,0.0,0.0,200.0,40320.0,0.0,0.0,29053.55236577452,86.0,30.26973002952299
warehouse,3032,c_kam,0.9999848527977966,3.4502094609926126,1.406105412764252,0.16157448692974885,8.0,0.9561429964120804,139.76281665466587,0.3541749264351462,0.7368965416639693,0.6336534124435016,45.85398057140992,0.15983068118639088,0.15983068118639088,1.8718675963644689,0.60431091802285,5.087788958916107,1.0881467768621236,0.1749483120084483,0.1749483120084483,0.8481958605569667,0.9999848527977966,10.0,46.0,0.0,10.0,200.0,27999.0,6416.0,6262.0,9170.796114281984,46.0,27.161303088211845
warehouse,3032,d_kam,1.0,3.892278948081105,1.5012913464688744,0.0,2.0,1.2458153587992895,151.77079433538609,0.3961715277085529,0.4496379030218683,0.23367302952412047,10.90156221354846,0.20791485123732564,0.20791485123732564,1.957807862963465,0.8624376141568899,5.812161960401918,1.2559453908667386,0.199387047268321,0.199387047268321,0.8391531968550276,1.0,6.0,5.0,0.0,0.0,200.0,7142.0,6276.0,6276.0,2180.312442709692,5.0,4.432226843810173
warehouse,3033,static,0.8848345476271721,139.95959613519378,9.135370924590271,1371.8178957783505,8.0,3625.7571292968537,1371.8178957783505,13.325014524343334,0.807401783357372,0.7318252679659613,0.0,1.440315812762857,1.440315812762857,58.49677758699307,0.5028402991874185,2661.2716824140575,742.1304141842224,1.4686112994645486,1.4686112994645486,0.11278547625979009,0.8848345476271721,0.0,0.0,0.0,0.0,200.0,0.0,0.0,0.0,0.0,0.0,0.0
warehouse,3033,greedy_load,0.9999800923032895,2.90598457345525,1.308424548400605,0.23713478346537675,8.0,1.188594889924506,157.34542514430893,0.30492142597817457,0.9145225467219007,0.8809807612583423,131.66001262987265,0.2503137403200348,0.2503137403200348,2.236746850849957,0.5065626478585636,6.017757390680843,1.3189015587889532,0.22946598983928182,0.22946598983928182,0.8563453819978085,0.9999800923032895,0.0,90.0,0.0,0.0,200.0,0.0,0.0,0.0,26332.00252597453,90.0,38.31793799818518
warehouse,3033,affinity_greedy,0.8766844450774225,146.67905702182966,9.16647843921206,1468.8995839045738,8.0,4459.165658962257,1468.8995839045738,13.963363308573744,0.7236910415971487,0.615266007287169,1.1798842846474145,1.3482995593903013,1.3482995593903013,56.63438032824012,0.5211954266696145,2540.275478488001,708.3930185311754,1.357878793429828,1.357878793429828,0.10983026237072023,0.8766844450774225,0.0,30.0,0.0,0.0,200.0,0.0,0.0,0.0,235.9768569294829,30.0,12.221883035558232
warehouse,3033,balanced_affinity,0.9999939109389197,2.908316766528081,1.3108988158654773,0.07253115223692336,8.0,1.14732036667472,157.34542514430893,0.30514298432009357,0.8967060465112837,0.856172976154952,132.55824678912177,0.25278851258502405,0.25278851258502405,2.2382774502399854,0.5072700525474714,6.010309695510151,1.3191602871631267,0.23068590090981375,0.23068590090981375,0.8561103265886456,0.9999939109389197,0.0,83.0,0.0,0.0,200.0,0.0,0.0,0.0,26511.649357824354,83.0,33.55752968280469
warehouse,3033,dynamic_leiden,0.9524076012677373,45.19814025370337,8.138121588924868,566.9070275743666,8.0,708.2761642388457,566.9070275743666,4.322676215601747,0.7848235199081889,0.7003871796189972,7.041831835522316,0.9636706680462689,0.9636706680462689,14.612732680205738,0.5149802690409341,189.8162940785086,52.441546812228495,0.9680629612387777,0.9680629612387777,0.20752416314800357,0.9524076012677373,0.0,0.0,17.0,0.0,200.0,1962.0,1224.0,1224.0,1408.3663671044633,73.0,31.574676127325503
warehouse,3033,domain_heuristic,1.0000000000000002,3.171335009064037,1.5302970143542305,0.0,8.0,1.124770011491434,157.34542514430893,0.33012971736100943,0.8914222163979835,0.8488157443516228,150.35274251567898,0.2934327710950666,0.2934327710950666,2.3291645693332885,0.5072205872168648,6.120707293633088,1.3395041251725766,0.26040142294694596,0.26040142294694596,0.8352674977322141,1.0000000000000002,0.0,85.0,0.0,0.0,200.0,40320.0,0.0,0.0,30070.548503135797,85.0,34.87212139132374
warehouse,3033,c_kam,0.9999477911998265,2.8080865579194816,1.170249186944299,0.621896279829355,5.0,0.9159876802505129,157.36382387420886,0.29562111450227657,0.5614595636338354,0.3893740759458469,34.525889875076246,0.17083902758551378,0.17083902758551378,2.012493125188584,0.6675617648554149,5.55043209583099,1.2263306276188648,0.1935380567209083,0.1935380567209083,0.8694720413361575,0.9999477911998265,13.0,39.0,0.0,10.0,200.0,20174.0,6284.0,6147.0,6905.177975015249,39.0,26.898666580694332
warehouse,3033,d_kam,1.0000000000000002,3.2860643804009455,1.2830998109108933,0.0,2.0,1.2199634005592608,166.0010591268121,0.34102900763801564,0.4453508981786578,0.22770378227408053,11.27012489043409,0.21314950802009305,0.21314950802009305,2.113419233464097,0.8830694555962105,6.282450306170135,1.3808900947685607,0.24539899702486406,0.24539899702486406,0.8587512320593311,1.0000000000000002,6.0,3.0,0.0,0.0,200.0,6878.0,6259.0,6259.0,2254.024978086818,3.0,4.328158404556678
warehouse,3034,static,0.8663253740068678,154.12852429998836,9.268874018691239,1493.5716909876392,8.0,8630.236208697826,1493.5716909876392,14.674900450903605,0.8419821836025057,0.7799751923579191,0.0,1.3486497128589658,1.3486497128589658,65.4237215405065,0.504644354932367,3307.6193642036624,922.5555604241646,1.3502799947315218,1.3502799947315218,0.09853022164644018,0.8663253740068678,0.0,0.0,0.0,0.0,200.0,0.0,0.0,0.0,0.0,0.0,0.0
warehouse,3034,greedy_load,0.9999766441615913,5.398164990024005,1.8994823698025955,0.26095916712491607,8.0,1.129180328237448,203.3227174615432,0.5455163164569915,0.9168616800249719,0.8842377823132521,132.7285489642236,0.2554449065883852,0.2554449065883852,2.5631685793238574,0.5084003717690184,9.403115736400931,2.261669286362444,0.22895531595268626,0.22895531595268626,0.7986224282908613,0.9999766441615913,0.0,90.0,0.0,0.0,200.0,0.0,0.0,0.0,26545.70979284472,90.0,34.03967696216339
warehouse,3034,affinity_greedy,0.8527835296233981,169.32563071192624,9.304800957084312,1644.877260497517,8.0,8671.581866909157,1644.877260497517,16.118625560037703,0.8101816071483211,0.7356959086875358,1.2085629435023293,1.248415253079687,1.248415253079687,65.5661527534926,0.5208938973964039,3328.5987371927927,928.4400271147356,1.2191885104687206,1.2191885104687206,0.09511716249909835,0.8527835296233981,0.0,30.0,0.0,0.0,200.0,0.0,0.0,0.0,241.71258870046586,30.0,11.501355196043376
warehouse,3034,balanced_affinity,0.9999999999999989,5.3888390669682025,1.889526666011627,0.0,8.0,1.1233885671059913,203.3227174615432,0.5446303537666902,0.9133999651211607,0.8794176729535148,132.78540963452542,0.25180363493573743,0.25180363493573743,2.560269509035768,0.5093220512159203,9.3972971806134,2.261579714368248,0.22709446318771465,0.22709446318771465,0.7995682201510033,0.9999999999999989,0.0,88.0,0.0,0.0,200.0,0.0,0.0,0.0,26557.081926905084,88.0,30.722059258719014
warehouse,3034,dynamic_leiden,0.9551522080064738,72.3227622153588,8.765627445050148,501.09279922932615,8.0,394.25506222401197,541.1185498489908,6.903353052863797,0.8384327201875276,0.7750329015269369,6.8277938207029365,0.7656411960273104,0.7656411960273104,14.100249162972016,0.5149919209244193,288.45438019312,80.01948605492656,0.6964446474695759,0.6964446474695759,0.14633864614234368,0.9551522080064738,0.0,0.0,19.0,0.0,200.0,1896.0,1368.0,1368.0,1365.5587641405873,71.0,27.366893412463146
warehouse,3034,domain_heuristic,0.9999908259550915,5.403643918638466,1.9047181878798445,0.1025033260076883,8.0,1.1946435530381427,203.3227174615432,0.5460368146753654,0.9092569467769898,0.8736489132337831,150.52909401638317,0.2766262436693651,0.2766262436693651,2.5656597149250224,0.5093743137696207,9.419999246652706,2.2617980378704905,0.23106614666343575,0.23106614666343575,0.7981250255735227,0.9999908259550915,0.0,81.0,0.0,0.0,200.0,40320.0,0.0,0.0,30105.818803276634,81.0,28.42141189673646
warehouse,3034,c_kam,1.0000000000000002,5.195575510479653,1.7464249505813427,0.0,3.0,1.0657830215965027,203.57435394775413,0.5262703159002782,0.4120065373932769,0.18127492548430962,18.80356896916055,0.1554929412502316,0.1554929412502316,2.1728147521554466,0.8156949463557511,8.314419801616308,1.9875028999849953,0.14840287968477414,0.14840287968477414,0.8131628831168805,1.0000000000000002,8.0,26.0,0.0,3.0,200.0,11418.0,6131.0,6017.0,3760.7137938321102,26.0,14.686452237073741
warehouse,3034,d_kam,1.0,5.296758843184734,1.77996975302589,0.0,2.0,1.2149128325186376,204.28546297846447,0.5358827325072609,0.49599649318422306,0.298222965193222,11.943759156711167,0.22440031620126846,0.22440031620126846,2.305932866766458,0.8486495071275906,8.69167162074071,2.0511225698377977,0.2070415651703763,0.2070415651703763,0.8099761268846484,1.0,6.0,2.0,0.0,0.0,200.0,7051.0,6248.0,6248.0,2388.7518313422333,2.0,3.8167076926987167
warehouse,3035,static,0.8816935770099521,129.3810114219377,9.101670963428251,1350.739513180984,8.0,10661.126368208255,1350.739513180984,12.321993864827112,0.745744123537082,0.6459728302415064,0.0,1.292955299407514,1.292955299407514,50.24183067595708,0.5078688404055686,2418.8266055236436,674.5102003128555,1.2100801701693447,1.2100801701693447,0.11511456448112725,0.8816935770099521,0.0,0.0,0.0,0.0,200.0,0.0,0.0,0.0,0.0,0.0,0.0
warehouse,3035,greedy_load,0.9999999999999993,3.5423539744231864,1.4336815027606977,0.0,8.0,1.0961031873803204,174.3928645087588,0.36732140731323004,0.899612538173388,0.8602199898616795,130.97992642433383,0.23955384810589464,0.23955384810589464,1.9317909983438353,0.5088355173524547,5.8992613236720475,1.290829862672557,0.21207703679528148,0.21207703679528148,0.843573563244545,0.9999999999999993,0.0,90.0,0.0,0.0,200.0,0.0,0.0,0.0,26195.985284866765,90.0,34.11280142626992
warehouse,3035,affinity_greedy,0.8736086511905461,137.48481029426657,9.141991001646776,1443.0475087183695,8.0,10102.627636055435,1443.0475087183695,13.091854757698352,0.7103408412495356,0.5966771207272012,1.2478628499957267,1.1810840601727635,1.1810840601727635,44.034984474315245,0.5341822266279096,2324.874168974369,648.3164909812534,1.1016101220867127,1.1016101220867127,0.11128416085036737,0.8736086511905461,0.0,39.0,0.0,0.0,200.0,0.0,0.0,0.0,249.57256999914534,39.0,15.057156446455805
warehouse,3035,balanced_affinity,1.0000000000000002,3.5309731506382973,1.4222403828300063,0.0,8.0,1.100261418935146,174.3928645087588,0.36624022905366566,0.8729783070863644,0.8231343516392415,131.70316371426452,0.2337267347894681,0.2337267347894681,1.9283799394037566,0.5090299306124706,5.875757736082078,1.290531984227145,0.21016906577859396,0.21016906577859396,0.8446604696379606,1.0000000000000002,0.0,83.0,0.0,0.0,200.0,0.0,0.0,0.0,26340.632742852904,83.0,29.511962049107687
warehouse,3035,dynamic_leiden,0.9823711658279423,33.54412514117755,7.845232226035611,201.27362729508522,8.0,381.49114557542964,251.03687801362395,3.2174896681548946,0.772067924337313,0.6826262237608154,6.677977904619183,1.051604292566859,1.051604292566859,12.801014956715521,0.5172840061793988,115.37905551591372,31.64192744573914,0.9789240511359637,0.9789240511359637,0.2344762445334281,0.9823711658279423,0.0,0.0,18.0,0.0,200.0,1868.0,1296.0,1296.0,1335.5955809238367,71.0,26.955613526011113
warehouse,3035,domain_heuristic,0.9999973307584838,3.535949834039471,1.4272485917516862,0.0304755219085851,8.0,1.0986372258484016,174.3928645087588,0.3667130139767771,0.8609344146942723,0.8063643748907589,149.42615476960782,0.24397543066933325,0.24397543066933325,1.9267281470525353,0.5063932950455786,5.876585094890138,1.2906138109010827,0.210253174997123,0.210253174997123,0.844184689790401,0.9999973307584838,0.0,85.0,0.0,0.0,200.0,40320.0,0.0,0.0,29885.230953921564,85.0,29.721089701249408
warehouse,3035,c_kam,0.9999821077172372,3.2605414904394894,1.2502464236821536,0.20428149798415485,7.0,0.8875276123753275,174.48102788411327,0.34054922133477883,0.5632599709215065,0.39188097216918627,41.52206947692321,0.14934487816500697,0.14934487816500697,1.6921487207248975,0.6439844693200821,4.8322703452411355,1.0379087635453081,0.1547376103097706,0.1547376103097706,0.8609998957570068,0.9999821077172372,17.0,27.0,0.0,16.0,200.0,24741.0,6593.0,6215.0,8304.413895384641,27.0,26.873922896423004
warehouse,3035,d_kam,1.0000000000000004,3.3537598772279873,1.369030027930205,0.0,2.0,1.236612423697748,176.39387011826256,0.34940496807968624,0.42746832658996453,0.2028039990493178,12.974663979257457,0.24259132770357986,0.24259132770357986,1.9508181043651946,0.8620590979078034,5.170998124420118,1.0710604491779296,0.22247743859148691,0.22247743859148691,0.8497154533534418,1.0000000000000004,6.0,6.0,0.0,0.0,200.0,7834.0,6308.0,6308.0,2594.9327958514914,6.0,5.307369527326442
warehouse,3036,static,0.8298646191673086,216.33335991744696,9.471405829332273,1810.9587052786976,8.0,12848.80464031511,1810.9587052786976,20.597640085847374,0.7915990333828813,0.7098214388875563,0.0,1.5456480468301135,1.5456480468301135,105.99079532741821,0.5157236347076336,7395.804036968246,2063.582548064279,1.582622132949606,1.582622132949606,0.07443941581452478,0.8298646191673086,0.0,0.0,0.0,0.0,200.0,0.0,0.0,0.0,0.0,0.0,0.0
warehouse,3036,greedy_load,1.0000000000000007,8.393102929945767,2.5536185900403354,0.0,8.0,1.1428062042303406,283.76463892015727,0.8433156720347575,0.888434467856776,0.8446555881550046,130.19248564582085,0.3114885006529668,0.3114885006529668,3.355811381087882,0.5257173975089136,18.098606839352854,4.672982121177605,0.27963997761166715,0.27963997761166715,0.7316292035472588,1.0000000000000007,0.0,90.0,0.0,0.0,200.0,0.0,0.0,0.0,26038.49712916417,90.0,35.83693117080552
warehouse,3036,affinity_greedy,0.7916899746127086,245.6448991349806,9.50554497530306,2217.2980835944536,8.0,13315.967501054394,2217.2980835944536,23.382236311513065,0.7290495943117734,0.6227272832189251,1.2230377555533778,1.4915265293214661,1.4915265293214661,106.16256526109817,0.5419744281605907,7669.839308460398,2140.088437891191,1.4249970634017415,1.4249970634017415,0.0711961969472998,0.7916899746127086,0.0,40.0,0.0,0.0,200.0,0.0,0.0,0.0,244.60755111067556,40.0,14.498805362065445
warehouse,3036,balanced_affinity,1.0000000000000002,8.407096979036922,2.5819961074102435,0.0,8.0,1.0928318248983195,283.76463892015727,0.8446451066984175,0.8723687639087067,0.8222856206323763,130.26142909977352,0.31559443248382524,0.31559443248382524,3.366923928469155,0.5269203820133512,18.07992854794701,4.669188968401194,0.28795527481014843,0.28795527481014843,0.7289333393971176,1.0000000000000002,0.0,89.0,0.0,0.0,200.0,0.0,0.0,0.0,26052.285819954704,89.0,32.31605379392596
warehouse,3036,dynamic_leiden,0.8741263693773059,170.1250674470668,9.350061574426968,1339.826825117386,8.0,5172.381417325419,1339.826825117386,16.207852301161253,0.7759955359784513,0.6880950500965777,6.4087039066362195,1.3494774681406114,1.3494774681406114,56.432493078634536,0.5271122611934947,3469.962192766802,967.8725693014766,1.3247638537884125,1.3247638537884125,0.08596712003052871,0.8741263693773059,0.0,0.0,14.0,0.0,200.0,1832.0,1008.0,1008.0,1281.740781327244,47.0,17.480545785499423
warehouse,3036,domain_heuristic,1.0000000000000002,8.385015872137235,2.560297934508871,0.0,8.0,1.1319604932938352,283.76463892015727,0.842547401542947,0.8703150533773547,0.8194260236899876,147.93479221843882,0.32054841501071807,0.32054841501071807,3.3680842722966506,0.5277259355997536,18.08269801201892,4.668792436976627,0.28549883038306,0.28549883038306,0.730994665822748,1.0000000000000002,0.0,86.0,0.0,0.0,200.0,40320.0,0.0,0.0,29586.958443687763,86.0,30.696355855246757
warehouse,3036,c_kam,1.0000000000000004,8.570110913042408,2.4455208921700744,0.0,6.0,0.9695165533889852,291.9399354923941,0.8601314304289387,0.5100240082360267,0.31775494817674604,33.565131844516145,0.19630661745498373,0.19630661745498373,2.8727084266750547,0.6647124815289968,15.907821952401335,4.119379456242992,0.1984372465382775,0.1984372465382775,0.7418984848449337,1.0000000000000004,15.0,41.0,0.0,13.0,200.0,20508.0,6517.0,6152.0,6713.026368903229,41.0,29.17241177831603
warehouse,3036,d_kam,0.9999999999999998,8.158675318550943,2.3945261530158284,0.0,2.0,1.2528911399356915,280.7698509144988,0.8210450489522494,0.4836361987188366,0.2810124285958485,15.501487463188823,0.24508149026582282,0.24508149026582282,3.0325225395704956,0.8497589329242894,16.277135681747303,4.164203408447906,0.24717632339485662,0.24717632339485662,0.746742985064587,0.9999999999999998,6.0,14.0,0.0,0.0,200.0,9658.0,6421.0,6421.0,3100.2974926377647,14.0,8.794395246381654
warehouse,3037,static,0.8980404439943013,113.42720991957123,8.945413446639549,957.4882780974197,8.0,3598.343376077285,957.4882780974197,10.801548873001991,0.8019525507679952,0.7242377289174615,0.0,1.0611183826982375,1.0611183826982375,44.06713182197404,0.5107800012292384,1625.651451504096,453.17712678872226,1.1271715717760846,1.1271715717760846,0.13236606024283734,0.8980404439943013,0.0,0.0,0.0,0.0,200.0,0.0,0.0,0.0,0.0,0.0,0.0
warehouse,3037,greedy_load,0.9999999999999998,2.30879592631709,1.078676850185853,0.0,8.0,1.1248356173338392,104.75702672026941,0.24529954364284723,0.8929023751518212,0.8508767248949411,130.10544090910116,0.18884034555270643,0.18884034555270643,1.6044139970008566,0.5121819151387923,3.2700189884386033,0.5710114855813735,0.16407615079759932,0.16407615079759932,0.8797060369059383,0.9999999999999998,0.0,90.0,0.0,0.0,200.0,0.0,0.0,0.0,26021.088181820232,90.0,33.01160235435952
warehouse,3037,affinity_greedy,0.9058733251121818,98.86675616196432,8.84851779373059,883.9307603137839,8.0,3348.2451052053293,883.9307603137839,9.418305766029333,0.749425911597065,0.6510993705781917,1.338200143945869,1.1361912656399349,1.1361912656399349,40.25206587865702,0.532421775160407,1345.1077967085498,374.854739617655,1.1636370893648447,1.1636370893648447,0.14157114726918865,0.9058733251121818,0.0,54.0,0.0,0.0,200.0,0.0,0.0,0.0,267.6400287891738,54.0,19.17920024693352
warehouse,3037,balanced_affinity,1.0,2.312025875178425,1.0826760099099904,0.0,8.0,1.1482773557348083,104.75702672026941,0.24560638878467408,0.8761263913218568,0.8275177600684083,130.94078703943524,0.2132672087219131,0.2132672087219131,1.6095908255322384,0.5132807560926973,3.2841479255083947,0.5709730171461351,0.16629398350813282,0.16629398350813282,0.8793261167321456,1.0,0.0,80.0,0.0,0.0,200.0,0.0,0.0,0.0,26188.157407887047,80.0,27.836845021353174
warehouse,3037,dynamic_leiden,0.9638891503860361,48.155994014260365,8.208628042512691,339.1120614096885,8.0,767.3351218329651,339.1120614096885,4.600783361997459,0.7996573461655568,0.7210418744077373,5.976171354268445,1.3597523614567983,1.3597523614567983,25.57546681744041,0.5273041080975918,435.93466763761467,121.02077970213601,1.354659042197018,1.354659042197018,0.20236067363488894,0.9638891503860361,0.0,0.0,19.0,0.0,200.0,1684.0,1368.0,1368.0,1195.234270853689,54.0,19.841144524587428
warehouse,3037,domain_heuristic,1.0000000000000007,2.3608359663397334,1.1332741303680842,0.0,8.0,1.1716809911582002,104.75702672026941,0.2502433474449984,0.8624211042474605,0.8084344489521602,148.2140815499588,0.2305934740848008,0.2305934740848008,1.6366441409304366,0.5127776943751877,3.297091995233183,0.5721105725040301,0.17761777930326136,0.17761777930326136,0.8745192952886265,1.0000000000000007,0.0,80.0,0.0,0.0,200.0,40320.0,0.0,0.0,29642.81630999176,80.0,28.777076792262857
warehouse,3037,c_kam,1.0,2.124286585185954,0.9437287185789707,0.0,5.0,0.9906475935424757,104.88445549268899,0.22777115623538932,0.4530228005739119,0.23838617801430784,30.08580261899624,0.12557046775069391,0.12557046775069391,1.4646279042428834,0.7133304605294525,2.860726431516137,0.4939431450488779,0.133334710944885,0.133334710944885,0.8925261094085922,1.0,15.0,19.0,0.0,12.0,200.0,18666.0,6221.0,6125.0,6017.160523799248,19.0,20.178280071788972
warehouse,3037,d_kam,1.0000000000000004,2.6322913357414217,1.2190118619952293,0.0,2.0,1.2055608425209017,104.1814141054588,0.2760316075381587,0.4906859782136655,0.2908285772595343,16.072724655241473,0.17892666283346528,0.17892666283346528,1.6873160013260773,0.8442969739794944,3.5767132746096397,0.6380978704267849,0.18749197188369532,0.18749197188369532,0.8663742107840477,1.0000000000000004,6.0,7.0,0.0,0.0,200.0,10007.0,6357.0,6357.0,3214.5449310482945,7.0,5.420614273480181
warehouse,3038,static,0.9228847352376913,88.73042553450443,8.807692026321183,911.3181808142481,8.0,10978.085805693305,911.3181808142481,8.459652447327828,0.8148540400902198,0.7422018279737237,0.0,2.2824304621031235,2.2824304621031235,79.78263127447971,0.5038497147158154,3172.121058478708,884.4799449165117,2.141546772249323,2.141546772249323,0.14335954074477786,0.9228847352376913,0.0,0.0,0.0,0.0,200.0,0.0,0.0,0.0,0.0,0.0,0.0
warehouse,3038,greedy_load,0.9999126871058568,3.9942674086387044,1.5556706157568958,1.0318297952731297,8.0,1.1924361849381162,167.1069977228022,0.409717425370584,0.9023103420204436,0.8639764255980861,130.3658431750955,0.2704966527076769,0.2704966527076769,2.427351178885817,0.5100547939508883,7.3223052728285065,1.6787131392502908,0.2291584800549213,0.2291584800549213,0.8323015747483855,0.9999126871058568,0.0,90.0,0.0,0.0,200.0,0.0,0.0,0.0,26073.1686350191,90.0,34.310030697643256
warehouse,3038,affinity_greedy,0.8241199626823745,180.31062305388207,9.184708164175246,2078.4818173662275,8.0,17732.42739135602,2078.4818173662275,17.1597712116687,0.7532719367331159,0.6564545954511739,1.1929599053109996,1.4634254271278644,1.4634254271278644,79.91321408188486,0.528941084707199,4677.215113671531,1304.8073093620064,1.3148895219881152,1.3148895219881152,0.10754300764864215,0.8241199626823745,0.0,32.0,0.0,0.0,200.0,0.0,0.0,0.0,238.59198106219992,32.0,11.694878782843196
warehouse,3038,balanced_affinity,0.9999607086834662,4.001459133256834,1.5683197626001586,0.464329484120483,8.0,1.1422073956056935,167.1069977228022,0.4104006392093062,0.8822554195966126,0.8360518500712325,129.52221683008247,0.2858421832136562,0.2858421832136562,2.43420789050407,0.509153853677435,7.328457103230296,1.6798917992558864,0.23242888311091942,0.23242888311091942,0.8310999057982754,0.9999607086834662,0.0,87.0,0.0,0.0,200.0,0.0,0.0,0.0,25904.443366016494,87.0,31.24849896381959
warehouse,3038,dynamic_leiden,0.9744973507385606,29.6138221385698,7.446394740439991,301.3803817248694,8.0,762.9624187263613,301.3803817248694,2.843575124714038,0.7672116510354055,0.675864324226514,7.975380200805375,0.984865864541018,0.984865864541018,11.762563762353302,0.5143706851915041,98.5799823596756,26.973054883186606,0.8991806789280613,0.8991806789280613,0.2726827829034913,0.9744973507385606,0.0,0.0,17.0,0.0,200.0,2305.0,1224.0,1224.0,1595.076040161075,96.0,37.217391678294256
warehouse,3038,domain_heuristic,0.99994346013629,4.256659544191369,1.806099354446045,0.6681661004208785,8.0,1.0777975036836307,167.1069977228022,0.43464467824808717,0.8783281213908929,0.8305834601645343,146.87072512984741,0.30728543795812385,0.30728543795812385,2.5248239215124952,0.5107250139547087,7.387672123479371,1.6906576070084418,0.26380644646607104,0.26380644646607104,0.8085108445729162,0.99994346013629,0.0,87.0,0.0,0.0,200.0,40292.0,0.0,0.0,29374.145025969483,87.0,32.15433346491701
warehouse,3038,c_kam,0.9999273837167457,3.7900712187701044,1.3800931295861896,0.8581509686392925,4.0,1.0506029015765188,167.22459138575738,0.39031878733306713,0.5554346648132756,0.3809849763222825,27.211636610882124,0.17823081196042767,0.17823081196042767,2.133671447333469,0.7227241560346945,6.685658495940312,1.5274627709533481,0.16984241358552118,0.16984241358552118,0.8489814359346025,0.9999273837167457,13.0,29.0,0.0,9.0,200.0,16360.0,7266.0,6090.0,5442.327322176425,29.0,22.032513118033133
warehouse,3038,d_kam,0.9999172731361545,4.5254731443839535,1.6219818824459415,0.9776338743894402,2.0,1.174187054504329,181.65675045456328,0.46018197026638263,0.483501308948993,0.28082460739733206,12.090327705518575,0.23463095880278956,0.23463095880278956,2.3356791911025607,0.848654716890332,7.971302495734242,1.8492392577451882,0.23500280101112153,0.23500280101112153,0.826002004412926,0.9999172731361545,6.0,6.0,0.0,0.0,200.0,7481.0,6299.0,6299.0,2418.065541103715,6.0,5.163404110203202
warehouse,3039,static,0.8909246966912174,113.45576327094484,9.032042830909573,1252.5606980107912,8.0,4154.4153501509,1252.5606980107912,10.805876675688319,0.8367424692998818,0.7726793876327469,0.0,1.4745198609074475,1.4745198609074475,48.929785234305285,0.5203312042619996,1677.2905682477642,467.4666608728579,1.4594422959401019,1.4594422959401019,0.12306469680918791,0.8909246966912174,0.0,0.0,0.0,0.0,200.0,0.0,0.0,0.0,0.0,0.0,0.0
warehouse,3039,greedy_load,0.9895850176962736,16.196830926760537,6.225741929122602,119.59991958211843,8.0,629.16250858446,159.7587012177403,1.5662781029908093,0.8946366567014061,0.8532915473057553,125.31166260669124,2.9712132053901756,2.9712132053901756,45.684471342819506,0.5233881439542034,278.23884975070473,76.54041029335312,2.945723417814498,2.945723417814498,0.3896632824789503,0.9895850176962736,0.0,90.0,0.0,0.0,200.0,0.0,0.0,0.0,25062.33252133825,90.0,36.57860393380462
warehouse,3039,affinity_greedy,0.8667534888722958,140.30268194423203,9.164783942777044,1530.129533659354,8.0,5930.212569709944,1530.129533659354,13.3563339496506,0.7682359511524249,0.6772905648957815,1.138216688996181,1.2918899560873682,1.2918899560873682,48.6715511302123,0.5437837751130615,2187.6434464425897,609.9701147686361,1.2728707920805682,1.2728707920805682,0.11045429118177845,0.8667534888722958,0.0,27.0,0.0,0.0,200.0,0.0,0.0,0.0,227.64333779923618,27.0,9.87516112091657
warehouse,3039,balanced_affinity,0.9893204959081001,16.316840952990532,6.244704878484967,122.63754208310668,8.0,628.0651990023215,159.7587012177403,1.577679055482658,0.8495271656613701,0.790480863579123,125.16054593899753,2.964821007795405,2.964821007795405,45.65506874786597,0.5250191058019648,277.8389217762604,76.43771521601347,2.9269927108945586,2.9269927108945586,0.38786180228952566,0.9893204959081001,0.0,82.0,0.0,0.0,200.0,0.0,0.0,0.0,25032.109187799506,82.0,32.81581748942142
warehouse,3039,dynamic_leiden,0.927379710103454,55.67335634288987,8.217834828683177,833.9314055818908,8.0,5426.796491348788,833.9314055818908,5.316548017523095,0.7677042238362148,0.6765501850884005,5.57887406059308,1.8713292776347106,1.8713292776347106,45.57625476109407,0.5212498847179843,1008.3042877262039,280.6423285329927,1.8628618018038612,1.8628618018038612,0.20041445702069566,0.927379710103454,0.0,0.0,15.0,0.0,200.0,1594.0,1080.0,1080.0,1115.774812118616,47.0,19.461466247442726
warehouse,3039,domain_heuristic,0.9894789358645957,16.42355374482285,6.260891990025675,120.81810490090321,8.0,628.1097355577751,159.7587012177403,1.5878167707067286,0.8279920464261379,0.7604952545174073,141.2135269830469,2.9142424610891764,2.9142424610891764,45.66485396171069,0.5230435410151407,277.9196644884938,76.47846796553216,2.912194737913594,2.912194737913594,0.38632402669315835,0.9894789358645957,0.0,86.0,0.0,0.0,200.0,39060.0,0.0,0.0,28242.70539660938,86.0,33.40336595490303
warehouse,3039,c_kam,0.9999450361610694,3.5089574017803313,1.4045145713640665,0.6311744489191051,4.0,0.980293719026881,159.8416699738316,0.3609301181176894,0.46898400029803355,0.26061063332637585,26.26539135046187,0.180328113253397,0.180328113253397,1.9912252514085733,0.7289005142882917,6.537874081682987,1.4982265279966007,0.211327941973639,0.211327941973639,0.8476798814660111,0.9999450361610694,11.0,38.0,0.0,7.0,200.0,16405.0,6268.0,6092.0,5253.078270092374,38.0,23.73701952945278
warehouse,3039,d_kam,1.0000000000000002,3.5504881619242155,1.4348800204119696,0.0,2.0,1.1746518552649639,159.8416699738316,0.3648755403313584,0.42617962374871,0.20100960268807724,11.795046356128296,0.24062774772403778,0.24062774772403778,2.1364478334749912,0.869715800137406,6.756435943866114,1.512298908053174,0.23525633933776027,0.23525633933776027,0.8447951638064605,1.0000000000000002,6.0,3.0,0.0,0.0,200.0,7568.0,6257.0,6257.0,2359.009271225659,3.0,4.375688870688796
warehouse,3040,static,0.8809626931396758,123.59380039547695,8.958308943426443,1261.1727954442185,8.0,3671.56730216613,1261.1727954442185,11.76161481230235,0.8409545951634135,0.7785443730123478,0.0,1.189842396742371,1.189842396742371,38.7260770303509,0.5085576357892062,1593.8682144288277,444.26411582010564,1.1811689081902483,1.1811689081902483,0.13380317180517315,0.8809626931396758,0.0,0.0,0.0,0.0,200.0,0.0,0.0,0.0,0.0,0.0,0.0
warehouse,3040,greedy_load,0.999976017951158,1.9104538592068945,1.0548643200120813,0.25408427305475356,8.0,1.170740130398387,100.99727343315934,0.20169689135669683,0.8974846837454151,0.8572571545822236,127.18938857200556,0.24429203700567237,0.24429203700567237,1.7883963938691534,0.514768107106437,3.4452178560325466,0.6030451121447308,0.20554190128626434,0.20554190128626434,0.8846304110295374,0.999976017951158,0.0,90.0,0.0,0.0,200.0,0.0,0.0,0.0,25437.87771440111,90.0,35.6887946781572
warehouse,3040,affinity_greedy,0.8649123404503325,134.68577256946767,9.028360531411188,1431.2225781802863,8.0,5903.6134706084285,1431.2225781802863,12.815352168831469,0.7685707967451186,0.6777568055944689,1.18976280617062,1.1604199513011242,1.1604199513011242,41.61570285480524,0.5400547434455352,1934.075664945848,539.23297612949,1.1309997643158038,1.1309997643158038,0.1271482709466224,0.8649123404503325,0.0,34.0,0.0,0.0,200.0,0.0,0.0,0.0,237.952561234124,34.0,12.64167838144934
warehouse,3040,balanced_affinity,1.0000000000000002,1.9250669168817067,1.0680490235543145,0.0,8.0,1.1099774560318723,100.99727343315934,0.20308513183580396,0.8828838490506911,0.836926878425013,127.70537797885481,0.24231318011618966,0.24231318011618966,1.7945429477124888,0.5169110282250862,3.4365427705878018,0.6034230995242692,0.2082869150000339,0.2082869150000339,0.8833778641930254,1.0000000000000002,0.0,78.0,0.0,0.0,200.0,0.0,0.0,0.0,25541.075595770963,78.0,28.935449109542677
warehouse,3040,dynamic_leiden,0.9547098152342349,53.47325286185985,8.224542703951547,479.8390557864905,8.0,427.3906539952839,483.1772743494158,5.1001627966087275,0.7792076842579828,0.6925676616250391,5.859124764538137,0.9075381549607024,0.9075381549607024,16.14824365854479,0.5188565702945054,250.0895967722705,69.2804138633077,0.8790194886210222,0.8790194886210222,0.2035109645552882,0.9547098152342349,0.0,0.0,16.0,0.0,200.0,1676.0,1152.0,1152.0,1171.8249529076274,57.0,22.642802170166252
warehouse,3040,domain_heuristic,0.9999999999999998,1.914516103808437,1.0587460966022988,0.0,8.0,1.1322039250445646,100.99727343315934,0.20208280459384337,0.877928325015375,0.830026781666978,149.43106928098132,0.236784518939738,0.236784518939738,1.7974518898628462,0.5166224980242908,3.427420693484097,0.6031813448915692,0.20855338684801106,0.20855338684801106,0.8842616422534668,0.9999999999999998,0.0,83.0,0.0,0.0,200.0,40320.0,0.0,0.0,29886.213856196264,83.0,31.332388281995385
warehouse,3040,c_kam,1.0000000000000002,1.7123499778176234,0.8852157172004663,0.0,5.0,0.9946407107646251,104.21333288445646,0.18287702262471606,0.5336441387461844,0.35064373749468714,28.47734250142821,0.15182758123724407,0.15182758123724407,1.5980357966484404,0.6942366009656173,2.9590499414963456,0.5057990200504378,0.16851147760324958,0.16851147760324958,0.9007470282966409,1.0000000000000002,14.0,28.0,0.0,11.0,200.0,17699.0,6280.0,6110.0,5695.468500285642,28.0,22.720866970490807
warehouse,3040,d_kam,1.0,1.8375865246051422,0.9783915885339575,0.0,2.0,1.2445886601689837,106.3245463187679,0.19477449456953036,0.45218540743592217,0.2372201875690056,12.000625970395049,0.21916633167542648,0.21916633167542648,1.819048466752059,0.8796748825341729,3.2956182664216787,0.5452176732636808,0.20889496311396086,0.20889496311396086,0.8918953205199592,1.0,6.0,4.0,0.0,0.0,200.0,7685.0,6274.0,6274.0,2400.12519407901,4.0,5.075475612156648
warehouse,3041,static,0.9308176920256094,76.53616477099757,8.724422407385799,835.2233899548892,8.0,3444.995456261299,835.2233899548892,7.296676851646401,0.8297327088049096,0.7629189616270894,0.0,1.1812119874638058,1.1812119874638058,30.506652664478132,0.5179581710850665,821.8736700176795,228.79003399238115,1.123848400143848,1.123848400143848,0.15327427710850758,0.9308176920256094,0.0,0.0,0.0,0.0,200.0,0.0,0.0,0.0,0.0,0.0,0.0
warehouse,3041,greedy_load,0.9999999999999997,2.839373533667039,1.2125423284126808,0.0,8.0,1.1381038712199172,156.23501904386393,0.29548168409999964,0.8907856000800669,0.8479293165671816,130.85131873041973,0.21716314090342353,0.21716314090342353,1.6633325902110374,0.5135818973485187,4.172726480750722,0.8153818464424565,0.17311769671642946,0.17311769671642946,0.8669028846109538,0.9999999999999997,0.0,89.0,0.0,0.0,200.0,0.0,0.0,0.0,26170.263746083947,89.0,35.28801990052821
warehouse,3041,affinity_greedy,0.927737537360657,69.63785951977998,8.561515592070783,872.4094465663486,8.0,3661.912353094203,872.4094465663486,6.641337852780728,0.7250199587082139,0.6171163982013107,1.3639927361509763,1.0321430220849506,1.0321430220849506,31.763844062767113,0.5188502718819593,680.9478765455399,189.51403706867026,1.0401289821224835,1.0401289821224835,0.16875042456343395,0.927737537360657,0.0,55.0,0.0,0.0,200.0,0.0,0.0,0.0,272.79854723019525,55.0,22.294011582528423
warehouse,3041,balanced_affinity,0.9999872011282741,2.880854626847658,1.2551121263672604,0.1545180746848387,8.0,1.1428145770673706,156.23501904386393,0.2994223879521585,0.8788028300068922,0.8312444468450398,129.28202212991891,0.23438693368397534,0.23438693368397534,1.6944230911703664,0.5119459243895931,4.1854730977400125,0.8167968766720349,0.18498243124976668,0.18498243124976668,0.8628587538052686,0.9999872011282741,0.0,85.0,0.0,0.0,200.0,0.0,0.0,0.0,25856.404425983783,85.0,30.878328727932182
warehouse,3041,dynamic_leiden,0.9455779508644335,36.736149333466166,7.281658836160619,657.0259029826655,8.0,1342.7966960833003,657.0259029826655,3.515675385080917,0.7469559389171251,0.6476601681124526,5.907147200778127,0.9233684376562846,0.9233684376562846,15.462697271702996,0.517245496642917,198.33183230607858,54.83518176204227,0.8964303330739597,0.8964303330739597,0.2903368163748996,0.9455779508644335,0.0,0.0,17.0,0.0,200.0,1662.0,1224.0,1224.0,1181.4294401556253,77.0,30.6040597975599
warehouse,3041,domain_heuristic,0.9999973068876068,2.901950452599506,1.2759046534327407,0.03251337702499213,8.0,1.0660712741047969,156.23501904386393,0.301426491398584,0.8596301063637105,0.8045482493671916,145.6955567993282,0.2309667287035565,0.2309667287035565,1.7080785748460945,0.5145779107572149,4.176601754384709,0.8176982199001078,0.18815486079779717,0.18815486079779717,0.8608834637340482,0.9999973068876068,0.0,86.0,0.0,0.0,200.0,40250.0,0.0,0.0,29139.111359865637,86.0,32.02670923646823
warehouse,3041,c_kam,1.0,2.7288329093195896,1.127522926406631,0.0,2.0,1.0778631372079368,156.16073100980742,0.28498032478699203,0.5240760576395307,0.3373210929158022,20.617509134026477,0.12629873089381136,0.12629873089381136,1.5268753497762055,0.7576206384363121,3.743311391931123,0.7163977744559322,0.15086817356516893,0.15086817356516893,0.8749797278015286,1.0,14.0,33.0,0.0,8.0,200.0,12346.0,6267.0,6028.0,4123.501826805295,33.0,23.56193348797874
warehouse,3041,d_kam,0.9999999999999997,3.2368377109785214,1.3789374377563275,0.0,2.0,1.1360656456407094,158.6130118180356,0.3332407809445906,0.44119067080889324,0.22191106061997792,16.06687623556354,0.23001203693596162,0.23001203693596162,1.6294177979707447,0.8442596091661864,4.224560119619616,0.8129817469854799,0.19730799904777563,0.19730799904777563,0.8510953492233074,0.9999999999999997,6.0,3.0,0.0,0.0,200.0,9982.0,6299.0,6299.0,3213.375247112708,3.0,4.058667127294709
warehouse,3042,static,0.8920591162958541,99.40099414270888,8.8738030994024,1167.0283903591453,8.0,4470.63613037366,1167.0283903591453,9.476051968876103,0.7960251315483979,0.7159843603838454,0.0,1.1869395677531211,1.1869395677531211,36.84172881409618,0.5071976101181644,1227.6518183321946,342.0560099851902,1.2435950498391213,1.2435950498391213,0.13641770886091828,0.8920591162958541,0.0,0.0,0.0,0.0,200.0,0.0,0.0,0.0,0.0,0.0,0.0
warehouse,3042,greedy_load,0.9999834240037974,3.5234351931145063,1.469090651016707,0.17921530288967208,8.0,1.1895118866194407,118.25994488522099,0.3676838686646379,0.9025530067245785,0.8643143131608053,129.71071494961507,0.23745024285608976,0.23745024285608976,2.0722294792302653,0.5060649495311995,5.869886642194343,1.2833011453059777,0.21129619976389777,0.21129619976389777,0.8398653914575591,0.9999834240037974,0.0,90.0,0.0,0.0,200.0,0.0,0.0,0.0,25942.142989923013,90.0,38.39965892429283
warehouse,3042,affinity_greedy,0.8852498495904692,100.31914113022229,8.884462608091878,1240.6483876207187,8.0,6286.454883900352,1240.6483876207187,9.56327593268988,0.7074135971701342,0.592601211249554,1.1901435143954586,1.1182993702028674,1.1182993702028674,35.257213249613194,0.5348380516577526,1253.6006073312235,349.3249898906571,1.141883133543516,1.141883133543516,0.135405055535418,0.8852498495904692,0.0,34.0,0.0,0.0,200.0,0.0,0.0,0.0,238.02870287909172,34.0,13.356719580670397
warehouse,3042,balanced_affinity,0.9999989231769172,3.61527603283553,1.5582582959291076,0.011642327400863683,8.0,1.1023811949821822,118.25994488522099,0.3764087484381353,0.8894747498295373,0.8461040820411279,129.65379545348696,0.25545420985820044,0.25545420985820044,2.111594507160926,0.5081989670796515,5.891131539607065,1.2860249142656501,0.2285240057784419,0.2285240057784419,0.8313944651908811,0.9999989231769172,0.0,89.0,0.0,0.0,200.0,0.0,0.0,0.0,25930.759090697393,89.0,34.49136514840936
warehouse,3042,dynamic_leiden,0.9844815127423868,25.796147006888578,7.367220161412665,167.78179484522286,8.0,56.87242675155264,223.59852619324738,2.4835914909731747,0.7867588691373437,0.703081969684909,11.167512851097854,0.7618190497010189,0.7618190497010189,7.537438394643174,0.5155754656229121,48.0673439037463,12.932704579548345,0.7452724808693639,0.7452724808693639,0.27954308796994315,0.9844815127423868,0.0,0.0,19.0,0.0,200.0,3233.0,1368.0,1368.0,2233.5025702195708,118.0,47.50119517869756
warehouse,3042,domain_heuristic,0.9999492328426354,3.622640081632778,1.5652779330394073,0.5488811274240154,8.0,1.1741987652977137,118.25994488522099,0.37710833307387376,0.8887948229953312,0.8451573484745117,147.42215226462577,0.2529042590990189,0.2529042590990189,2.115911220991224,0.5074216658148503,5.890343465408237,1.2868489650519717,0.22765063898622379,0.22765063898622379,0.8307275996654027,0.9999492328426354,0.0,89.0,0.0,0.0,200.0,40320.0,0.0,0.0,29484.430452925153,89.0,34.343459653811735
warehouse,3042,c_kam,0.9998147316887619,3.3439519690397628,1.3161563830475986,2.003072159769668,7.0,0.9485137286106812,118.42228364083931,0.35063296237753727,0.5358252636319694,0.35368074682932443,37.7174944341823,0.15901925730100847,0.15901925730100847,1.882902988015298,0.6579192917065826,5.364167508868709,1.18439820163971,0.18408204041605952,0.18408204041605952,0.8543941469146245,0.9998147316887619,14.0,41.0,0.0,13.0,200.0,23336.0,6519.0,6196.0,7543.49888683646,41.0,28.523447730292986
warehouse,3042,d_kam,0.9981449562518874,3.8354573633756757,1.6545757811852198,20.05624416915804,2.0,1.9977392268784544,121.28467101198113,0.3973259748394491,0.5362765207458193,0.3543090795194952,12.483836519677425,0.2332250524359054,0.2332250524359054,2.000567598934748,0.8405943615576291,5.953064251687687,1.2796593736823672,0.24626506038085438,0.24626506038085438,0.8222443040915505,0.9981449562518874,6.0,7.0,0.0,0.0,200.0,7814.0,6305.0,6305.0,2496.767303935485,7.0,6.058019389739751
warehouse,3043,static,0.8404678442660575,150.32270051402995,9.260866358708896,1684.007024809258,8.0,10373.812288024612,1684.007024809258,14.314613518640467,0.8252893800920202,0.7567320482293952,0.0,1.4837831218118156,1.4837831218118156,68.30913904706456,0.5096005630715519,3585.6252046789486,1000.1150750475598,1.4738455358183873,1.4738455358183873,0.09837760237102751,0.8404678442660575,0.0,0.0,0.0,0.0,200.0,0.0,0.0,0.0,0.0,0.0,0.0
warehouse,3043,greedy_load,0.9999999999999993,4.4898684330589695,1.6935447115015827,0.0,8.0,1.154476168772538,181.60014224188473,0.4604944709482283,0.9098702312166997,0.8745028535928734,128.67378044960788,0.2790000119149319,0.2790000119149319,2.4990600962334244,0.5229004358198452,8.145089009519701,1.9011201981829817,0.24235191184479477,0.24235191184479477,0.817273158855722,0.9999999999999993,0.0,90.0,0.0,0.0,200.0,0.0,0.0,0.0,25734.756089921575,90.0,33.412046799583074
warehouse,3043,affinity_greedy,0.8520022499248068,128.6015031937297,9.147551978052764,1562.2508806201968,8.0,8408.014289927281,1562.2508806201968,12.25109977321195,0.7581527184038929,0.6632506205623825,1.280288593552541,1.5158771782994682,1.5158771782994682,68.50735839928775,0.5242336337354628,2883.4721039980777,804.1312293222954,1.605374811004201,1.605374811004201,0.10914246853336,0.8520022499248068,0.0,46.0,0.0,0.0,200.0,0.0,0.0,0.0,256.0577187105082,46.0,19.321602672276043
warehouse,3043,balanced_affinity,1.0000000000000007,4.558486732399311,1.7628280554110751,0.0,8.0,1.1487593357277843,181.60014224188473,0.46701320938556096,0.8989666272244711,0.8593206201859723,129.45026012006565,0.3036056845221784,0.3036056845221784,2.536776701668955,0.5243028101975464,8.1716877947169,1.9033437203517436,0.25556081306801187,0.25556081306801187,0.8106912411843203,1.0000000000000007,0.0,85.0,0.0,0.0,200.0,0.0,0.0,0.0,25890.05202401313,85.0,29.59105009190008
warehouse,3043,dynamic_leiden,0.9086173343377325,97.58430253699017,8.99528599424081,964.6271638032681,8.0,2030.2973983602415,964.6271638032681,9.304465710821692,0.8046710418791133,0.7280229697050945,6.089384511142271,1.0623356258215013,1.0623356258215013,27.476112480722833,0.52076320196805,854.4988776656978,237.93268201973189,1.0374200994038572,1.0374200994038572,0.12360773699549558,0.9086173343377325,0.0,0.0,17.0,0.0,200.0,1741.0,1224.0,1224.0,1217.8769022284541,58.0,22.222029437434145
warehouse,3043,domain_heuristic,1.0,4.504925604553198,1.709322208713228,0.0,8.0,1.1755862233109466,181.60014224188473,0.46192490224018,0.9015182145832391,0.8628734633437507,146.47141858906252,0.2747699521614755,0.2747699521614755,2.5052667215068234,0.5235967261819191,8.135332230793715,1.901142805278643,0.24692247216935206,0.24692247216935206,0.8157742966206157,1.0,0.0,80.0,0.0,0.0,200.0,40320.0,0.0,0.0,29294.283717812505,80.0,27.108575735903912
warehouse,3043,c_kam,1.0,4.358296109990926,1.635381620736027,0.0,4.0,1.0116648438787283,181.8558994639926,0.4479951002567642,0.6776885523503019,0.5512119083358634,51.78706655831775,0.18447649348941064,0.18447649348941064,2.184980735158811,0.597932932113648,6.841374568340853,1.5823959129263288,0.19680825813477387,0.19680825813477387,0.8227986524784499,1.0,11.0,46.0,0.0,7.0,200.0,30903.0,10601.0,6302.0,10357.41331166355,46.0,24.78439211140563
warehouse,3043,d_kam,0.9999999999999997,5.291828204546369,2.3676118419715877,0.0,2.0,1.208200415415119,181.8558994639926,0.5366806492395315,0.6284251605290126,0.4826173121290049,18.36470772512257,0.303335776079378,0.303335776079378,2.5161938710898366,0.7512744908886577,7.53260818349697,1.7097410735372625,0.2924069718552514,0.2924069718552514,0.7532367814610716,0.9999999999999997,6.0,14.0,0.0,0.0,200.0,11527.0,6427.0,6427.0,3672.941545024514,14.0,8.579873761655142
warehouse,3044,static,0.9027768735486128,138.79011683277176,9.127997850759535,960.9432354897659,8.0,4991.079274032202,960.9432354897659,13.21695418261473,0.7782813458439455,0.6912778233270126,0.0,1.0181968999433328,1.0181968999433328,36.981932807800234,0.5128250485447533,1606.682457174444,447.89794324917216,0.9943740386123673,0.9943740386123673,0.11257768887696283,0.9027768735486128,0.0,0.0,0.0,0.0,200.0,0.0,0.0,0.0,0.0,0.0,0.0
warehouse,3044,greedy_load,0.9999585591414129,3.605385328295457,1.4452593266853457,0.4095971214404459,8.0,1.195166077591224,171.96602553210874,0.37440468968948054,0.9089097415352296,0.8731654628971551,126.71495056871208,0.24105228248332403,0.24105228248332403,2.105470564068357,0.5099158311625842,6.207217899640356,1.3740736432426044,0.20617041519588197,0.20617041519588197,0.8424378486640108,0.9999585591414129,0.0,90.0,0.0,0.0,200.0,0.0,0.0,0.0,25342.990113742417,90.0,34.93363941048569
warehouse,3044,affinity_greedy,0.876310765624494,158.21674987750225,9.196311480804143,1222.5314841678278,8.0,9510.866494770196,1222.5314841678278,15.062484321864126,0.6814734264371218,0.5564819861782709,1.1556071556697134,1.040156997378133,1.040156997378133,46.8466111704107,0.5197551856789197,2411.224627519625,672.4663198590152,1.0040863404209575,1.0040863404209575,0.10608789402272505,0.876310765624494,0.0,27.0,0.0,0.0,200.0,0.0,0.0,0.0,231.12143113394268,27.0,10.904206837345331
warehouse,3044,balanced_affinity,0.9999890380682288,3.6666893581774587,1.502619307858486,0.1083465896245614,8.0,1.0878697852569932,171.96602553210874,0.38022857252827064,0.8572546859692196,0.8012407019824576,127.14921559090726,0.25414255142014847,0.25414255142014847,2.121828529134046,0.5093627082112975,6.196087420589844,1.376442549527058,0.21519434224837414,0.21519434224837414,0.8369886504525624,0.9999890380682288,0.0,80.0,0.0,0.0,200.0,0.0,0.0,0.0,25429.843118181452,80.0,29.579132336463665
warehouse,3044,dynamic_leiden,0.9596717219499787,70.07435346372138,8.678776292185344,398.600491524984,8.0,924.7286469514114,406.65569749999713,6.688956662554943,0.7330162767009608,0.6282505118620972,5.844371944695013,0.9051083904381914,0.9051083904381914,18.176530720948747,0.5193672577173619,341.3516231234867,94.76132937998264,0.815193952532679,0.815193952532679,0.1552537369415111,0.9596717219499787,0.0,0.0,16.0,0.0,200.0,1665.0,1152.0,1152.0,1168.8743889390025,58.0,24.309711671075853
warehouse,3044,domain_heuristic,0.9999481765638392,3.6409757747147293,1.4798584599820697,0.5122174346372372,8.0,1.1151551344261386,171.96602553210874,0.3777857820993116,0.8630642341553674,0.8093299462922837,144.49621503910748,0.25324698036574345,0.25324698036574345,2.1135382812445753,0.5106697787282489,6.193781783873353,1.3747628594994656,0.21211726668729852,0.21211726668729852,0.839150931000822,0.9999481765638392,0.0,82.0,0.0,0.0,200.0,40320.0,0.0,0.0,28899.243007821497,82.0,29.346566895544573
warehouse,3044,c_kam,1.0000000000000002,3.513947760695659,1.3861733545190762,0.0,3.0,0.9706686222082102,172.06165446963325,0.36571812076749977,0.4846573423379054,0.2824342741413874,22.007357798865996,0.1576117636938736,0.1576117636938736,1.9060595917550542,0.7250092231701969,5.534369592685335,1.2225113604712896,0.15995865152718722,0.15995865152718722,0.8480510160198063,1.0000000000000002,17.0,30.0,0.0,12.0,200.0,14185.0,6297.0,6057.0,4401.471559773199,30.0,25.12059369286944
warehouse,3044,d_kam,1.0,3.4831635360902986,1.315141590663939,0.0,2.0,1.1575406655041065,172.06165446963325,0.36279361942999044,0.4486232053146159,0.2322601592988324,12.400272313680034,0.19077661714330765,0.19077661714330765,1.936314801462764,0.8557783946821682,5.800167037765805,1.259346107185012,0.18209275878658487,0.18209275878658487,0.8547990335860445,1.0,6.0,5.0,0.0,0.0,200.0,8025.0,6280.0,6280.0,2480.054462736007,5.0,4.803423317507576
warehouse,3045,static,0.8256237316309119,200.32778907334375,9.424784881160313,1894.8372153826938,8.0,27161.061085801826,1894.8372153826938,19.088108870669135,0.8059230142254721,0.7297662223392649,0.0,1.44211624857469,1.44211624857469,84.83688043100689,0.5083015531130727,7075.56730913941,1974.2279697848412,1.5224261669214993,1.5224261669214993,0.07601357535715597,0.8256237316309119,0.0,0.0,0.0,0.0,200.0,0.0,0.0,0.0,0.0,0.0,0.0
warehouse,3045,greedy_load,0.9999616297351064,9.315441180328706,2.5858531370863873,0.4169455314294964,8.0,1.18744847822674,301.80064796525267,0.9419358208327024,0.9068743198169337,0.8703313313906672,130.23335224555922,0.26965742348927124,0.26965742348927124,3.342515633902675,0.5132253531930715,21.0712197122154,5.514734977128666,0.23984957428858109,0.23984957428858109,0.725712091044179,0.9999616297351064,0.0,90.0,0.0,0.0,200.0,0.0,0.0,0.0,26046.670449111843,90.0,35.32106165941595
warehouse,3045,affinity_greedy,0.8120197023222488,214.86840008321838,9.467191147768597,2042.6636441410565,8.0,24674.485882680852,2042.6636441410565,20.46946691660722,0.7794919897844409,0.6929635300796013,1.2181998696178198,1.2599449381260504,1.2599449381260504,81.64024300733479,0.517640366098236,6543.940031224647,1825.8950934875193,1.3517611806825307,1.3517611806825307,0.07198498002936905,0.8120197023222488,0.0,36.0,0.0,0.0,200.0,0.0,0.0,0.0,243.63997392356396,36.0,16.6896276299162
warehouse,3045,balanced_affinity,0.9999999999999998,9.16306606291649,2.4430869224805614,0.0,8.0,1.151807317934006,301.80064796525267,0.9274601846785422,0.9003562119320533,0.8612554849686817,130.51508429620299,0.24474143085179242,0.24474143085179242,3.280124959077259,0.5106649830239782,21.016328252026693,5.508605313117369,0.2174551353727878,0.2174551353727878,0.7392748814317324,0.9999999999999998,0.0,78.0,0.0,0.0,200.0,0.0,0.0,0.0,26103.016859240597,78.0,28.130306322924028
warehouse,3045,dynamic_leiden,0.9356552547873722,95.08129362399879,9.062376227153024,699.1938695759916,8.0,3320.3256087619925,699.1938695759916,9.089691802981362,0.8249586219369206,0.7562714988995097,8.24361007034895,1.0074231818711408,1.0074231818711408,30.395301826412787,0.5146109921704474,839.7915172138014,233.84123490083886,0.9841883585574768,0.9841883585574768,0.1104423974878486,0.9356552547873722,0.0,0.0,18.0,0.0,200.0,2364.0,1296.0,1296.0,1648.72201406979,77.0,29.35129144060436
warehouse,3045,domain_heuristic,0.9999999999999993,9.252403516004522,2.5293405975163537,0.0,8.0,1.1042792132052066,301.80064796525267,0.935947242721905,0.8988009214773349,0.8590898906646435,148.86532849501236,0.2571959171655017,0.2571959171655017,3.3270975598186556,0.5084115007271334,21.046476652982477,5.51442108342849,0.23292472075774853,0.23292472075774853,0.7310807823033322,0.9999999999999993,0.0,81.0,0.0,0.0,200.0,40320.0,0.0,0.0,29773.065699002473,81.0,28.014620220623023
warehouse,3045,c_kam,0.9999976516582011,9.155234645145423,2.4137934601957816,0.025517953077447697,3.0,0.9513143670373116,302.0092465894322,0.9267161999902906,0.5558845194094492,0.38161135613973934,32.79365963971941,0.18417043654972035,0.18417043654972035,3.0035213242959338,0.6882999329423175,19.713266609508278,5.171139989367399,0.20310577999424143,0.20310577999424143,0.7420577603487866,0.9999976516582011,16.0,33.0,0.0,11.0,200.0,19161.0,6393.0,6130.0,6558.731927943882,33.0,25.51794387545399
warehouse,3045,d_kam,0.9999999999999997,9.828762760508132,2.5035532886869745,0.0,2.0,1.1540184285609993,317.98842674604714,0.9907013709497483,0.4300314697079617,0.20637293250475686,11.366111320239725,0.18937571337653084,0.18937571337653084,3.0972641032752084,0.8906293580368445,21.32959533050669,5.587931463929725,0.1923230139081404,0.1923230139081404,0.7335305766421232,0.9999999999999997,6.0,3.0,0.0,0.0,200.0,6952.0,6256.0,6256.0,2273.222264047945,3.0,4.133847827820373
warehouse,3046,static,0.8965379654574919,97.75631846920506,8.810766579735056,999.4901429336192,8.0,3193.9462682710277,999.4901429336192,9.307174064859714,0.7293850076185293,0.6231943144055473,0.0,1.205581710424436,1.205581710424436,36.82100073897963,0.5210495539176005,1296.1996786466811,361.1909185012898,1.2033868210120273,1.2033868210120273,0.1475048235961809,0.8965379654574919,0.0,0.0,0.0,0.0,200.0,0.0,0.0,0.0,0.0,0.0,0.0
warehouse,3046,greedy_load,1.0,2.3683139130579183,1.2398936979605177,0.0,8.0,1.1304357692323246,82.86588677648064,0.24531363202573706,0.8678424409067665,0.8159831455663837,126.42119612341048,0.22897746931004712,0.22897746931004712,1.744750777219238,0.5175124729235258,3.3873294220684556,0.5952598234989401,0.20523408668061058,0.20523408668061058,0.8667377473647622,1.0,0.0,90.0,0.0,0.0,200.0,0.0,0.0,0.0,25284.239224682096,90.0,35.23164623286527
warehouse,3046,affinity_greedy,0.8922930866571646,91.1315051035366,8.754211230071581,1040.4975959344756,8.0,2204.856359532602,1040.4975959344756,8.67781679512121,0.621199601742467,0.47255640748951117,1.1756197310751304,1.125561564460571,1.125561564460571,31.15798956276743,0.5282211668682146,949.5373303604084,264.4702278089294,1.0896929231263797,1.0896929231263797,0.15287758181421096,0.8922930866571646,0.0,33.0,0.0,0.0,200.0,0.0,0.0,0.0,235.12394621502608,33.0,13.380175803950857
warehouse,3046,balanced_affinity,1.0000000000000009,2.5188273568947714,1.38841735766477,0.0,8.0,1.1260141984931418,82.86588677648064,0.2596124091902381,0.8307069487818195,0.7642754983037995,123.79929868460749,0.2855002538039924,0.2855002538039924,1.9864565650891803,0.5185351162274641,3.4809974990429486,0.612182452559414,0.2531386801506441,0.2531386801506441,0.8526279996928582,1.0000000000000009,0.0,72.0,0.0,0.0,200.0,0.0,0.0,0.0,24759.8597369215,72.0,24.53739978735048
warehouse,3046,dynamic_leiden,0.9642518917708498,28.01646689553334,7.326308983208324,345.3429266257141,8.0,1040.3315374809938,345.3429266257141,2.681888165360902,0.7190410552747619,0.6087913427876432,5.5651799247425515,2.121972597529561,2.121972597529561,35.33295148606907,0.5231486608124345,337.03425119181156,93.21772272651127,1.9023883201935101,1.9023883201935101,0.2885282952662205,0.9642518917708498,0.0,0.0,12.0,0.0,200.0,1638.0,864.0,864.0,1113.0359849485103,59.0,22.501478868261536
warehouse,3046,domain_heuristic,1.0000000000000002,2.4763774485116516,1.3489006402249006,0.0,8.0,1.084812739530665,82.86588677648064,0.25557966789384173,0.8366727277593321,0.7725822791585637,141.53609183049412,0.2974371046263053,0.2974371046263053,1.9798055516591881,0.5200230896871135,3.4924610686632156,0.6107988954957518,0.24827191200644258,0.24827191200644258,0.8563820878496458,1.0000000000000002,0.0,65.0,0.0,0.0,200.0,39522.0,0.0,0.0,28307.218366098823,65.0,22.04499534473916
warehouse,3046,c_kam,1.0000000000000002,2.37289509015816,1.0937150942837468,0.0,4.0,0.9978238675578833,94.49548681405498,0.24574884385025997,0.48259675231765975,0.27956509816383,30.787638628971763,0.13323001495331366,0.13323001495331366,1.4988433159048709,0.6924093048432155,3.081941414591624,0.5543249679712683,0.14657192511278663,0.14657192511278663,0.8806247147140553,1.0000000000000002,15.0,22.0,0.0,11.0,200.0,20367.0,6299.0,6149.0,6157.527725794353,22.0,20.68665058299183
warehouse,3046,d_kam,1.0000000000000002,2.1959538236204117,1.0805029005393707,0.0,2.0,1.196186523042012,87.99898395738072,0.22893942352917393,0.4423694388548451,0.2235523832156071,15.213676880084677,0.22297520977970728,0.22297520977970728,1.6644774684326196,0.8341512757669984,3.1617932596873817,0.5208123266669076,0.18588390098866164,0.18588390098866164,0.8818798731197711,1.0000000000000002,6.0,3.0,0.0,0.0,200.0,10414.0,6311.0,6311.0,3042.7353760169353,3.0,4.0261307357940215
warehouse,3047,static,0.9278404003947415,75.57817684247416,8.755583057508192,872.7492942606764,8.0,2147.4131562784646,872.7492942606764,7.209537213157471,0.8512499271075284,0.7928796453395965,0.0,1.2114073063896027,1.2114073063896027,29.622130228160305,0.5044262677775712,742.3812314331927,206.5941037647188,1.2006321026246969,1.2006321026246969,0.14860370145606766,0.9278404003947415,0.0,0.0,0.0,0.0,200.0,0.0,0.0,0.0,0.0,0.0,0.0
warehouse,3047,greedy_load,0.9999839221705267,4.445681972027057,1.6276543153462846,0.19445665444815147,8.0,1.192740402700922,176.24301143252768,0.4519502004649932,0.9060586228307436,0.8691955507769847,131.7069997942599,0.24677811854767015,0.24677811854767015,2.1512586392412034,0.5124004670910257,7.673383962236619,1.7820642993263782,0.21251743131092596,0.21251743131092596,0.825756931961449,0.9999839221705267,0.0,90.0,0.0,0.0,200.0,0.0,0.0,0.0,26341.39995885198,90.0,35.900784860527345
warehouse,3047,affinity_greedy,0.8642661878614729,120.39368493494791,9.066071587210448,1641.6608379099014,8.0,7982.11496343913,1641.6608379099014,11.467010481942475,0.7917847414985166,0.7100800198080611,1.333675614441745,1.246152799832121,1.246152799832121,63.625880441387736,0.522217163323507,2192.7535296947644,611.4110547945708,1.2788025446758366,1.2788025446758366,0.1191072911343535,0.8642661878614729,0.0,48.0,0.0,0.0,200.0,0.0,0.0,0.0,266.735122888349,48.0,21.005063012562438
warehouse,3047,balanced_affinity,0.9999690370006458,4.513536161603661,1.694976051416394,0.37448843926176223,8.0,1.0877780764906615,176.24301143252768,0.45839634847477057,0.8880580857399556,0.8441315117898117,132.87585594516713,0.2507643399666937,0.2507643399666937,2.1834751090766473,0.5133516159093184,7.675888712251453,1.78461343500174,0.22581659918779884,0.22581659918779884,0.8193613670347887,0.9999690370006458,0.0,87.0,0.0,0.0,200.0,0.0,0.0,0.0,26575.171189033426,87.0,31.422019839903403
warehouse,3047,dynamic_leiden,0.9587435548469715,48.70022009375347,8.248693622665717,498.98466161092927,8.0,649.3065703217925,550.8417633749258,4.656131322029003,0.8149060023852255,0.7422741805363899,8.046620905370219,1.3130679174797621,1.3130679174797621,22.786687289849507,0.5199299120373321,379.2304617628293,105.2061704662638,1.2898316863324277,1.2898316863324277,0.19675819776610276,0.9587435548469715,0.0,0.0,17.0,0.0,200.0,2275.0,1224.0,1224.0,1609.3241810740437,84.0,33.533440274186596
warehouse,3047,domain_heuristic,0.9999752976029093,4.444854341224597,1.6268479552848298,0.29876828232436453,8.0,1.1509886902241957,176.24301143252768,0.4518715755387595,0.8909765845498185,0.8481952443098737,150.00139274590765,0.24636196745754635,0.24636196745754635,2.153380765257423,0.5127330196940639,7.663612455009545,1.7820983953970972,0.21366777772892523,0.21366777772892523,0.8258335361672872,0.9999752976029093,0.0,86.0,0.0,0.0,200.0,40320.0,0.0,0.0,30000.27854918153,86.0,31.25204852874148
warehouse,3047,c_kam,0.9999840471160519,3.7495710084724263,1.346835141919672,0.19294547479462698,6.0,0.8945284837689629,171.57456543653893,0.3858196589273033,0.47357394902328226,0.2670017011716588,27.07026608622982,0.13068040378232587,0.13068040378232587,1.7642124892013424,0.7231816357992483,5.675105183741141,1.272341150211077,0.1413241766780816,0.1413241766780816,0.852434753436977,0.9999840471160519,13.0,21.0,0.0,11.0,200.0,15981.0,6435.0,6086.0,5414.053217245964,21.0,19.67247398223299
warehouse,3047,d_kam,1.0,4.064051712825614,1.4464904730398664,0.0,2.0,1.2324482531919116,181.32631198425764,0.415695325840856,0.46468863417552614,0.2546297437887071,12.05289692574297,0.19295194362634008,0.19295194362634008,1.9067162369709423,0.8531295690777912,6.579065607008596,1.4741922461337653,0.1856958606995824,0.1856958606995824,0.8429674969805586,1.0,6.0,4.0,0.0,0.0,200.0,7348.0,6266.0,6266.0,2410.579385148594,4.0,4.837125395844282
warehouse,3048,static,0.9185945886860059,102.57036339794472,8.945534217956094,1027.4395936119236,8.0,3362.1292803773194,1033.419492138237,9.773395403882994,0.8312779838251717,0.7650706103894797,0.0,1.3166840553347838,1.3166840553347838,35.955024460816134,0.5140937350033894,1324.7604799800333,369.1166236548709,1.2735434451964607,1.2735434451964607,0.13060248656504636,0.9185945886860059,0.0,0.0,0.0,0.0,200.0,0.0,0.0,0.0,0.0,0.0,0.0
warehouse,3048,greedy_load,0.9999999999999993,2.922339597313042,1.2645748028135826,0.0,8.0,1.1428371101696568,151.15554435943514,0.3068331428229838,0.908194347385581,0.8721693444609357,129.86215624361648,0.22717754235465812,0.22717754235465812,1.8858548014695087,0.5212286176031208,5.071425467794025,1.05849379015359,0.2010444685875634,0.2010444685875634,0.8602936310035852,0.9999999999999993,0.0,90.0,0.0,0.0,200.0,0.0,0.0,0.0,25972.431248723296,90.0,36.03932380726815
warehouse,3048,affinity_greedy,0.8700074896998217,138.73067325781656,9.101292401849367,1640.6704394656063,8.0,5759.912680235552,1640.6704394656063,13.208624840570817,0.7641456379790477,0.6715951921227246,1.1344171848031692,0.9643072817294909,0.9643072817294909,33.31470605276135,0.5610920793872448,1581.1085851251003,440.7641297623233,0.9322065388182758,0.9322065388182758,0.11580545909518554,0.8700074896998217,0.0,19.0,0.0,0.0,200.0,0.0,0.0,0.0,226.88343696063384,19.0,7.677394613667546
warehouse,3048,balanced_affinity,0.9999999999999994,3.1097956731140104,1.4453419521704038,0.0,8.0,1.154148283022188,151.15554435943514,0.32464147002407584,0.8873127158236597,0.8430936549443362,131.5847413589654,0.2706107626218698,0.2706107626218698,1.9692142830937598,0.5184838991427905,5.123187908315742,1.0652405231364188,0.23197548628587566,0.23197548628587566,0.8431207518146872,0.9999999999999994,0.0,88.0,0.0,0.0,200.0,0.0,0.0,0.0,26316.94827179308,88.0,32.44043962445997
warehouse,3048,dynamic_leiden,0.9789596344018119,46.754386797690046,8.262582090470728,265.5561139082689,8.0,344.5646468663125,441.3513945678832,4.470877626858799,0.8147305446865866,0.7420298723484118,7.792653084907215,1.1258799143005058,1.1258799143005058,24.40499793357768,0.5270182022800443,268.55591539668234,74.36559934851975,1.2180652207593925,1.2180652207593925,0.1954829386761563,0.9789596344018119,0.0,0.0,17.0,0.0,200.0,2224.0,1224.0,1224.0,1558.530616981443,73.0,28.230465972290613
warehouse,3048,domain_heuristic,0.9999999999999996,2.9338736034907757,1.2768650850877035,0.0,8.0,1.1705361582576823,151.15554435943514,0.3079288734098685,0.89587345280344,0.8550136684604861,148.0708348506596,0.2389607550050251,0.2389607550050251,1.8981634261915437,0.5186590707169519,5.072671749527676,1.0585733016083556,0.20490922934847589,0.20490922934847589,0.8591260541875436,0.9999999999999996,0.0,84.0,0.0,0.0,200.0,40320.0,0.0,0.0,29614.16697013192,84.0,30.456498423308652
warehouse,3048,c_kam,0.9999999999999994,2.705157662489681,1.1198835372555724,0.0,4.0,0.9485608653487687,151.3034817660483,0.2862008590147645,0.5087500573281956,0.3159810924822977,21.077887845312944,0.15016687858427272,0.15016687858427272,1.6705437647569963,0.7421092428672131,4.465586117135387,0.9181743902826929,0.17397343887207853,0.17397343887207853,0.8740393012315961,0.9999999999999994,14.0,27.0,0.0,10.0,200.0,12600.0,6176.0,6034.0,4215.577569062589,27.0,22.142792254193914
warehouse,3048,d_kam,0.9999712923178041,2.7529327040251568,1.1160510256022083,0.3623273791372108,2.0,1.1983883140397518,157.4955475285652,0.2907394879606347,0.43151322870026604,0.20843614122821852,12.256768426304916,0.18377237373081523,0.18377237373081523,1.7626539493173214,0.8873802150806174,4.791356655919443,0.9740128173670306,0.18056142620522786,0.18056142620522786,0.8744033898386658,0.9999712923178041,6.0,4.0,0.0,0.0,200.0,7470.0,6279.0,6279.0,2451.353685260983,4.0,4.3772335918453065
warehouse,3049,static,0.9027024739274198,90.83864060134952,8.858749313046852,1165.008148672945,8.0,3876.9709225752677,1165.008148672945,8.655359728602502,0.8500217106965243,0.7911694705900971,0.0,1.5625932453344005,1.5625932453344005,51.46312952367725,0.515012027064734,1213.2307583638324,337.9149242153788,1.4307771635312694,1.4307771635312694,0.14033458152083,0.9027024739274198,0.0,0.0,0.0,0.0,200.0,0.0,0.0,0.0,0.0,0.0,0.0
warehouse,3049,greedy_load,0.9999397415911159,2.773112393558827,1.2091526256242788,0.7215141043090822,8.0,1.1979747361250368,138.7073501264118,0.28913454886238704,0.905764818293385,0.8687864558515486,129.12160745981964,0.2608111703844034,0.2608111703844034,2.2028963312174783,0.5166671499034129,4.960461765787121,1.0197136274661327,0.1995327278686471,0.1995327278686471,0.8670462668259745,0.9999397415911159,0.0,90.0,0.0,0.0,200.0,0.0,0.0,0.0,25824.32149196393,90.0,36.04616010427999
warehouse,3049,affinity_greedy,0.8547903524120806,127.96634304668326,8.982974816874508,1738.6919229545344,8.0,6027.53593622338,1738.6919229545344,12.182491460909207,0.7795092180288674,0.6929875187743724,1.335213725687936,1.3966883921343554,1.3966883921343554,51.65116655513435,0.5157865675408254,1819.5157350876193,507.1962731881044,1.253527335706231,1.253527335706231,0.12853315865720272,0.8547903524120806,0.0,52.0,0.0,0.0,200.0,0.0,0.0,0.0,267.0427451375872,52.0,20.904152419493016
warehouse,3049,balanced_affinity,0.9999999999999997,2.837017964590356,1.275580859350617,0.0,8.0,1.166586697070966,138.7073501264118,0.2952055781103822,0.8906410941420349,0.8477281057673902,128.96661399965524,0.28439653660369857,0.28439653660369857,2.267861481896576,0.5200647873954267,4.986445946966921,1.0223907521653337,0.21674829589139613,0.21674829589139613,0.8607355846219724,0.9999999999999997,0.0,78.0,0.0,0.0,200.0,0.0,0.0,0.0,25793.322799931047,78.0,28.057830187760302
warehouse,3049,dynamic_leiden,0.9108615716810492,69.29013397635684,8.322934132452211,1067.3138315357717,8.0,2190.4988375987996,1067.3138315357717,6.608251599228198,0.7780948251518598,0.6910181109709438,6.287569010164589,0.8919507649915225,0.8919507649915225,19.706487958177533,0.5210085514532666,499.2155882011719,138.81931729236632,0.8802546295410625,0.8802546295410625,0.19123702367732093,0.9108615716810492,0.0,0.0,20.0,0.0,200.0,1742.0,1440.0,1440.0,1257.5138020329177,67.0,25.54952542028738
warehouse,3049,domain_heuristic,1.0000000000000002,2.776944975373798,1.212516949137238,0.0,8.0,1.1156751683286719,138.7073501264118,0.2894986441348092,0.9010020017962956,0.862154686045475,148.08185221496387,0.25655010444760284,0.25655010444760284,2.196192821294031,0.5124638183357527,4.949001854496073,1.019956491522207,0.19822888318725027,0.19822888318725027,0.8667266560922434,1.0000000000000002,0.0,81.0,0.0,0.0,200.0,40096.0,0.0,0.0,29616.370442992775,81.0,29.67258220456581
warehouse,3049,c_kam,0.9999685131787691,2.6535877950349125,1.1431854057404613,0.37701270310848223,6.0,0.9683798091568567,138.78883445553095,0.27777971200261503,0.5654914017951814,0.3949880278160754,38.444570440769894,0.1732565554208667,0.1732565554208667,1.9982917253506427,0.6641978511961121,4.464105926010717,0.9227070440430595,0.17496420313909464,0.17496420313909464,0.8733131527149373,0.9999685131787691,13.0,39.0,0.0,11.0,200.0,22525.0,6315.0,6182.0,7688.914088153979,39.0,26.65957034521951
warehouse,3049,d_kam,1.0000000000000002,3.327919392410583,1.3428136526372898,0.0,2.0,1.2422189639696926,151.95890482938879,0.3418412137533038,0.4587081638446185,0.24630250661908903,12.404872489132686,0.21748099026773474,0.21748099026773474,2.1240573603021415,0.8649396681705632,5.497712923213126,1.1632982190011225,0.1879587801239671,0.1879587801239671,0.8543484692597383,1.0000000000000002,6.0,6.0,0.0,0.0,200.0,7344.0,6305.0,6305.0,2480.974497826537,6.0,5.024112591789167
warehouse,3050,static,0.8675631162998482,122.9487806963506,8.970449339521714,1386.2978256616723,8.0,9457.422585494163,1386.2978256616723,11.70172892613183,0.8065992060733563,0.7307077552920153,0.0,1.749602554160949,1.749602554160949,61.59017419444574,0.5128807850917544,3105.920681626056,866.1500271331944,1.7037551351149631,1.7037551351149631,0.13171637495428057,0.8675631162998482,0.0,0.0,0.0,0.0,200.0,0.0,0.0,0.0,0.0,0.0,0.0
warehouse,3050,greedy_load,0.9999533853289947,2.9166995633165924,1.3165202420964857,0.48794425883649345,8.0,1.09753749247273,122.19964942776039,0.2986812184935991,0.8890483310107107,0.8455103343187108,128.80697283500922,0.273190601465861,0.273190601465861,2.0536352753020863,0.5115402091059228,5.553108690804423,1.1855810891794751,0.2221139467913757,0.2221139467913757,0.8588396392096772,0.9999533853289947,0.0,90.0,0.0,0.0,200.0,0.0,0.0,0.0,25761.394567001844,90.0,36.10804414710097
warehouse,3050,affinity_greedy,0.8624667316837996,142.10202107393533,9.116167557272732,1439.6447990619345,8.0,9552.46863512611,1439.6447990619345,13.521286762002378,0.7602498638473639,0.6661706964963298,1.2150430303881876,1.4979451633380239,1.4979451633380239,61.7473910213809,0.517015837319834,3187.7474880534364,889.0658979670284,1.4291939466826622,1.4291939466826622,0.11787314426793394,0.8624667316837996,0.0,34.0,0.0,0.0,200.0,0.0,0.0,0.0,243.00860607763752,34.0,13.82771458852492
warehouse,3050,balanced_affinity,0.9999426241554288,2.964873288268666,1.364633943841449,0.6005880412782515,8.0,1.1391723485622514,122.19964942776039,0.303257722364046,0.8821406863040606,0.8358920948537554,127.49902549403487,0.28477175005149374,0.28477175005149374,2.0819816440434873,0.5117284009705814,5.56570093774628,1.1873074961586143,0.23254948039869106,0.23254948039869106,0.8542688375439057,0.9999426241554288,0.0,83.0,0.0,0.0,200.0,0.0,0.0,0.0,25499.805098806974,83.0,30.632179569555205
warehouse,3050,dynamic_leiden,0.9862488686418642,32.24348909252757,7.620385094203306,143.9414985430614,8.0,86.95724741861007,287.6972092558882,3.084726223768642,0.7944148182885742,0.7137421520473818,7.925238085590536,1.1967799119131455,1.1967799119131455,12.29601750546762,0.5192835128210312,115.19873058846126,31.546664426705423,1.0763843452323407,1.0763843452323407,0.2599724782595292,0.9862488686418642,0.0,0.0,20.0,0.0,200.0,2329.0,1440.0,1440.0,1585.0476171181072,86.0,33.89650437882212
warehouse,3050,domain_heuristic,0.9999488480262927,2.9348705551050296,1.3354107059968368,0.5354389800437691,8.0,1.1305838651696705,122.19964942776039,0.30040746271350055,0.8800732733190109,0.8330134185454581,144.86937381021562,0.28710536469503556,0.28710536469503556,2.061305296720266,0.5110973632639307,5.560630878200086,1.1857484589451286,0.2276929417295376,0.2276929417295376,0.8570450451391437,0.9999488480262927,0.0,83.0,0.0,0.0,200.0,40320.0,0.0,0.0,28973.874762043124,83.0,30.676026354131825
warehouse,3050,c_kam,0.9999755482373287,2.8812064356191893,1.2976158433011964,0.25595154822776883,4.0,0.9768892179644992,122.36890303805043,0.2953093713623458,0.4797874466687367,0.2756534067539373,25.893154368532123,0.1949614591887752,0.1949614591887752,1.849871589211886,0.7002763977326812,5.012358477808301,1.074044907943633,0.19602328680901585,0.19602328680901585,0.8606355570952295,0.9999755482373287,17.0,31.0,0.0,13.0,200.0,16751.0,6260.0,6095.0,5178.630873706425,31.0,26.504623233872614
warehouse,3050,d_kam,0.9999999999999998,2.731898230153463,1.2139982956249216,0.0,2.0,1.2571367182320627,119.37362090776766,0.28112509184310175,0.42514703865426595,0.1995718259742944,9.92480163986329,0.25305627629974803,0.25305627629974803,1.8521224294148502,0.9062375363190156,5.2017746498545625,1.0651726588252557,0.2640232626567791,0.2640232626567791,0.8685792241244757,0.9999999999999998,6.0,3.0,0.0,0.0,200.0,6634.0,6253.0,6253.0,1984.960327972658,3.0,4.140535722416128
edge,3001,static,0.8754512405388428,104.77488008392385,8.215218833958179,1304.4079831700778,8.0,5366.471676204858,1304.4079831700778,11.025408222141136,0.9199383770097108,0.9054828061920196,0.0,1.3417314735171129,1.3417314735171129,52.205708767631286,0.5304496593197799,1925.0301905397087,536.6351791248503,1.370016921896099,1.370016921896099,0.12109924673597398,0.8754512405388428,0.0,0.0,0.0,0.0,200.0,0.0,0.0,0.0,0.0,0.0,0.0
edge,3001,greedy_load,1.0000000000000004,3.9859315911073967,1.659878027820991,0.0,8.0,1.124829478337669,131.7635375720995,0.44256863039541017,0.9118047770871783,0.8958806396168078,116.90950766947935,0.2514357237368208,0.2514357237368208,2.3304833925651516,0.5109200264162075,6.948088737470398,1.5757162460749827,0.2432273320206081,0.2432273320206081,0.8094100313803787,1.0000000000000004,0.0,90.0,0.0,0.0,200.0,0.0,0.0,0.0,23381.90153389587,90.0,74.56119631211057
edge,3001,affinity_greedy,0.8829571510880746,87.78418754629843,8.069263419572394,1225.7980501307036,8.0,4587.238019481858,1225.7980501307036,9.241385505690468,0.7599700029628255,0.7166312534977801,1.367116120090941,1.6105345669888782,1.6105345669888782,52.682011497877305,0.5353534985736663,1602.3509526522976,446.5201566783944,1.5692952965330327,1.5692952965330327,0.13642456524648114,0.8829571510880746,0.0,71.0,0.0,0.0,200.0,0.0,0.0,0.0,273.4232240181882,71.0,52.10237651209273
edge,3001,balanced_affinity,0.999973784272162,3.834742345329264,1.525708407484107,0.2745591752574199,8.0,1.1451709675077186,131.7635375720995,0.42669375958870615,0.9026087868155132,0.8850242622127585,117.75077477868763,0.23931633354996998,0.23931633354996998,2.2788570765501985,0.5095555316144007,6.898713693388187,1.568276971793846,0.22635519049197947,0.22635519049197947,0.8234978415157514,0.999973784272162,0.0,81.0,0.0,0.0,200.0,0.0,0.0,0.0,23550.154955737526,81.0,54.76023453884117
edge,3001,dynamic_leiden,0.9814309616913879,21.056573855803364,6.451964957849482,194.47485397956854,8.0,80.31113983269009,195.59510119499242,2.2349860681884866,0.7821631465887916,0.7428314925006566,7.140794378647115,0.9952943423808737,0.9952943423808737,8.021124141982174,0.5098942842933453,51.35393035655803,13.786799995447934,0.8978888118509128,0.8978888118509128,0.3062409037273871,0.9814309616913879,0.0,0.0,20.0,0.0,200.0,2227.0,1440.0,1440.0,1428.158875729423,75.0,56.039861452195844
edge,3001,domain_heuristic,0.9999252561756634,4.28502664109776,1.9139522837193887,0.7827973685144535,8.0,1.12212309288103,131.7635375720995,0.47397361064439836,0.9155199001277096,0.9002665487618793,128.2595547447272,0.2860261697074548,0.2860261697074548,2.440717365631693,0.5096443297949255,7.052076046972203,1.5955534894388277,0.28077950312917394,0.28077950312917394,0.7827322345110468,0.9999252561756634,0.0,88.0,0.0,0.0,200.0,40285.0,0.0,0.0,25651.910948945442,88.0,63.677389456770335
edge,3001,c_kam,1.0000000000000002,3.3193813652703996,1.3038930351079587,0.0,6.0,0.9756407193824604,132.11587304571188,0.3725808566825256,0.5731656670087759,0.49609835688536047,26.83821052502026,0.14564605824993637,0.14564605824993637,1.8631797528769252,0.6599978865124629,5.211727612422103,1.1387164482193182,0.17448839438109737,0.17448839438109737,0.8467884556152471,1.0000000000000002,13.0,30.0,0.0,11.0,200.0,21416.0,6510.0,6166.0,5367.642105004052,30.0,29.736227657385232
edge,3001,d_kam,1.0000000000000004,3.7990029471200977,1.4455931032410971,0.0,2.0,1.1396208529126601,131.7635375720995,0.4229411227767439,0.4766430870768167,0.3821480889101308,11.295319715718506,0.21265557548885197,0.21265557548885197,2.281925837381125,0.8272256423395618,6.884816506615456,1.5589157389954582,0.20663260527469313,0.20663260527469313,0.8319099484612675,1.0000000000000004,6.0,9.0,0.0,0.0,200.0,9208.0,6342.0,6342.0,2259.063943143701,9.0,9.881881567309872
edge,3002,static,0.8123366538668164,161.49284708319618,8.553283463516179,2432.8899165401926,8.0,6738.993232561818,2432.8899165401926,16.99258233887284,0.9011817911512674,0.8833396145535795,0.0,1.1454535757084765,1.1454535757084765,55.351700087831325,0.5406743247149651,3166.735231310503,883.2697063184988,1.113555436565403,1.113555436565403,0.08021366482645986,0.8123366538668164,0.0,0.0,0.0,0.0,200.0,0.0,0.0,0.0,0.0,0.0,0.0
edge,3002,greedy_load,0.9999208206991209,9.245895563374232,2.5557165928748726,1.0264898643095877,8.0,1.123202725410914,284.70612788862036,1.0066524292915338,0.907705662337329,0.8910414069260133,123.36947137053357,0.28230910124971137,0.28230910124971137,3.3754440808791895,0.513790862464423,22.23954829080128,5.836115792623343,0.27680205552346576,0.27680205552346576,0.7099581862437968,0.9999208206991209,0.0,90.0,0.0,0.0,200.0,0.0,0.0,0.0,24673.894274106715,90.0,74.73929737722587
edge,3002,affinity_greedy,0.871585813596785,120.41705002228962,8.433876959255604,1664.7767700964528,8.0,4418.5863153953505,1664.7767700964528,12.679623647477651,0.8241206509263297,0.7923646573435837,1.1745047093427274,1.3081387926997456,1.3081387926997456,49.20377160767357,0.529139716148994,2149.5845488073196,599.3373538361247,1.2686999756617607,1.2686999756617607,0.09275134777381983,0.871585813596785,0.0,34.0,0.0,0.0,200.0,0.0,0.0,0.0,234.9009418685455,34.0,28.007251284748193
edge,3002,balanced_affinity,0.9999590869384488,9.176104961639876,2.487769394136125,0.5304017910455048,8.0,1.067443109280762,284.70612788862036,0.9993244161094265,0.9019567584319419,0.8842545064821538,124.75067058840068,0.271657007711208,0.271657007711208,3.3471442285448654,0.5125075927304092,22.21251042312748,5.833615904392519,0.265388358514429,0.265388358514429,0.7170926421113655,0.9999590869384488,0.0,84.0,0.0,0.0,200.0,0.0,0.0,0.0,24950.134117680136,84.0,57.38373385184499
edge,3002,dynamic_leiden,0.9896121997498603,16.725184155427833,5.603494418991011,134.66867667201234,8.0,41.78650558542079,316.03565802417313,1.791977731457162,0.7915198858221454,0.7538776429844773,6.833982230455149,0.9748128824774391,0.9748128824774391,7.184548796254187,0.5139058738775529,39.65647921286506,10.525334938635156,0.8773017767735084,0.8773017767735084,0.38994151450160247,0.9896121997498603,0.0,0.0,13.0,0.0,200.0,2086.0,936.0,936.0,1366.7964460910298,61.0,50.3954187411358
edge,3002,domain_heuristic,0.9997149851916391,9.489428313763819,2.756565623919887,3.6949658396945626,8.0,1.2363588135213726,284.70612788862036,1.0322233680824404,0.9168045273843595,0.9017831226065354,134.30776801003958,0.31903918270932535,0.31903918270932535,3.4963089944743753,0.5150086845933474,22.36576692009104,5.85975918878005,0.3121010537140099,0.3121010537140099,0.6888690379840705,0.9997149851916391,0.0,88.0,0.0,0.0,200.0,40250.0,0.0,0.0,26861.553602007916,88.0,65.06119974742215
edge,3002,c_kam,0.9999999999999999,7.197031177499624,1.9888261262073526,0.0,5.0,1.0694032841868522,286.25616404351774,0.7915216687747,0.5290805185662465,0.44405338997404104,22.716966765146935,0.15061026684258433,0.15061026684258433,2.4227188202499024,0.7115954473196698,14.003862011690712,3.585154347769108,0.1532174744988029,0.1532174744988029,0.7694816852438865,0.9999999999999999,10.0,31.0,0.0,7.0,200.0,15976.0,6284.0,6086.0,4543.393353029387,31.0,29.113176158296998
edge,3002,d_kam,0.9999999999999999,7.16359191294504,2.040031841456706,0.0,2.0,1.1828025668488722,285.7060644191632,0.7880105459964688,0.3529652734340275,0.23613955891517135,9.071028034959454,0.21662591022526712,0.21662591022526712,2.5559206338460805,0.8850690038174756,14.346286219121142,3.6454581621097577,0.22025525305590077,0.22025525305590077,0.7641050851427045,0.9999999999999999,6.0,5.0,0.0,0.0,200.0,6747.0,6277.0,6277.0,1814.2056069918908,5.0,6.24035762587459
edge,3003,static,0.8146048441859508,162.4053350394509,8.550572406913128,2335.212643422171,8.0,10366.316465798438,2335.212643422171,17.090250707811986,0.936459824460785,0.9249872927662046,0.0,1.3482059146166518,1.3482059146166518,61.364969337433834,0.5328182087293234,3989.243650757751,1112.7844055812357,1.3382321531095307,1.3382321531095307,0.08035173020074779,0.8146048441859508,0.0,0.0,0.0,0.0,200.0,0.0,0.0,0.0,0.0,0.0,0.0
edge,3003,greedy_load,0.9999630159988727,8.850078574901747,2.4655241616955044,0.465845543032543,8.0,1.1238509368815002,256.3819354138928,0.9669487790343254,0.9144463656555522,0.8989991816766936,122.81947570343618,0.33950341799258993,0.33950341799258993,4.138198829948768,0.5100472709876849,27.852366084328104,7.386770112248703,0.3352953356100057,0.3352953356100057,0.7192817959485981,0.9999630159988727,0.0,90.0,0.0,0.0,200.0,0.0,0.0,0.0,24563.895140687237,90.0,69.258196166585
edge,3003,affinity_greedy,0.828283161901297,141.0460473060228,8.487448047521099,2162.9223787204255,8.0,7887.183686819402,2162.9223787204255,14.84752549580204,0.8082156827736163,0.7735879588299638,1.1523752303037327,1.3940222198987606,1.3940222198987606,61.65726845256272,0.5460745008442269,3036.7644926957055,846.9372931942098,1.3775966500284715,1.3775966500284715,0.08697978793691079,0.828283161901297,0.0,34.0,0.0,0.0,200.0,0.0,0.0,0.0,230.47504606074654,34.0,28.10200800203396
edge,3003,balanced_affinity,0.9999602565118001,8.886156440449827,2.4997002569974627,0.5006036739846275,8.0,1.1260389716266623,256.3819354138928,0.9707369549168736,0.9062448775862271,0.8893168693726291,122.93341022450477,0.35805565676102064,0.35805565676102064,4.159596802012576,0.5096657042531966,27.87148285819254,7.389098511823823,0.3429405766905181,0.3429405766905181,0.7156933059418926,0.9999602565118001,0.0,82.0,0.0,0.0,200.0,0.0,0.0,0.0,24586.682044900954,82.0,54.49989358193116
edge,3003,dynamic_leiden,0.9910784754613017,15.418456238442829,5.4965418750463035,112.37433259726815,8.0,28.332009544838773,275.5327765181553,1.6566284337061397,0.7817471383232334,0.7423403716315949,11.507814225478796,0.7162739931465376,0.7162739931465376,6.119331720544937,0.5115247734533133,33.63519956338064,8.918266721366798,0.7227879405279165,0.7227879405279165,0.40102493604676426,0.9910784754613017,0.0,0.0,22.0,0.0,200.0,3538.0,1584.0,1584.0,2301.5628450957593,120.0,90.16668904637727
edge,3003,domain_heuristic,0.9999995383372636,8.93590239102814,2.546310190433437,0.005815042226531841,8.0,1.1272816673903596,256.3819354138928,0.9759602797275966,0.9139019771172484,0.8983565007634181,133.15510078376974,0.3610304882900153,0.3610304882900153,4.175574827968099,0.5101407992604255,27.887339210167124,7.39113999318418,0.35237568007346787,0.35237568007346787,0.7107992629311153,0.9999995383372636,0.0,83.0,0.0,0.0,200.0,40250.0,0.0,0.0,26631.020156753948,83.0,57.90681345870935
edge,3003,c_kam,1.0,6.654148500896004,1.9402667111427094,0.0,2.0,0.96822481028761,262.32119242406964,0.7363761212637224,0.42145397938052626,0.31699428121312123,11.435005285748048,0.163490235578941,0.163490235578941,2.7079071689071395,0.7828503074020711,16.01239772168193,4.141117776788133,0.16980333253999114,0.16980333253999114,0.7744338282566416,1.0,9.0,21.0,0.0,3.0,200.0,8416.0,6085.0,5971.0,2287.0010571496096,21.0,18.655288517463685
edge,3003,d_kam,1.0000000000000002,7.051099876728671,2.021920286595397,0.0,2.0,1.1053882425133046,256.2690637785578,0.7780560157261521,0.3697380259743005,0.2559407251085492,9.091372083930764,0.2066602769934211,0.2066602769934211,2.883633649044975,0.8886057484209693,17.033635817986088,4.394574865213958,0.19901104853463356,0.19901104853463356,0.7658602028341093,1.0000000000000002,6.0,4.0,0.0,0.0,200.0,6825.0,6261.0,6261.0,1818.2744167861529,4.0,6.168788767175145
edge,3004,static,0.8286500005198653,147.14968045063654,8.474668382977617,2421.586645934553,8.0,13921.999906466208,2421.586645934553,15.49044814470123,0.9164766758194612,0.9013960756201973,0.0,1.8690623570272864,1.8690623570272864,125.03744412159021,0.5209024399392961,5587.301656370526,1558.6886802887136,1.872354349942098,1.872354349942098,0.08756482072558053,0.8286500005198653,0.0,0.0,0.0,0.0,200.0,0.0,0.0,0.0,0.0,0.0,0.0
edge,3004,greedy_load,0.9999159328787637,6.311759653658489,2.290581490039679,1.188070141596032,8.0,1.1511548454780889,241.57596571253308,0.7024664610185318,0.9075622447471231,0.8908720944931313,124.11609661619877,0.34478858803477996,0.34478858803477996,3.8078343133370756,0.5094323717696068,16.17222347079545,4.1265089506976675,0.34107606075166885,0.34107606075166885,0.7368939444840639,0.9999159328787637,0.0,90.0,0.0,0.0,200.0,0.0,0.0,0.0,24823.219323239755,90.0,74.43444507169261
edge,3004,affinity_greedy,0.8608901920289665,112.83869822978883,8.344631657930915,1965.9553797677604,8.0,12224.789780097133,1965.9553797677604,11.887795011512218,0.7784731523012962,0.7384752492445856,1.209871784230927,2.342545704229205,2.342545704229205,125.3380300867237,0.5330440213416807,4974.832843553691,1387.626334690749,2.331218860883273,2.331218860883273,0.10121867685548415,0.8608901920289665,0.0,41.0,0.0,0.0,200.0,0.0,0.0,0.0,241.9743568461854,41.0,33.42798985464394
edge,3004,balanced_affinity,0.9999529055467717,6.416759062767095,2.394329010092041,0.665557626954713,8.0,1.1283803636033123,241.57596571253308,0.7134913989749357,0.8921907988072091,0.8727252485918442,124.55000941961771,0.35900562469220954,0.35900562469220954,3.8638801120035904,0.5095031939254571,16.19923415928338,4.133112212784595,0.36075674948805597,0.36075674948805597,0.7260004548785659,0.9999529055467717,0.0,87.0,0.0,0.0,200.0,0.0,0.0,0.0,24910.00188392354,87.0,63.07090146827134
edge,3004,dynamic_leiden,0.9902889585018266,11.021953460430806,4.3849217300499,137.2403179541078,8.0,43.43528563616755,287.9564372012489,1.1970368107296254,0.7573510765733482,0.7135394653990917,6.897246495936997,0.7835744537464808,0.7835744537464808,5.551394581254694,0.511056075443034,23.012601502577862,5.939240559034937,0.6351434086526513,0.6351434086526513,0.5169882192829909,0.9902889585018266,0.0,0.0,19.0,0.0,200.0,2061.0,1368.0,1368.0,1379.4492991873994,75.0,61.25251399331832
edge,3004,domain_heuristic,0.9999303418903974,6.361679566004542,2.3455592747005007,0.9844362328726535,8.0,1.123152884813353,241.57596571253308,0.7077080518148677,0.9107454102079225,0.8946299981621307,134.89732857153285,0.3604474336283585,0.3604474336283585,3.856425364326517,0.5088762425145588,16.202066536566946,4.130540735310657,0.3531893319526207,0.3531893319526207,0.7311212770946776,0.9999303418903974,0.0,88.0,0.0,0.0,200.0,40320.0,0.0,0.0,26979.46571430657,88.0,63.79210524356506
edge,3004,c_kam,0.999999999999999,4.751709081979739,1.633861804517406,0.0,3.0,1.0450968688571751,241.23961850377486,0.5386611509922633,0.42449581927569,0.32058534220046736,13.113547930843197,0.17016062538403287,0.17016062538403287,2.7304157910273954,0.7729021570001927,10.625321562976229,2.6373905531058597,0.1938183926254519,0.1938183926254519,0.8058495114639025,0.999999999999999,9.0,38.0,0.0,4.0,200.0,9285.0,6311.0,5984.0,2622.7095861686394,38.0,32.25778760150795
edge,3004,d_kam,0.9999488282905415,5.469301504542812,1.9157453799277373,0.7231790408412412,2.0,1.2112125576236408,243.38481883253945,0.6140083553613862,0.4072298626658555,0.30020192120274614,9.844150044227717,0.27593088161708906,0.27593088161708906,2.9623028187341998,0.8614713825398604,11.73216516278759,2.8966001286852014,0.2824786318545916,0.2824786318545916,0.7762517360458179,0.9999488282905415,6.0,6.0,0.0,0.0,200.0,7228.0,6297.0,6297.0,1968.8300088455435,6.0,7.276729737614252
edge,3005,static,0.9004851643512148,82.38429490636028,8.079000269343345,1051.047806749971,8.0,5776.562473694575,1051.047806749971,8.671282609850628,0.9334533931162831,0.9214380335400564,0.0,1.784536515318362,1.784536515318362,64.15693217599423,0.5252255630715519,1902.882521760544,530.328990659484,1.8267626643733224,1.8267626643733224,0.13618055768395743,0.9004851643512148,0.0,0.0,0.0,0.0,200.0,0.0,0.0,0.0,0.0,0.0,0.0
edge,3005,greedy_load,0.9992262466733516,4.106992420610561,1.722023347708638,8.172165804604301,8.0,1.3442275277227682,140.36384126882427,0.45216584884690725,0.9079143420736014,0.8912877649480018,120.38118446536828,0.29286087402605937,0.29286087402605937,2.6452439641458647,0.5084084571553695,9.8741561021802,2.382404562909047,0.28783973860343987,0.28783973860343987,0.8036631344556013,0.9992262466733516,0.0,90.0,0.0,0.0,200.0,0.0,0.0,0.0,24076.236893073656,90.0,71.86344059362239
edge,3005,affinity_greedy,0.8575767788745435,102.96500275464773,8.174880774773998,1504.234149795377,8.0,6851.211552117805,1504.234149795377,10.83225693392081,0.7902663848947985,0.7523978155008038,1.2148426355270203,1.5596493617112983,1.5596493617112983,64.57972343623773,0.5325242944281608,2112.0695354684285,588.8006480731357,1.5865825210866094,1.5865825210866094,0.1261131046137388,0.8575767788745435,0.0,44.0,0.0,0.0,200.0,0.0,0.0,0.0,242.96852710540406,44.0,36.59869316484028
edge,3005,balanced_affinity,0.9995485799175351,4.0848225825514906,1.7043112385221617,4.767772408052617,8.0,1.1300876967407318,140.36384126882427,0.4498380158507049,0.8963004259703805,0.8775768917705881,120.0237874002778,0.29140959477364176,0.29140959477364176,2.6442704851229575,0.5081754399651445,9.859116330757695,2.381477495058562,0.2877626548334765,0.2877626548334765,0.8055229059201814,0.9995485799175351,0.0,84.0,0.0,0.0,200.0,0.0,0.0,0.0,24004.75748005556,84.0,55.70032055867461
edge,3005,dynamic_leiden,0.9929719039303737,7.218972372486638,3.5107935655763933,74.22878118072477,8.0,24.540740271029556,160.0673405555491,0.7789237437938954,0.792329893023057,0.7548339014855532,10.621662328776438,0.5920166574207605,0.5920166574207605,4.2218535202185965,0.5086405630726978,12.669494974911595,3.099580746979021,0.60662155227832,0.60662155227832,0.6158422615794871,0.9929719039303737,0.0,0.0,17.0,0.0,200.0,3408.0,1224.0,1224.0,2124.3324657552876,92.0,71.863610802887
edge,3005,domain_heuristic,0.9991941776003769,4.205289308848506,1.808572865137715,8.510870366537198,8.0,1.3297260663526762,140.36384126882427,0.46248702211189147,0.9167144388916594,0.9016767681359866,130.647936945752,0.31181886931637764,0.31181886931637764,2.684184382439381,0.5084169117542886,9.906915877744753,2.385621077534282,0.3043695302058299,0.3043695302058299,0.7945754351255484,0.9991941776003769,0.0,85.0,0.0,0.0,200.0,40320.0,0.0,0.0,26129.5873891504,85.0,57.114942948030965
edge,3005,c_kam,0.9995570207751391,3.140118089162861,1.2574941058972116,4.67862243544927,3.0,1.0300423563305547,140.3267690832917,0.35064404404489863,0.47464244925987076,0.37978622482068075,14.899117094755638,0.15993219665980593,0.15993219665980593,1.9828742523888838,0.7515611105615027,6.865494953225167,1.5884695741984647,0.18641208450693125,0.18641208450693125,0.8524387048458013,0.9995570207751391,12.0,16.0,0.0,7.0,200.0,11515.0,6279.0,6017.0,2979.8234189511277,16.0,19.924841732886776
edge,3005,d_kam,0.9989028097811057,3.973649210748723,1.702048503470893,11.588215622713662,2.0,1.4516215184011605,141.1272260350363,0.4381648118114142,0.4787454843795667,0.3846300857258773,9.147742886852939,0.25131211944306225,0.25131211944306225,2.1347543922880545,0.8297476147451274,7.64125297327752,1.7583740304731086,0.2554182111010531,0.2554182111010531,0.8057604931005647,0.9989028097811057,6.0,2.0,0.0,0.0,200.0,7178.0,6250.0,6250.0,1829.5485773705877,2.0,4.626335298983011
edge,3006,static,0.8766984382515887,116.59439293834595,8.316288620839575,1488.5446637178968,8.0,5690.693776832376,1488.5446637178968,12.273792282890563,0.9285971965423425,0.915705023695821,0.0,1.1096553405863638,1.1096553405863638,40.216462712524155,0.5189927273394686,1761.5846124988507,491.08138775608165,1.1099897344529346,1.1099897344529346,0.10749469838910768,0.8766984382515887,0.0,0.0,0.0,0.0,200.0,0.0,0.0,0.0,0.0,0.0,0.0
edge,3006,greedy_load,0.9996418970809606,4.19137083414744,1.7137503275840498,4.323158455089091,8.0,1.1972540452595246,176.22503596693713,0.4714749619497203,0.9035237387397973,0.8861044137900383,119.02366831127438,0.24669779541732587,0.24669779541732587,2.14197143384917,0.5081986733381647,6.56945002735452,1.474373515587278,0.23003614027868108,0.23003614027868108,0.8007612191809378,0.9996418970809606,0.0,90.0,0.0,0.0,200.0,0.0,0.0,0.0,23804.733662254876,90.0,63.093341695843726
edge,3006,affinity_greedy,0.9164164084647874,77.27906238321562,8.030708677926839,1009.0537977773847,8.0,2761.8974899276227,1009.0537977773847,8.14568257460188,0.7907104394066894,0.7529220465217861,1.2603307343670167,1.2725251619527826,1.2725251619527826,34.26150372516157,0.5305809485669134,889.6719950728018,247.690926400272,1.212531491405333,1.212531491405333,0.13748059239494487,0.9164164084647874,0.0,49.0,0.0,0.0,200.0,0.0,0.0,0.0,252.06614687340334,49.0,36.62777125916054
edge,3006,balanced_affinity,0.9996907019641502,4.087961229146966,1.6191531940967292,3.733966822761052,8.0,1.115498473397101,176.22503596693713,0.4606169534246707,0.8946093593134681,0.8755804936339554,119.5967796491459,0.24156965994036955,0.24156965994036955,2.1171794764620926,0.5084773356068396,6.544020863250783,1.4707189436412442,0.2198975537343258,0.2198975537343258,0.8106939181971063,0.9996907019641502,0.0,86.0,0.0,0.0,200.0,0.0,0.0,0.0,23919.35592982918,86.0,50.46287196586665
edge,3006,dynamic_leiden,0.998728012810302,9.262909168553675,4.160913763558083,15.35592669463611,8.0,1.8222646701488605,202.88325717379468,1.0039864870623751,0.7651160351737734,0.7227064304134827,11.51862709535635,0.475789928344971,0.475789928344971,3.452594426788435,0.5139868243188382,10.943390388616224,2.653120768417975,0.470524832259952,0.470524832259952,0.5438090584036643,0.998728012810302,0.0,0.0,22.0,0.0,200.0,3654.0,1584.0,1584.0,2303.72541907127,135.0,96.11670794273755
edge,3006,domain_heuristic,0.9996018612812536,4.369896461849005,1.8746948352693718,4.80648628294195,8.0,1.2426026640878232,176.22503596693713,0.49022015285838483,0.9104960458555499,0.8943356096905797,129.02567884579184,0.2648118478360242,0.2648118478360242,2.222715027915984,0.5080298886906075,6.631510338689745,1.4860293001947218,0.257555318849052,0.257555318849052,0.783862045873979,0.9996018612812536,0.0,86.0,0.0,0.0,200.0,40306.0,0.0,0.0,25805.13576915837,86.0,54.503659336134405
edge,3006,c_kam,0.9998324561611444,3.182299829498264,1.2441787448916688,2.022654731462878,3.0,1.0019558867059866,175.0059535975421,0.36552250646155693,0.481262505403742,0.38760156887941766,16.370692679774947,0.12381586427853396,0.12381586427853396,1.743190464036505,0.7413858407271817,4.897154371021362,1.0506066778864716,0.1612043357286985,0.1612043357286985,0.8500662353636378,0.9998324561611444,9.0,32.0,0.0,4.0,200.0,13043.0,6270.0,6040.0,3274.1385359549895,32.0,25.260940938892816
edge,3006,d_kam,0.9999287494965687,4.107452307268884,1.5997739678577263,0.8601639360134231,2.0,1.078773951471073,186.8064779915098,0.4626635166274721,0.4729173473982802,0.37774964623408075,9.526865539955907,0.19436298965287727,0.19436298965287727,1.9937563061422665,0.8233938027211067,6.015571212902481,1.3232051909004634,0.18255741619954524,0.18255741619954524,0.8127287369522017,0.9999287494965687,6.0,2.0,0.0,0.0,200.0,7631.0,6252.0,6252.0,1905.3731079911813,2.0,4.376305137746165
edge,3007,static,0.7885679046745183,181.26634057861315,8.613115264119813,2908.153073094274,8.0,16128.785358687333,2908.153073094274,19.07495450700469,0.9279274790453969,0.9149143849841491,0.0,1.4711849586651475,1.4711849586651475,88.99494204300507,0.5168397868588402,6112.335145375249,1705.344029604472,1.4689067085707168,1.4689067085707168,0.07208930104428003,0.7885679046745183,0.0,0.0,0.0,0.0,200.0,0.0,0.0,0.0,0.0,0.0,0.0
edge,3007,greedy_load,0.9999891591082439,10.470562297687914,2.718227156819136,0.1491115747016596,8.0,1.082898592801149,336.1908356110339,1.1413977875075438,0.9028948586481613,0.8853619859040794,119.837126814964,0.35493033280696357,0.35493033280696357,4.1425273174417505,0.5074323464288836,32.57268390538895,8.702631264588977,0.3484910098988408,0.3484910098988408,0.6910525523108509,0.9999891591082439,0.0,90.0,0.0,0.0,200.0,0.0,0.0,0.0,23967.4253629928,90.0,74.56891840942949
edge,3007,affinity_greedy,0.8062091364524756,158.13712748515195,8.544618557102822,2665.5058897077633,8.0,9876.687333094274,2665.5058897077633,16.646387132191265,0.7987857820077957,0.7624554370925367,1.1616814298031386,1.3961194520786722,1.3961194520786722,73.58877720841683,0.5331432703032196,3893.438216206445,1086.0528924970076,1.3677213609411896,1.3677213609411896,0.07928145528106399,0.8062091364524756,0.0,35.0,0.0,0.0,200.0,0.0,0.0,0.0,232.33628596062772,35.0,30.164572195697765
edge,3007,balanced_affinity,0.9999965737366157,10.500747310377013,2.7418810011505563,0.04712670692703724,8.0,1.116545047407246,336.1908356110339,1.1445672138398988,0.8913448508925365,0.8717265600814668,120.5196888356295,0.36512635131404914,0.36512635131404914,4.1592884791946245,0.507800507330021,32.5917038613199,8.707779090252467,0.35355631259850434,0.35355631259850434,0.6885688986560519,0.9999965737366157,0.0,82.0,0.0,0.0,200.0,0.0,0.0,0.0,24103.9377671259,82.0,54.24289763579233
edge,3007,dynamic_leiden,0.9984520870467097,14.12582284047682,4.473489962705039,21.290844254591075,8.0,2.027638066533278,353.23707804229457,1.5252001445003784,0.7496092394516302,0.7043997965748412,8.014237209863495,0.5741982680873025,0.5741982680873025,4.873210078455371,0.5107802781344252,29.43701732754526,7.791662087158524,0.5441892656001802,0.5441892656001802,0.506749957692831,0.9984520870467097,0.0,0.0,22.0,0.0,200.0,2472.0,1584.0,1584.0,1602.847441972699,104.0,82.81420075468512
edge,3007,domain_heuristic,0.99968436547502,10.569065030748273,2.807422861906846,4.341410476889555,8.0,1.2660820556019023,336.1908356110339,1.1517405744788811,0.9018363968557895,0.8841124129547515,130.38313144643325,0.37339118885598893,0.37339118885598893,4.203318898336127,0.5086249917875402,32.62070431852987,8.711440205434068,0.36913605891670315,0.36913605891670315,0.6816870032766414,0.99968436547502,0.0,88.0,0.0,0.0,200.0,40320.0,0.0,0.0,26076.62628928665,88.0,58.48808996290217
edge,3007,c_kam,1.0000000000000002,6.878535238245012,1.9072941610466767,0.0,2.0,1.0048947738718308,305.0588182065013,0.7642349462660392,0.513251200857735,0.42536600101260386,12.218669279536698,0.15310449620051092,0.15310449620051092,2.5356274569815294,0.7716575766897339,14.804937502914632,3.794637188768091,0.1724085224467765,0.1724085224467765,0.7762005168669591,1.0000000000000002,9.0,32.0,0.0,3.0,200.0,9425.0,6089.0,5985.0,2443.7338559073396,32.0,24.346897495143622
edge,3007,d_kam,0.9999755221084234,8.437551834733176,2.3086712242720844,0.33668235421464143,2.0,1.2159371574331814,320.42241749590744,0.927931688897296,0.38286719986598217,0.27144044428622893,8.670706870179856,0.25121199328747434,0.25121199328747434,2.899704761048442,0.8644488500432709,18.414908257309705,4.772001993977133,0.26071719359252427,0.26071719359252427,0.7340559252282916,0.9999755221084234,6.0,6.0,0.0,0.0,200.0,6941.0,6289.0,6289.0,1734.1413740359712,6.0,6.861607683652462
edge,3008,static,0.8997249280010627,82.3109720893189,8.07300243507432,1274.852757306092,8.0,5428.400122219963,1274.852757306092,8.664899425916794,0.9454653580486702,0.9356188254741247,0.0,1.523868444252719,1.523868444252719,43.637055033029554,0.5173021774271528,1458.663845181787,406.41348100848836,1.5412935789643099,1.5412935789643099,0.13655394892385636,0.8997249280010627,0.0,0.0,0.0,0.0,200.0,0.0,0.0,0.0,0.0,0.0,0.0
edge,3008,greedy_load,0.9994460117880551,3.2450675363499437,1.469980426338282,7.0431602334969154,8.0,1.1252967864830943,156.1831921032752,0.3629794478550554,0.9209379761772598,0.9066628885425985,121.43145356021705,0.2869807417793408,0.2869807417793408,2.444901290474475,0.5075298757434912,7.96999772680343,1.8511364687607783,0.28160711385234216,0.28160711385234216,0.8298712598411402,0.9994460117880551,0.0,89.0,0.0,0.0,200.0,0.0,0.0,0.0,24286.29071204341,89.0,69.96295120898989
edge,3008,affinity_greedy,0.9017198394502316,73.61221819245992,8.007440589425858,1249.490338602659,8.0,3623.964412000368,1249.490338602659,7.751530266746604,0.793322143873391,0.7560053087394197,1.210658619820606,1.4191682218462134,1.4191682218462134,41.31758237733864,0.5276769092444266,972.618210075406,270.8019461591238,1.4413844231581658,1.4413844231581658,0.1434379427169448,0.9017198394502316,0.0,43.0,0.0,0.0,200.0,0.0,0.0,0.0,242.1317239641212,43.0,34.159392141636474
edge,3008,balanced_affinity,0.9990932755912362,3.219400077714105,1.4465277574090867,11.527691674371393,8.0,1.3692070716585847,156.1831921032752,0.3602843646982925,0.9075363072931171,0.8908414738877076,121.47840343503049,0.29297487158094404,0.29297487158094404,2.440144231812144,0.5057564550523488,7.961228534984507,1.8503944696369743,0.2837321134632231,0.2837321134632231,0.8323337900787058,0.9990932755912362,0.0,83.0,0.0,0.0,200.0,0.0,0.0,0.0,24295.680687006097,83.0,55.577967161745505
edge,3008,dynamic_leiden,0.9780339699073645,18.831255727024967,6.1263771444026425,279.26635675675664,8.0,219.0651928571452,279.26635675675664,1.9995292078759332,0.7963598047835592,0.7595914362028128,6.106190970458556,1.2796159327500154,1.2796159327500154,10.632435939513405,0.5130388232304236,69.95287859552951,18.895856020520245,1.1176754157926863,1.1176754157926863,0.34094960444438227,0.9780339699073645,0.0,0.0,15.0,0.0,200.0,1865.0,1080.0,1080.0,1221.2381940917112,59.0,44.14069246885977
edge,3008,domain_heuristic,0.998362187134858,3.7169700712447216,1.8944734502853176,20.8224258078763,8.0,1.734212995275314,156.1831921032752,0.412529214019007,0.9345499509320657,0.9227325809614666,131.5619250605232,0.35481832647085115,0.35481832647085115,2.647596834501176,0.5055145556039895,8.157405695091013,1.8833434569165814,0.3532357407718977,0.3532357407718977,0.7852994923267015,0.998362187134858,0.0,89.0,0.0,0.0,200.0,40320.0,0.0,0.0,26312.38501210464,89.0,61.07326781919717
edge,3008,c_kam,0.999446011788054,2.920426596032437,1.1700221407262108,7.043160233496922,2.0,1.050037893025501,162.54445649646843,0.3288921491217172,0.3807452830189718,0.268935403564064,10.379780442308402,0.15306724620495088,0.15306724620495088,1.9148523147338403,0.7970291779929337,6.402030231409549,1.4641557810063242,0.172622050015183,0.172622050015183,0.8613668798304077,0.999446011788054,7.0,32.0,0.0,1.0,200.0,7969.0,6243.0,5964.0,2075.9560884616803,32.0,25.98698653575441
edge,3008,d_kam,0.9994115075498841,3.286486401255543,1.3095117821046893,7.481831802548378,2.0,1.1359159096852929,165.73024690191164,0.3673284286701434,0.41592740133104056,0.3104698487935897,10.05315701069776,0.21658706703342154,0.21658706703342154,2.1499213466682288,0.8563302540184526,7.137208729650995,1.63058761345292,0.21618069673783633,0.21618069673783633,0.8467204674856674,0.9994115075498841,6.0,5.0,0.0,0.0,200.0,7908.0,6287.0,6287.0,2010.631402139552,5.0,6.174209033802115
edge,3009,static,0.9326732381395904,53.1646341474807,7.520767573955639,853.7267163586375,8.0,1221.788088699802,853.7267163586375,5.591889620028796,0.9358214448951822,0.9242336502234788,0.0,1.539541185897141,1.539541185897141,31.73093814304956,0.5164214771637569,609.8388209376637,169.4905422592714,1.502867574117987,1.502867574117987,0.201713909721419,0.9326732381395904,0.0,0.0,0.0,0.0,200.0,0.0,0.0,0.0,0.0,0.0,0.0
edge,3009,greedy_load,0.9998109000156041,1.3504315921489742,0.974658570669253,2.3978534579769324,8.0,1.1730427639635208,75.05992908426164,0.15139835171896734,0.9261126394299991,0.9127718659937488,119.6973931141838,0.24857150550425003,0.24857150550425003,1.725077477506112,0.5064561699326895,2.6119288721296163,0.36542673792600533,0.23448424576961957,0.23448424576961957,0.8890553550664896,0.9998109000156041,0.0,90.0,0.0,0.0,200.0,0.0,0.0,0.0,23939.47862283676,90.0,74.32358942156836
edge,3009,affinity_greedy,0.901634196142227,79.56940067381936,7.828637233547723,1247.3125456944983,8.0,1937.6001022143612,1247.3125456944983,8.364390105294358,0.7869781605279982,0.7485158839566644,1.191980129078729,1.179342124922205,1.179342124922205,29.662573223188527,0.5349872012638448,863.8536454284608,240.51001081167018,1.1821503790419927,1.1821503790419927,0.16938759546425003,0.901634196142227,0.0,39.0,0.0,0.0,200.0,0.0,0.0,0.0,238.39602581574582,39.0,31.654644102010124
edge,3009,balanced_affinity,0.9999760449319748,1.237241511542874,0.8638774481165277,0.30375857979819215,8.0,1.0891466122879203,75.05992908426164,0.13951339325532688,0.8929796635210707,0.8736565472123752,119.38835145541816,0.24024542232976803,0.24024542232976803,1.6781629595351388,0.5067562120326066,2.5675080646522286,0.36147377073668435,0.216081907470869,0.216081907470869,0.9006873729345257,0.9999760449319748,0.0,82.0,0.0,0.0,200.0,0.0,0.0,0.0,23877.670291083632,82.0,58.69646765332882
edge,3009,dynamic_leiden,0.9985679620841833,5.027419797587615,3.226924166553457,18.15873797861253,8.0,1.7701771074636075,88.91384064724255,0.5374821132900247,0.7668801810117956,0.7247891025833695,9.065164903877303,0.6286248611754468,0.6286248611754468,3.336365018387533,0.508927662720195,6.058348768967733,1.2479227273337852,0.5766027144237442,0.5766027144237442,0.6525674674986481,0.9985679620841833,0.0,0.0,20.0,0.0,200.0,2879.0,1440.0,1440.0,1813.0329807754606,107.0,87.70807388668244
edge,3009,domain_heuristic,0.9998471759095994,1.4081988896905602,1.0269860645773203,1.9378625270524452,8.0,1.1702583691827737,75.05992908426164,0.15746391796083387,0.9260594148688247,0.9127090314423626,129.47486161079723,0.2666598878569609,0.2666598878569609,1.7702435316840173,0.505439708957865,2.6514435881600544,0.37236919854066874,0.24563607164698645,0.24563607164698645,0.8835609682061425,0.9998471759095994,0.0,84.0,0.0,0.0,200.0,40320.0,0.0,0.0,25894.972322159447,84.0,59.994605079620825
edge,3009,c_kam,0.9999212550729912,0.8495493723464647,0.5208902018172565,0.9985130148446405,3.0,0.9859572378752034,75.05992908426164,0.09880571863970389,0.43241291141974597,0.32993190931497784,13.893794479081407,0.12765332018953976,0.12765332018953976,1.3708509062427168,0.7431637119927333,2.142698412752322,0.28843839932062476,0.13178476218418203,0.13178476218418203,0.9367010337959492,0.9999212550729912,10.0,22.0,0.0,5.0,200.0,11056.0,6298.0,6010.0,2778.7588958162814,22.0,21.84823932238443
edge,3009,d_kam,0.9999999999999996,0.9886418251233282,0.6184488107769327,0.0,2.0,1.1669235816192396,76.33453934802787,0.11341042618127449,0.4245258516926612,0.32062079713716957,9.027772204281064,0.174632846346546,0.174632846346546,1.4368627944762091,0.8544169195122637,2.363249277103927,0.30886451544853283,0.17752692222294392,0.17752692222294392,0.9264573798551833,0.9999999999999996,6.0,2.0,0.0,0.0,200.0,7389.0,6248.0,6248.0,1805.5544408562128,2.0,4.7336753011620925
edge,3010,static,0.7426664509495339,219.04741201527736,8.679430812590569,3631.6980464420135,8.0,22686.168272625775,3631.6980464420135,23.05083170606112,0.923757454398814,0.9099914392208223,0.0,1.3940317388740697,1.3940317388740697,84.28427479042043,0.5377820888900028,8127.737060397931,2267.8909394771135,1.3891874892239844,1.3891874892239844,0.06254897261041904,0.7426664509495339,0.0,0.0,0.0,0.0,200.0,0.0,0.0,0.0,0.0,0.0,0.0
edge,3010,greedy_load,0.999815306037557,10.898447283021751,2.7940082905462034,2.606549768084343,8.0,1.1331931851544566,375.0530887393619,1.195190409174283,0.9067385530102671,0.8898996806371209,122.84036612007185,0.3731860949661278,0.3731860949661278,4.318373546217099,0.5125585050390168,39.257570706604845,10.561619909520767,0.3644635684567017,0.3644635684567017,0.6805183374250774,0.999815306037557,0.0,90.0,0.0,0.0,200.0,0.0,0.0,0.0,24568.07322401437,90.0,71.7466974043521
edge,3010,affinity_greedy,0.752424176254189,208.0919836986453,8.660868623108772,3493.98917770961,8.0,17737.332134978366,3493.98917770961,21.900511732814753,0.8527774969714013,0.8261956561467931,1.3815675492514856,1.313348624282062,1.313348624282062,74.36858336649811,0.5389512105134573,6497.319079520673,1812.8495050496144,1.3056378003287126,1.3056378003287126,0.06449800250600767,0.752424176254189,0.0,66.0,0.0,0.0,200.0,0.0,0.0,0.0,276.3135098502971,66.0,64.75394422115245
edge,3010,balanced_affinity,0.9998391651725214,10.906201093188647,2.801384428387959,2.26983046287829,8.0,1.1171332847152418,375.0530887393619,1.1960045592418072,0.8880565733407468,0.8678445657494928,123.42828690088936,0.3761102015082576,0.3761102015082576,4.315520930788991,0.5139317826319163,39.249142322026714,10.56180925261416,0.36557193716228,0.36557193716228,0.679743842951693,0.9998391651725214,0.0,82.0,0.0,0.0,200.0,0.0,0.0,0.0,24685.657380177872,82.0,56.63430620171117
edge,3010,dynamic_leiden,0.970711030115331,34.62535274817795,7.310620689380722,413.34950341664774,8.0,410.58235616121266,413.34950341664774,3.686515483015683,0.8161724950642842,0.7829814177842246,6.715006949234521,1.302459296986669,1.302459296986669,16.740444813831832,0.5142021801987707,196.41509736195138,54.18381508316026,1.2691141785658235,1.2691141785658235,0.20627403554745274,0.970711030115331,0.0,0.0,16.0,0.0,200.0,2056.0,1152.0,1152.0,1343.0013898469042,49.0,40.50728525104608
edge,3010,domain_heuristic,0.9998338471363126,11.043809719120969,2.9366275842246568,2.3448828677509597,8.0,1.1510247012536563,375.0530887393619,1.2104534649647012,0.9121056264664571,0.8962358090229009,132.0668944696081,0.4003610974710653,0.4003610974710653,4.408646914426672,0.5143541584192893,39.326402954644244,10.572246637192656,0.3951885866340101,0.3951885866340101,0.6655433115888397,0.9998338471363126,0.0,89.0,0.0,0.0,200.0,40194.0,0.0,0.0,26413.378893921617,89.0,63.47035452500917
edge,3010,c_kam,0.9998465471776911,6.770135712855382,1.8277341660050375,2.1656496677534056,3.0,1.033096963876786,322.1576127720656,0.7617176943068144,0.449604252919885,0.35022724303041985,12.306541653961176,0.16239336584805364,0.16239336584805364,2.497718387392953,0.7818309333469664,16.30804992148428,4.219403164719956,0.16569329724594098,0.16569329724594098,0.7819771205018998,0.9998465471776911,8.0,34.0,0.0,3.0,200.0,8898.0,6128.0,5979.0,2461.308330792235,34.0,25.518993097507987
edge,3010,d_kam,0.9999752595103825,8.708330060059104,2.1875793342089374,0.34915769103716393,2.0,1.1095610131644733,337.73800927616713,0.9652281007632052,0.3585964647007917,0.24278749304954578,9.362075519748032,0.19375071802009752,0.19375071802009752,2.909383358332958,0.8873984129443906,21.922492572218804,5.764937868357012,0.20089513022156957,0.20089513022156957,0.7441933778404902,0.9999752595103825,6.0,5.0,0.0,0.0,200.0,7049.0,6278.0,6278.0,1872.4151039496064,5.0,6.896969662883335
edge,3011,static,0.8538337496795987,123.39768579107249,8.31174253195768,1874.9533635168536,8.0,12941.793822318603,1874.9533635168536,12.989432363122397,0.9240896668685523,0.9103836344975966,0.0,1.8812506455316964,1.8812506455316964,91.41372439697365,0.5160031674686734,4384.899288351713,1223.0759396731896,1.8828531009103877,1.8828531009103877,0.10691935605918887,0.8538337496795987,0.0,0.0,0.0,0.0,200.0,0.0,0.0,0.0,0.0,0.0,0.0
edge,3011,greedy_load,0.9998980887171959,3.986709203493885,1.715961760731746,1.3072710154106413,8.0,1.166970577349632,161.77868677041357,0.45127982142664635,0.909861258060533,0.8935862074325737,119.1693646137719,0.3311522632357716,0.3311522632357716,2.9948487650059,0.5125755831562825,10.696399041156113,2.600319337523774,0.32872827827502316,0.32872827827502316,0.7994763370379119,0.9998980887171959,0.0,90.0,0.0,0.0,200.0,0.0,0.0,0.0,23833.87292275438,90.0,73.48269094502136
edge,3011,affinity_greedy,0.859338203578443,114.74539914354015,8.287757877260722,1804.3447631775882,8.0,11045.526397616772,1804.3447631775882,12.080942265131503,0.7784129901054677,0.7384042244300661,1.1784997898212168,1.8939237355201208,1.8939237355201208,91.74398382594507,0.52806364122332,3845.367403357747,1072.501307746591,1.9041351796367676,1.9041351796367676,0.1094377448023694,0.859338203578443,0.0,40.0,0.0,0.0,200.0,0.0,0.0,0.0,235.69995796424337,40.0,34.03579055377861
edge,3011,balanced_affinity,1.0000000000000007,3.9438804109704195,1.6880467444578553,0.0,8.0,1.0793282846758538,161.77868677041357,0.4467827982116823,0.8858206411691326,0.8652049236024482,119.29428100615041,0.3349420757377565,0.3349420757377565,2.9870586200917226,0.5127001333375243,10.664039951621316,2.594765409007928,0.3268910141543453,0.3268910141543453,0.8024074137466704,1.0000000000000007,0.0,86.0,0.0,0.0,200.0,0.0,0.0,0.0,23858.856201230083,86.0,60.45976882960481
edge,3011,dynamic_leiden,0.9892828879295362,12.435100006122452,5.284976351521869,137.47417943374202,8.0,123.88040721157773,193.4284828318421,1.3383608557026456,0.7312493432984505,0.6827249191717817,7.166503629414365,0.8943879415486344,0.8943879415486344,7.876825764041281,0.5151039839204019,30.845492065834122,8.097586392969692,0.9619180673323245,0.9619180673323245,0.424729805004949,0.9892828879295362,0.0,0.0,19.0,0.0,200.0,2250.0,1368.0,1368.0,1433.300725882873,89.0,69.41810496610152
edge,3011,domain_heuristic,0.9997022806894644,4.086531974734297,1.8110983800515608,3.8190062442587642,8.0,1.2802853295026193,161.77868677041357,0.4617612124068895,0.8960556836573081,0.8772879598732112,130.21051097370218,0.3515581479901724,0.3515581479901724,3.0599248558376178,0.5133362890844395,10.741107642495665,2.6097107445121672,0.350434540588344,0.350434540588344,0.7894869920093314,0.9997022806894644,0.0,88.0,0.0,0.0,200.0,40320.0,0.0,0.0,26042.102194740437,88.0,62.479971903261934
edge,3011,c_kam,0.9999585939628154,2.6807324080246095,1.1372440010113003,0.5311375814853626,4.0,0.9925904652827369,161.77868677041357,0.3141522579023723,0.5075672110187054,0.41865573523041605,19.094332635140745,0.15378646694772327,0.15378646694772327,1.9695551071735935,0.7096827329798893,5.633128131681402,1.2516913940554628,0.17822473756875395,0.17822473756875395,0.8602417018085586,0.9999585939628154,14.0,33.0,0.0,10.0,200.0,14471.0,6499.0,6061.0,3818.866527028149,33.0,30.692437837235143
edge,3011,d_kam,0.9998889752925298,3.4287238249308993,1.4646805550046285,1.424173831163098,2.0,1.1986562011407245,171.86238971753193,0.39269135667753274,0.35570041975765193,0.23936855110278343,8.596485989692155,0.2590415482649389,0.2590415482649389,2.2279149427910716,0.8777994572140028,6.788945967702951,1.5256600681008436,0.28831238603574055,0.28831238603574055,0.8258608636392591,0.9998889752925298,6.0,5.0,0.0,0.0,200.0,6875.0,6277.0,6277.0,1719.297197938431,5.0,7.552755270281352
edge,3012,static,0.8099735453671424,157.036743508679,8.531956582253319,2483.983078515771,8.0,12355.17377766862,2483.983078515771,16.521947673581096,0.9385566016382821,0.927462654711861,0.0,1.2206583162953073,1.2206583162953073,50.526908420167366,0.5292093018412538,3457.4221569943625,964.3808968084045,1.2257699700425744,1.2257699700425744,0.08396719459818697,0.8099735453671424,0.0,0.0,0.0,0.0,200.0,0.0,0.0,0.0,0.0,0.0,0.0
edge,3012,greedy_load,0.9994434507581856,9.72131820461918,2.895458771963001,7.275086522558477,8.0,1.3214193303908945,258.2029762033037,1.0538280166548122,0.9214423634502136,0.9072583457398354,119.56156227446627,0.34023158566149286,0.34023158566149286,3.8121790664125026,0.5059876900251226,24.76866676828607,6.5255747797457495,0.3316591699761834,0.3316591699761834,0.6757994646786701,0.9994434507581856,0.0,90.0,0.0,0.0,200.0,0.0,0.0,0.0,23912.312454893254,90.0,84.62592727355312
edge,3012,affinity_greedy,0.8590031840711542,117.05176119032123,8.386986391102258,1843.0786680124534,8.0,5958.87548603105,1843.0786680124534,12.323524530153527,0.8273636227585307,0.7961931657565988,1.1326260249188635,1.2672939519517152,1.2672939519517152,50.42310333170455,0.5320840063074552,1799.8618634550535,501.7342928757113,1.2334650803940208,1.2334650803940208,0.09918906466904825,0.8590031840711542,0.0,31.0,0.0,0.0,200.0,0.0,0.0,0.0,226.5252049837727,31.0,27.23980775713219
edge,3012,balanced_affinity,0.9993640386990977,9.598141918112141,2.8028269847588083,8.313143099390691,8.0,1.2822037800833546,258.2029762033037,1.0408945065715731,0.907075899800368,0.8902979372643233,142.33118740055943,0.3276319380905936,0.3276319380905936,3.7889294779557883,0.5055764566564934,24.707615257422898,6.515252796007855,0.3225764163931107,0.3225764163931107,0.6855258023351105,0.9993640386990977,0.0,87.0,0.0,0.0,200.0,0.0,0.0,0.0,28466.237480111886,87.0,66.77472585644783
edge,3012,dynamic_leiden,0.9992683522075669,11.405925617152679,4.360023459511824,9.563935397042115,8.0,1.763133919890559,279.8445109755953,1.2307117949708293,0.7812867437571793,0.7417968502688923,12.984010914660757,0.589175323954923,0.589175323954923,4.4325893793608175,0.5073611413103634,20.953227091306648,5.414159888446241,0.5036933813028763,0.5036933813028763,0.5220201724860438,0.9992683522075669,0.0,0.0,22.0,0.0,200.0,3574.0,1584.0,1584.0,2596.8021829321515,137.0,123.9102406237728
edge,3012,domain_heuristic,0.9996875353573847,9.935132894091899,3.0763097975605453,4.08446753580184,8.0,1.1968852464775936,258.2029762033037,1.076278559049448,0.9193385610222735,0.9047746900957396,145.77070326951798,0.3613352123334487,0.3613352123334487,3.8955926409221506,0.5062157874263958,24.841132644060067,6.5407684521368346,0.3542509404477468,0.3542509404477468,0.6568101069909281,0.9996875353573847,0.0,87.0,0.0,0.0,200.0,40320.0,0.0,0.0,29154.140653903596,87.0,72.88873900025484
edge,3012,c_kam,0.9998435870352507,6.275636534150886,1.993289014750883,2.0445950983421035,6.0,1.0778629317745079,236.99983769763836,0.6920314412556415,0.5726197835893312,0.4954539111818492,24.057093500741757,0.16619763079343414,0.16619763079343414,2.5225527474008858,0.7059666097774877,13.072398634852616,3.3149742935339557,0.17643971299598504,0.17643971299598504,0.7705272891859427,0.9998435870352507,12.0,35.0,0.0,10.0,200.0,16447.0,6239.0,6093.0,4811.4187001483515,35.0,34.81662388690151
edge,3012,d_kam,0.9996627974529111,8.080751539388178,2.803413081174788,4.407835859583473,2.0,1.262354334146143,251.10765337293955,0.881568516805557,0.549967505775334,0.4687116387625471,9.841027266229503,0.27309066129677234,0.27309066129677234,2.9105402529699607,0.8194068871723408,15.39738998153858,3.908043133349013,0.274948257204094,0.274948257204094,0.6854642622114325,0.9996627974529111,6.0,7.0,0.0,0.0,200.0,6897.0,6297.0,6297.0,1968.2054532459006,7.0,8.075358505137224
edge,3013,static,0.8268391113891866,148.18503571367367,8.50362228022083,2075.261461715496,8.0,9063.006585411,2075.261461715496,15.598061435432053,0.9463364438573076,0.9366471906648769,0.0,1.3296410748033507,1.3296410748033507,60.056508671244174,0.5192639230562472,3396.4579037620315,947.3357959418836,1.33657201466857,1.33657201466857,0.08477177258870813,0.8268391113891866,0.0,0.0,0.0,0.0,200.0,0.0,0.0,0.0,0.0,0.0,0.0
edge,3013,greedy_load,0.9999938543977885,8.734856273586662,2.6546459460373653,0.07365249469190616,8.0,1.1071709905411036,233.44909233243055,0.9557925942229178,0.9257269255178199,0.9123165092918707,136.21698493603617,0.32016288226021883,0.32016288226021883,3.5090277665294938,0.50603909641471,20.856388025704703,5.438344631904519,0.3166537577298812,0.3166537577298812,0.6989142876779718,0.9999938543977885,0.0,90.0,0.0,0.0,200.0,0.0,0.0,0.0,27243.396987207234,90.0,77.41100761543417
edge,3013,affinity_greedy,0.854348500074491,121.90385835019742,8.412397851140453,1745.5728430443621,8.0,7036.774098923641,1745.5728430443621,12.838537812267047,0.7997818408781678,0.7636313399256147,1.3166903457022272,1.461300679282903,1.461300679282903,60.37152463020024,0.5408108954234419,2664.4778715244297,743.0102647213045,1.4660263821247275,1.4660263821247275,0.09435033764214758,0.854348500074491,0.0,43.0,0.0,0.0,200.0,0.0,0.0,0.0,263.33806914044544,43.0,31.94314740917953
edge,3013,balanced_affinity,0.9999113850544858,8.792849027116397,2.7018994633334126,1.0620133843995974,8.0,1.143809701424002,233.44909233243055,0.9618818333435403,0.9253158702467946,0.9118312357080215,139.6334337310691,0.3279504278326742,0.3279504278326742,3.5306480003923975,0.5058923529366891,20.879193261784,5.443385408828331,0.32523211011292197,0.32523211011292197,0.6939526683618868,0.9999113850544858,0.0,86.0,0.0,0.0,200.0,0.0,0.0,0.0,27926.686746213818,86.0,61.93725803742692
edge,3013,dynamic_leiden,0.9962322666233668,13.840885173793257,4.970625428227663,45.154722508500086,8.0,6.0263100834370436,261.1733792834949,1.4919256287446103,0.7554032322775872,0.711239926994374,8.788441463548224,0.7335287056673526,0.7335287056673526,4.979900403630549,0.516747423984711,24.01042443447526,6.230350981327174,0.6030515137838632,0.6030515137838632,0.4557364420479907,0.9962322666233668,0.0,0.0,21.0,0.0,200.0,2393.0,1512.0,1512.0,1757.6882927096449,88.0,68.17416543919444
edge,3013,domain_heuristic,0.9997262346401136,9.00918841389549,2.846853296113152,3.2809643417938754,8.0,1.285094572605313,233.44909233243055,0.984597468955345,0.9289136197109846,0.9160785788254681,150.40748230036115,0.3381778519771764,0.3381778519771764,3.5647026387086895,0.5067539269902774,20.962567089967493,5.463066939262803,0.33559467051914604,0.33559467051914604,0.678732515920014,0.9997262346401136,0.0,86.0,0.0,0.0,200.0,40320.0,0.0,0.0,30081.49646007223,86.0,59.491990131562545
edge,3013,c_kam,1.0,7.241967650234727,2.0964461860451413,0.0,2.0,0.967991098501532,234.8561535005143,0.7990392887709651,0.4607074608640188,0.3633351968533557,15.452143914153567,0.15281144066632035,0.15281144066632035,2.470401577202176,0.75803815311177,13.188841969420077,3.3561468089651276,0.16085050513507693,0.16085050513507693,0.7575252624771552,1.0,10.0,22.0,0.0,4.0,200.0,10375.0,6744.0,5999.0,3090.4287828307133,22.0,20.39510601542893
edge,3013,d_kam,0.998737726793974,7.269015642832106,2.205384266707596,15.127821066508684,2.0,2.277024307273715,230.58759217475296,0.8018793279936897,0.5861611998487323,0.5114403053769756,12.853106843394926,0.20404066421618045,0.20404066421618045,2.663903509092577,0.7952708139784584,13.662824759651935,3.443711637327874,0.2053294325349291,0.2053294325349291,0.7460867640075977,0.998737726793974,6.0,7.0,0.0,0.0,200.0,8610.0,6343.0,6343.0,2570.621368678985,7.0,8.961738815760947
edge,3014,static,0.8406613155876398,127.3025846593245,8.335016089760366,1727.1529910021563,8.0,8311.70756500005,1727.1529910021563,13.393050805876646,0.9248519124558138,0.9112835077603357,0.0,1.0213380345022574,1.0213380345022574,37.28421657086586,0.5196182749355236,1997.164258731841,556.8604736471561,1.0249985726897817,1.0249985726897817,0.107639889884518,0.8406613155876398,0.0,0.0,0.0,0.0,200.0,0.0,0.0,0.0,0.0,0.0,0.0
edge,3014,greedy_load,0.9994217066598008,5.174726061009123,1.9674856227491024,6.268415456588533,8.0,1.2305720568262986,150.87913746849864,0.5696256530535294,0.9188553549384557,0.90420423846901,135.8197931779432,0.2609096892915319,0.2609096892915319,2.3206433324400937,0.5077721470931298,9.106505006487502,2.1754044418396363,0.25814277770876415,0.25814277770876415,0.7762305889207005,0.9994217066598008,0.0,90.0,0.0,0.0,200.0,0.0,0.0,0.0,27163.958635588642,90.0,76.00625212692361
edge,3014,affinity_greedy,0.8818328887509878,90.68523054901382,8.110543454819236,1280.8733822831998,8.0,5281.704021977561,1280.8733822831998,9.548228624294023,0.8061147358873734,0.7711076743114824,1.3013974044588394,1.1903487249519022,1.1903487249519022,37.63085832051884,0.5253747440902462,1248.7041302163368,347.92421439033586,1.1938343578704227,1.1938343578704227,0.13120951655333637,0.8818328887509878,0.0,36.0,0.0,0.0,200.0,0.0,0.0,0.0,260.2794808917679,36.0,28.662377491102585
edge,3014,balanced_affinity,0.9995327276000932,5.258920864884387,2.0467961612239414,5.065003053632752,8.0,1.249420869536828,150.87913746849864,0.5784661074604321,0.9152956190106905,0.9000017724431763,149.57523534074426,0.28025175082602727,0.28025175082602727,2.3634592075332406,0.5070467440644467,9.135541438079338,2.180043169335417,0.2736098080653113,0.2736098080653113,0.7679029823808423,0.9995327276000932,0.0,80.0,0.0,0.0,200.0,0.0,0.0,0.0,29915.04706814885,80.0,54.85002432295682
edge,3014,dynamic_leiden,0.9980401311540471,6.4609147683048676,2.8912569627408646,21.244014607896638,8.0,2.5450866698559724,165.15888540101244,0.7046754673195826,0.7546101879045566,0.7103036940539904,14.570276689046295,0.37585961663113393,0.37585961663113393,2.542883199122651,0.5073398490873706,7.7365331873797185,1.7887675588639933,0.3153741389695581,0.3153741389695581,0.6792345982215656,0.9980401311540471,0.0,0.0,21.0,0.0,200.0,3422.0,1512.0,1512.0,2914.055337809259,122.0,96.9419518658415
edge,3014,domain_heuristic,0.9991669366638147,5.26468333573091,2.053041663715421,9.029996940747306,8.0,1.4345904723379712,150.87913746849864,0.5790711668993173,0.924512800935673,0.9108831677712809,153.8185840647202,0.2787830043338636,0.2787830043338636,2.368754604226047,0.5064932404835311,9.144153758585436,2.181133720830714,0.2762912281638321,0.2762912281638321,0.7672472046192368,0.9991669366638147,0.0,86.0,0.0,0.0,200.0,40320.0,0.0,0.0,30763.71681294404,86.0,61.595591272671186
edge,3014,c_kam,0.9996862565212077,3.412862133106986,1.3339512373097455,3.400825040082262,2.0,1.0388040520656716,139.46722473522158,0.3846299406238051,0.5238938552917279,0.4379302458305122,22.789379014866427,0.12413873584923739,0.12413873584923739,1.6788338660873752,0.7178534635967582,4.917000801684715,1.0550237708633927,0.13787724935106183,0.13787724935106183,0.8427516993918328,0.9996862565212077,12.0,32.0,0.0,6.0,200.0,14216.0,6166.0,6056.0,4557.875802973285,32.0,30.245517588251854
edge,3014,d_kam,0.9993804503871935,3.5254022615475122,1.381377837962839,6.715613165619422,2.0,1.3015860205222582,139.46722473522158,0.39644665411006047,0.5098824702906777,0.4213890274264944,10.62046421924606,0.1549068353465387,0.1549068353465387,1.7785863649719094,0.828283532083272,5.395907406408607,1.153743618283743,0.15439813168910427,0.15439813168910427,0.8377719063232582,0.9993804503871935,6.0,3.0,0.0,0.0,200.0,6917.0,6245.0,6245.0,2124.092843849212,3.0,5.420311469029672
edge,3015,static,0.8953735292715247,92.94368327356445,8.17253365337679,1311.258451410328,8.0,3979.3501934648484,1311.258451410328,9.786036106606513,0.9268472766920571,0.9136391460947898,0.0,1.200449570056739,1.200449570056739,47.56037679642727,0.5224917203723994,1343.5462950655199,374.37432442246666,1.2334728545764748,1.2334728545764748,0.12372001084501133,0.8953735292715247,0.0,0.0,0.0,0.0,200.0,0.0,0.0,0.0,0.0,0.0,0.0
edge,3015,greedy_load,0.9999744241469077,4.407784711599282,1.7632808578375792,0.3205360296130614,8.0,1.0907862375021098,176.59755286938608,0.4897667576001723,0.9070375348664724,0.8902526453284745,148.78277309631812,0.25999922946279336,0.25999922946279336,2.400672744978543,0.5086486658308147,7.687390766459871,1.7815412165995357,0.25071850255807304,0.25071850255807304,0.7966915543766285,0.9999744241469077,0.0,90.0,0.0,0.0,200.0,0.0,0.0,0.0,29756.554619263625,90.0,78.14576690210006
edge,3015,affinity_greedy,0.9236522342476154,68.6305525330132,7.947050232456508,956.8482277197211,8.0,2559.465464087007,956.8482277197211,7.2331573788486345,0.7877531377228685,0.7494307875894975,1.3543296649004333,1.3065489044855838,1.3065489044855838,47.90390617957528,0.5262737051879259,902.8006912349313,251.34749045915902,1.3994253295805306,1.3994253295805306,0.1473957700416411,0.9236522342476154,0.0,53.0,0.0,0.0,200.0,0.0,0.0,0.0,270.86593298008665,53.0,40.71166696396673
edge,3015,balanced_affinity,0.9998551937706863,4.426981161903387,1.7985135771295429,1.8148217242005458,8.0,1.1501405535555085,176.59755286938608,0.49178238488210346,0.8974814396183496,0.8789711439938848,144.0847449832654,0.2691729466992413,0.2691729466992413,2.432246738982585,0.5072114213677124,7.677295858346338,1.7791260807017886,0.26374570223341687,0.26374570223341687,0.7929921188509723,0.9998551937706863,0.0,81.0,0.0,0.0,200.0,0.0,0.0,0.0,28816.948996653082,81.0,57.393933847896854
edge,3015,dynamic_leiden,0.9992083991749572,6.482234906168882,2.9210887696744763,9.920943187262559,8.0,1.6059236509806722,208.23132047079207,0.7075840280299807,0.7681802472683179,0.7263239030250978,12.761867574154167,0.4113516634841764,0.4113516634841764,3.096806133633755,0.5078214080017822,8.883497641730425,2.0971309015418065,0.3957343263531763,0.3957343263531763,0.6751217236337544,0.9992083991749572,0.0,0.0,21.0,0.0,200.0,3234.0,1512.0,1512.0,2552.3735148308333,114.0,93.54835226188624
edge,3015,domain_heuristic,0.9999508638530493,4.5929113740779375,1.940688930941621,0.6158115389916066,8.0,1.1167633939229737,176.59755286938608,0.5092050571604311,0.8958442274555811,0.8770383240795055,163.57440952560864,0.293749795685852,0.293749795685852,2.5034263031144737,0.5077772466009783,7.747573592909249,1.791664398650261,0.28600106444992895,0.28600106444992895,0.7780637067007041,0.9999508638530493,0.0,87.0,0.0,0.0,200.0,40299.0,0.0,0.0,32714.88190512173,87.0,65.87378820688465
edge,3015,c_kam,0.9999823350104743,2.942126453960203,1.1546144838700556,0.2213910748255964,3.0,0.9474166266646182,165.57627297550025,0.33587264054806903,0.5143050814494524,0.42661016560004794,24.787947744771373,0.1329312621580499,0.1329312621580499,1.8397056608957292,0.7044429256785868,4.910049164273303,1.0561141443970095,0.14890887698653268,0.14890887698653268,0.8606015236432185,0.9999823350104743,12.0,27.0,0.0,7.0,200.0,14515.0,6230.0,6061.0,4957.5895489542745,27.0,27.05861031332119
edge,3015,d_kam,1.0000000000000002,4.231856762903708,1.5657838661064094,0.0,2.0,1.0993762774334144,196.45421945819356,0.47129432298713697,0.5211771693761293,0.43472304718015276,22.673496044590138,0.18281237523704333,0.18281237523704333,2.207733822832671,0.7949910884013093,6.905761159224548,1.5745189458114972,0.18431568134133636,0.18431568134133636,0.8174287385084013,1.0000000000000002,6.0,5.0,0.0,0.0,200.0,13219.0,6377.0,6377.0,4534.699208918028,5.0,7.410776381321481
edge,3016,static,0.8427557049490983,136.33183463083827,8.446275862476556,1799.2368992486672,8.0,12504.925862169632,1799.2368992486672,14.346798532405868,0.9287740293607364,0.9159137846619805,0.0,1.669697196799226,1.669697196799226,75.27383157821842,0.5336921397828958,4001.014630378137,1115.9811786342214,1.6589854097979457,1.6589854097979457,0.09335006092736492,0.8427557049490983,0.0,0.0,0.0,0.0,200.0,0.0,0.0,0.0,0.0,0.0,0.0
edge,3016,greedy_load,0.9998351085933734,5.725812883333755,1.9399643219618041,1.8867374684430809,8.0,1.1311337991275998,196.02310682828266,0.6331662489178921,0.9081965433439183,0.8916209192254589,148.8892708197818,0.33830581151428524,0.33830581151428524,3.229787826621484,0.5094437409065066,17.670696097915055,4.545709862918241,0.3350952023885016,0.3350952023885016,0.7765127726814139,0.9998351085933734,0.0,90.0,0.0,0.0,200.0,0.0,0.0,0.0,29777.854163956363,90.0,74.56827264116997
edge,3016,affinity_greedy,0.8346602850755831,139.17118573290324,8.455165930479636,1891.8671479112536,8.0,11408.465829374509,1891.8671479112536,14.644930398122687,0.794601872997802,0.7575161000668497,1.420141270646127,1.6567512678621557,1.6567512678621557,75.56993195074851,0.5425341344877966,3738.993404424336,1042.8703027015088,1.584839924731595,1.584839924731595,0.09241660378704163,0.8346602850755831,0.0,33.0,0.0,0.0,200.0,0.0,0.0,0.0,284.0282541292254,33.0,25.36093354090942
edge,3016,balanced_affinity,0.9997509511713433,5.726865122322279,1.9419626372997196,2.84969220720542,8.0,1.185541570210242,196.02310682828266,0.633276734011687,0.9038893272421363,0.8865360113275221,139.29635950058582,0.34255281187100195,0.34255281187100195,3.2353756140873013,0.5095652130455265,17.66797093881389,4.545594491006135,0.33785202774597567,0.33785202774597567,0.7763029495709327,0.9997509511713433,0.0,79.0,0.0,0.0,200.0,0.0,0.0,0.0,27859.271900117164,79.0,52.16249898969916
edge,3016,dynamic_leiden,0.9875839231916479,11.36878592399697,4.801134466866551,142.06851530137266,8.0,84.12886280463391,222.78319256812478,1.2256784181875295,0.763785886481894,0.7211361159855695,12.07796301911003,0.8103228283342486,0.8103228283342486,5.137962477651749,0.513424892774541,23.116102038627332,5.957389085856387,0.7130045741642577,0.7130045741642577,0.47608990746641544,0.9875839231916479,0.0,0.0,22.0,0.0,200.0,3629.0,1584.0,1584.0,2415.592603822006,138.0,107.84497109758568
edge,3016,domain_heuristic,0.9997849106338385,5.781444914163371,2.0011995859102987,2.4611177410798293,8.0,1.1437456755320337,196.02310682828266,0.6390076121550018,0.9147106012764583,0.8993111265069299,135.34394880509353,0.3624370162557717,0.3624370162557717,3.2824901187014865,0.509726099714625,17.702254400648197,4.547574154593068,0.35382928535919256,0.35382928535919256,0.7700830699668221,0.9997849106338385,0.0,85.0,0.0,0.0,200.0,40306.0,0.0,0.0,27068.789761018706,85.0,56.25251553051703
edge,3016,c_kam,0.999636489055002,4.42161468924478,1.531695577774816,4.159402446419202,3.0,1.0589771137426953,191.0578417829159,0.4962254385385497,0.4773299411468592,0.38295895829837545,15.815388965565944,0.18741384935078614,0.18741384935078614,2.2596096440556246,0.7316958492285837,10.361508549634252,2.5612563647804194,0.22029771220402616,0.22029771220402616,0.8193809908210477,0.999636489055002,9.0,32.0,0.0,4.0,200.0,11849.0,6149.0,6022.0,3163.077793113189,32.0,27.471337362098748
edge,3016,d_kam,0.9998051027718424,5.015832254537585,1.6354754721453137,2.2300731759378882,2.0,1.174198519176742,194.13223715710814,0.5586182828942943,0.38368727496772215,0.2724085885035609,8.981602593848947,0.24516030547799544,0.24516030547799544,2.490013294190914,0.8752516909059593,12.05161348207582,2.994505381655878,0.25720645606859177,0.25720645606859177,0.8084841019121453,0.9998051027718424,6.0,5.0,0.0,0.0,200.0,7041.0,6286.0,6286.0,1796.3205187697895,5.0,6.865693751780849
edge,3017,static,0.8544903248730396,122.93994184242833,8.322352724442137,1564.5633803179921,8.0,8871.247339105137,1564.5633803179921,12.93745367524814,0.9107755748686764,0.8946656092199652,0.0,1.569318548219566,1.569318548219566,65.10874051460416,0.5311187343065378,3257.2678311483237,908.4214626864903,1.5685314049579662,1.5685314049579662,0.10804636662370903,0.8544903248730396,0.0,0.0,0.0,0.0,200.0,0.0,0.0,0.0,0.0,0.0,0.0
edge,3017,greedy_load,0.9999954916940113,4.764878129244912,2.008187870194647,0.04847464920001354,8.0,1.0752433852336492,144.42577755926692,0.5290719853638808,0.9004737412004747,0.8825037222505605,121.50614619109547,0.343205738623254,0.343205738623254,3.0183464667087923,0.511623321190565,11.87522426725377,2.9276211035771227,0.3386694708506438,0.3386694708506438,0.7710336763196958,0.9999954916940113,0.0,90.0,0.0,0.0,200.0,0.0,0.0,0.0,24301.229238219094,90.0,68.05823331415719
edge,3017,affinity_greedy,0.8448130312194346,116.13661727482233,8.250726382156849,1668.6165249477417,8.0,8751.451239167096,1668.6165249477417,12.22310459564951,0.7543536676640494,0.7100008576589474,1.2721625951235183,1.6825437744400857,1.6825437744400857,65.52838789438809,0.5469284116526566,3040.586780586842,847.9321974622972,1.6637490066964107,1.6637490066964107,0.11556713256366472,0.8448130312194346,0.0,45.0,0.0,0.0,200.0,0.0,0.0,0.0,254.43251902470365,45.0,36.998517617168936
edge,3017,balanced_affinity,1.0000000000000002,4.754964166444678,2.0009287749447515,0.0,8.0,1.1001826172028126,144.42577755926692,0.5280310192698562,0.9006804161964643,0.8827477135652703,122.31973224581452,0.34085670212228414,0.34085670212228414,3.0133802958955447,0.5114895269645541,11.866577722520626,2.926727811241759,0.3392185519721569,0.3392185519721569,0.7717958813209347,1.0000000000000002,0.0,79.0,0.0,0.0,200.0,0.0,0.0,0.0,24463.946449162904,79.0,52.26211006891703
edge,3017,dynamic_leiden,0.997743922176678,8.78889192528032,3.9003231035225134,24.258020935285863,8.0,2.589903875332288,165.2324563799006,0.9515934339475988,0.738659394150248,0.6914728958718207,6.258286965312436,0.6075630882083926,0.6075630882083926,4.258318662779516,0.5093402953853773,16.633369096134246,4.210780027992737,0.5674194759961683,0.5674194759961683,0.5723594768202698,0.997743922176678,0.0,0.0,18.0,0.0,200.0,1898.0,1296.0,1296.0,1251.6573930624872,81.0,64.8317641628463
edge,3017,domain_heuristic,0.9997561456623888,4.885440872543884,2.1210098512508027,2.6219944923031973,8.0,1.2518036103575108,144.42577755926692,0.5417310734102728,0.8960461537917572,0.8772767093374912,131.81385074960417,0.36149508907475436,0.36149508907475436,3.0650247652595364,0.5118731805151725,11.909112746804444,2.9331665447538793,0.35704792925422735,0.35704792925422735,0.7591873683087995,0.9997561456623888,0.0,87.0,0.0,0.0,200.0,40250.0,0.0,0.0,26362.770149920834,87.0,59.294539165070056
edge,3017,c_kam,0.9999278711985629,3.6143130127014804,1.3797618487654624,0.7755503632089421,2.0,1.0111388707751765,147.87850572762403,0.4082626481268204,0.48146928445714954,0.38784568303969036,17.392427744634915,0.1719524726488567,0.1719524726488567,2.127403009509644,0.7304927389963342,8.166598125963866,1.952544853598464,0.19769858281663438,0.19769858281663438,0.8370184085697602,0.9999278711985629,12.0,29.0,0.0,6.0,200.0,13609.0,6201.0,6047.0,3478.485548926983,29.0,25.310818211518594
edge,3017,d_kam,0.9999999999999998,3.880542428245436,1.5443569497333054,0.0,2.0,1.212804614474964,151.69131028963972,0.43621673675893574,0.37297961906644433,0.2597676058423301,9.857933999737725,0.2713807547004178,0.2713807547004178,2.2904695408327864,0.8739400190702912,8.693232975987057,2.051974227319753,0.27257942162227494,0.27257942162227494,0.8197359229681367,0.9999999999999998,6.0,4.0,0.0,0.0,200.0,7110.0,6278.0,6278.0,1971.586799947545,4.0,5.846043810915942
edge,3018,static,0.8118411188533894,158.98843608257081,8.553607279358213,2036.1739264937453,8.0,10722.687664917737,2036.1739264937453,16.736191383834157,0.9278159481435957,0.9147827165584114,0.0,1.1451084441162647,1.1451084441162647,57.18075963806378,0.5375293180568194,3379.530663152655,942.6607767000827,1.1641618424871465,1.1641618424871465,0.0791178233012386,0.8118411188533894,0.0,0.0,0.0,0.0,200.0,0.0,0.0,0.0,0.0,0.0,0.0
edge,3018,greedy_load,0.9997147226753205,9.772503081247512,2.712574463794993,3.0871476636844566,8.0,1.2090264648981761,231.32762404574737,1.068518418695213,0.9133475951368791,0.8977020220365935,147.38410886071506,0.32239579718746947,0.32239579718746947,3.8144990200786215,0.5074429702916842,25.490280518196403,6.7329428948019965,0.32097334086413865,0.32097334086413865,0.6924262689353767,0.9997147226753205,0.0,90.0,0.0,0.0,200.0,0.0,0.0,0.0,29476.821772143012,90.0,66.03789048113157
edge,3018,affinity_greedy,0.856371417647377,111.0937605483746,8.362774946649004,1554.2863175179887,8.0,7401.5988821817955,1554.2863175179887,11.707250452743557,0.8285722658747511,0.7976200361021367,1.5772883342287969,1.4111004875807662,1.4111004875807662,57.46030355486316,0.5323593652166493,2216.7421589721484,618.0517029017744,1.4152344249268634,1.4152344249268634,0.09915521823570556,0.856371417647377,0.0,36.0,0.0,0.0,200.0,0.0,0.0,0.0,315.4576668457594,36.0,28.03639299664606
edge,3018,balanced_affinity,0.9998269648249342,9.760058119846985,2.6993286048578207,1.8725117288535023,8.0,1.1394768226430847,231.32762404574737,1.0672116977481574,0.8915279137387029,0.8719426759415245,140.44133787363535,0.31723410011672293,0.31723410011672293,3.8059721718151183,0.5078805397697197,25.466805151702292,6.731986308250574,0.3185978338269485,0.3185978338269485,0.6938170841237798,0.9998269648249342,0.0,84.0,0.0,0.0,200.0,0.0,0.0,0.0,28088.26757472707,84.0,54.304634868396974
edge,3018,dynamic_leiden,0.9953161515850172,11.751789750033689,4.1145931737372035,50.686579129935566,8.0,17.65919266227015,261.44978682777423,1.2763435189177612,0.8061161703375045,0.771109367759554,12.697417029412463,0.506765672201105,0.506765672201105,4.382883812557307,0.5125523218744733,22.854826039530984,5.963131447143751,0.49706081905067834,0.49706081905067834,0.5452143043914448,0.9953161515850172,0.0,0.0,19.0,0.0,200.0,3475.0,1368.0,1368.0,2539.4834058824927,105.0,73.98053965491377
edge,3018,domain_heuristic,0.9995947888182324,9.896230851646218,2.816812088800204,4.3850199257743405,8.0,1.2047092116449247,231.32762404574737,1.081509834587077,0.9050657155512005,0.8879248030812783,149.53205622994574,0.33412324504922053,0.33412324504922053,3.8743392227612095,0.5079181010077418,25.53365107478066,6.743654069481296,0.33714897416555106,0.33714897416555106,0.6814813183098296,0.9995947888182324,0.0,83.0,0.0,0.0,200.0,40285.0,0.0,0.0,29906.411245989148,83.0,55.43036985784905
edge,3018,c_kam,1.0,7.335988004786957,2.030832932326544,0.0,2.0,0.9693611232381111,230.83259007071052,0.8126843356668546,0.41411523580159015,0.3083304867102105,12.444534755632048,0.13418700080547202,0.13418700080547202,2.5454235810432744,0.7782998732567787,15.023287660192635,3.875528263833466,0.14598713919231066,0.14598713919231066,0.7640091297395639,1.0,8.0,26.0,0.0,2.0,200.0,8590.0,6109.0,5973.0,2488.9069511264097,26.0,21.514018824179658
edge,3018,d_kam,1.0000000000000004,8.294720863916782,2.2869029642836374,0.0,2.0,1.1179849441713423,246.8332517045703,0.9133512858754862,0.4107027881575908,0.3043019026860447,9.804710215539671,0.18853358843073537,0.18853358843073537,2.8243423696106746,0.8548226099772407,17.470436408142604,4.523921632578806,0.19032214990148816,0.19032214990148816,0.7371217763840693,1.0000000000000004,6.0,2.0,0.0,0.0,200.0,6908.0,6237.0,6237.0,1960.9420431079343,2.0,4.790901602704022
edge,3019,static,0.8723064541877182,109.83960441711717,8.27978226555133,1539.5745077021693,8.0,3429.319480863206,1539.5745077021693,11.558931502221885,0.9454467988297097,0.9355969152850738,0.0,1.2882109950789158,1.2882109950789158,48.63150937343655,0.5217607578371115,1527.0044050761796,425.55297720600635,1.1837073760748067,1.1837073760748067,0.1132628795401597,0.8723064541877182,0.0,0.0,0.0,0.0,200.0,0.0,0.0,0.0,0.0,0.0,0.0
edge,3019,greedy_load,1.0000000000000007,4.282766343174831,1.7130083759733192,0.0,8.0,1.0720670921504891,162.90287976898637,0.47546350445794017,0.9223262132058282,0.9083017794791027,139.21438595411018,0.3144473360062403,0.3144473360062403,2.919462104120896,0.506658195067708,10.859481626684476,2.649743350236599,0.29957773852362424,0.29957773852362424,0.8027741379458507,1.0000000000000007,0.0,90.0,0.0,0.0,200.0,0.0,0.0,0.0,27842.877190822037,90.0,73.77579588431604
edge,3019,affinity_greedy,0.893237821639294,89.24192661747816,8.165854921592699,1287.2093663412502,8.0,3136.0155373729813,1287.2093663412502,9.39617533325979,0.7967024494939606,0.7599959473192592,1.3598416798049584,1.5448920695233261,1.5448920695233261,48.98812481467689,0.5266400353756078,1427.815925875459,397.8194294089946,1.4579331508333186,1.4579331508333186,0.1252252506558159,0.893237821639294,0.0,44.0,0.0,0.0,200.0,0.0,0.0,0.0,271.9683359609917,44.0,34.55222404708212
edge,3019,balanced_affinity,0.9999729414439412,4.246095953656776,1.6792911543200397,0.3262393792788333,8.0,1.0913903627090495,162.90287976898637,0.4716131135585445,0.9185070937144357,0.903793096746209,140.99652634031372,0.31491268751842844,0.31491268751842844,2.9098519809200614,0.5058438247700208,10.850428893322322,2.6487381250517092,0.2956594086948351,0.2956594086948351,0.8063144462194449,0.9999729414439412,0.0,86.0,0.0,0.0,200.0,0.0,0.0,0.0,28199.305268062744,86.0,57.5693269607592
edge,3019,dynamic_leiden,0.9804976237035731,19.908648265542368,6.152434558039017,235.13609238897862,8.0,91.99577320032394,250.29927325009015,2.1161811063065317,0.7689815387252631,0.7272698721062133,8.11510822546552,1.1306927964744624,1.1306927964744624,10.013213859282557,0.5110927416994139,72.7290690825014,19.717267227610662,1.06054626412671,1.06054626412671,0.33663438882895247,0.9804976237035731,0.0,0.0,14.0,0.0,200.0,2150.0,1008.0,1008.0,1623.0216450931039,71.0,52.019204246213846
edge,3019,domain_heuristic,0.9997999696746446,4.530619458466196,1.9330480691135992,2.4117240047231547,8.0,1.1867578595950823,162.90287976898637,0.5014880815635336,0.9215761238090042,0.9074162572745189,152.7303058047255,0.3505022792165753,0.3505022792165753,3.0362843034769464,0.5065926557323149,10.956627852952117,2.6676205482860893,0.33789303976889007,0.33789303976889007,0.7796699701661213,0.9997999696746446,0.0,88.0,0.0,0.0,200.0,40292.0,0.0,0.0,30546.0611609451,88.0,62.02591653177433
edge,3019,c_kam,1.0000000000000002,3.508276061966346,1.3284661128809092,0.0,3.0,1.0580944581153868,162.64234818118138,0.39414202493104933,0.4264512772355472,0.32289386895863215,18.986452094104607,0.17193165308194946,0.17193165308194946,2.174172333742817,0.7841871015562896,7.736316377889453,1.8274361609914802,0.1866609326014304,0.1866609326014304,0.8431510755705537,1.0000000000000002,12.0,17.0,0.0,7.0,200.0,12112.0,6304.0,6027.0,3797.2904188209213,17.0,21.09037032137257
edge,3019,d_kam,0.9999999999999999,4.362863507642789,1.574536069183247,0.0,2.0,1.1464750362844898,176.0732498317264,0.48387370672707575,0.42478584192323154,0.3209277300482594,10.836037937988294,0.21681905179676808,0.21681905179676808,2.428291913641524,0.8563039187615766,9.230093208536616,2.2132062945906723,0.21603756306265132,0.21603756306265132,0.8173137301588081,0.9999999999999999,6.0,2.0,0.0,0.0,200.0,6921.0,6241.0,6241.0,2167.207587597659,2.0,5.260132671485901
edge,3020,static,0.851690546312968,129.96749221441559,8.4289566529554,2274.548269432069,8.0,8939.991090688067,2274.548269432069,13.671177893474278,0.9400986384183463,0.9292831147994369,0.0,1.543716613176586,1.543716613176586,61.5192546872047,0.5324262116846838,3347.282944415711,933.5480136627052,1.5364406957239254,1.5364406957239254,0.0975562136068645,0.851690546312968,0.0,0.0,0.0,0.0,200.0,0.0,0.0,0.0,0.0,0.0,0.0
edge,3020,greedy_load,0.9998584305419391,6.489405610282814,2.180189374006478,2.1711803113902364,8.0,1.131714987349308,256.97691513099016,0.7059788000403355,0.9240386737676993,0.9103234343090896,134.48856686707586,0.3515112815737006,0.3515112815737006,3.2991814691679995,0.5094402757652765,18.254867126799603,4.703336950355489,0.34436811330969236,0.34436811330969236,0.7536767778965011,0.9998584305419391,0.0,90.0,0.0,0.0,200.0,0.0,0.0,0.0,26897.713373415172,90.0,74.12877781724148
edge,3020,affinity_greedy,0.834180173409876,136.1888471385145,8.43487684498406,2543.0961427718703,8.0,7895.483791193813,2543.0961427718703,14.324420160504662,0.8205449664098394,0.7881433631227271,1.5051491295162123,1.4041713271844987,1.4041713271844987,61.73522780698948,0.5509023998364525,2944.292888198781,821.1208455256615,1.3930201041883579,1.3930201041883579,0.09693459344385516,0.834180173409876,0.0,30.0,0.0,0.0,200.0,0.0,0.0,0.0,301.02982590324245,30.0,25.270890011181383
edge,3020,balanced_affinity,0.9997177971391354,6.519191937291107,2.201286229636546,4.328004809203233,8.0,1.173722576478267,256.97691513099016,0.7091063643762066,0.9153439240740869,0.9000587992541302,157.47956400853582,0.3566183503299854,0.3566183503299854,3.3142372015040746,0.5090358907115513,18.28255340464864,4.711695560770154,0.34755305602690956,0.34755305602690956,0.7514616080553442,0.9997177971391354,0.0,88.0,0.0,0.0,200.0,0.0,0.0,0.0,31495.912801707163,88.0,61.19251512363487
edge,3020,dynamic_leiden,0.9987292746548986,14.785570636139886,4.824247742142104,19.48848210798327,8.0,2.342905754304404,321.82512365274306,1.5770761277553276,0.7800093484145235,0.7402888141004792,14.061493129556766,0.7135723753150347,0.7135723753150347,5.143756561326212,0.5169543100757332,31.3193424058002,8.271577791989085,0.611060499984939,0.611060499984939,0.47605064924226054,0.9987292746548986,0.0,0.0,18.0,0.0,200.0,3605.0,1296.0,1296.0,2812.298625911353,109.0,91.1698406905392
edge,3020,domain_heuristic,0.999791160486407,6.788109962039384,2.4265721996822416,3.2028676690803852,8.0,1.1611069621774002,256.97691513099016,0.7373427569747752,0.9285208538367882,0.9156148968906527,159.2787599489384,0.3852608393487496,0.3852608393487496,3.402645391364628,0.510051472180786,18.388404863597906,4.730757237163893,0.37624680575443314,0.37624680575443314,0.7278065812005462,0.999791160486407,0.0,88.0,0.0,0.0,200.0,40285.0,0.0,0.0,31855.751989787677,88.0,63.84675034026081
edge,3020,c_kam,0.9994294693279974,4.830265104846665,1.5896188230867045,8.749944932044208,4.0,1.0871417435139887,250.72692441572366,0.5317690469695399,0.5424523148067254,0.4598395383134952,28.581312574533513,0.18868398414604773,0.18868398414604773,2.2947276561199126,0.6846447678085112,11.255079174154979,2.8124541798551985,0.20417067533673897,0.20417067533673897,0.8156866857430777,0.9994294693279974,10.0,34.0,0.0,6.0,200.0,17835.0,6395.0,6111.0,5716.262514906703,34.0,30.083647384664676
edge,3020,d_kam,0.999727191592281,6.876055701580715,2.060425915680286,4.183926757457275,2.0,1.2355342768577557,319.5849465330432,0.7465770596266151,0.4602044429233292,0.3627413562289303,10.913508164230734,0.2503559898611796,0.2503559898611796,2.783927064962197,0.8523633139508222,15.705031901602661,4.006309358111519,0.2535879991519065,0.2535879991519065,0.7662519410207514,0.999727191592281,6.0,4.0,0.0,0.0,200.0,7106.0,6274.0,6274.0,2182.701632846147,4.0,7.2119478188949255
edge,3021,static,0.8335193999669338,144.61981972074693,8.449399449725744,1810.0532751032345,8.0,10903.001601101309,1810.0532751032345,15.213483037894209,0.9123639093550366,0.8965407263219182,0.0,1.1901493889143888,1.1901493889143888,55.484350402684576,0.5344777590972544,2915.419283256569,813.1108187344103,1.1723962807340549,1.1723962807340549,0.09431501410950403,0.8335193999669338,0.0,0.0,0.0,0.0,200.0,0.0,0.0,0.0,0.0,0.0,0.0
edge,3021,greedy_load,0.9998203980662012,6.300679041156723,2.060246237347369,1.9527144209135285,8.0,1.1286577643574822,190.65213580798903,0.6899732665372396,0.9129338040334822,0.8972135186506388,126.90267675512587,0.2908822324081607,0.2908822324081607,2.804757862073068,0.5062593553100202,14.550211042997367,3.687895080332031,0.28378855177471096,0.28378855177471096,0.7651761014092334,0.9998203980662012,0.0,90.0,0.0,0.0,200.0,0.0,0.0,0.0,25380.535351025173,90.0,74.50452524485446
edge,3021,affinity_greedy,0.8905663593575041,98.6532520413758,8.279621348779513,1189.8126244864359,8.0,5804.924554779601,1189.8126244864359,10.38699343156024,0.7859671613960293,0.747322343314757,1.2768319649330806,1.3740439545516943,1.3740439545516943,50.69849289574911,0.5273629670988457,1612.8856144354243,449.524557848165,1.3149396923153889,1.3149396923153889,0.11214171470885834,0.8905663593575041,0.0,47.0,0.0,0.0,200.0,0.0,0.0,0.0,255.36639298661612,47.0,41.43835793372976
edge,3021,balanced_affinity,0.9998186042275755,6.304465259265237,2.063398162584141,1.9722178554161045,8.0,1.1221042913111865,190.65213580798903,0.6903708194386337,0.9103006545923145,0.8941049394492602,122.54249450590578,0.29334738664374654,0.29334738664374654,2.8156023853682104,0.5063142887812807,14.55052352293783,3.6890133179969986,0.28819077804911397,0.28819077804911397,0.7648451492593723,0.9998186042275755,0.0,79.0,0.0,0.0,200.0,0.0,0.0,0.0,24508.498901181156,79.0,50.930992743184625
edge,3021,dynamic_leiden,0.9954759025641656,15.179777439797146,5.290084942408182,49.188057821694144,8.0,17.86167933674081,209.1023084758101,1.6222785983944836,0.7782290104442586,0.7381870262189163,10.386056929564802,0.7262674198480031,0.7262674198480031,5.812174941063521,0.5084575893398119,28.424728737309696,7.462365347259224,0.6867443619600485,0.6867443619600485,0.4260430373778481,0.9954759025641656,0.0,0.0,20.0,0.0,200.0,3224.0,1440.0,1440.0,2077.2113859129604,109.0,87.27688407563093
edge,3021,domain_heuristic,0.9993251833689087,6.328392597127449,2.146615312523295,7.336915249928245,8.0,1.3290620542687817,190.65213580798903,0.6928831899141658,0.9227426121845821,0.9087933616067982,133.3807669513044,0.3035781587316912,0.3035781587316912,2.830510323001304,0.5061553432057012,14.47068513869909,3.6616170823413454,0.2990422542335651,0.2990422542335651,0.7561073485157611,0.9993251833689087,0.0,83.0,0.0,0.0,200.0,40264.0,0.0,0.0,26676.15339026088,83.0,55.907514505884215
edge,3021,c_kam,0.9999506689517156,3.9410827175119656,1.310988065000855,0.5363497338093122,2.0,1.0052072921329898,175.44946167823207,0.44221565255454004,0.4308594558916555,0.3280979687609822,12.410216125572333,0.12268419331600569,0.12268419331600569,1.85428871202544,0.7714602523108246,7.116311122458683,1.6710123363824159,0.12426577083375161,0.12426577083375161,0.8438482095056173,0.9999506689517156,9.0,14.0,0.0,3.0,200.0,9648.0,6496.0,5989.0,2482.0432251144666,14.0,16.36434303683051
edge,3021,d_kam,0.999856837314303,4.673496567941075,1.5221571254371353,1.556530238762649,2.0,1.176051103742132,183.3683941185961,0.5191191068495965,0.47144379552950794,0.37601003638900243,10.861290720058605,0.18529249746937126,0.18529249746937126,2.2067696613605934,0.8352992627386879,9.450386001225432,2.2813981864639543,0.18958624807230656,0.18958624807230656,0.8216754581598079,0.999856837314303,6.0,7.0,0.0,0.0,200.0,8497.0,6311.0,6311.0,2172.258144011721,7.0,9.482884526761044
edge,3022,static,0.8499840477359196,124.04014214799079,8.336158827316003,1671.813541119085,8.0,7008.948837706083,1671.813541119085,13.054162155930191,0.925991410632292,0.9126287486631225,0.0,1.2122175696051234,1.2122175696051234,50.28022678788036,0.5229737077487462,2349.43509255336,655.1304249228655,1.2222178489594824,1.2222178489594824,0.10545816097996626,0.8499840477359196,0.0,0.0,0.0,0.0,200.0,0.0,0.0,0.0,0.0,0.0,0.0
edge,3022,greedy_load,0.9997333893110322,5.249390740018944,2.0118429077705975,2.9711730872403646,8.0,1.1378138210439344,160.76009124108128,0.5811332580931445,0.9149897502502031,0.899640677378712,126.95746546116425,0.29350057336626006,0.29350057336626006,2.7939239910945997,0.5060898786737107,10.201836584278968,2.473534495669854,0.2924064256145131,0.2924064256145131,0.7695113325322338,0.9997333893110322,0.0,90.0,0.0,0.0,200.0,0.0,0.0,0.0,25391.49309223285,90.0,68.17415662348294
edge,3022,affinity_greedy,0.8746591308842325,98.5237405690622,8.197993573852392,1396.82853110514,8.0,4998.8799514327775,1396.82853110514,10.374939990142684,0.7988610607039862,0.7625443077755394,1.2251630115497392,1.3812958695910305,1.3812958695910305,45.711990579390694,0.5248804207446309,1698.4409947904817,473.4009504712309,1.3814310750721688,1.3814310750721688,0.11996551259364559,0.8746591308842325,0.0,34.0,0.0,0.0,200.0,0.0,0.0,0.0,245.03260230994783,34.0,25.280391979963802
edge,3022,balanced_affinity,0.9997460430253347,5.20668377138958,1.9771884212325965,2.830157077965108,8.0,1.1575893348011737,160.76009124108128,0.5766490263870613,0.9059862210014473,0.8890115109044865,126.90443088387838,0.29435303860723594,0.29435303860723594,2.7745967745149973,0.5058222906992884,10.18533939403088,2.4708244262433166,0.28761092812885,0.28761092812885,0.7731500536187238,0.9997460430253347,0.0,88.0,0.0,0.0,200.0,0.0,0.0,0.0,25380.886176775675,88.0,57.37349586039767
edge,3022,dynamic_leiden,0.9893817465969833,10.791693371162266,4.699449822339386,118.33234768891066,8.0,55.768682607526394,187.1738091604531,1.1630750343631933,0.7855303102370297,0.7468066162520489,11.285378419561312,0.7703125330323521,0.7703125330323521,5.543368112580147,0.5084637560784203,18.647381227567262,4.719376663313299,0.6905743703108027,0.6905743703108027,0.487312606502511,0.9893817465969833,0.0,0.0,22.0,0.0,200.0,3389.0,1584.0,1584.0,2257.0756839122623,119.0,90.36081134670216
edge,3022,domain_heuristic,0.9995164763280356,5.423759365788658,2.154149915941979,5.388503089447189,8.0,1.2749081521172578,160.76009124108128,0.5994419637989643,0.9194649586423523,0.9049239095083326,136.41948909353232,0.3209805900627679,0.3209805900627679,2.8748546743879775,0.5057087871572443,10.3074839173335,2.495265404181285,0.31739823604784606,0.31739823604784606,0.7545690966742389,0.9995164763280356,0.0,87.0,0.0,0.0,200.0,40292.0,0.0,0.0,27283.897818706464,87.0,59.014649698828435
edge,3022,c_kam,0.9997657990230221,3.3590025657822804,1.2513700113062909,2.6099915292027807,6.0,1.054507163083491,157.0176892956411,0.38264249979829473,0.5052349599978186,0.4159023833307581,22.626687250449322,0.13529077182838356,0.13529077182838356,1.9174252572500599,0.7151422211947317,5.738372265593897,1.285344132850467,0.14626774984398402,0.14626774984398402,0.849360986660986,0.9997657990230221,8.0,28.0,0.0,6.0,200.0,16262.0,6787.0,6091.0,4525.337450089864,28.0,23.605808748323252
edge,3022,d_kam,0.9999390640597517,3.6903621238127777,1.382093285559443,0.6790846474027721,2.0,1.1406259306112216,161.0573561627013,0.417435253391497,0.42307815980908003,0.3189117164412751,10.37060692688101,0.1743314486850533,0.1743314486850533,1.9886912272566082,0.8442257802563492,6.325255328511372,1.4178699347194286,0.17111241973107816,0.17111241973107816,0.8356350428644052,0.9999390640597517,6.0,2.0,0.0,0.0,200.0,7582.0,6251.0,6251.0,2074.121385376202,2.0,4.374890569428027
edge,3023,static,0.8330000363563284,150.9402840864365,8.521222255773512,1806.147922886267,8.0,20732.192364380346,1806.147922886267,15.886852425290368,0.932173798646871,0.919927401180334,0.0,1.9145565547973769,1.9145565547973769,107.6755181777555,0.5177204871222362,6304.010063866769,1758.7188157974745,1.845871013652876,1.845871013652876,0.08289306260251954,0.8330000363563284,0.0,0.0,0.0,0.0,200.0,0.0,0.0,0.0,0.0,0.0,0.0
edge,3023,greedy_load,0.9992250590627163,7.234221719882842,2.184703743017999,8.381187239174821,8.0,1.2495595270531137,218.24647024575708,0.7977158768022333,0.9041697615613461,0.8868670796210337,124.15960208469187,0.3458398009547822,0.3458398009547822,3.784653175468118,0.5063662283513151,22.90616516234736,6.006142006963111,0.3311712343778588,0.3311712343778588,0.7482275064418482,0.9992250590627163,0.0,90.0,0.0,0.0,200.0,0.0,0.0,0.0,24831.920416938374,90.0,80.1191544930298
edge,3023,affinity_greedy,0.8279324538200593,143.01877509558966,8.483423306949486,1860.95514243432,8.0,20672.540854106268,1860.95514243432,15.055093981251451,0.7847637269851273,0.7459016221352198,1.1608881611027755,1.9645519467115855,1.9645519467115855,107.93140728660596,0.5431335197016203,6152.2697318379705,1716.369235672162,1.951134949869897,1.951134949869897,0.08686195222904201,0.8279324538200593,0.0,29.0,0.0,0.0,200.0,0.0,0.0,0.0,232.1776322205551,29.0,21.070446984953566
edge,3023,balanced_affinity,0.9994572136946961,7.304117164559971,2.253494198170541,5.870374678557475,8.0,1.1993521123235358,218.24647024575708,0.8050548984933321,0.9041924401822591,0.8868938529929448,124.67998837295454,0.35558137333677114,0.35558137333677114,3.813951433510511,0.5054470159957914,22.93797652394959,6.013856512466679,0.3438702074782219,0.3438702074782219,0.7410045086508313,0.9994572136946961,0.0,84.0,0.0,0.0,200.0,0.0,0.0,0.0,24935.997674590908,84.0,54.76585301164404
edge,3023,dynamic_leiden,0.9945605034124432,9.719569470803176,3.82909102394057,58.829566478976034,8.0,14.610388908804206,242.76751575298485,1.0586773906488682,0.7425677850952161,0.6960869685151857,8.344485836278182,0.7009934425706654,0.7009934425706654,4.83876160095261,0.5124160894382992,23.22085111591061,6.02165215883247,0.5831684218366899,0.5831684218366899,0.5755668419449783,0.9945605034124432,0.0,0.0,18.0,0.0,200.0,2525.0,1296.0,1296.0,1668.8971672556363,94.0,79.23544153140702
edge,3023,domain_heuristic,0.9989126781272031,7.4137644554317905,2.3528120777008494,11.759668081420692,8.0,1.5456560563514272,218.24647024575708,0.8165678640348727,0.9050330457835636,0.887886234605596,134.20331121058553,0.37418731583317194,0.37418731583317194,3.861747036774992,0.5052135697391881,22.979503848253025,6.020108767659387,0.36025846466088246,0.36025846466088246,0.730576131300149,0.9989126781272031,0.0,80.0,0.0,0.0,200.0,40320.0,0.0,0.0,26840.662242117105,80.0,57.0508538294402
edge,3023,c_kam,0.9993444729456018,5.803226612117198,1.7308051143116088,7.089695122465331,3.0,1.0778692752233052,219.1619094001543,0.6474613904868408,0.4139594649450894,0.30814659056017496,14.884289869805798,0.19086897130528352,0.19086897130528352,2.68689901190791,0.7970742411310229,14.718582010196656,3.7694860361009233,0.21068892720700083,0.21068892720700083,0.7958868624560194,0.9993444729456018,9.0,29.0,0.0,4.0,200.0,11434.0,6706.0,6017.0,2976.8579739611596,29.0,23.17258286592874
edge,3023,d_kam,0.9991504105646554,6.25016842015357,1.862100627254679,9.188530107877185,2.0,1.3488127901236995,218.24070172474677,0.6943902803306596,0.3940327406281676,0.284621985463809,9.11838679399807,0.28623772051907137,0.28623772051907137,2.9122949678083376,0.8744625514108983,15.809441840059817,4.030430233340786,0.27622916389685304,0.27622916389685304,0.782100833596997,0.9991504105646554,6.0,5.0,0.0,0.0,200.0,7076.0,6289.0,6289.0,1823.677358799614,5.0,6.137916191978692
edge,3024,static,0.8726263286975035,104.77303888102534,8.254590580581818,1513.1742417218418,8.0,7897.998597608284,1513.1742417218418,11.024555804652673,0.9365273306208084,0.9250669875384544,0.0,1.5677029641912008,1.5677029641912008,56.847200740098884,0.5217169503118652,2348.404342816395,654.7420939139115,1.5659069545461808,1.5659069545461808,0.11677671232170365,0.8726263286975035,0.0,0.0,0.0,0.0,200.0,0.0,0.0,0.0,0.0,0.0,0.0
edge,3024,greedy_load,0.999895918555259,4.672658935388084,1.884269039112445,1.2364671569385752,8.0,1.129944611657352,175.22637731693607,0.5140159103607638,0.9060384879557045,0.8890732149477069,126.08060266138637,0.31520160759358434,0.31520160759358434,2.8319679628853436,0.508918998994196,11.147750191522876,2.7321728039667623,0.3074466557168161,0.3074466557168161,0.7856604741759877,0.999895918555259,0.0,89.0,0.0,0.0,200.0,0.0,0.0,0.0,25216.120532277273,89.0,73.85729831865892
edge,3024,affinity_greedy,0.8491672223467152,114.66041646499599,8.282492159603024,1791.8638256902905,8.0,7106.572624558481,1791.8638256902905,12.062730450969593,0.7917680410521954,0.754170604019953,1.2137520684336778,1.3985509844886963,1.3985509844886963,57.152506841374816,0.5401226796314673,2121.202734823008,591.3926368127768,1.3835465679536372,1.3835465679536372,0.1138470465244768,0.8491672223467152,0.0,38.0,0.0,0.0,200.0,0.0,0.0,0.0,242.75041368673556,38.0,29.585419649428896
edge,3024,balanced_affinity,0.9999465834779253,4.502415251894347,1.7447976451028702,0.6345778092071246,8.0,1.075677812129575,175.22637731693607,0.49614032359392135,0.8906132769813553,0.8708628964363221,127.0761449886777,0.298214088412257,0.298214088412257,2.776737455125042,0.5106688544961595,11.072482050583998,2.718822164484759,0.28901740820905336,0.28901740820905336,0.800304970546993,0.9999465834779253,0.0,83.0,0.0,0.0,200.0,0.0,0.0,0.0,25415.22899773554,83.0,55.66693816979432
edge,3024,dynamic_leiden,0.9981988149454324,9.340148110590018,4.188593534483523,21.39772530128384,8.0,3.1375516154613328,192.17610072802023,1.0041022737569667,0.8060384259944903,0.7710175862434955,10.792575149680488,0.670450354415255,0.670450354415255,4.7565638985113745,0.5163105012647194,16.577217291282537,4.16426803076857,0.6592550996585541,0.6592550996585541,0.5437064021620245,0.9981988149454324,0.0,0.0,21.0,0.0,200.0,3213.0,1512.0,1512.0,2158.5150299360976,106.0,80.61185685350551
edge,3024,domain_heuristic,0.9997283303378531,4.812792019032482,2.009191886141077,3.227382321759073,8.0,1.218173498067806,173.4092392479456,0.5287298841434254,0.9235569138858929,0.9097546900041793,137.45693259930704,0.3391642417854463,0.3391642417854463,2.9019022304428224,0.5105011225088009,11.22574517768552,2.7446516140157065,0.32955306978089943,0.32955306978089943,0.7725435752379812,0.9997283303378531,0.0,88.0,0.0,0.0,200.0,40292.0,0.0,0.0,27491.386519861408,88.0,59.11390004895118
edge,3024,c_kam,0.999933268968821,4.078773127903293,1.4598449112878835,0.7927515668678533,4.0,1.0241148774862867,174.8298600460792,0.45165790057486055,0.5712262962586678,0.49380882197203846,33.77136846422218,0.17625551819110968,0.17625551819110968,2.1948158165856153,0.6641659501401754,8.477241686125737,2.04118740160758,0.19760349703521285,0.19760349703521285,0.8302250075975667,0.999933268968821,11.0,30.0,0.0,7.0,200.0,20112.0,6405.0,6145.0,6754.273692844436,30.0,25.036043562557193
edge,3024,d_kam,1.000000000000001,5.413190056788291,1.832320112920898,0.0,2.0,1.1793384153561672,197.21744845277198,0.5917716781077852,0.39629328677263104,0.28729068577324496,12.333207545452751,0.26403419408106643,0.26403419408106643,2.6618342604839915,0.8576103164199625,11.481260411982454,2.8327281551541024,0.26673914688663236,0.26673914688663236,0.7911151114261,1.000000000000001,6.0,7.0,0.0,0.0,200.0,7673.0,6313.0,6313.0,2466.6415090905502,7.0,8.04184392929201
edge,3025,static,0.855378067134279,128.91076548949817,8.429582311032314,1813.016100978117,8.0,6500.450134355066,1813.016100978117,13.56958560848471,0.9241058589244483,0.9104027501191405,0.0,1.3639636729208189,1.3639636729208189,57.91079345829975,0.5236180457328883,2519.5883136195534,702.580647544646,1.3829972387658,1.3829972387658,0.09462700463685814,0.855378067134279,0.0,0.0,0.0,0.0,200.0,0.0,0.0,0.0,0.0,0.0,0.0
edge,3025,greedy_load,0.999960783956511,6.719181020550221,2.100701633472938,0.4916219611577617,8.0,1.1262106268684864,215.4694482366222,0.7394692392451729,0.8947436326464284,0.8757390107631449,146.57965630380204,0.3253139696285408,0.3253139696285408,3.6303692499612685,0.5075359054339537,20.613117600443093,5.374015521763254,0.3164345687002143,0.3164345687002143,0.7591594757805928,0.999960783956511,0.0,90.0,0.0,0.0,200.0,0.0,0.0,0.0,29315.931260760408,90.0,67.60001777312326
edge,3025,affinity_greedy,0.8584063232872541,115.33336920148051,8.347571596449331,1775.0531374466589,8.0,6012.531713482979,1775.0531374466589,12.143958998242857,0.7850411774588113,0.746229167833319,1.5209502796642482,1.5560871682004893,1.5560871682004893,58.19735465385795,0.5373238995631462,2236.970425983569,623.6631612715785,1.4963608764707386,1.4963608764707386,0.10323812966807164,0.8584063232872541,0.0,39.0,0.0,0.0,200.0,0.0,0.0,0.0,304.19005593284965,39.0,31.598956601560616
edge,3025,balanced_affinity,0.9999582474763649,6.720725271403787,2.1028653748463846,0.5234198997776255,8.0,1.1310025128491685,215.4694482366222,0.7396313855847977,0.890684078402555,0.8709464814474606,137.19437544365064,0.3300730643423584,0.3300730643423584,3.6391997863510652,0.5065938145140754,20.61354314288849,5.37430358984123,0.3195950201809514,0.3195950201809514,0.7589322829363809,0.9999582474763649,0.0,84.0,0.0,0.0,200.0,0.0,0.0,0.0,27438.87508873013,84.0,55.78716083071888
edge,3025,dynamic_leiden,0.9941914939867463,11.160864402843018,4.2529894792758665,72.81685921342755,8.0,23.95460810200977,249.18900946100655,1.2058459943859168,0.7674117581023652,0.7254166588708476,8.960574706579791,0.7150151222937546,0.7150151222937546,5.3337085938560245,0.5087973054735937,26.22655005254326,6.85370950797487,0.6500613249017023,0.6500613249017023,0.5331692519712854,0.9941914939867463,0.0,0.0,22.0,0.0,200.0,2554.0,1584.0,1584.0,1792.1149413159583,107.0,80.86348684177368
edge,3025,domain_heuristic,0.9999547880561607,6.8345355139231705,2.2112841861322075,0.5667880418492788,8.0,1.1452103730800536,215.4694482366222,0.7515814610493328,0.9025236452084155,0.8849237478154905,140.7679036348418,0.3486071142111959,0.3486071142111959,3.706843484821586,0.507081901878824,20.668119777089508,5.382229729480939,0.3425481914349677,0.3425481914349677,0.7475483077513695,0.9999547880561607,0.0,89.0,0.0,0.0,200.0,40320.0,0.0,0.0,28153.580726968357,89.0,56.86662516928696
edge,3025,c_kam,0.9999999999999999,6.848746097500078,1.9722305031975567,0.0,2.0,1.013644470862205,237.32905558606217,0.7530735723249079,0.4357819919450847,0.3339092960462806,11.47441162422183,0.1768156968970517,0.1768156968970517,2.761011050386517,0.7892448413393134,16.021265672466985,4.135917619545616,0.17661251028624,0.17661251028624,0.7726489444595077,0.9999999999999999,7.0,23.0,0.0,1.0,200.0,8260.0,6385.0,5968.0,2294.882324844366,23.0,18.218828137446145
edge,3025,d_kam,0.9999999999999999,6.929408430609287,2.136841436479771,0.0,2.0,1.0697799020256147,237.32905558606217,0.7615431173013748,0.388634933707592,0.27824957451590726,9.336720395367593,0.263400185850433,0.263400185850433,3.007649547858692,0.8643738617004092,16.13951724065208,4.132600875881657,0.25512169370982796,0.25512169370982796,0.7553647964648753,0.9999999999999999,6.0,4.0,0.0,0.0,200.0,6862.0,6265.0,6265.0,1867.3440790735185,4.0,5.567721033338728
edge,3026,static,0.8937613352454749,93.20714041157342,8.139748173275198,1304.8153689355327,8.0,3225.7031798426897,1304.8153689355327,9.805296605072023,0.9129160844167816,0.8971925996587004,0.0,0.9471451282211731,0.9471451282211731,25.195992827149457,0.5434904045895975,915.3955694245765,254.93805969086353,0.960280249116613,0.960280249116613,0.13112640248774887,0.8937613352454749,0.0,0.0,0.0,0.0,200.0,0.0,0.0,0.0,0.0,0.0,0.0
edge,3026,greedy_load,0.9996191073480891,3.450515380302419,1.6308668978829564,4.67809518574224,8.0,1.2126876111002698,149.46248462014105,0.3808509767885683,0.9120035048254018,0.8961152487522106,126.64639394075493,0.2588162164850692,0.2588162164850692,2.18317003930044,0.5160477828909845,5.749000693909697,1.2383580633370854,0.2579600200940649,0.2579600200940649,0.8145589364039343,0.9996191073480891,0.0,90.0,0.0,0.0,200.0,0.0,0.0,0.0,25329.278788150987,90.0,66.73552402063427
edge,3026,affinity_greedy,0.897432915651324,92.15704743420785,8.14383015673475,1259.7212918130062,8.0,2608.4797066990477,1259.7212918130062,9.695036842448639,0.8143982457828255,0.7808868179380581,1.168503005465027,0.8826142177446553,0.8826142177446553,24.845876759821703,0.5436827541145297,776.2527529764209,216.1352819155923,0.881573185834509,0.881573185834509,0.13069779422449582,0.897432915651324,0.0,25.0,0.0,0.0,200.0,0.0,0.0,0.0,233.7006010930054,25.0,19.399771793585295
edge,3026,balanced_affinity,0.999599031344937,3.50988371213794,1.678902004312401,4.924667161411376,8.0,1.1621761192828535,149.46248462014105,0.38708465163129785,0.8992233548345004,0.8810275716796185,126.22884972079191,0.2625737556298602,0.2625737556298602,2.193870995921421,0.5168441716828951,5.757890700106833,1.2423764899742655,0.2618008196251005,0.2618008196251005,0.8095152502288425,0.999599031344937,0.0,82.0,0.0,0.0,200.0,0.0,0.0,0.0,25245.769944158383,82.0,53.269685615593325
edge,3026,dynamic_leiden,0.9904456466746171,15.77447567635456,5.888648888742417,117.34585603090777,8.0,22.608528013279738,163.80851145277444,1.6748668078740432,0.7672591598934357,0.7252365082075284,9.054143568646396,0.7819846346160191,0.7819846346160191,6.4170452489799334,0.5177695442399224,26.571947839267786,6.929618225818119,0.7685853248619614,0.7685853248619614,0.3674918273636909,0.9904456466746171,0.0,0.0,18.0,0.0,200.0,2751.0,1296.0,1296.0,1810.8287137292791,90.0,67.11037755280344
edge,3026,domain_heuristic,0.9993356242941087,3.609036082733906,1.7711713670336788,8.159812943795506,8.0,1.275385384712848,149.46248462014105,0.39749565054387437,0.9140128274688212,0.8984873657618028,135.98314384071273,0.2806647795810221,0.2806647795810221,2.2564775686923055,0.5156652244318758,5.818049474797501,1.2517582261996496,0.2821384069098816,0.2821384069098816,0.7998269671431083,0.9993356242941087,0.0,86.0,0.0,0.0,200.0,40285.0,0.0,0.0,27196.628768142546,86.0,58.09612059841953
edge,3026,c_kam,0.9998054519820573,2.6434912260852013,1.1518813562416266,2.389424268408024,2.0,1.0424162487667599,149.46248462014105,0.2961134405957603,0.47626428989616293,0.3817008977940813,16.05727578571532,0.13127767706633603,0.13127767706633603,1.6886451926847468,0.7529740830403189,4.357352407927041,0.8955421685583117,0.14788930895401564,0.14788930895401564,0.8648524182762738,0.9998054519820573,7.0,35.0,0.0,1.0,200.0,11951.0,6810.0,6023.0,3211.455157143064,35.0,26.15083943468584
edge,3026,d_kam,0.9992386332188178,2.6519077283526755,1.1759489467084765,9.35105010759553,2.0,1.3209554538450394,149.46248462014105,0.29699717333384507,0.3990287521291465,0.2905200545969091,9.366789366322337,0.18850276492111775,0.18850276492111775,1.800019031815296,0.8643737011017157,4.562968389854612,0.9204893132765689,0.19609027125527667,0.19609027125527667,0.8623253212772548,0.9992386332188178,6.0,3.0,0.0,0.0,200.0,7201.0,6250.0,6250.0,1873.3578732644673,3.0,5.977957479888141
edge,3027,static,0.803356954946288,169.62947111947724,8.567594413143214,2062.3392173691796,8.0,14628.703153192797,2062.3392173691796,17.84935647931934,0.9360736282333585,0.9245313666643815,0.0,1.2394098707452579,1.2394098707452579,74.40469737754421,0.5238517460434411,4319.2104392801375,1204.9161806867469,1.2679354759900319,1.2679354759900319,0.07793544311933648,0.803356954946288,0.0,0.0,0.0,0.0,200.0,0.0,0.0,0.0,0.0,0.0,0.0
edge,3027,greedy_load,0.9997855222608035,9.002722805330055,2.545316837043483,2.24938467911868,8.0,1.1347980470721724,234.80371403009678,0.983547906333884,0.897964212098846,0.8795410837278043,123.43495917026303,0.3239898154590904,0.3239898154590904,3.6504741154020253,0.5089304978545202,22.944073440149282,6.0236821035624875,0.320640451255536,0.320640451255536,0.7102745886098082,0.9997855222608035,0.0,90.0,0.0,0.0,200.0,0.0,0.0,0.0,24686.991834052606,90.0,70.22531612023785
edge,3027,affinity_greedy,0.8750901643997615,103.5191185337347,8.33502547864094,1310.0206647183704,8.0,7858.381352733901,1310.0206647183704,10.907769457816372,0.7539566577368265,0.7095321653837536,1.3808987897937186,1.5902717615173598,1.5902717615173598,68.24573499093793,0.5449185216053636,2284.933240719346,637.0438121871371,1.5753088869852505,1.5753088869852505,0.10235518124207502,0.8750901643997615,0.0,64.0,0.0,0.0,200.0,0.0,0.0,0.0,276.1797579587437,64.0,45.934715607308625
edge,3027,balanced_affinity,0.9991907627241873,9.02305311734394,2.5707462766141242,8.487062278803482,8.0,1.4114707460989013,234.80371403009678,0.9856825890953422,0.9027020962834774,0.8851344192235497,124.4002239323163,0.3321581509693837,0.3321581509693837,3.6703778226671613,0.5091951078315872,22.945403576433982,6.021715000103594,0.3283578722208464,0.3283578722208464,0.707604497454891,0.9991907627241873,0.0,85.0,0.0,0.0,200.0,0.0,0.0,0.0,24880.04478646326,85.0,56.163350158821196
edge,3027,dynamic_leiden,0.9730944350394394,34.46990978458392,7.273741671459063,282.1783082563687,8.0,436.0971889274281,308.1979571086813,3.6576025391555396,0.780107649115732,0.7404048635394059,12.273218394984724,1.0239446467982964,1.0239446467982964,12.38220677726948,0.5155818542468303,131.7062383347963,36.20533922822727,0.9869039856689862,0.9869039856689862,0.21378998099617236,0.9730944350394394,0.0,0.0,21.0,0.0,200.0,3711.0,1512.0,1512.0,2454.643678996945,107.0,85.46651650068168
edge,3027,domain_heuristic,0.9998100042194437,9.019055725079316,2.571366969899402,1.9926245002401302,8.0,1.083703862765403,234.80371403009678,0.9852628629075565,0.9044428071043016,0.8871894250536895,144.6973663152312,0.32806736354621024,0.32806736354621024,3.6680276471681963,0.5091445186569105,22.93512567357533,6.019710730410257,0.32758168129615944,0.32758168129615944,0.7075393246599367,0.9998100042194437,0.0,83.0,0.0,0.0,200.0,40299.0,0.0,0.0,28939.47326304624,83.0,56.25239960036123
edge,3027,c_kam,0.9998752017889814,6.067339791604751,1.84129299619514,1.30884997621745,3.0,0.960303236729674,212.98985267999998,0.6753326898927273,0.4884130447449941,0.39604317782395143,14.710906025138684,0.15934177863920074,0.15934177863920074,2.515988218206667,0.7415100937456627,12.138110334850067,3.0605597678626406,0.17475548136833477,0.17475548136833477,0.7841970918988842,0.9998752017889814,10.0,31.0,0.0,5.0,200.0,11657.0,6204.0,6019.0,2942.1812050277367,31.0,26.14890727522302
edge,3027,d_kam,0.9993206892528737,6.8690031662949025,2.029052851931165,7.12442789012839,2.0,1.2661181855918215,227.0577941936162,0.7595073442351931,0.38940243584730155,0.2791556534308421,8.84819588623941,0.22761410735421272,0.22761410735421272,2.7659013250100286,0.8776544293510422,14.237409806561226,3.6078145025997133,0.26517449037992635,0.26517449037992635,0.7644823070466016,0.9993206892528737,6.0,9.0,0.0,0.0,200.0,7218.0,6339.0,6339.0,1769.639177247882,9.0,10.003323659130876
edge,3028,static,0.8328130618622631,141.93983216645205,8.445758887632065,2022.022567426526,8.0,7379.554869989986,2022.022567426526,14.942321916684614,0.9374626185320524,0.9261711468781175,0.0,1.0359408804868329,1.0359408804868329,45.160188817696906,0.522167938143827,2205.169148077571,614.9110453845991,1.0290621623239644,1.0290621623239644,0.09131380830286384,0.8328130618622631,0.0,0.0,0.0,0.0,200.0,0.0,0.0,0.0,0.0,0.0,0.0
edge,3028,greedy_load,0.9997727873299269,5.184473246190024,1.9375387039227314,2.747996653379116,8.0,1.1823161721945536,192.1595173328538,0.5830092300571004,0.9169516680190541,0.9019568303002723,122.54876004444668,0.2821229838436448,0.2821229838436448,2.8031257362077957,0.5051284081394636,11.07612579027785,2.7208867224341033,0.281983229337695,0.281983229337695,0.7746769275923439,0.9997727873299269,0.0,90.0,0.0,0.0,200.0,0.0,0.0,0.0,24509.752008889336,90.0,67.68694110493804
edge,3028,affinity_greedy,0.8990982411741453,89.73832085094246,8.198158199405398,1220.3443385680025,8.0,3411.58091343367,1220.3443385680025,9.461163228556105,0.8110581044773183,0.7769435955635007,1.1793220849358477,1.3429427680628647,1.3429427680628647,40.07285527864301,0.5244122414930341,1175.094087397205,327.3354262055575,1.3000405191408155,1.3000405191408155,0.11731188056666385,0.8990982411741453,0.0,31.0,0.0,0.0,200.0,0.0,0.0,0.0,235.86441698716953,31.0,25.28414052470428
edge,3028,balanced_affinity,0.9999597473539086,5.221956403535027,1.9686176148971657,0.486830847560344,8.0,1.1123688748443457,192.1595173328538,0.5869449615783255,0.912957337118027,0.8972413007643374,122.50239157874603,0.29538477959202863,0.29538477959202863,2.815248218139483,0.5053671910024552,11.09095912453182,2.7225674326411466,0.28706704440849123,0.28706704440849123,0.7714136419400281,0.9999597473539086,0.0,86.0,0.0,0.0,200.0,0.0,0.0,0.0,24500.478315749206,86.0,54.520899524467936
edge,3028,dynamic_leiden,0.9955529004136824,12.460511939523888,4.702088376909907,53.784917788964805,8.0,9.799945791627222,232.03510448718038,1.3469932928571564,0.7772657677310381,0.7370498646824754,8.398010255623376,0.6075981408766463,0.6075981408766463,4.563211257075693,0.5093438231303533,19.716679853175773,5.065143469891081,0.552175240743299,0.552175240743299,0.48439921192869034,0.9955529004136824,0.0,0.0,22.0,0.0,200.0,2567.0,1584.0,1584.0,1679.6020511246752,96.0,70.80831118789976
edge,3028,domain_heuristic,0.9995521388511552,5.509784967740923,2.2271085599313962,5.416603474669811,8.0,1.2995130317938042,192.1595173328538,0.6171669608199448,0.9294203550031515,0.9166768079898318,132.933661784773,0.33279505570347623,0.33279505570347623,2.9719049029286033,0.5058083814943609,11.222505790743533,2.7458516441633556,0.33161697827211184,0.33161697827211184,0.744272092711434,0.9995521388511552,0.0,88.0,0.0,0.0,200.0,40320.0,0.0,0.0,26586.7323569546,88.0,59.21110987526666
edge,3028,c_kam,0.9999999999999997,3.6011519061030954,1.2949229142857481,0.0,2.0,1.0149536150862069,192.05953999041515,0.4167604893479728,0.439123456358665,0.33785408042342396,12.188876299187541,0.12697132842666012,0.12697132842666012,2.0164054046333977,0.777139040686728,7.052955389145045,1.6488944579378906,0.14527059324895195,0.14527059324895195,0.842151585504227,0.9999999999999997,8.0,28.0,0.0,2.0,200.0,9205.0,6414.0,5982.0,2437.775259837508,28.0,23.193881374933593
edge,3028,d_kam,0.9999999999999992,4.395771801443281,1.525057408810687,0.0,2.0,1.1427548335053774,205.4591338168703,0.5001955783586923,0.38488099009278626,0.2738178355262059,9.707970868912525,0.20519413506967016,0.20519413506967016,2.2639237944431074,0.8687359318778701,8.688614628057534,2.0685870155037205,0.21645367990964878,0.21645367990964878,0.8179874635791086,0.9999999999999992,6.0,6.0,0.0,0.0,200.0,7541.0,6296.0,6296.0,1941.594173782505,6.0,6.995876546423064
edge,3029,static,0.8480862542440608,129.38185012934784,8.372412537768072,1501.5699565175805,8.0,15587.876160527689,1501.5699565175805,13.614513846402097,0.9170785746833202,0.9021066506678088,0.0,1.7065908864293673,1.7065908864293673,98.30063476362993,0.5295604916367171,4387.68187831332,1223.8988497661758,1.7160251505467667,1.7160251505467667,0.10164931725154337,0.8480862542440608,0.0,0.0,0.0,0.0,200.0,0.0,0.0,0.0,0.0,0.0,0.0
edge,3029,greedy_load,0.999354504185064,5.729688492563041,2.1426469601685056,6.380312182701904,8.0,1.3417862479969256,146.80179849804563,0.6310368745396935,0.9030093095158199,0.8854971015117318,119.10606027347967,0.32927064087671487,0.32927064087671487,3.519173674659728,0.5085225996125105,13.794893410246777,3.4671709585200676,0.32583057729530546,0.32583057729530546,0.7557747028994979,0.999354504185064,0.0,90.0,0.0,0.0,200.0,0.0,0.0,0.0,23821.212054695934,90.0,74.62306984916034
edge,3029,affinity_greedy,0.8532140650504597,115.92572573905463,8.284920824595721,1450.884835093711,8.0,15808.298277417753,1450.884835093711,12.20162078542131,0.8007742629480714,0.7648029493136954,1.3039024846511893,1.887939243595842,1.887939243595842,98.79167457893352,0.5317951432981609,4310.9096161681655,1202.4382903421604,1.9275291487948107,1.9275291487948107,0.11083594713464011,0.8532140650504597,0.0,56.0,0.0,0.0,200.0,0.0,0.0,0.0,260.78049693023786,56.0,49.664311569542775
edge,3029,balanced_affinity,0.9998942886923138,5.687903785890403,2.092661758540907,1.0448884852247295,8.0,1.066986592544049,146.80179849804563,0.6266494803390664,0.8842250103925632,0.863321192824554,118.26665501008392,0.318743106004817,0.318743106004817,3.483959858801877,0.5089160453798016,13.765698009773944,3.4660879969264524,0.31563341963806196,0.31563341963806196,0.7610231490703956,0.9998942886923138,0.0,81.0,0.0,0.0,200.0,0.0,0.0,0.0,23653.331002016785,81.0,55.611016712447174
edge,3029,dynamic_leiden,0.9959676399823807,9.657879534745009,3.9569410611119045,39.85729287492387,8.0,6.103224284012847,179.32784053900986,1.0434969339688,0.7686887908058487,0.7269242669235715,13.295206054899609,0.5772146778308462,0.5772146778308462,4.859544660188985,0.511341566399161,17.743192639926303,4.521849112718374,0.5556925546969529,0.5556925546969529,0.565273822300441,0.9959676399823807,0.0,0.0,22.0,0.0,200.0,4247.0,1584.0,1584.0,2659.0412109799217,141.0,113.40185604359417
edge,3029,domain_heuristic,0.9997571277579673,5.759162021660465,2.1648353136773286,2.400636361737041,8.0,1.1368926792400205,146.80179849804563,0.634131595094923,0.8924878342187934,0.8730759153971868,128.88627729480504,0.3335278571585746,0.3335278571585746,3.526535814739554,0.5086835349501315,13.79728484692273,3.469326092723965,0.32932672830588755,0.32932672830588755,0.7534449257810715,0.9997571277579673,0.0,83.0,0.0,0.0,200.0,40278.0,0.0,0.0,25777.255458961008,83.0,58.69432123323691
edge,3029,c_kam,1.0000000000000009,3.6261970398591123,1.3069281599925044,0.0,2.0,1.0147701543344358,146.80179849804563,0.4101702720057808,0.40568837270430963,0.29838210666480997,8.892266734619625,0.14984544069963854,0.14984544069963854,2.2963060855078847,0.7978440738403504,7.874864590807039,1.8722907273868683,0.15157369322478828,0.15157369322478828,0.843525176917978,1.0000000000000009,7.0,14.0,0.0,1.0,200.0,7436.0,6160.0,5956.0,1778.453346923925,14.0,13.2727080111494
edge,3029,d_kam,0.9997012972360716,4.393003731341127,1.6078204782611725,2.952485267301173,2.0,1.1938420733494155,159.0294901038582,0.49068497461139254,0.4376907122814746,0.33616264644340754,8.837601219856879,0.21774584854127588,0.21774584854127588,2.4839418086332707,0.8443392397624541,8.821216025548855,2.099884586377743,0.22719048691970073,0.22719048691970073,0.8119314834997678,0.9997012972360716,6.0,4.0,0.0,0.0,200.0,7406.0,6273.0,6273.0,1767.5202439713757,4.0,7.113835483221808
edge,3030,static,0.8049253514938953,171.54916229594286,8.562316679899872,2662.9779513435724,8.0,15222.104963148398,2662.9779513435724,18.049833236989024,0.919650567730134,0.905143031348075,0.0,1.2873577777544418,1.2873577777544418,84.6925120060802,0.5411408335461756,4553.97491644321,1270.4273025231457,1.2897284227872141,1.2897284227872141,0.07900222725989485,0.8049253514938953,0.0,0.0,0.0,0.0,200.0,0.0,0.0,0.0,0.0,0.0,0.0
edge,3030,greedy_load,0.9996363381748247,8.25967593880708,2.5263397486318118,4.964373533953294,8.0,1.1777594020446438,287.1987097874295,0.9044371694897668,0.9074354338845018,0.8907223872247592,123.64944170534727,0.3244818596062039,0.3244818596062039,3.5820686750857926,0.5123477747407692,21.018427297933542,5.483980575175231,0.3250191480186059,0.3250191480186059,0.7127798050430413,0.9996363381748247,0.0,90.0,0.0,0.0,200.0,0.0,0.0,0.0,24729.888341069454,90.0,76.62201481408681
edge,3030,affinity_greedy,0.8207083694699616,154.36503375830077,8.506598340016271,2447.5228463476615,8.0,11073.262024330996,2447.5228463476615,16.2454997405366,0.8431139684546011,0.8147873238700152,1.0717432310048025,1.2308787146370879,1.2308787146370879,73.9908204555838,0.5493793181264397,3312.004998778798,923.8001528114197,1.2159267405453398,1.2159267405453398,0.0848526529476731,0.8207083694699616,0.0,17.0,0.0,0.0,200.0,0.0,0.0,0.0,214.3486462009605,17.0,13.279534189802627
edge,3030,balanced_affinity,0.9997505064023827,8.20682734715265,2.4884220237507164,3.405854910128676,8.0,1.136016253848631,287.1987097874295,0.8988880673660514,0.8955852577016128,0.8767325958977373,123.98820002403227,0.31695292107043005,0.31695292107043005,3.5588738282362016,0.5121519162961969,20.97022228423979,5.475423534344153,0.3160816410468811,0.3160816410468811,0.7167611661555563,0.9997505064023827,0.0,82.0,0.0,0.0,200.0,0.0,0.0,0.0,24797.640004806453,82.0,58.29802116016125
edge,3030,dynamic_leiden,0.9934213221244159,12.701663486464057,4.712902229761163,89.80600127096676,8.0,14.828111896730821,309.2191674122556,1.3708458619937491,0.8016267533683478,0.7658093616154108,13.206299869489158,0.5545972030960457,0.5545972030960457,4.746435210345686,0.5142728459417129,21.962933236339985,5.701030163182668,0.5674732225402452,0.5674732225402452,0.4831907445244595,0.9934213221244159,0.0,0.0,22.0,0.0,200.0,4065.0,1584.0,1584.0,2641.2599738978315,126.0,106.76030455672687
edge,3030,domain_heuristic,0.9997608713443104,8.349253002968581,2.624889974118495,3.2643623480162227,8.0,1.1277459715373706,287.1987097874295,0.9138427612267246,0.9067386934786609,0.8898998464678636,134.31458749051671,0.3431725175951189,0.3431725175951189,3.6276541519324104,0.5115405353061768,21.026690258278098,5.48201419098163,0.34064113737298357,0.34064113737298357,0.7024320313669395,0.9997608713443104,0.0,88.0,0.0,0.0,200.0,40208.0,0.0,0.0,26862.917498103343,88.0,62.85173739949484
edge,3030,c_kam,0.9998758016774865,5.85465121167939,1.8032558029651526,1.695440166007729,2.0,1.0051811431859607,268.7102959668898,0.6519095731413596,0.4002331635702497,0.29194192921487816,10.233047600195277,0.13633011474592815,0.13633011474592815,2.295183939735553,0.804528844689431,10.890140681385667,2.716684133605642,0.15789309022380552,0.15789309022380552,0.7887036193380405,0.9998758016774865,7.0,27.0,0.0,1.0,200.0,7469.0,6356.0,5957.0,2046.6095200390555,27.0,21.08326117131965
edge,3030,d_kam,0.9998535249561757,6.923139184524784,2.150160730969013,1.999541278749169,2.0,1.2333457865585011,273.66546390338124,0.7641008102901258,0.5573514049841141,0.47742874199513463,9.841728774335934,0.19810166676167307,0.19810166676167307,2.6557497474380214,0.8272571841594967,13.445103649202409,3.380669612128199,0.19749812078274545,0.19749812078274545,0.7522786018976352,0.9998535249561757,6.0,10.0,0.0,0.0,200.0,7167.0,6334.0,6334.0,1968.3457548671868,10.0,13.210318679292534
edge,3031,static,0.8503822905722672,121.46020406306174,8.32118737726174,2130.996440071337,8.0,6765.365387920713,2130.996440071337,12.787085958555632,0.9448066500313195,0.934841184064752,0.0,1.281518072942946,1.281518072942946,58.48290994785135,0.5215948273004277,2379.791588847127,663.5813032325387,1.2427372627149478,1.2427372627149478,0.10553509603321654,0.8503822905722672,0.0,0.0,0.0,0.0,200.0,0.0,0.0,0.0,0.0,0.0,0.0
edge,3031,greedy_load,0.9994472890752912,4.0599496001446225,1.7866263187494031,7.872229948230272,8.0,1.1808635980862379,184.09087446659365,0.46005923994933495,0.9176115832156675,0.9027358968518296,125.41776845988352,0.26987887272009586,0.26987887272009586,2.270196939641611,0.5062542158678567,6.4969223206258695,1.4458559496217436,0.2602919281905218,0.2602919281905218,0.7916640071770119,0.9994472890752912,0.0,90.0,0.0,0.0,200.0,0.0,0.0,0.0,25083.553691976704,90.0,76.44049718379758
edge,3031,affinity_greedy,0.9161145075088626,68.87874367708454,7.95972289309065,1194.7762504584225,8.0,2098.550247790514,1194.7762504584225,7.266032618028025,0.7826588218776327,0.7434166647166498,1.306588655716041,1.348627645426169,1.348627645426169,36.05380452764968,0.5291406270964455,780.9048341113158,217.31276266125144,1.2638468532400677,1.2638468532400677,0.14348886687118106,0.9161145075088626,0.0,50.0,0.0,0.0,200.0,0.0,0.0,0.0,261.3177311432082,50.0,43.731026060638264
edge,3031,balanced_affinity,0.9991475502472091,4.089533225005938,1.7498048634695125,12.141392857066284,8.0,1.2946432795848524,184.09087446659365,0.4631655205597729,0.904561297991744,0.8873293101291424,125.3555718260759,0.26090307164100873,0.26090307164100873,2.2428760248530226,0.5059550929574077,6.5384089418814275,1.4627127257695205,0.25012192496406305,0.25012192496406305,0.7955302599814005,0.9991475502472091,0.0,88.0,0.0,0.0,200.0,0.0,0.0,0.0,25071.11436521518,88.0,63.35518493909921
edge,3031,dynamic_leiden,0.9830592371440697,19.7398966155971,6.371874632051002,241.2863121361802,8.0,65.35983434470101,241.2863121361802,2.1064536765718453,0.7901131138189436,0.7522168704806973,9.369850241346285,0.6896796516732161,0.6896796516732161,5.882768495804467,0.5134250850507476,31.53952669702906,8.339403362493726,0.63276002927673,0.63276002927673,0.310212934280344,0.9830592371440697,0.0,0.0,20.0,0.0,200.0,2827.0,1440.0,1440.0,1873.970048269257,86.0,74.9477133773362
edge,3031,domain_heuristic,0.9993359821214687,4.176172754770236,1.8904468953542963,9.457568497105873,8.0,1.2740110744523392,184.09087446659365,0.47226267118502435,0.9224118443421696,0.9084028717928391,135.65776911011199,0.28862277488467675,0.28862277488467675,2.316332819359812,0.5070396313579094,6.544629235427932,1.4532844434850558,0.2784405688668609,0.2784405688668609,0.7807628466334982,0.9993359821214687,0.0,88.0,0.0,0.0,200.0,40320.0,0.0,0.0,27131.553822022397,88.0,68.80472973542369
edge,3031,c_kam,0.9995622698543094,3.053737218195137,1.2412420098825026,6.234565318143935,2.0,0.9897370601220892,190.58711874180878,0.354406939844639,0.5178994604854001,0.4308535297397084,22.336455204640515,0.1364878698201389,0.1364878698201389,1.7960562357056638,0.7050183195946539,4.585456467900695,0.9636293978780528,0.15060010512183072,0.15060010512183072,0.8489293596080365,0.9995622698543094,16.0,32.0,0.0,10.0,200.0,15714.0,6370.0,6078.0,4467.291040928103,32.0,34.43929792516566
edge,3031,d_kam,0.9990188883546558,3.5034231061056467,1.4275460220324352,13.973916801274479,2.0,1.260763638473923,188.8640161294,0.40162395807524254,0.4403717736434233,0.3393277883290413,11.436618050502148,0.1905008115351419,0.1905008115351419,2.0036210208921506,0.8510974700701506,5.705186830293039,1.235493924104303,0.20160136700113554,0.20160136700113554,0.8293674383322934,0.9990188883546558,6.0,7.0,0.0,0.0,200.0,8269.0,6326.0,6326.0,2287.3236101004295,7.0,8.407014733391943
edge,3032,static,0.8510858367760964,117.93976074869079,8.298985173570658,1874.5680272591183,8.0,7690.000161163501,1874.5680272591183,12.412073554250751,0.9224089723926635,0.9083994812968945,0.0,1.3331294326027545,1.3331294326027545,57.4098652699981,0.5286155874066534,2284.953407924784,637.0978929842881,1.2824843947028663,1.2824843947028663,0.10974518062491483,0.8510858367760964,0.0,0.0,0.0,0.0,200.0,0.0,0.0,0.0,0.0,0.0,0.0
edge,3032,greedy_load,0.9998069422531508,4.612179616534416,1.7790251330848803,2.4302582898853533,8.0,1.1618987790464734,171.51991899914117,0.5126775353743297,0.9177499705878575,0.9028992708328873,122.37745610545971,0.2724741689239372,0.2724741689239372,2.4909147539739336,0.5073792511864635,8.37986668020079,1.9701577669204662,0.25823812955375103,0.25823812955375103,0.7943409848759216,0.9998069422531508,0.0,90.0,0.0,0.0,200.0,0.0,0.0,0.0,24475.491221091943,90.0,74.97723181291516
edge,3032,affinity_greedy,0.8756213853904347,95.294244283513,8.16199817562418,1565.7085207624375,8.0,6508.970352689952,1565.7085207624375,10.03429432540708,0.7950541155272403,0.7580499974974364,1.1792173801222816,1.6093385356314818,1.6093385356314818,57.67818784341856,0.5367198832625025,1961.0465125799608,546.6320601817496,1.5149977746787593,1.5149977746787593,0.12412881540929505,0.8756213853904347,0.0,35.0,0.0,0.0,200.0,0.0,0.0,0.0,235.84347602445632,35.0,28.321096278203985
edge,3032,balanced_affinity,0.9998214845034752,4.571882938553746,1.7417296495337125,2.247196874420477,8.0,1.1262105042481791,171.51991899914117,0.5084463841863596,0.8994476972094357,0.881292420316695,123.71839297004044,0.26163798058576865,0.26163798058576865,2.4695657709787344,0.5066822106941333,8.345913933672268,1.9678323162492593,0.2530533385560714,0.2530533385560714,0.7982570106487941,0.9998214845034752,0.0,82.0,0.0,0.0,200.0,0.0,0.0,0.0,24743.678594008088,82.0,55.40235525454074
edge,3032,dynamic_leiden,0.9950466168233774,10.541927219550798,4.502871945614996,62.35440288978119,8.0,10.262180968688343,215.29154763497795,1.1353010336910498,0.7986613818847914,0.762308575836212,11.809127125598025,0.6239364770858438,0.6239364770858438,4.234088253397258,0.5086798731829217,14.823738339502144,3.6904491789189517,0.5631593547237547,0.5631593547237547,0.5083370695602595,0.9950466168233774,0.0,0.0,21.0,0.0,200.0,3672.0,1512.0,1512.0,2361.825425119605,139.0,111.7231680251925
edge,3032,domain_heuristic,0.9996373727306236,4.744080511515464,1.8998354582961046,4.564841048476141,8.0,1.2709156696027335,171.51991899914117,0.5265271293473398,0.9192088408219236,0.9046215481925486,132.21349886473035,0.2939384196383862,0.2939384196383862,2.5667169945792305,0.5072421850045905,8.433047797987236,1.9793767358041205,0.2823416909794081,0.2823416909794081,0.7816559007287429,0.9996373727306236,0.0,87.0,0.0,0.0,200.0,40299.0,0.0,0.0,26442.69977294607,87.0,63.38026925026323
edge,3032,c_kam,1.0000000000000002,3.121536384660367,1.201562087720989,0.0,2.0,1.041661687833489,152.6807634621485,0.3561599960275547,0.4946642541152905,0.40342307777499564,12.395568324282067,0.1293687774796745,0.1293687774796745,1.8254169633026047,0.7691188176799247,5.013909060118119,1.0724272911891315,0.1318236032640337,0.1318236032640337,0.8549746046391301,1.0000000000000002,8.0,17.0,0.0,2.0,200.0,9413.0,6256.0,5985.0,2479.1136648564134,17.0,15.046919387703138
edge,3032,d_kam,0.9999528970815064,4.040891036991752,1.448020697704225,0.5929430961262329,2.0,1.1762390395843352,177.68300054693435,0.45269223452235,0.38803691327985446,0.27754357817760594,8.780475779931294,0.19329444291470835,0.19329444291470835,2.0737459240664022,0.8741585962882356,6.425682994239625,1.4383216128721248,0.18898646137350877,0.18898646137350877,0.8290964505908904,0.9999528970815064,6.0,3.0,0.0,0.0,200.0,6823.0,6249.0,6249.0,1756.0951559862588,3.0,5.621602419525209
edge,3033,static,0.8281714895370228,143.04115586895108,8.44552589832285,1961.9838611375712,8.0,19818.30691168419,1961.9838611375712,15.054522497185863,0.9319051245249134,0.9196102164530228,0.0,1.8723451923306675,1.8723451923306675,88.99368938640589,0.5343549026506331,6012.328045777217,1677.3131034433034,1.8654629607612234,1.8654629607612234,0.09199051897306194,0.8281714895370228,0.0,0.0,0.0,0.0,200.0,0.0,0.0,0.0,0.0,0.0,0.0
edge,3033,greedy_load,0.9995261120631138,5.507210518239545,1.8569027182426476,5.410979130595891,8.0,1.2648311234035459,192.95981124459993,0.6134582353611472,0.9199692657602182,0.9055192720780353,121.94547082079225,0.35616872112753134,0.35616872112753134,3.5258046367799203,0.5092860668733256,18.610325554918376,4.800957684947205,0.3406135242838525,0.3406135242838525,0.7837959528814832,0.9995261120631138,0.0,90.0,0.0,0.0,200.0,0.0,0.0,0.0,24389.09416415845,90.0,77.64222626711307
edge,3033,affinity_greedy,0.7981014960339502,151.10495257268124,8.453039579729019,2305.3310844742405,8.0,16120.296013668516,2305.3310844742405,15.901221151077525,0.7946110801441902,0.7575269696146691,1.1374116469232831,1.6738915315042484,1.6738915315042484,81.67567703614839,0.5435773839372814,4831.695231180297,1347.855471298037,1.6239377971719506,1.6239377971719506,0.09120158242541429,0.7981014960339502,0.0,33.0,0.0,0.0,200.0,0.0,0.0,0.0,227.48232938465662,33.0,26.449600300233612
edge,3033,balanced_affinity,0.9997264606781398,5.517543635272214,1.8677502800367882,3.1233450923207533,8.0,1.1355346393401335,192.95981124459993,0.6145432126495775,0.9001737840601683,0.8821496061821432,123.42013074376155,0.3570551764985459,0.3570551764985459,3.5366152394293224,0.5086662858617487,18.597023262457245,4.8016609483460435,0.344889201859752,0.344889201859752,0.7826569588930985,0.9997264606781398,0.0,75.0,0.0,0.0,200.0,0.0,0.0,0.0,24684.02614875231,75.0,54.61210490780039
edge,3033,dynamic_leiden,0.9933805721727214,14.46679990640829,5.337683802272213,75.58239626295138,8.0,15.381581279441003,225.69182077993568,1.5542151211188653,0.8039863532328465,0.7685950003443327,9.639639105298556,0.850759955403883,0.850759955403883,6.522754988611931,0.5132301375741712,28.310943912438816,7.390696118340802,0.7641441174743905,0.7641441174743905,0.418313939058379,0.9933805721727214,0.0,0.0,20.0,0.0,200.0,2949.0,1440.0,1440.0,1927.9278210597113,88.0,70.12028681202996
edge,3033,domain_heuristic,0.9995363277386491,5.5510057569701825,1.9005145163315296,5.294333816754017,8.0,1.2269299130926554,192.95981124459993,0.6180567354278641,0.9131849222694853,0.8975099776792536,134.75217803541454,0.3675202524325739,0.3675202524325739,3.55114595209473,0.5091439161046136,18.62003552010104,4.802720398068703,0.35196763155407274,0.35196763155407274,0.7792167140821508,0.9995363277386491,0.0,81.0,0.0,0.0,200.0,40299.0,0.0,0.0,26950.43560708291,81.0,57.64814266753433
edge,3033,c_kam,0.9998459428805154,3.5690619915930184,1.2652336280535923,1.7590653687593234,2.0,1.0179532689921422,186.72239479484256,0.40995264006326193,0.4033675793346412,0.2956422811589514,10.06913939039805,0.1649330689603113,0.1649330689603113,2.1985603137894763,0.7954367835985344,9.018572513335632,2.18831792587455,0.17104742605100642,0.17104742605100642,0.845921207351334,0.9998459428805154,7.0,13.0,0.0,1.0,200.0,7446.0,6183.0,5956.0,2013.82787807961,13.0,14.560675426281517
edge,3033,d_kam,0.9994840705803432,4.970133039731709,1.632719088896757,5.891020018298212,2.0,1.2234207791346403,214.61334352265288,0.5570651001178244,0.40405691280610895,0.29645607761832315,9.169336034974549,0.22817998934303574,0.22817998934303574,2.556321889907174,0.8727152805691073,11.711475978180765,2.9016464457705786,0.24253843466848302,0.24253843466848302,0.8073352339628017,0.9994840705803432,6.0,4.0,0.0,0.0,200.0,6970.0,6253.0,6253.0,1833.8672069949098,4.0,6.746943440695082
edge,3034,static,0.8832668033587706,100.2395624957036,8.20967691407495,1270.6723924314863,8.0,5040.316730297636,1270.6723924314863,10.5551208418548,0.9246922873535801,0.9110950614590877,0.0,1.2246002527773514,1.2246002527773514,38.91649902483048,0.5290892037550566,1500.107368014219,418.0648119575661,1.2172428686693255,1.2172428686693255,0.11850033987666198,0.8832668033587706,0.0,0.0,0.0,0.0,200.0,0.0,0.0,0.0,0.0,0.0,0.0
edge,3034,greedy_load,0.9998685792196331,4.525885366117052,1.779367022775977,1.4305507105782116,8.0,1.1062600668490574,142.36263122259334,0.5051847432482108,0.9086080374392256,0.8921067108657524,123.18772956394241,0.24341962558266897,0.24341962558266897,2.2805243946617795,0.5084767769659819,7.550494697156512,1.7475783948743189,0.2353666082817336,0.2353666082817336,0.7936828784630541,0.9998685792196331,0.0,89.0,0.0,0.0,200.0,0.0,0.0,0.0,24637.545912788482,89.0,72.19151488068125
edge,3034,affinity_greedy,0.8681168240067578,103.11644576067415,8.195620367176156,1435.5840119399927,8.0,5710.959785820953,1435.5840119399927,10.857193584676706,0.7888455394353968,0.7507204285001214,1.2096779208513908,1.1942052545979063,1.1942052545979063,39.28751791034781,0.543680458146748,1526.0449717725528,425.33124595139105,1.1919738065529295,1.1919738065529295,0.11997627730103527,0.8681168240067578,0.0,42.0,0.0,0.0,200.0,0.0,0.0,0.0,241.93558417027816,42.0,37.202837248685
edge,3034,balanced_affinity,0.999814933006213,4.554296938218552,1.8110284203174398,2.014504241472587,8.0,1.1197281844474778,142.36263122259334,0.5081679583188684,0.887157423649941,0.866783069586736,123.805856120307,0.25292593743267594,0.25292593743267594,2.2987939536694335,0.5086840043974281,7.545750755573432,1.7482873809479131,0.2439795709626769,0.2439795709626769,0.7903584317212006,0.999814933006213,0.0,78.0,0.0,0.0,200.0,0.0,0.0,0.0,24761.1712240614,78.0,50.940345781497655
edge,3034,dynamic_leiden,0.99508537025751,7.727895598618046,3.7291898598497304,53.49707291917818,8.0,10.6326500639601,159.76034195403275,0.8413958176608151,0.7429824177897786,0.6965764654462663,9.22138474532403,0.470743249054134,0.470743249054134,3.3812881148709937,0.5094148669316376,9.375931656772705,2.2212316868888142,0.463042382592252,0.463042382592252,0.5889514805703101,0.99508537025751,0.0,0.0,22.0,0.0,200.0,2802.0,1584.0,1584.0,1844.276949064806,126.0,103.79067438190702
edge,3034,domain_heuristic,0.9996541856558996,4.716459980939251,1.9614642519638181,3.7642825913924427,8.0,1.1811353665037516,142.36263122259334,0.5251950778045419,0.893870371526107,0.8747080774960985,133.30801113930647,0.27451829526974264,0.27451829526974264,2.384384354949699,0.5090326307412633,7.617677363179473,1.7608135671249254,0.27052303057988747,0.27052303057988747,0.7745626693983307,0.9996541856558996,0.0,86.0,0.0,0.0,200.0,40306.0,0.0,0.0,26661.602227861295,86.0,57.34367469386714
edge,3034,c_kam,0.9998567684228687,3.298077255476961,1.3395500950295924,1.5591144252140157,5.0,1.084102484677452,142.12945492503258,0.3762648916310015,0.6989118924585935,0.644548761930284,39.37715105901589,0.14845048926209553,0.14845048926209553,1.7754399424476486,0.6095359592245116,5.0689009770713565,1.0908616233399202,0.15422887246887812,0.15422887246887812,0.8398636558764246,0.9998567684228687,15.0,29.0,0.0,12.0,200.0,27748.0,6414.0,6256.0,7875.430211803177,29.0,30.544756859540012
edge,3034,d_kam,0.9997988658427629,3.5227269754911315,1.4286020425136148,2.189399657766832,2.0,1.1667244751992356,142.12945492503258,0.39985311223248937,0.38640771501674676,0.27562021911699275,9.680382540973369,0.18697929869534322,0.18697929869534322,1.8777441167167728,0.8617936582833604,5.428796562695266,1.1654134980464477,0.19455235394923945,0.19455235394923945,0.8305132013906021,0.9997988658427629,6.0,4.0,0.0,0.0,200.0,7122.0,6269.0,6269.0,1936.0765081946738,4.0,6.6788274153821625
edge,3035,static,0.8211529874775895,146.53262565856443,8.497672512180657,2160.941998213242,8.0,14599.851356754058,2160.941998213242,15.41627732348153,0.9514535160649505,0.9426881786877889,0.0,1.428300722561969,1.428300722561969,69.33401015334968,0.5204204525629492,3920.3974194108155,1093.546848665732,1.4239628504954265,1.4239628504954265,0.08825652970545658,0.8211529874775895,0.0,0.0,0.0,0.0,200.0,0.0,0.0,0.0,0.0,0.0,0.0
edge,3035,greedy_load,0.9997499798807411,8.445792714394786,2.5833942165328545,3.020900201159037,8.0,1.1067567811345687,239.1311955275266,0.9171598643437169,0.9202240733015082,0.9058200865365029,125.1120733350399,0.31886602727201335,0.31886602727201335,3.4454893496751526,0.5078114096511712,21.001975792636845,5.479684344783238,0.3127091162818847,0.3127091162818847,0.7092557507484756,0.9997499798807411,0.0,90.0,0.0,0.0,200.0,0.0,0.0,0.0,25022.41466700798,90.0,78.67222289481401
edge,3035,affinity_greedy,0.8915010694542137,104.7046138676001,8.353310421682046,1310.9522628913528,8.0,9162.714139654343,1310.9522628913528,11.024336085430274,0.8302314946959402,0.7995788479049293,1.2456679898605216,1.5897489353121605,1.5897489353121605,69.69601050758871,0.5216748540437723,2454.4912737891373,684.3639475641596,1.5758816588465259,1.5758816588465259,0.10341454920781054,0.8915010694542137,0.0,41.0,0.0,0.0,200.0,0.0,0.0,0.0,249.13359797210433,41.0,39.55824054301289
edge,3035,balanced_affinity,0.999834092039389,8.461447151737685,2.600528541052403,2.004604241736996,8.0,1.1049295532690104,239.1311955275266,0.9188035802647212,0.9195109509510747,0.9049782059839078,125.25342092369101,0.32365314643974297,0.32365314643974297,3.4589395219401973,0.5082500051470208,21.00487796536627,5.480041497706891,0.31725282090096524,0.31725282090096524,0.707456646673923,0.999834092039389,0.0,84.0,0.0,0.0,200.0,0.0,0.0,0.0,25050.684184738202,84.0,60.80791326611612
edge,3035,dynamic_leiden,0.9966192859542415,11.460123276301257,4.403573164913282,40.847911644687045,8.0,7.994142863668983,255.41599608996967,1.2336645733438965,0.7512949527957613,0.7063898748283295,11.597280151181621,0.5081961514778541,0.5081961514778541,4.386688185428909,0.5143503624716215,19.90897395979753,5.148843426999778,0.5614159797136025,0.5614159797136025,0.5181369611685307,0.9966192859542415,0.0,0.0,19.0,0.0,200.0,3489.0,1368.0,1368.0,2319.4560302363243,129.0,111.14133275175884
edge,3035,domain_heuristic,0.9998120957055763,8.469659304239253,2.6653446486497834,2.270377770021147,8.0,1.1196768498029963,237.0166490672786,0.919665856277386,0.9170494906259823,0.9020723153223402,136.92365473005339,0.34462598702828706,0.34462598702828706,3.5310374282689247,0.5076294510215285,21.136120337127096,5.511429709746079,0.33876630227043686,0.33876630227043686,0.7006509553761981,0.9998120957055763,0.0,81.0,0.0,0.0,200.0,40306.0,0.0,0.0,27384.730946010677,81.0,61.62927627326938
edge,3035,c_kam,0.9995087942016441,6.243794222096315,1.9881194238874018,5.935057144439849,8.0,1.1300845083439417,230.41650160242082,0.6859500226523774,0.6583630046976582,0.596678547212513,32.85929576464696,0.17241774071986446,0.17241774071986446,2.366573788191111,0.633041605612357,11.987418279341497,3.0156766639990567,0.18997560885638332,0.18997560885638332,0.7717596039762482,0.9995087942016441,10.0,40.0,0.0,10.0,200.0,23154.0,6342.0,6193.0,6571.859152929392,40.0,35.41933628007179
edge,3035,d_kam,1.0000000000000007,7.446626440756792,2.1836991032607993,0.0,2.0,1.0957499407645843,232.26147035416,0.8122474056117275,0.4623013930862841,0.3652169223935298,10.458022859093035,0.2004544126420122,0.2004544126420122,2.7808723080203124,0.8392112607389544,15.45546844718021,3.9537662290798012,0.19981867023131947,0.19981867023131947,0.7512237376420414,1.0000000000000007,6.0,9.0,0.0,0.0,200.0,7671.0,6341.0,6341.0,2091.604571818607,9.0,9.31414369367889
edge,3036,static,0.899019418636229,86.04859585359927,8.121904294650264,1027.3012646236373,8.0,5847.753885197471,1027.3012646236373,9.058946905826923,0.9237334673925449,0.9099631212273098,0.0,1.8248728971990775,1.8248728971990775,61.49433911174326,0.5245700956990422,1887.7645613364002,526.0998647991635,1.8278779057565706,1.8278779057565706,0.130817504745182,0.899019418636229,0.0,0.0,0.0,0.0,200.0,0.0,0.0,0.0,0.0,0.0,0.0
edge,3036,greedy_load,0.9995773294830894,3.8109668780256345,1.5992555302614218,4.299935202169067,8.0,1.155194100124033,124.20962944582178,0.4239958633916917,0.9042804267009967,0.8869977259664544,122.72978031614912,0.31592664935701675,0.31592664935701675,3.1229148592452476,0.5083552056838977,12.681305348014877,3.1600738243305004,0.30745214626823975,0.30745214626823975,0.8156956250060106,0.9995773294830894,0.0,90.0,0.0,0.0,200.0,0.0,0.0,0.0,24545.956063229823,90.0,67.5952397400322
edge,3036,affinity_greedy,0.8847664434234247,88.89100998549073,8.115685588789768,1172.3004244919737,8.0,5843.40888878127,1172.3004244919737,9.357400389675526,0.7897582100497218,0.751797886864255,1.3752433312765788,1.763397726625435,1.763397726625435,61.89333091771337,0.5261974239973397,1816.6628041783533,506.2929079835001,1.7813600947681758,1.7813600947681758,0.1314704688605341,0.8847664434234247,0.0,59.0,0.0,0.0,200.0,0.0,0.0,0.0,275.04866625531577,59.0,45.22891246886204
edge,3036,balanced_affinity,0.9993995906918839,3.836741066688591,1.6230738561133253,6.1081173547485985,8.0,1.2243785718618991,124.20962944582178,0.4267021532013021,0.9001409561720035,0.8821108510363932,122.33421713041025,0.31547752726847533,0.31547752726847533,3.1339937238627185,0.5081950575760039,12.675336078287982,3.1603225468608422,0.3140493391733748,0.3140493391733748,0.8131947007915605,0.9993995906918839,0.0,84.0,0.0,0.0,200.0,0.0,0.0,0.0,24466.84342608205,84.0,49.41927381331944
edge,3036,dynamic_leiden,0.9989915996883204,5.818025857557714,2.7465447143749757,10.258714115574783,8.0,1.569497886848239,143.78124715512746,0.6347370562425599,0.7563250028743673,0.7123281283933502,10.775461394805461,0.4450229128937802,0.4450229128937802,3.5430333143931745,0.5110195020235665,14.410669474920441,3.630729436871052,0.4180175735600409,0.4180175735600409,0.6952302606740873,0.9989915996883204,0.0,0.0,22.0,0.0,200.0,3329.0,1584.0,1584.0,2155.0922789610922,122.0,93.72348309435009
edge,3036,domain_heuristic,0.9995675356445527,4.004055106250075,1.770140200219627,4.3995704248945415,8.0,1.2092067754529507,124.20962944582178,0.44427012735525784,0.9061296544179536,0.8891808420211951,132.08652600005735,0.34390899530647817,0.34390899530647817,3.224219786470843,0.5082226784955215,12.7591197227949,3.17465301300105,0.33760864807327806,0.33760864807327806,0.7977527346603989,0.9995675356445527,0.0,84.0,0.0,0.0,200.0,40271.0,0.0,0.0,26417.30520001147,84.0,52.58193638983369
edge,3036,c_kam,0.999678399475317,3.787784885148896,1.4371248628983326,3.271724337965085,3.0,1.0419446061606272,134.93739320404467,0.42156175413963426,0.5095314586627788,0.42097463869911395,18.407690684543923,0.19372819078913125,0.19372819078913125,2.4143149114219904,0.7174040088931474,10.059358101800067,2.4739111961323985,0.19693004462409727,0.19693004462409727,0.8327193450791347,0.999678399475317,11.0,19.0,0.0,6.0,200.0,13686.0,6346.0,6049.0,3681.5381369087845,19.0,20.344103037325333
edge,3036,d_kam,0.999466532369879,3.839805512384563,1.5109081350846865,5.427102554343767,2.0,1.2278649062531533,134.93739320404467,0.42702391999937916,0.4338145739997769,0.33158664986084774,9.12558544514468,0.26657763084290514,0.26657763084290514,2.549818710749218,0.8565352517905296,10.260181382736496,2.485247997061307,0.2672718142046908,0.2672718142046908,0.8249721014995677,0.999466532369879,6.0,4.0,0.0,0.0,200.0,6902.0,6265.0,6265.0,1825.1170890289359,4.0,5.78716199098122
edge,3037,static,0.8531430892255577,124.81049401805546,8.392921189591561,2052.8204038775984,8.0,10026.723825519293,2052.8204038775984,13.136835238422611,0.927017972935861,0.9138406624937246,0.0,1.6071251850365895,1.6071251850365895,73.13285890104497,0.5202737423080332,3304.9019475529244,921.7065769890419,1.5714355588115023,1.5714355588115023,0.09883106463425825,0.8531430892255577,0.0,0.0,0.0,0.0,200.0,0.0,0.0,0.0,0.0,0.0,0.0
edge,3037,greedy_load,0.9997272416082484,5.871883304477036,1.9289196632502115,3.8127180325638133,8.0,1.238662744014023,235.77611164272412,0.6482811134968748,0.9106455396063236,0.8945120953685765,122.8538318455685,0.30824745260373954,0.30824745260373954,3.237770150005498,0.5081224988781606,16.10220726096846,4.116929940251734,0.29202055938763816,0.29202055938763816,0.7775512249001,0.9997272416082484,0.0,90.0,0.0,0.0,200.0,0.0,0.0,0.0,24570.7663691137,90.0,71.87020391393126
edge,3037,affinity_greedy,0.8777372617534958,98.45506804745273,8.258650600481953,1709.033932300636,8.0,6870.432138222896,1709.033932300636,10.369515511509322,0.7955916691315571,0.7586846093914216,1.261275750293862,1.77731822534468,1.77731822534468,67.1191317384235,0.5333363743786553,2278.999209404009,635.3316044380588,1.671426048297036,1.671426048297036,0.1129294764907673,0.8777372617534958,0.0,46.0,0.0,0.0,200.0,0.0,0.0,0.0,252.25515005877241,46.0,38.37702343156943
edge,3037,balanced_affinity,0.9997537481822172,6.189273354520442,2.1132517701694304,3.442199303879143,8.0,1.197290700333511,235.77611164272412,0.6816070687514325,0.9091477045063485,0.8927438178199948,123.74430435913382,0.3450300929554594,0.3450300929554594,3.3788906818362863,0.5081534880281396,16.48931356081399,4.215750923992597,0.32988819519689083,0.32988819519689083,0.7581963536735818,0.9997537481822172,0.0,84.0,0.0,0.0,200.0,0.0,0.0,0.0,24748.860871826764,84.0,53.95153691202914
edge,3037,dynamic_leiden,0.9896412278617622,14.497484163598916,5.039773745088145,144.79876154520593,8.0,46.44597003918263,277.21013347257485,1.553969203704672,0.7906783378451533,0.7528841488449726,7.139009305101354,0.710354392883815,0.710354392883815,5.834203930642631,0.5082346488385797,31.49761435360506,8.323257490173967,0.6886395336615634,0.6886395336615634,0.45091154630711683,0.9896412278617622,0.0,0.0,19.0,0.0,200.0,2141.0,1368.0,1368.0,1427.8018610202707,73.0,57.61284176277726
edge,3037,domain_heuristic,0.9994717366301104,6.310045110918602,2.21576439061444,7.384261446138658,8.0,1.3934071661394554,235.77611164272412,0.6942881031732392,0.917143029029159,0.9021827426038682,133.24001010492793,0.3619886177776337,0.3619886177776337,3.450578756851664,0.5077354545466439,16.557664889139424,4.22870708500363,0.3505928809094583,0.3505928809094583,0.747432528526856,0.9994717366301104,0.0,89.0,0.0,0.0,200.0,40320.0,0.0,0.0,26648.002020985587,89.0,58.77749379665353
edge,3037,c_kam,0.999869030985898,5.010154336909277,1.731162333870158,1.8307334874954844,5.0,1.1574378261037102,235.6777254820533,0.5577995719022601,0.6487932157488672,0.5853808797035236,33.37704260033206,0.1908566690543361,0.1908566690543361,2.439986787807861,0.6377215979212145,10.500908170158306,2.59593945132908,0.20916711058145476,0.20916711058145476,0.7983157444850056,0.999869030985898,14.0,42.0,0.0,11.0,200.0,24038.0,6356.0,6203.0,6675.408520066412,42.0,38.70037987047289
edge,3037,d_kam,0.9999999999999998,5.709060602985131,1.8213443378648526,0.0,2.0,1.2269499792744227,256.08564134709195,0.6311847298402249,0.3885440392789951,0.27814226859325814,9.650514640379697,0.23347938902940527,0.23347938902940527,2.709436788091716,0.8591220515810096,12.24948707585692,3.0565557534988543,0.22480079901237382,0.22480079901237382,0.7888466340655625,0.9999999999999998,6.0,9.0,0.0,0.0,200.0,7434.0,6354.0,6354.0,1930.1029280759394,9.0,9.116026137552927
edge,3038,static,0.8994271534767304,89.26927871294579,8.10387171981954,1391.8484954064613,8.0,3123.1526361555125,1391.8484954064613,9.400695395712567,0.9416097062808365,0.9310670143593208,0.0,1.0424861856374315,1.0424861856374315,30.301292295561005,0.5228906751750939,961.348054507499,267.7383166553292,1.0347864737178212,1.0347864737178212,0.13110977079250433,0.8994271534767304,0.0,0.0,0.0,0.0,200.0,0.0,0.0,0.0,0.0,0.0,0.0
edge,3038,greedy_load,0.9998486871797106,3.3605301535105463,1.4953039828325179,2.0940495226752125,8.0,1.1216346156801236,144.4269865472547,0.3802767969718657,0.9204024813281484,0.9060307071235087,123.81052984463167,0.2631964362861637,0.2631964362861637,2.2129921014369325,0.5075905996077633,6.298787843181766,1.391704129130826,0.25949833843022335,0.25949833843022335,0.8250093831761416,0.9998486871797106,0.0,90.0,0.0,0.0,200.0,0.0,0.0,0.0,24762.105968926335,90.0,68.85818509771497
edge,3038,affinity_greedy,0.9121433865692683,69.9917968007145,7.908151018630422,1215.8659065772663,8.0,2169.51155887274,1215.8659065772663,7.37655979492828,0.8002001940850123,0.7641252291281395,1.2844662118004635,0.9952837600377135,0.9952837600377135,25.490827009829058,0.5280299202540919,583.0087131614531,162.17284956916382,0.9828673158619384,0.9828673158619384,0.15166044441736168,0.9121433865692683,0.0,50.0,0.0,0.0,200.0,0.0,0.0,0.0,256.8932423600927,50.0,41.79938001070701
edge,3038,balanced_affinity,0.9998212888004545,3.3608032998386546,1.4959429546760161,2.4732213793128275,8.0,1.1490637945461786,144.4269865472547,0.38030547733631714,0.9040227754804178,0.8866935543866041,123.74862950513489,0.2699802999850266,0.2699802999850266,2.2149625139866673,0.5072321820809665,6.2928121860409805,1.391584757273311,0.2606056800037543,0.2606056800037543,0.8249422911325743,0.9998212888004545,0.0,84.0,0.0,0.0,200.0,0.0,0.0,0.0,24749.725901026977,84.0,54.194778027576916
edge,3038,dynamic_leiden,0.9976241844539852,7.452127027477372,3.843288979627136,32.879404405838024,8.0,5.123500781650632,166.62527674885177,0.8098944687383822,0.7809038708273345,0.7413448475044919,12.929324629949406,0.6901593535721208,0.6901593535721208,3.9379865615028185,0.5097237190018687,10.129034531309944,2.3642369881028777,0.5941268455016073,0.5941268455016073,0.5784709585127066,0.9976241844539852,0.0,0.0,18.0,0.0,200.0,3862.0,1296.0,1296.0,2585.864925989881,154.0,117.06860620325538
edge,3038,domain_heuristic,0.999621003892919,3.55266573171889,1.6737157111008807,5.2450057808054416,8.0,1.262231659115386,144.4269865472547,0.40045103268374177,0.9130087530118561,0.8973020000834411,134.49482646945398,0.29680468223931195,0.29680468223931195,2.3068980706686957,0.5072390900814548,6.365813347572466,1.4029565748856312,0.29218599550713953,0.29218599550713953,0.8062761517079636,0.999621003892919,0.0,84.0,0.0,0.0,200.0,40320.0,0.0,0.0,26898.965293890797,84.0,55.90880710360445
edge,3038,c_kam,0.9997620152864184,2.484083178431647,1.0858903302061678,3.2935198413807725,8.0,1.0981275459366362,147.69618972764437,0.28824986458858126,0.630030730557024,0.5632307235742643,33.792659779282985,0.14335842453713163,0.14335842453713163,1.6654526333172384,0.642128394084638,4.01098448325839,0.7998735282896995,0.1492146219988784,0.1492146219988784,0.8679978167019083,0.9997620152864184,11.0,32.0,0.0,11.0,200.0,23896.0,6485.0,6203.0,6758.531955856597,32.0,30.303430762695623
edge,3038,d_kam,0.9998946923236562,2.373392460184058,1.0211202615546018,1.4573747879389884,2.0,1.2173135963012625,147.69618972764437,0.2766273391725844,0.5665761980305711,0.4883191226749797,9.589893064839998,0.1439924177397634,0.1439924177397634,1.6428677431420176,0.8195067743645572,4.127640547807118,0.7958163984217751,0.14413764290977255,0.14413764290977255,0.8747986739103228,0.9998946923236562,6.0,1.0,0.0,0.0,200.0,7221.0,6234.0,6234.0,1917.9786129679997,1.0,3.6066597040110473
edge,3039,static,0.8933987397745284,93.18513255550678,8.11649085052891,1414.3337133555644,8.0,4379.727978888769,1414.3337133555644,9.809493255546293,0.9438231613619102,0.9336801210522551,0.0,1.351147439811534,1.351147439811534,47.34279686311122,0.5221790675321946,1622.866133229285,452.29208231134464,1.348555260361074,1.348555260361074,0.13056006107497325,0.8933987397745284,0.0,0.0,0.0,0.0,200.0,0.0,0.0,0.0,0.0,0.0,0.0
edge,3039,greedy_load,0.9996976729626124,3.0481500935319925,1.4360222321647305,4.011128203659695,8.0,1.185900118558648,136.8534867636913,0.3451100970389379,0.9072509246766357,0.8905045638543618,125.94728099473286,0.256406817295727,0.256406817295727,2.130275591436488,0.5084948049624607,5.4233327342583575,1.1509697953852263,0.2449996455287815,0.2449996455287815,0.8320092660032122,0.9996976729626124,0.0,90.0,0.0,0.0,200.0,0.0,0.0,0.0,25189.456198946573,90.0,70.13598816900782
edge,3039,affinity_greedy,0.9084720960784419,79.41771808723406,8.025265248306264,1214.34774743965,8.0,2225.383062220483,1214.34774743965,8.363914736377655,0.7976647705577818,0.7611320207973812,1.2624507398868445,1.1154237217832297,1.1154237217832297,33.917125185519396,0.5277504908853831,791.413946072046,220.30904245619016,1.0912821370850654,1.0912821370850654,0.14013874930835127,0.9084720960784419,0.0,40.0,0.0,0.0,200.0,0.0,0.0,0.0,252.4901479773689,40.0,32.68235295560838
edge,3039,balanced_affinity,0.9997800363640748,3.0411467507429952,1.4273645045625774,2.9183706209820657,8.0,1.1017395612955354,136.8534867636913,0.3443747460460933,0.887490975757278,0.8671768463801197,127.17487270012498,0.2494002393447585,0.2494002393447585,2.1107498674645084,0.5077081712953497,5.400415692442393,1.150838105595765,0.2418082501315214,0.2418082501315214,0.8329183274014383,0.9997800363640748,0.0,82.0,0.0,0.0,200.0,0.0,0.0,0.0,25434.974540024996,82.0,51.96845085801081
edge,3039,dynamic_leiden,0.9967949600709897,5.978233476485902,3.100340436452852,42.522912155661395,8.0,5.869665313526754,163.9174480136284,0.6527688522490984,0.7708764358640875,0.7295069034506588,11.446316204819595,0.4482569057675822,0.4482569057675822,2.8466975916496886,0.509103875382704,7.370269167925588,1.6637011056860254,0.43244675363421164,0.43244675363421164,0.6572558545529594,0.9967949600709897,0.0,0.0,22.0,0.0,200.0,3325.0,1584.0,1584.0,2289.263240963919,117.0,91.65680053964228
edge,3039,domain_heuristic,0.9996787111093128,3.3224024785596074,1.6754266706203331,4.262704857936296,8.0,1.1286062891381134,136.8534867636913,0.37390659746683746,0.9167075453443775,0.9016686299204457,137.80693437947775,0.295457364376998,0.295457364376998,2.256832337027405,0.5085728616247707,5.5416829830983065,1.172066176302712,0.2854070898965548,0.2854070898965548,0.806871799965374,0.9996787111093128,0.0,89.0,0.0,0.0,200.0,40278.0,0.0,0.0,27561.38687589555,89.0,59.256412501299266
edge,3039,c_kam,0.9995978694030212,2.2039932466784355,1.0142019405055216,5.335273328633898,2.0,1.0893271829296105,136.8534867636913,0.2564736281193144,0.4953793388482006,0.4042672750291258,17.471298449818278,0.1344659787762661,0.1344659787762661,1.627182916673686,0.7368370493210545,3.723678107218687,0.7189072208612869,0.1537856062085446,0.1537856062085446,0.8763003966274292,0.9995978694030212,15.0,27.0,0.0,9.0,200.0,11970.0,6369.0,6023.0,3494.2596899636555,27.0,28.772448484633646
edge,3039,d_kam,0.9996354522262483,2.737149586419464,1.3054175535642523,4.836642694985121,2.0,1.2639351594125745,143.8180119615265,0.3124550437921224,0.47039903243440245,0.37477663551283624,9.777100165374577,0.2408057140146881,0.2408057140146881,1.9524654274114215,0.8477265090832462,4.546166312050553,0.8938775701228424,0.24217352284168966,0.24217352284168966,0.8457227572562624,0.9996354522262483,6.0,3.0,0.0,0.0,200.0,6981.0,6245.0,6245.0,1955.4200330749154,3.0,5.716990962505211
edge,3040,static,0.8552920742845711,124.88696917975452,8.386741406723369,2006.8654362190896,8.0,7049.422762851659,2006.8654362190896,13.145255395007968,0.9379295336318999,0.9267223660932151,0.0,1.2560689260927629,1.2560689260927629,54.64317794973109,0.5205604208051632,2404.7796932033784,670.5644022606778,1.281460707847898,1.281460707847898,0.09922694187952778,0.8552920742845711,0.0,0.0,0.0,0.0,200.0,0.0,0.0,0.0,0.0,0.0,0.0
edge,3040,greedy_load,0.9999492077780215,6.220041610350527,2.0725268227791847,0.7044061630593468,8.0,1.1455576272449486,238.16880650813022,0.6852280002205505,0.9166920694975386,0.9016503598234832,123.09240727001452,0.29681955857250103,0.29681955857250103,2.969341232432928,0.5082278953716994,14.21383893109647,3.5920822945846003,0.29259479879767136,0.29259479879767136,0.762219473193667,0.9999492077780215,0.0,88.0,0.0,0.0,200.0,0.0,0.0,0.0,24618.481454002904,88.0,70.96013200358117
edge,3040,affinity_greedy,0.9101603651816245,77.98024370844654,8.10884628066565,1245.9307742002832,8.0,4225.799937630735,1245.9307742002832,8.220049220520632,0.783522927100188,0.744436788937722,1.2747423740802333,1.6151170730120856,1.6151170730120856,54.97702115892035,0.5318029692962605,1470.7730599506303,409.7906385360701,1.6512364279631304,1.6512364279631304,0.12840593011558832,0.9101603651816245,0.0,50.0,0.0,0.0,200.0,0.0,0.0,0.0,254.94847481604666,50.0,39.71269315056447
edge,3040,balanced_affinity,0.9999960512656957,6.241519190492578,2.1007118621780045,0.05476257332363754,8.0,1.0889552099091389,238.16880650813022,0.6874831461354658,0.8965255045543489,0.8778426095433286,122.59725166921271,0.30488485723078895,0.30488485723078895,2.985060147342501,0.5077346474077814,14.20031523024554,3.590188376937361,0.3000661765516145,0.3000661765516145,0.759260044056791,0.9999960512656957,0.0,85.0,0.0,0.0,200.0,0.0,0.0,0.0,24519.450333842542,85.0,55.84667235988222
edge,3040,dynamic_leiden,0.9998716663815193,6.730369619507242,2.602093829936017,1.7797802156319653,8.0,1.1489898413606412,259.1786198841481,0.7388124411820055,0.7598728681484976,0.7165165804530875,5.756490554776974,0.40403215356856587,0.40403215356856587,3.1154000859667423,0.5115354389276687,11.839039363719339,2.925984119361843,0.37360645395243514,0.37360645395243514,0.7066149374421997,0.9998716663815193,0.0,0.0,17.0,0.0,200.0,1735.0,1224.0,1224.0,1151.2981109553948,62.0,48.93914571339181
edge,3040,domain_heuristic,0.9999999999999996,6.30577077848197,2.113883316418455,0.0,8.0,1.1387670994725563,240.9987529231463,0.6942295628743521,0.9039657526006684,0.8866262357091226,133.42932688625297,0.30607836313867887,0.30607836313867887,2.9979620597480805,0.5082060073944906,14.227458556612794,3.5960032659292454,0.3008308910489823,0.3008308910489823,0.7578770413615439,0.9999999999999996,0.0,87.0,0.0,0.0,200.0,40320.0,0.0,0.0,26685.865377250593,87.0,57.23331470624973
edge,3040,c_kam,0.9999185825530077,4.409192786210934,1.5144920323572537,1.1291286186737173,3.0,1.0528545848114996,222.5792872293621,0.49508887368589316,0.4563947440689834,0.3582437950814386,11.692675014783163,0.13275975603248694,0.13275975603248694,2.063301507532778,0.7858718893643623,7.728086150678877,1.8304941492250781,0.1631270937202534,0.1631270937202534,0.82081312618797,0.9999185825530077,10.0,30.0,0.0,5.0,200.0,8878.0,6128.0,5978.0,2338.5350029566325,30.0,27.265267631380958
edge,3040,d_kam,0.9999999999999999,6.214356562866255,1.9717108716351288,0.0,2.0,1.232700626881816,261.1383044709102,0.6846310702347017,0.42445976841801647,0.32054278216015836,8.819716504804092,0.22379472873890477,0.22379472873890477,2.508073984383639,0.8605356505788729,11.0980606400953,2.731522390055959,0.23166766616104886,0.23166766616104886,0.772805148063793,0.9999999999999999,6.0,6.0,0.0,0.0,200.0,6879.0,6285.0,6285.0,1763.9433009608183,6.0,8.421200570151615
edge,3041,static,0.9063021276769287,76.78308637314711,7.859425204940589,1163.7426400048485,8.0,7384.78124952578,1163.7426400048485,8.081424508864714,0.9208764395068593,0.9065902410844867,0.0,1.949761933096721,1.949761933096721,61.620230726210906,0.5186163968180003,2020.5694837954177,563.1350341277662,1.9211976228977883,1.9211976228977883,0.1603336476421329,0.9063021276769287,0.0,0.0,0.0,0.0,200.0,0.0,0.0,0.0,0.0,0.0,0.0
edge,3041,greedy_load,0.9999848073791024,1.766790557796675,1.0535671643922673,0.18869479437736636,8.0,1.0618413504922493,91.4211996746727,0.2047134482529166,0.9130276442634893,0.8973243022555082,125.7496324951353,0.27376799108317224,0.27376799108317224,2.185707693660494,0.5056259552491068,4.574057094846666,0.9083434449907751,0.2690385133648259,0.2690385133648259,0.8749487418997066,0.9999848073791024,0.0,90.0,0.0,0.0,200.0,0.0,0.0,0.0,25149.92649902706,90.0,75.73911901745619
edge,3041,affinity_greedy,0.8597746585943435,93.03636704008082,7.933672024954637,1741.6212871977707,8.0,8566.864409125072,1741.6212871977707,9.788018978892751,0.7382156110123347,0.6909489852228953,1.3866499486903194,1.7149731006486046,1.7149731006486046,62.08132358861894,0.536983489383771,2158.4074341562623,601.6982608044259,1.716699921236612,1.716699921236612,0.152537731540658,0.8597746585943435,0.0,62.0,0.0,0.0,200.0,0.0,0.0,0.0,277.3299897380639,62.0,57.746551432198665
edge,3041,balanced_affinity,0.999795554927443,1.7820455842379945,1.0685321628927653,2.539240674030337,8.0,1.1406133617565706,91.4211996746727,0.20631522602925517,0.893448200977298,0.8742096817093103,127.24144700041506,0.27707171191715935,0.27707171191715935,2.1958112233538,0.5055854136704256,4.564188305055363,0.9091093235731745,0.27237826908851587,0.27237826908851587,0.8733774170571544,0.999795554927443,0.0,80.0,0.0,0.0,200.0,0.0,0.0,0.0,25448.289400083013,80.0,50.96546870598742
edge,3041,dynamic_leiden,0.9935320093635066,9.768028582624373,4.75707084635945,80.33348369839103,8.0,16.0759816371666,135.91867693475166,1.044843440859825,0.7524703089592871,0.7077774480769361,14.581621735997032,0.800338168113419,0.800338168113419,5.277042678894419,0.5128017309344312,15.928994880544474,3.9558867201121033,0.7677666216293629,0.7677666216293629,0.48608085529315254,0.9935320093635066,0.0,0.0,22.0,0.0,200.0,4368.0,1584.0,1584.0,2916.3243471994065,156.0,133.50178673730588
edge,3041,domain_heuristic,0.9990745867923995,2.0865092325961276,1.3392620453456776,11.493780836299504,8.0,1.5522357905284976,91.4211996746727,0.23828390910685904,0.907142828136358,0.8903769498832006,136.51297970456653,0.3167416223454998,0.3167416223454998,2.3143174758239615,0.5062315877371087,4.6722411356337705,0.9253249566023954,0.3144386878083498,0.3144386878083498,0.8449507793995985,0.9990745867923995,0.0,89.0,0.0,0.0,200.0,40306.0,0.0,0.0,27302.595940913307,89.0,61.69007208858549
edge,3041,c_kam,0.9999714747721725,1.4068614607048917,0.7869346697805478,0.3542879162129998,3.0,1.0062354670010953,93.26412350244075,0.16692089305827928,0.527807166271023,0.4425501268477354,21.94610322942026,0.172799238050362,0.172799238050362,1.7358566926209897,0.699418436744528,3.4263590062086506,0.6298517051746629,0.18855270675557112,0.18855270675557112,0.9029451538339373,0.9999714747721725,12.0,29.0,0.0,7.0,200.0,15746.0,6216.0,6080.0,4389.220645884052,29.0,27.647308820921374
edge,3041,d_kam,1.0,1.6109431377885277,0.8892055750511239,0.0,2.0,1.1914468903007154,95.3529579277373,0.18834946915206108,0.3866029582605491,0.2758507146131482,9.283475195406936,0.2507452783161184,0.2507452783161184,1.8228156259745594,0.8752819580923341,3.7903900047866914,0.686633455311603,0.2506038441790183,0.2506038441790183,0.8922067087805269,1.0,6.0,2.0,0.0,0.0,200.0,6926.0,6239.0,6239.0,1856.6950390813872,2.0,4.644612898586028
edge,3042,static,0.8213551098858642,149.46765531216965,8.49821183207085,1979.2234376602269,8.0,18650.540209723797,1979.2234376602269,15.72931565288005,0.9264020899201985,0.9131135783780124,0.0,1.637334258392726,1.637334258392726,84.91264687343487,0.5248946733257869,4995.822771387716,1393.6595754380312,1.6400211852236652,1.6400211852236652,0.08633152530561798,0.8213551098858642,0.0,0.0,0.0,0.0,200.0,0.0,0.0,0.0,0.0,0.0,0.0
edge,3042,greedy_load,0.9997486752153782,7.669735726674599,2.3822713402072213,2.7844507831620913,8.0,1.18028744201398,214.6641421503338,0.8405340964030661,0.9079212192785314,0.8912958838704884,126.31870050958241,0.3695825883445185,0.3695825883445185,3.9392482896361765,0.5133355057875739,24.46300010867354,6.4320841098347215,0.365175525245528,0.365175525245528,0.7285052769512991,0.9997486752153782,0.0,90.0,0.0,0.0,200.0,0.0,0.0,0.0,25263.740101916483,90.0,71.23282275266668
edge,3042,affinity_greedy,0.8268063522604785,139.946774093023,8.465032182535094,1918.8286137987118,8.0,17663.570280929594,1918.8286137987118,14.729623124869649,0.8087889910362059,0.77426478108441,1.2136872961127665,1.7074854814145244,1.7074854814145244,85.25954735261502,0.5381977723902456,4742.7337430361695,1323.0146315925601,1.7158192877672156,1.7158192877672156,0.08981538850687233,0.8268063522604785,0.0,38.0,0.0,0.0,200.0,0.0,0.0,0.0,242.7374592225533,38.0,31.64891705875523
edge,3042,balanced_affinity,0.9997940497292616,7.5410926562189715,2.282273931834644,2.28174230215338,8.0,1.113228096078465,214.6641421503338,0.827026574005225,0.8977956159743528,0.8793420466363888,142.9505305652856,0.35602399186639894,0.35602399186639894,3.891694521476838,0.5139463499518002,24.39514257509671,6.419267572695063,0.3511829303346633,0.3511829303346633,0.7390050048304196,0.9997940497292616,0.0,83.0,0.0,0.0,200.0,0.0,0.0,0.0,28590.106113057118,83.0,54.02631121006003
edge,3042,dynamic_leiden,0.9976006378265015,9.614226128472207,3.322801629010052,26.58275781741597,8.0,3.432696210163447,239.07012908919134,1.0447055885918148,0.7837002186394547,0.7446460914493562,15.1472598053806,0.46002361675497666,0.46002361675497666,4.1101752027007,0.5143516863384876,22.388786293075473,5.848586458272081,0.4461487937217794,0.4461487937217794,0.6297495966270018,0.9976006378265015,0.0,0.0,22.0,0.0,200.0,3798.0,1584.0,1584.0,3029.45196107612,123.0,96.32629451373468
edge,3042,domain_heuristic,0.9997752993166821,7.7568135276980215,2.4718769845263195,2.489479875946247,8.0,1.137854074136695,214.6641421503338,0.8496772655105252,0.904415310310466,0.8871569635609666,147.26464785519056,0.3853471573086914,0.3853471573086914,3.9888262392595037,0.5134886437074456,24.47637122071517,6.432528198743386,0.3821196011313644,0.3821196011313644,0.7190966842977937,0.9997752993166821,0.0,88.0,0.0,0.0,200.0,40292.0,0.0,0.0,29452.929571038112,88.0,60.823380710323015
edge,3042,c_kam,0.9997951003241149,7.00385237272926,2.0637936976166746,2.2701026635631267,3.0,1.007946671942311,230.39297782134577,0.7706163442388054,0.5973334426450827,0.5246297586782227,26.999092249461683,0.18907851288592387,0.18907851288592387,2.7351008978148412,0.6817310595577186,15.517378209085305,3.9933117837093626,0.20727469755397318,0.20727469755397318,0.7619454294233065,0.9997951003241149,13.0,35.0,0.0,8.0,200.0,18728.0,6210.0,6124.0,5399.8184498923365,35.0,32.68374831975715
edge,3042,d_kam,0.9998796992873152,7.709590681025963,2.1656289197624865,1.3328228417916606,2.0,1.1553013249800173,229.58236850715136,0.8447188666099592,0.40901927018626716,0.30231441619212096,10.115167679905426,0.21310312358024286,0.21310312358024286,2.9624334915545067,0.861639654924392,17.536608620451695,4.533921134458815,0.2181840757370361,0.2181840757370361,0.7512527310979962,0.9998796992873152,6.0,6.0,0.0,0.0,200.0,7228.0,6309.0,6309.0,2023.0335359810852,6.0,6.840151295561867
edge,3043,static,0.7658555884737173,198.8080558614652,8.664501207049808,2193.9275703350404,8.0,33055.451920979605,2193.9275703350404,20.924747641275385,0.9292825505240034,0.9165141221463933,0.0,1.7084227358221844,1.7084227358221844,123.28024341674848,0.5409071332356227,8748.868009780836,2441.168834225714,1.7001453714662624,1.7001453714662624,0.06446875981288612,0.7658555884737173,0.0,0.0,0.0,0.0,200.0,0.0,0.0,0.0,0.0,0.0,0.0
edge,3043,greedy_load,0.9994994124203213,13.468543012299742,3.2710241258079487,4.690493722507981,8.0,1.2655394901694048,250.8909847823894,1.4640987921130142,0.9050391148543236,0.8878933994807988,125.37155695943511,0.4183609067995372,0.4183609067995372,5.907898913903199,0.5116508902828186,53.0146957015312,14.388506935353643,0.4103128815226137,0.4103128815226137,0.6307838533432811,0.9994994124203213,0.0,90.0,0.0,0.0,200.0,0.0,0.0,0.0,25074.311391887022,90.0,70.05838259654661
edge,3043,affinity_greedy,0.7979843399852268,168.6760483612076,8.600158214325399,1892.8819323799726,8.0,29241.57079445647,1892.8819323799726,17.76088685374834,0.7734905322168697,0.7325929894226934,1.19594484087429,1.902980796090132,1.902980796090132,123.66517488276422,0.5531376500423126,7771.482051323635,2168.333164912726,1.9114718120890313,1.9114718120890313,0.07122477404894875,0.7979843399852268,0.0,35.0,0.0,0.0,200.0,0.0,0.0,0.0,239.18896817485802,35.0,27.6278801498892
edge,3043,balanced_affinity,0.9996134773608384,13.440971569717165,3.240539008753305,3.6217079412166875,8.0,1.228548347964604,250.8909847823894,1.4612037906418438,0.9025124939706534,0.884910583159799,125.58161389431916,0.40844902185896215,0.40844902185896215,5.879183401698676,0.5118241864473043,52.983508745055076,14.383869900640573,0.40241241849611725,0.40241241849611725,0.6339847906340187,0.9996134773608384,0.0,84.0,0.0,0.0,200.0,0.0,0.0,0.0,25116.322778863832,84.0,54.94696396558008
edge,3043,dynamic_leiden,0.9934993454731388,18.360986526229855,5.4318236642901985,60.91097839464672,8.0,57.04768428595231,277.7041824502992,1.9778053610756754,0.7648727346224539,0.7224192005959528,9.661356294091092,0.8922446721175196,0.8922446721175196,8.544494741086769,0.5133544172803617,54.84887783227022,14.792920641511186,0.8762839981525035,0.8762839981525035,0.4038999018026449,0.9934993454731388,0.0,0.0,18.0,0.0,200.0,2931.0,1296.0,1296.0,1932.2712588182185,86.0,65.49581976696469
edge,3043,domain_heuristic,0.9996825520407101,13.530347243120465,3.3026188024250405,2.9744798327360895,8.0,1.1277727450016264,250.8909847823894,1.4705882363491896,0.9059218798784905,0.8889355526343291,135.11990774975857,0.41290955863419126,0.41290955863419126,5.8873057736518355,0.5124815231592098,53.016301243947346,14.391208427541685,0.40856884810708294,0.40856884810708294,0.6274664122984865,0.9996825520407101,0.0,79.0,0.0,0.0,200.0,40222.0,0.0,0.0,27023.981549951714,79.0,53.13612416302905
edge,3043,c_kam,0.9998164612782551,10.215824916859358,2.586153913098972,1.719753459996853,3.0,0.9599564650800565,245.93861842929232,1.1225633920917735,0.5064259272375667,0.4173083863221275,16.831240835454082,0.18555594191050545,0.18555594191050545,3.5397236220046726,0.7228924575728964,26.91719048571943,7.180427746508036,0.2078836474432427,0.2078836474432427,0.7026952256777236,0.9998164612782551,8.0,32.0,0.0,3.0,200.0,12434.0,6163.0,6031.0,3366.2481670908164,32.0,25.421961925187446
edge,3043,d_kam,0.9998427287713899,11.314542281262963,2.6992365715163498,1.4736276736990055,2.0,1.132217756124306,255.8191312241096,1.2379287153541518,0.4658125563936874,0.36936204574254766,10.868768145446666,0.24111392817741137,0.24111392817741137,4.140758683356626,0.8447678447602722,33.09939185447638,8.865014969992153,0.24168263151169733,0.24168263151169733,0.6908215465438992,0.9998427287713899,6.0,10.0,0.0,0.0,200.0,8173.0,6356.0,6356.0,2173.753629089333,10.0,10.911705781461087
edge,3044,static,0.8947954919825308,88.30497097855618,8.096618242414918,1119.4169932671966,8.0,2875.3661342757546,1119.4169932671966,9.29436832070876,0.9311904436782009,0.9187664960089873,0.0,1.0123290804292717,1.0123290804292717,27.63173309454252,0.5282928849460117,961.2612261382895,267.7227681986728,1.0135079495135282,1.0135079495135282,0.13361365360920469,0.8947954919825308,0.0,0.0,0.0,0.0,200.0,0.0,0.0,0.0,0.0,0.0,0.0
edge,3044,greedy_load,0.9995317190720375,3.4753321796939596,1.5498190250406214,4.982691695080408,8.0,1.1639124388055788,123.91691291910364,0.38725624682822557,0.9104201818963378,0.8942460480720655,123.15678416474839,0.24712616353159256,0.24712616353159256,1.9711230345765987,0.5092982562770508,5.43946728045722,1.1565691898842074,0.2382600684565376,0.2382600684565376,0.821027571433506,0.9995317190720375,0.0,90.0,0.0,0.0,200.0,0.0,0.0,0.0,24631.356832949677,90.0,73.27762313734215
edge,3044,affinity_greedy,0.9409126992860408,50.44881914375536,7.619170597161728,628.7119226346374,8.0,637.3432781090827,628.7119226346374,5.319472378054672,0.7924821311775884,0.7550136270846528,1.2511946453014389,0.815237450648285,0.815237450648285,14.200501543163359,0.525205280182581,226.22844389088706,62.64207935063243,0.8119151093110378,0.8119151093110378,0.1837456563607898,0.9409126992860408,0.0,43.0,0.0,0.0,200.0,0.0,0.0,0.0,250.23892906028777,43.0,32.74724503280165
edge,3044,balanced_affinity,0.9993039695070901,3.4748344856699798,1.548325489448156,7.406035884566749,8.0,1.2213798003210805,123.91691291910364,0.3872039889557077,0.9028982265428942,0.8853659618909167,122.78077611568733,0.24923632706825674,0.24923632706825674,1.9730185497890238,0.5089158311323771,5.434941310958979,1.1572692738595338,0.23814456278202542,0.23814456278202542,0.821184392670715,0.9993039695070901,0.0,80.0,0.0,0.0,200.0,0.0,0.0,0.0,24556.155223137466,80.0,51.75754546155488
edge,3044,dynamic_leiden,0.9968954552433492,6.099020183214631,3.3161636088582456,33.03356693019043,8.0,5.5173276990267,145.6055072074421,0.662743487197896,0.7783107946226988,0.7382835769851306,8.901728379278211,0.5429796517462231,0.5429796517462231,3.595825219401776,0.5110680519427926,7.73919578408215,1.7388696057832869,0.5588067084375833,0.5588067084375833,0.6355613901326553,0.9968954552433492,0.0,0.0,19.0,0.0,200.0,2752.0,1368.0,1368.0,1780.3456758556422,93.0,68.3232828565012
edge,3044,domain_heuristic,0.9996474938566712,3.5520482096806796,1.6306528982077166,3.7508028363915917,8.0,1.1081755031883762,123.91691291910364,0.3953114299768311,0.9046893436570247,0.8874804751506542,132.84293715201784,0.2658986143484506,0.2658986143484506,2.0357827299781035,0.5093852029478723,5.478385344972748,1.1640671701962537,0.2564853090807782,0.2564853090807782,0.8125400147509609,0.9996474938566712,0.0,84.0,0.0,0.0,200.0,40306.0,0.0,0.0,26568.587430403568,84.0,57.00567201659349
edge,3044,c_kam,0.9993734905083863,2.373285864321278,1.0709335784605614,6.666305318768583,6.0,1.1419049883248276,123.84088771854678,0.27154138371409403,0.6619805669986198,0.6009492804844817,34.60173784944345,0.14644964709614416,0.14644964709614416,1.547663774060934,0.6456259646781387,3.4808289800904038,0.6447038305187567,0.16310138904951926,0.16310138904951926,0.8713105433244123,0.9993734905083863,10.0,28.0,0.0,8.0,200.0,25046.0,7611.0,6219.0,6920.3475698886905,28.0,25.763650170922475
edge,3044,d_kam,0.9993759191507321,2.7254157536445525,1.253911475968492,6.640463617084041,2.0,1.2945850044335012,128.76289835097666,0.3085150220930378,0.5337846098895822,0.4496068311196457,9.151391786144814,0.18778093827725692,0.18778093827725692,1.647976402806239,0.8266855520199026,3.9278322388449327,0.731222391776287,0.18453744466370786,0.18453744466370786,0.8520978640860796,0.9993759191507321,6.0,5.0,0.0,0.0,200.0,6930.0,6261.0,6261.0,1830.2783572289627,5.0,6.734019079743442
edge,3045,static,0.8319322857403804,142.70191779177335,8.470653396706004,2003.1597208648006,8.0,13740.943768562087,2003.1597208648006,15.016543461959923,0.9308613542386535,0.9183779876428548,0.0,1.788064836520192,1.788064836520192,109.70871035500294,0.5379440357744089,4650.392926622055,1297.1983314201634,1.779055833679967,1.779055833679967,0.09014392618648684,0.8319322857403804,0.0,0.0,0.0,0.0,200.0,0.0,0.0,0.0,0.0,0.0,0.0
edge,3045,greedy_load,0.9999093699705277,6.287151436204307,2.259825206098829,1.0801980936024638,8.0,1.1486292011825432,208.33700266031155,0.6929929946251745,0.9226255098763707,0.9086551158262708,125.06286615986028,0.41392872616874293,0.41392872616874293,4.463286122361666,0.5114031836302754,22.052407059341782,5.744849113406921,0.40528034316299055,0.40528034316299055,0.7422808862002404,0.9999093699705277,0.0,90.0,0.0,0.0,200.0,0.0,0.0,0.0,25012.573231972056,90.0,77.79780347029957
edge,3045,affinity_greedy,0.8696518082779366,102.44031891896185,8.275647752382847,1553.5895665354178,8.0,12313.864142465589,1553.5895665354178,10.789075580314714,0.7688110689178955,0.7270686230280713,1.2010262798867188,2.4063646719532703,2.4063646719532703,110.02617526486739,0.5371097420842517,4175.827591387071,1164.5940661106572,2.3782501154399527,2.3782501154399527,0.11061951884041817,0.8696518082779366,0.0,34.0,0.0,0.0,200.0,0.0,0.0,0.0,240.20525597734377,34.0,28.581461518650762
edge,3045,balanced_affinity,0.9999022331967578,6.137646415220185,2.1217830369982105,1.1652596285739902,8.0,1.0974327510672577,208.33700266031155,0.6772949674218417,0.9138329734825067,0.8982750381390704,124.57820713185356,0.39175304390722415,0.39175304390722415,4.404725245634245,0.5108121908493423,21.997017119075,5.737913432367748,0.3849922369844229,0.3849922369844229,0.7567753139558053,0.9999022331967578,0.0,84.0,0.0,0.0,200.0,0.0,0.0,0.0,24915.641426370712,84.0,61.96585554450715
edge,3045,dynamic_leiden,0.9653637363653443,28.192910574019855,6.786731173216003,412.8215136371784,8.0,537.6602765310722,412.8215136371784,2.993097704095808,0.789538928004857,0.7515390122279564,8.962527075054822,1.0938634478798264,1.0938634478798264,12.114795820323485,0.5129335911574046,133.48715298550738,36.682108612197105,1.072170531341094,1.072170531341094,0.26695575965293705,0.9653637363653443,0.0,0.0,14.0,0.0,200.0,2750.0,1008.0,1008.0,1792.5054150109645,78.0,63.70308487565838
edge,3045,domain_heuristic,0.9998193610518155,6.2227175756453645,2.2011197684278847,2.152993313535062,8.0,1.2001814980586951,208.33700266031155,0.6862274392664856,0.9218432593589833,0.9077316256321329,133.8294623841648,0.40471325729831603,0.40471325729831603,4.452072360578536,0.5094563471609559,22.03297101910298,5.743334802366041,0.39874120827936543,0.39874120827936543,0.7484449571556894,0.9998193610518155,0.0,86.0,0.0,0.0,200.0,40229.0,0.0,0.0,26765.89247683296,86.0,63.282490149869794
edge,3045,c_kam,0.9999999999999997,5.462107535835918,1.6955282560620908,0.0,2.0,1.0453096385868348,220.02318132400865,0.6063633850864938,0.43776291157017366,0.3362478817147884,11.419000309833791,0.1944936336576755,0.1944936336576755,3.0950004726606553,0.7908834759633055,15.53227875724464,3.9938301414081483,0.1964001981653424,0.1964001981653424,0.8015320659540979,0.9999999999999997,8.0,12.0,0.0,2.0,200.0,8311.0,6209.0,5970.0,2283.800061966758,12.0,13.670568413108288
edge,3045,d_kam,0.9998559699231649,6.29097515931269,2.035792142882193,1.7166607505854676,2.0,1.2364936188600484,238.26409786115488,0.6933944855515548,0.41818877704572044,0.31313952845675325,9.216023150656838,0.30486928906200456,0.30486928906200456,3.282672478976191,0.8652549079096368,16.80396551071462,4.3013275064360075,0.30626615133568214,0.30626615133568214,0.7658043578379871,0.9998559699231649,6.0,5.0,0.0,0.0,200.0,6878.0,6282.0,6282.0,1843.2046301313676,5.0,6.849767107100938
edge,3046,static,0.8851142082425553,103.12498735392008,8.271965073134792,1564.4193077241557,8.0,4922.05840423886,1564.4193077241557,10.854010418858643,0.9084484042591252,0.891918255028134,0.0,1.3595242847970628,1.3595242847970628,48.71188588891453,0.5379440357744089,1852.6518772551092,516.4281690102902,1.3470424716570755,1.3470424716570755,0.11433230015168717,0.8851142082425553,0.0,0.0,0.0,0.0,200.0,0.0,0.0,0.0,0.0,0.0,0.0
edge,3046,greedy_load,0.9999373991016695,5.578410193514502,2.0653618029849925,0.8524470478892213,8.0,1.1495430473260295,196.37267649232206,0.6116198170160573,0.9074449217350871,0.8907335881594779,120.10607992968289,0.27931230018891795,0.27931230018891795,2.6175677660463013,0.509654205997679,10.07117843915165,2.441869585431911,0.2667030449886018,0.2667030449886018,0.7660256435174161,0.9999373991016695,0.0,90.0,0.0,0.0,200.0,0.0,0.0,0.0,24021.21598593658,90.0,68.92642057219224
edge,3046,affinity_greedy,0.8361083579161445,126.66396819156478,8.329887142458267,2231.7402816174163,8.0,6197.903344006567,2231.7402816174163,13.325603406811338,0.8140212638256082,0.7804417697941208,1.145554563991027,1.2214602213603298,1.2214602213603298,48.938313767973895,0.5386090925795094,2210.160989610031,616.2684733416495,1.1996714835487654,1.1996714835487654,0.10825048287272249,0.8361083579161445,0.0,32.0,0.0,0.0,200.0,0.0,0.0,0.0,229.1109127982054,32.0,24.76433391914384
edge,3046,balanced_affinity,0.9999277827597853,5.553344765011063,2.043585641825155,0.9833944059941498,8.0,1.1018756332557809,196.37267649232206,0.608987947023196,0.8968045124096156,0.8781719938169072,119.84077429631725,0.26205581367928843,0.26205581367928843,2.599380967921127,0.5099060637778657,10.030056284730984,2.43758735590524,0.2597774749123255,0.2597774749123255,0.7683121404391992,0.9999277827597853,0.0,81.0,0.0,0.0,200.0,0.0,0.0,0.0,23968.15485926345,81.0,53.268444364163685
edge,3046,dynamic_leiden,0.9990281756597068,6.234547985255834,2.500024161141515,13.233496835537508,8.0,1.8794544706104137,212.67302857097727,0.6805142851488971,0.7412402633517624,0.6945197553458307,6.683700135472463,0.38388273587772176,0.38388273587772176,2.7097690823903333,0.5117986522771648,9.333778095618145,2.2348771639419716,0.32143048700930504,0.32143048700930504,0.7203860959109811,0.9990281756597068,0.0,0.0,17.0,0.0,200.0,2053.0,1224.0,1224.0,1336.7400270944927,88.0,67.00288653672334
edge,3046,domain_heuristic,0.9998439292381576,5.701077851145119,2.1756661403562796,2.1252420291619307,8.0,1.170535938835843,196.37267649232206,0.624499921067272,0.9030514355388655,0.8855468336222718,130.60030446504243,0.29575972592744443,0.29575972592744443,2.6875403560868603,0.5099328583359598,10.127747720457455,2.454208949563838,0.2899877010433042,0.2899877010433042,0.754443688093431,0.9998439292381576,0.0,86.0,0.0,0.0,200.0,40257.0,0.0,0.0,26120.060893008485,86.0,58.7264208401822
edge,3046,c_kam,0.9999570645971968,3.030973620902776,1.1979312396736053,0.5846586605969284,3.0,0.9406746297175741,180.02885316780194,0.3441389768918261,0.4937171532487414,0.40230497258531966,18.865823729283875,0.14186960803034793,0.14186960803034793,1.7943106425481952,0.7099525558440414,5.197269955910396,1.1357997247276506,0.15643550008147428,0.15643550008147428,0.8571058526651117,0.9999570645971968,12.0,31.0,0.0,7.0,200.0,14421.0,6265.0,6060.0,3773.164745856775,31.0,27.4094170985058
edge,3046,d_kam,0.9997785805010272,3.325457305379902,1.40470505934374,3.0151068639544585,2.0,1.2578836875951467,180.02885316780194,0.37505976376192424,0.49905226807198433,0.408603372029426,9.177567904844182,0.19145907649527275,0.19145907649527275,1.8997119925849149,0.8313564196043768,5.548337765534643,1.187118863256131,0.18934034946559983,0.18934034946559983,0.8353946015997477,0.9997785805010272,6.0,2.0,0.0,0.0,200.0,7110.0,6227.0,6227.0,1835.5135809688363,2.0,4.049567600374243
edge,3047,static,0.864862152057828,117.90341638211464,8.325825490653035,1756.5177785327614,8.0,6809.369964433117,1756.5177785327614,12.410155209856994,0.9205966663331094,0.9062599533099208,0.0,1.4116265043727043,1.4116265043727043,53.353047176983345,0.5263852808323587,2431.5406581017264,677.9916937155998,1.4030640965749928,1.4030640965749928,0.1065744675550669,0.864862152057828,0.0,0.0,0.0,0.0,200.0,0.0,0.0,0.0,0.0,0.0,0.0
edge,3047,greedy_load,0.9999017661693329,5.284925642946353,2.0190949549270605,1.2768404458708558,8.0,1.1431244626748533,183.5121327480433,0.5852136822443229,0.9027015313876376,0.8851337523326278,122.38581196943414,0.2986436422728729,0.2986436422728729,2.8971184648132806,0.5090690604051598,11.42354348246236,2.8145811052945784,0.2962409827319925,0.2962409827319925,0.7687811738062942,0.9999017661693329,0.0,90.0,0.0,0.0,200.0,0.0,0.0,0.0,24477.16239388683,90.0,73.8823563877791
edge,3047,affinity_greedy,0.8979017754525936,86.88123903238024,8.153272849214995,1327.0697240264703,8.0,2721.1656114715797,1327.0697240264703,9.15282658813488,0.7763771301873597,0.7360007786934107,1.1994445270102005,1.234173289505325,1.234173289505325,39.97828053797224,0.5343230323619448,1017.2006484460802,283.29831429788123,1.232998216005285,1.232998216005285,0.12469249490606123,0.8979017754525936,0.0,40.0,0.0,0.0,200.0,0.0,0.0,0.0,239.8889054020401,40.0,31.722949156692792
edge,3047,balanced_affinity,0.9997592884522796,5.343293389403362,2.1110197171384306,3.128761627529674,8.0,1.206825483804355,183.5121327480433,0.5913422956223091,0.8923150020629307,0.8728718774354043,122.32687754454673,0.3210360584229272,0.3210360584229272,2.9296627394695403,0.5083862754022876,11.426140858152387,2.8115943766278337,0.3169047302249686,0.3169047302249686,0.7591290737741005,0.9997592884522796,0.0,86.0,0.0,0.0,200.0,0.0,0.0,0.0,24465.375508909347,86.0,60.75156358144049
edge,3047,dynamic_leiden,0.9864886920057478,21.04654653449203,6.390303884010656,175.619584480075,8.0,38.284630412001164,270.13337806340724,2.2401838758566193,0.7853555478199336,0.7466002995096437,8.686879495944595,0.8884659009766321,0.8884659009766321,8.543087177845088,0.5104586393772317,51.36688625881689,13.819582014762991,0.8324348073674909,0.8324348073674909,0.30980423625251663,0.9864886920057478,0.0,0.0,19.0,0.0,200.0,2667.0,1368.0,1368.0,1737.375899188919,91.0,76.83807852048996
edge,3047,domain_heuristic,0.9998351643115231,5.386925077197079,2.151322765854645,2.1425294375765422,8.0,1.134170644147963,183.5121327480433,0.5959236228406491,0.9018795913638423,0.8841634064712028,133.08228491951013,0.323853169414133,0.323853169414133,2.947167692009168,0.5090974575238205,11.438974075212196,2.8126730397874873,0.3219995143109752,0.3219995143109752,0.7548972536588979,0.9998351643115231,0.0,86.0,0.0,0.0,200.0,40306.0,0.0,0.0,26616.456983902026,86.0,59.83721930894464
edge,3047,c_kam,0.9998689896672105,3.7848237712125994,1.3836017288991873,1.7028684578019178,2.0,1.0593349038326754,189.1946659637815,0.427702985712279,0.41088802805926805,0.30452058868108034,10.748308360489318,0.14069025998201054,0.14069025998201054,1.995812576130856,0.7860547199942425,7.1146723558886835,1.6646731943537683,0.1574936384584601,0.1574936384584601,0.835507962539221,0.9998689896672105,8.0,28.0,0.0,2.0,200.0,7951.0,6120.0,5964.0,2149.6616720978636,28.0,22.363016149507718
edge,3047,d_kam,0.9999999999999999,4.089932850191655,1.5632539304323356,0.0,2.0,1.1542034454924381,191.7006966232894,0.4597394390050799,0.43139120406942555,0.3287257270264051,9.299962079967372,0.22882280172743663,0.22882280172743663,2.2621683532719494,0.8450569864247939,7.784036008832469,1.8082486740855697,0.2165100722783648,0.2165100722783648,0.8166444813782404,0.9999999999999999,6.0,2.0,0.0,0.0,200.0,6998.0,6247.0,6247.0,1859.9924159934744,2.0,4.615136387730683
edge,3048,static,0.7542860041743195,211.90948709517818,8.694505985688785,2844.0635851271118,8.0,19287.49718481169,2844.0635851271118,22.29711845285501,0.9391333320880303,0.928143517048369,0.0,1.5458917585659393,1.5458917585659393,88.73135901365751,0.5271049260012439,8521.993373004072,2377.892021249128,1.5387820032825943,1.5387820032825943,0.06249583583762168,0.7542860041743195,0.0,0.0,0.0,0.0,200.0,0.0,0.0,0.0,0.0,0.0,0.0
edge,3048,greedy_load,0.9999431309011947,14.077638990010577,3.16791555727234,0.6582422482179898,8.0,1.1186305032964825,325.0411582607811,1.5247744018124139,0.9179744925081437,0.9031643314332252,120.91845713905059,0.40574403146741794,0.40574403146741794,5.554978886644643,0.5117189642256728,58.71494272914737,15.981569129846378,0.3993556812562939,0.3993556812562939,0.6427878308213484,0.9999431309011947,0.0,90.0,0.0,0.0,200.0,0.0,0.0,0.0,24183.691427810118,90.0,67.09989255224687
edge,3048,affinity_greedy,0.7434532018734975,215.43682596907905,8.702146676960679,2969.449924823061,8.0,16389.228381064964,2969.449924823061,22.6674890346146,0.8489838483239641,0.8217170431602355,1.1510581853508484,1.417349143095506,1.417349143095506,79.92132392084108,0.532887697003402,7321.861679902576,2042.9656133798103,1.396325907240484,1.396325907240484,0.06169356325407291,0.7434532018734975,0.0,30.0,0.0,0.0,200.0,0.0,0.0,0.0,230.21163707016967,30.0,23.104568886646923
edge,3048,balanced_affinity,0.9999054053671437,14.130069797009732,3.2157054397899762,1.0949036490658988,8.0,1.1281108988612731,325.0411582607811,1.5302796365473252,0.9136841955126846,0.8980993974802525,121.30378727932111,0.4130326061572366,0.4130326061572366,5.5811032693537825,0.5112401210114443,58.723968262967844,15.983424671794639,0.4099555502764517,0.4099555502764517,0.6377698931569966,0.9999054053671437,0.0,86.0,0.0,0.0,200.0,0.0,0.0,0.0,24260.757455864223,86.0,57.461300113917396
edge,3048,dynamic_leiden,0.9968374519216189,19.87861340577361,5.757893969278378,36.60551689664536,8.0,4.1845210226951535,338.187461465036,2.1338767154675313,0.8006675909719602,0.7646770171196752,7.413143101439346,0.8135140195525343,0.8135140195525343,7.166475122172071,0.5183413629138056,53.99817701976142,14.570491350003191,0.6995991288066971,0.6995991288066971,0.3708400975607146,0.9968374519216189,0.0,0.0,20.0,0.0,200.0,2289.0,1440.0,1440.0,1482.6286202878691,69.0,50.973125493896504
edge,3048,domain_heuristic,0.9997115328526356,14.22325500792378,3.2962860157937994,3.3389181050452676,8.0,1.2028923311337003,325.0411582607811,1.5400640836933004,0.9116215296355088,0.8956643058196978,130.90862103999825,0.4277480028445749,0.4277480028445749,5.611786232459998,0.5116934477206645,58.75480447479907,15.988262805114484,0.42274920018288503,0.42274920018288503,0.6293089326765952,0.9997115328526356,0.0,83.0,0.0,0.0,200.0,40292.0,0.0,0.0,26181.72420799965,83.0,55.485752691363636
edge,3048,c_kam,1.0,11.145440801039868,2.7002723440149405,0.0,6.0,0.9904305454314153,306.22169313555605,1.2168935919704895,0.5890044551954698,0.5147969262724297,28.94276500082924,0.19447838972481452,0.19447838972481452,3.3293441671042228,0.6658498958705447,27.93643924738704,7.464162033705551,0.21614150813258454,0.21614150813258454,0.6918903682133752,1.0,8.0,35.0,0.0,6.0,200.0,21686.0,7200.0,6171.0,5788.553000165848,35.0,29.874922378498326
edge,3048,d_kam,1.0000000000000002,13.084357122494081,2.9477537917955905,0.0,2.0,1.1822865163121414,321.10740599298845,1.4204798057231824,0.41744202021278626,0.3122579405289837,8.976192944974173,0.24854601035354726,0.24854601035354726,3.8999424787685695,0.8689218304007454,35.20444830667313,9.452024034844086,0.26005191705852704,0.26005191705852704,0.6659048161964072,1.0000000000000002,6.0,6.0,0.0,0.0,200.0,7009.0,6276.0,6276.0,1795.2385889948346,6.0,8.270557601151546
edge,3049,static,0.8386426827434434,137.91990973654413,8.446214945537681,1751.3056427332276,8.0,8011.368257033063,1751.3056427332276,14.518968669942664,0.9075571321237189,0.890866058757168,0.0,1.267411367852104,1.267411367852104,56.92793232830228,0.5272071788566637,2941.1925780750644,820.2857525575973,1.26990243305336,1.26990243305336,0.09145005741300477,0.8386426827434434,0.0,0.0,0.0,0.0,200.0,0.0,0.0,0.0,0.0,0.0,0.0
edge,3049,greedy_load,0.9998000477925516,6.697576724362283,2.184098428367279,2.170198632063569,8.0,1.134804310653179,190.8973957324785,0.7406237036635717,0.9045803357520296,0.8873517852628128,122.54535388827207,0.3287721108408779,0.3287721108408779,3.4649527210102598,0.5113114122135528,16.91634324306486,4.338028434454014,0.31628310400358295,0.31628310400358295,0.7489722917158969,0.9998000477925516,0.0,90.0,0.0,0.0,200.0,0.0,0.0,0.0,24509.070777654415,90.0,72.60829687622747
edge,3049,affinity_greedy,0.8397496992330278,129.01296087291502,8.402791497047232,1739.290543215154,8.0,7677.521400245232,1739.290543215154,13.583739039261609,0.8128963083633461,0.7791136973733945,1.1239748360821977,1.3046906533032285,1.3046906533032285,57.16813237023888,0.541780638998818,2663.5762660007367,742.7999072695593,1.2978783463784311,1.2978783463784311,0.09600951950450189,0.8397496992330278,0.0,26.0,0.0,0.0,200.0,0.0,0.0,0.0,224.79496721643955,26.0,19.86074617005242
edge,3049,balanced_affinity,0.9998138670354172,6.60970599879783,2.1002495339296705,2.0202102806066935,8.0,1.1420695338007367,190.8973957324785,0.7313972774793043,0.8957306560233058,0.8769042466941807,122.9624109902943,0.31306109077449207,0.31306109077449207,3.438118566571225,0.5104651807847601,16.883813254632308,4.335835930648817,0.30592969587877455,0.30592969587877455,0.757776425631846,0.9998138670354172,0.0,85.0,0.0,0.0,200.0,0.0,0.0,0.0,24592.48219805886,85.0,57.007032508075056
edge,3049,dynamic_leiden,0.9798235792929849,21.056202302911434,6.286943658515666,218.98653271592127,8.0,380.9457075108891,219.73644663456827,2.2482793894112323,0.738397096978393,0.6911632394883805,6.089003635279369,1.4670898639273897,1.4670898639273897,17.10474681728106,0.5112682890086591,129.89382682827463,35.58410075333484,1.4100629847971273,1.4100629847971273,0.3181735425503164,0.9798235792929849,0.0,0.0,11.0,0.0,200.0,1871.0,792.0,792.0,1217.8007270558737,58.0,43.91894485945837
edge,3049,domain_heuristic,0.9997520484751892,6.712165065325387,2.195337303610297,2.691163387632412,8.0,1.1873473017939262,190.8973957324785,0.7421554794646974,0.9075668993791011,0.8908775895447723,132.31078168042586,0.325171491872146,0.325171491872146,3.4774362151610854,0.511002199963985,16.920445151476905,4.340629505640801,0.3194759905068925,0.3194759905068925,0.7477922098153801,0.9997520484751892,0.0,79.0,0.0,0.0,200.0,40278.0,0.0,0.0,26462.156336085172,79.0,56.88907273411062
edge,3049,c_kam,0.9996207304137928,5.492361042739472,1.7481129169804512,4.116435360578768,4.0,1.0861349389683852,190.68762772723525,0.6140760570931767,0.6241740277468106,0.5563165605344291,32.327411995938746,0.16628184875996446,0.16628184875996446,2.5022975282650255,0.6519434589455195,10.938839979776674,2.725221658277259,0.17789482706792334,0.17789482706792334,0.794750770411514,0.9996207304137928,14.0,36.0,0.0,10.0,200.0,23084.0,6441.0,6188.0,6465.482399187749,36.0,32.276833749916825
edge,3049,d_kam,0.9999251535490595,5.513657108684787,1.7461372979690277,0.8123524492076084,2.0,1.1380735644213138,189.32126349051558,0.6163121440174346,0.42255366931834915,0.3182925262786066,9.86536638054531,0.2042539807262483,0.2042539807262483,2.6640146847056316,0.8531247638707177,11.910165748226479,2.965997516875049,0.20879223064167193,0.20879223064167193,0.7949582104077133,0.9999251535490595,6.0,7.0,0.0,0.0,200.0,7453.0,6316.0,6316.0,1973.0732761090621,7.0,7.847315977064651
edge,3050,static,0.8599019663221183,117.52108528708347,8.312192258653367,1748.401479480874,8.0,7010.005763171241,1748.401479480874,12.367057183160405,0.9341572445130312,0.9222689692167729,0.0,1.3067286298046867,1.3067286298046867,56.652738836927604,0.5293756361013261,2225.2041463419505,620.4261453732679,1.3063628252524533,1.3063628252524533,0.10883434537499351,0.8599019663221183,0.0,0.0,0.0,0.0,200.0,0.0,0.0,0.0,0.0,0.0,0.0
edge,3050,greedy_load,0.9994622002582789,5.303704745941393,1.9850674749445683,6.711656398059636,8.0,1.2956928350407815,181.7750306589978,0.5842322263404874,0.9214203152747013,0.9072323166437445,119.87782108961255,0.2865667014179125,0.2865667014179125,2.7214390863951117,0.5071558466028071,11.052499405030167,2.7117918780655135,0.2827415684868146,0.2827415684868146,0.7731824476644172,0.9994622002582789,0.0,89.0,0.0,0.0,200.0,0.0,0.0,0.0,23975.56421792251,89.0,70.15749116611431
edge,3050,affinity_greedy,0.8892736713212509,89.21315079417096,8.133701631781125,1381.8472093942958,8.0,6256.913822185511,1381.8472093942958,9.394724061404593,0.8014062200812142,0.7655490098181003,1.2051789366523735,1.5852733645238948,1.5852733645238948,56.948162067216174,0.5337007885280783,1865.4641166768683,519.9599754771905,1.6100825708060742,1.6100825708060742,0.12757586119657885,0.8892736713212509,0.0,42.0,0.0,0.0,200.0,0.0,0.0,0.0,241.0357873304747,42.0,30.762110924799927
edge,3050,balanced_affinity,0.9996765543663864,5.242577170679635,1.9321772143379892,4.036550760178918,8.0,1.1199627753711285,181.7750306589978,0.577813830938003,0.9032620310799498,0.8857954533582741,127.32221369849867,0.28212707628911177,0.28212707628911177,2.7014983233427485,0.5074258821681121,11.022123448573254,2.7083562361634614,0.2751149179008975,0.2751149179008975,0.7787359250281082,0.9996765543663864,0.0,80.0,0.0,0.0,200.0,0.0,0.0,0.0,25464.442739699734,80.0,51.50719251081082
edge,3050,dynamic_leiden,0.9869963057387132,13.032924318676216,5.235033991789116,162.28406415343255,8.0,63.4004675371475,208.8057520531928,1.3958002814776438,0.7265221036517135,0.6771441501443841,6.586562465090537,0.6501880902389058,0.6501880902389058,5.027097343973212,0.5074285425791468,20.591574982020816,5.306606798182013,0.6362551189734994,0.6362551189734994,0.4319359633957396,0.9869963057387132,0.0,0.0,22.0,0.0,200.0,2001.0,1584.0,1584.0,1317.3124930181075,90.0,69.44583273831158
edge,3050,domain_heuristic,0.9996526969535059,5.386943520446992,2.065654165204617,4.33428752979255,8.0,1.1806613078210775,181.7750306589978,0.5929722976635753,0.9117728200972208,0.8958429126147744,131.66458299485384,0.3053677334514388,0.3053677334514388,2.757773421535876,0.5075936216378413,11.072818961429766,2.714402182437253,0.2987102457664691,0.2987102457664691,0.7647208451871123,0.9996526969535059,0.0,86.0,0.0,0.0,200.0,40292.0,0.0,0.0,26332.91659897077,86.0,55.52887753336925
edge,3050,c_kam,0.9997515889989238,3.2043183115005136,1.212541944952909,3.1001303187427895,2.0,1.0131136203250741,169.14027406404628,0.363796650724195,0.3966043855990736,0.28765795522112847,9.938620900793467,0.13174846036146523,0.13174846036146523,1.8979110641104608,0.7921777204794814,6.159383551016861,1.401419303203831,0.1447034959987907,0.1447034959987907,0.8542976283135415,0.9997515889989238,7.0,23.0,0.0,1.0,200.0,7753.0,6255.0,5961.0,1987.7241801586933,23.0,17.876363217898405
edge,3050,d_kam,0.9995210773317776,3.436998870524217,1.2784974994793745,5.976879758378036,2.0,1.1759572794777604,175.4412008723664,0.3882281094216842,0.3894059761620416,0.2791598329690769,8.646651560120517,0.1830030018249741,0.1830030018249741,2.08733387314473,0.8736830837114524,6.901708390101305,1.573968642093941,0.19304158815922953,0.19304158815922953,0.8473722950882626,0.9995210773317776,6.0,3.0,0.0,0.0,200.0,6939.0,6255.0,6255.0,1729.3303120241035,3.0,5.137933248701371
enterprise,3001,static,0.9715998877865114,41.95492087073945,9.997676949890879,99.31075379805267,8.0,256.8491643871082,99.31075379805267,2.9486427839825846,0.7925977669245257,0.6716131309638322,0.0,1.1918714782130502,1.1918714782130502,13.08562249202012,0.527391788241194,140.3951558809318,38.579312928212815,1.1324834037176523,1.1324834037176523,0.28922316915773544,0.9715998877865114,0.0,0.0,0.0,0.0,200.0,0.0,0.0,0.0,0.0,0.0,0.0
enterprise,3001,greedy_load,1.0000000000000002,0.7220578700231758,0.533718001120773,0.0,8.0,1.137450734873473,14.338072867343016,0.06234237393244548,0.8788838187521403,0.808232713024222,129.36626583556063,0.17629638587365443,0.17629638587365443,1.2500741877578891,0.5297550345554555,1.5585056524933643,0.0837716694980394,0.13164280593645672,0.13164280593645672,0.9517002955716429,1.0000000000000002,0.0,90.0,0.0,0.0,200.0,0.0,0.0,0.0,25873.253167112125,90.0,75.44795735354903
enterprise,3001,affinity_greedy,0.9127164438578071,94.15594573718604,11.057798059689743,305.21695440832843,8.0,2634.5159852916195,305.21695440832843,6.602714524633846,0.701171580207419,0.5268550019950802,1.3079279998783022,1.4412448644867066,1.4412448644867066,30.798580043232235,0.5410602151851576,866.318101992565,241.13617186035378,1.327133690712185,1.327133690712185,0.21501469147181518,0.9127164438578071,0.0,49.0,0.0,0.0,200.0,0.0,0.0,0.0,261.58559997566044,49.0,39.304902981509066
enterprise,3001,balanced_affinity,0.999996557396535,0.7376161275564951,0.5508534317590913,0.012038246277936898,8.0,1.127500812144298,14.338072867343016,0.06343145195977784,0.8654244415051024,0.7869220323830788,124.65360176589456,0.20135797536249747,0.20135797536249747,1.2603229906633313,0.5358188778045674,1.5392386361279162,0.08357645981601097,0.1751196678142964,0.1751196678142964,0.950500815426961,0.999996557396535,0.0,10.0,0.0,0.0,200.0,0.0,0.0,0.0,24930.720353178913,10.0,7.316282228337955
enterprise,3001,dynamic_leiden,0.9982325542629304,6.112708917072804,4.1295022399730845,6.180481510990681,8.0,3.617462837936697,26.410908746560196,0.43968794722591953,0.8066468899681091,0.6938575757828395,8.186680820363108,0.5516318372606497,0.5516318372606497,2.7060954808736746,0.5405092994898868,4.289032411450749,0.7573025491513726,0.4950175216690139,0.4950175216690139,0.6999953988519811,0.9982325542629304,0.0,0.0,16.0,0.0,200.0,2374.0,1152.0,1152.0,1637.3361640726216,64.0,54.153068513776525
enterprise,3001,domain_heuristic,0.999996557396535,0.7481340503915871,0.5625364759128901,0.012038246277936898,8.0,1.1345380175630602,14.338072867343016,0.06416770655823428,0.8685439373286706,0.7918612341037288,135.39627449048567,0.2061593713254461,0.2061593713254461,1.2644429028241584,0.535827769481398,1.5464607886051878,0.0837269432915123,0.17847198592077348,0.17847198592077348,0.9496830023361948,0.999996557396535,0.0,10.0,0.0,0.0,200.0,38108.0,0.0,0.0,27079.254898097133,10.0,7.369255997981661
enterprise,3001,c_kam,1.0000000000000002,0.5650690074024941,0.4112622796656217,0.0,4.0,1.0672128000643004,14.338072867343016,0.05135315354899778,0.543752366392248,0.2776079134543926,18.493537524191197,0.10653180897329834,0.10653180897329834,1.137986979691898,0.7902463104291981,1.436720561435233,0.0662552526150991,0.13360955543750924,0.13360955543750924,0.9602721960735036,1.0000000000000002,7.0,0.0,0.0,3.0,200.0,10886.0,6124.0,6010.0,3698.7075048382394,0.0,5.0
enterprise,3001,d_kam,1.0,1.3427167287020494,1.080691952362417,0.0,5.0,1.2029708461051567,14.338072867343016,0.10578849403996664,0.668938058227811,0.47581859219403405,31.836363065376645,0.23834771567238117,0.23834771567238117,1.3004348785257691,0.6965030270476713,1.6827349421957722,0.10310307137442037,0.2061283842695839,0.2061283842695839,0.913412118984728,1.0,3.0,2.0,0.0,0.0,200.0,18180.0,6494.0,6494.0,6367.272613075329,2.0,2.9214524933440034
enterprise,3002,static,0.9519645868280189,58.86032431681632,10.649967467873589,169.10926540475748,8.0,2876.3059025166954,169.10926540475748,4.137331480143468,0.8289151769025892,0.7291156967624333,0.0,2.2368622409249954,2.2368622409249954,43.66630048187537,0.5284573440399809,800.2490137080756,222.456897592432,2.1492792879938944,2.1492792879938944,0.23986578801287728,0.9519645868280189,0.0,0.0,0.0,0.0,200.0,0.0,0.0,0.0,0.0,0.0,0.0
enterprise,3002,greedy_load,0.9999999999999994,0.884038744623702,0.5872117362185071,0.0,8.0,1.1632616633059527,17.92499506627682,0.07899149008998464,0.8677785594848808,0.7906493858510611,132.70310719468398,0.22236285985023585,0.22236285985023585,1.5300195367443588,0.5270588103136865,2.2518052158475963,0.2675290578385968,0.16880864592495878,0.16880864592495878,0.9442586892287329,0.9999999999999994,0.0,90.0,0.0,0.0,200.0,0.0,0.0,0.0,26540.621438936796,90.0,73.0671714456063
enterprise,3002,affinity_greedy,0.9190349805154241,83.00877980096607,10.994518657710227,285.0383511743132,8.0,2275.274618354532,285.0383511743132,5.827723364033951,0.7110576263887373,0.5425079084488338,1.198433848185232,1.5154881447790274,1.5154881447790274,32.6467544171549,0.5586812096514467,594.2145728033274,165.16074226808104,1.3529364361603837,1.3529364361603837,0.21574720472431236,0.9190349805154241,0.0,34.0,0.0,0.0,200.0,0.0,0.0,0.0,239.68676963704638,34.0,28.42515482870215
enterprise,3002,balanced_affinity,0.9999890015268923,0.9402816121702627,0.6480873313579079,0.038720260428760866,8.0,1.1820101704411763,17.92499506627682,0.0829284908182439,0.8469105826717975,0.7576084225636797,129.78248246537987,0.27719306783544906,0.27719306783544906,1.5772740413231128,0.5368096896593273,2.2699210929201636,0.26830663341663885,0.22627642192022132,0.22627642192022132,0.9399973975689747,0.9999890015268923,0.0,18.0,0.0,0.0,200.0,0.0,0.0,0.0,25956.496493075974,18.0,13.00336849002991
enterprise,3002,dynamic_leiden,0.9999799675284302,2.7145554768184756,2.076705405682966,0.07052456359882764,8.0,1.0572287347935039,26.332441625538987,0.20712766134361874,0.7878762143790184,0.664137339433446,6.010792410961585,0.3910384828779618,0.3910384828779618,2.1997799955434845,0.5341562337417095,3.053789027840164,0.46452202118542,0.37158946208663324,0.37158946208663324,0.8399941323662208,0.9999799675284302,0.0,0.0,9.0,0.0,200.0,1737.0,648.0,648.0,1202.158482192317,35.0,28.55588354239734
enterprise,3002,domain_heuristic,0.9999759223753222,0.9392004675815728,0.6490821135487553,0.08476557508336174,8.0,1.1825141656707763,17.92499506627682,0.08285281069703558,0.8372956593386456,0.7423847939528556,136.2975508204545,0.27427786162833184,0.27427786162833184,1.5963238265197872,0.538886683510015,2.262596766919051,0.2682101494237034,0.2216000574310673,0.2216000574310673,0.9399277628156153,0.9999759223753222,0.0,17.0,0.0,0.0,200.0,39214.0,0.0,0.0,27259.510164090898,17.0,12.224457808224557
enterprise,3002,c_kam,1.0,0.814370934742,0.5278955829930977,0.0,4.0,1.0737398263556248,17.92499506627682,0.07411474339826549,0.5284049556316672,0.25330784641680637,16.37331045450992,0.16557698225950773,0.16557698225950773,1.42149117955102,0.7794061148341578,2.0985286295411187,0.2396494077128122,0.17972956057445824,0.17972956057445824,0.9484108199545115,1.0,8.0,2.0,0.0,4.0,200.0,10092.0,6139.0,5997.0,3274.662090901984,2.0,7.317256354821214
enterprise,3002,d_kam,0.9998851321790809,1.149804317696211,0.8410270219638869,0.40439358239026424,5.0,1.2184928084075946,18.182928909712114,0.09759508020506026,0.7102199879390736,0.5411816475701997,31.46470848325407,0.2836704136807258,0.2836704136807258,1.62293807678536,0.6653601005131694,2.2850546239191645,0.260150895850806,0.25686527684770566,0.25686527684770566,0.9264916192265562,0.9998851321790809,3.0,2.0,0.0,0.0,200.0,18767.0,6481.0,6481.0,6292.941696650814,2.0,3.0188833003739695
enterprise,3003,static,0.9666795209331003,53.34473139427787,10.91059474057276,120.81818276524635,8.0,669.8523624335818,120.81818276524635,3.7609851305049036,0.8300320509324649,0.7308840806430696,0.0,1.7001171434931786,1.7001171434931786,24.462511727634265,0.5364180413477858,326.77430780811534,90.45013867483794,1.6160712734961231,1.6160712734961231,0.21602814651645366,0.9666795209331003,0.0,0.0,0.0,0.0,200.0,0.0,0.0,0.0,0.0,0.0,0.0
enterprise,3003,greedy_load,0.9983921020254009,3.548496100621226,2.5891996080799196,5.830147609013946,8.0,25.86799640141007,32.84129020577363,0.275248659948937,0.8908639958408446,0.827201326748004,126.04396248570993,1.3562768169829076,1.3562768169829076,11.269358766778815,0.5360111659291634,10.212871803427031,2.168711330058879,1.1556970624533838,1.1556970624533838,0.7985258057909524,0.9983921020254009,0.0,90.0,0.0,0.0,200.0,0.0,0.0,0.0,25208.792497141985,90.0,74.47446605151875
enterprise,3003,affinity_greedy,0.9089124258514605,103.85451758364563,11.739113592768705,330.27842003789067,8.0,1958.3787595778815,330.27842003789067,7.296670163760646,0.7895668952871145,0.6668142508712649,1.194376065977849,1.1520279920898147,1.1520279920898147,25.44261021551082,0.5670214964909129,619.1741323176636,172.2140433206502,1.0957407962877554,1.0957407962877554,0.15803182686273762,0.9089124258514605,0.0,38.0,0.0,0.0,200.0,0.0,0.0,0.0,238.8752131955698,38.0,32.8317630025562
enterprise,3003,balanced_affinity,0.9985976410753802,3.4992578749369856,2.5543466897846963,5.0848745756949905,8.0,19.804837165758187,32.84129020577363,0.2718019841510402,0.8614781922523989,0.7806738043996313,125.78014260448981,1.178403378104975,1.178403378104975,10.09515330097713,0.5377226313635398,8.56078432152946,1.7706589906016086,1.040224275885439,1.040224275885439,0.8009655100716182,0.9985976410753802,0.0,15.0,0.0,0.0,200.0,0.0,0.0,0.0,25156.028520897962,15.0,11.152176550394802
enterprise,3003,dynamic_leiden,0.9984456854494704,13.595314078890349,6.732449156001366,5.635857127493282,8.0,24.07927976762922,44.01080190610605,0.9785259184277755,0.7929967761097716,0.6722448955071383,7.868014978303108,1.2503299391790281,1.2503299391790281,11.393798926606896,0.5423699751358313,18.848384793027844,4.629049569862856,1.0927383208094112,1.0927383208094112,0.5084983374364512,0.9984456854494704,0.0,0.0,16.0,0.0,200.0,2324.0,1152.0,1152.0,1573.6029956606217,71.0,57.01774367625922
enterprise,3003,domain_heuristic,0.9985976410753802,3.4871243047244747,2.5446951464717587,5.0848745756949905,8.0,19.804837165758187,32.84129020577363,0.27095263423616445,0.8613911860555729,0.7805360445879904,136.7251777999627,1.1792873772468793,1.1792873772468793,10.095522216049304,0.5377052374166651,8.560637851067748,1.7703888900973477,1.0411120146766335,1.0411120146766335,0.8016411181035238,0.9985976410753802,0.0,15.0,0.0,0.0,200.0,39690.0,0.0,0.0,27345.03555999254,15.0,11.152176550394802
enterprise,3003,c_kam,0.9999670933421251,1.8398714250607042,0.921680509924393,0.11931769040038256,4.0,1.1602293238239567,34.40562916175726,0.15564493265970053,0.7054836442298844,0.5336824366973171,31.268895296088886,0.1876617738561653,0.1876617738561653,1.5030373337023186,0.6639704108685504,2.5858693867952613,0.3712663657680632,0.17859111850715173,0.17859111850715173,0.9152521426618395,0.9999670933421251,10.0,2.0,0.0,6.0,200.0,19420.0,6220.0,6134.0,6253.779059217777,2.0,9.217912483209131
enterprise,3003,d_kam,1.0,1.8023819610295255,0.9596305181903385,0.0,2.0,1.1989380165562418,33.532310175164596,0.153020670177518,0.5306870908462309,0.2569212271731989,12.059753580251709,0.15870557826900966,0.15870557826900966,1.4642299457096168,0.864262382899872,2.6538756326549797,0.3740430050086731,0.14931745607941957,0.14931745607941957,0.9125956420832232,1.0,6.0,0.0,0.0,0.0,200.0,7861.0,6234.0,6234.0,2411.9507160503417,0.0,3.0
enterprise,3004,static,0.9533769436283897,56.88776045622404,10.949737802752434,166.11305792965788,8.0,813.6273065725898,166.11305792965788,4.0065978324909555,0.78923477071804,0.66628838697023,0.0,1.533426686139059,1.533426686139059,20.461561242731253,0.5121624354361536,274.7744356543332,75.99603031948601,1.4678805842511042,1.4678805842511042,0.21446292476405623,0.9533769436283897,0.0,0.0,0.0,0.0,200.0,0.0,0.0,0.0,0.0,0.0,0.0
enterprise,3004,greedy_load,0.9999999999999998,1.9377419655282113,1.011918508327907,0.0,8.0,1.1438535678365849,29.41509810666961,0.16009653814224778,0.8904967176603271,0.8266198029621847,133.6724672136188,0.2678789110717215,0.2678789110717215,1.7309151879638154,0.5152760027665131,3.9172137855093534,0.7186473397338519,0.21113970917100464,0.21113970917100464,0.910110275373773,0.9999999999999998,0.0,89.0,0.0,0.0,200.0,0.0,0.0,0.0,26734.49344272376,89.0,79.02643326284085
enterprise,3004,affinity_greedy,0.9181858109466868,98.48525679859458,11.648238458563052,291.4953712463249,8.0,2269.7125793666005,291.4953712463249,6.918422576456893,0.750474483394411,0.6049179320411507,1.274392329796683,1.3323176933995193,1.3323176933995193,28.553668763265012,0.5320515610233105,619.8566501840577,172.36994529104956,1.2356388725425853,1.2356388725425853,0.1655678788573129,0.9181858109466868,0.0,45.0,0.0,0.0,200.0,0.0,0.0,0.0,254.8784659593366,45.0,38.559686327503464
enterprise,3004,balanced_affinity,0.9999633347313868,1.9970725630574226,1.0788409829602037,0.1306345049675634,8.0,1.2220495139065606,29.41509810666961,0.16424967996929254,0.8812870102248621,0.8120377661893653,133.48537099169334,0.29434604308003587,0.29434604308003587,1.7878246143404797,0.520063845729426,3.904888623901657,0.7191548663177748,0.25047688901231885,0.25047688901231885,0.9054257021495122,0.9999633347313868,0.0,15.0,0.0,0.0,200.0,0.0,0.0,0.0,26697.07419833867,15.0,12.394952406598831
enterprise,3004,dynamic_leiden,0.9995303531282383,5.816443141045637,3.4702834203008197,1.673302526408066,8.0,1.6146383981500434,41.694948753422786,0.43160562042846756,0.8063224306003121,0.693343848450494,9.746434525441146,0.5867868337785093,0.5867868337785093,2.8143070357067588,0.5195922407750752,6.474842027480409,1.3633124488602915,0.4821632522775796,0.4821632522775796,0.738024731535669,0.9995303531282383,0.0,0.0,17.0,0.0,200.0,2785.0,1224.0,1224.0,1949.286905088229,67.0,56.57008350285206
enterprise,3004,domain_heuristic,1.0,1.9689209448140812,1.046853603280122,0.0,8.0,1.1781937421651403,29.41509810666961,0.16227906669225867,0.8723261878731805,0.7978497974658693,141.749701519293,0.29877791205470416,0.29877791205470416,1.7731847797762474,0.5198636900497444,3.903861087361082,0.7190601894610766,0.24322762193862094,0.24322762193862094,0.9076648187271178,1.0,0.0,16.0,0.0,0.0,200.0,40320.0,0.0,0.0,28349.940303858602,16.0,13.040712919146417
enterprise,3004,c_kam,0.9999999999999999,1.7811870941449095,0.9138591217954228,0.0,5.0,1.0672687313216622,29.615271446689643,0.14913769714541658,0.6606617611828485,0.4627144552061766,38.134951913234545,0.20164301449874425,0.20164301449874425,1.5113792585475292,0.6464020211509502,3.2020805782073993,0.5514248567030363,0.1817432830925313,0.1817432830925313,0.9169744324310468,0.9999999999999999,9.0,3.0,0.0,6.0,200.0,22235.0,6311.0,6176.0,7626.990382646909,3.0,9.791213339659327
enterprise,3004,d_kam,1.0,1.8983370894001799,1.0420241811784587,0.0,2.0,1.2423983562499104,29.615271446689643,0.15733819681328554,0.47128879190119916,0.1628739205102321,13.072038455575239,0.23326520105994766,0.23326520105994766,1.6238472439806164,0.88712290349071,3.3954718559641877,0.5637549182621915,0.22081470934876332,0.22081470934876332,0.9080028782742343,1.0,6.0,1.0,0.0,0.0,200.0,7713.0,6243.0,6243.0,2614.407691115048,1.0,3.9319365273923745
enterprise,3005,static,0.9612993976156962,51.546125713405864,10.827727146579418,139.80217543890305,8.0,641.7398991431504,139.80217543890305,3.639841216760434,0.788686107838238,0.6654196707438765,0.0,1.3925754111099127,1.3925754111099127,17.755601130323594,0.5303630729875312,219.69859315059864,60.657974903825526,1.3580757876564522,1.3580757876564522,0.21969652334237513,0.9612993976156962,0.0,0.0,0.0,0.0,200.0,0.0,0.0,0.0,0.0,0.0,0.0
enterprise,3005,greedy_load,1.0000000000000004,1.9744623167361202,0.984241821931314,0.0,8.0,1.1592043475408413,33.25920852217636,0.16982477899355192,0.8837625831665631,0.8159574233470583,131.26925288539496,0.21745701576976784,0.21745701576976784,1.542660247795684,0.5339235390056365,3.1000699796550486,0.5011176889273466,0.17255836376413003,0.17255836376413003,0.9087404960677423,1.0000000000000004,0.0,90.0,0.0,0.0,200.0,0.0,0.0,0.0,26253.850577078993,90.0,76.59725023578832
enterprise,3005,affinity_greedy,0.909362799105169,96.21156401893573,11.524567946792983,327.4181041153372,8.0,1971.4987986542437,327.4181041153372,6.766421898147524,0.6952460385967275,0.5174728944448185,1.6266225544677582,1.0583135307146285,1.0583135307146285,20.086880103495623,0.5593477924416866,478.894897880998,133.10334656213675,1.0210727157571131,1.0210727157571131,0.1709176673274257,0.909362799105169,0.0,58.0,0.0,0.0,200.0,0.0,0.0,0.0,325.32451089355163,58.0,48.58089663900821
enterprise,3005,balanced_affinity,0.9999999999999997,2.016233200744277,1.0312698116370205,0.0,8.0,1.2307421875387576,33.25920852217636,0.1727487408741228,0.8619279744277902,0.7813859595106679,140.65798566909507,0.2614389612700388,0.2614389612700388,1.587942141686159,0.5316776598912702,3.093981055137774,0.5015524506674383,0.21166403012924884,0.21166403012924884,0.905448536788343,0.9999999999999997,0.0,20.0,0.0,0.0,200.0,0.0,0.0,0.0,28131.597133819014,20.0,15.424978655776588
enterprise,3005,dynamic_leiden,0.9993680871537723,8.785081596917196,4.989019489280673,2.282723915070676,8.0,1.5444560971777483,44.4551295851759,0.6465681286062273,0.7713657445303209,0.6379957621730082,6.253164379886584,0.7571097825961361,0.7571097825961361,5.472665400355168,0.53742524986631,11.609126612019882,2.752626786583795,0.7856074034493679,0.7856074034493679,0.6284060593532873,0.9993680871537723,0.0,0.0,13.0,0.0,200.0,1642.0,936.0,936.0,1250.6328759773169,37.0,30.9547301924376
enterprise,3005,domain_heuristic,0.9999999999999998,2.0480086241039865,1.0662422155092204,0.0,8.0,1.1851521163902499,33.25920852217636,0.17497302050930252,0.8485562220583642,0.7602140182590764,145.66580497586983,0.2592611554968705,0.2592611554968705,1.6062591447022612,0.5321025022666217,3.0859240193080013,0.5020012807963437,0.21653269013349571,0.21653269013349571,0.903000468517289,0.9999999999999998,0.0,20.0,0.0,0.0,200.0,39060.0,0.0,0.0,29133.160995173967,20.0,15.532129944121998
enterprise,3005,c_kam,0.9999999999999999,1.8846580346832962,0.937986440181333,0.0,3.0,1.0882837540259387,33.136675167947665,0.1635384792498542,0.5966587450002571,0.361376346250407,23.432919445476728,0.16921979877185606,0.16921979877185606,1.45777131124765,0.7437104440088471,2.830100669881854,0.44090574475102956,0.17444346612804906,0.17444346612804906,0.9119783727902412,0.9999999999999999,12.0,1.0,0.0,7.0,200.0,13786.0,6149.0,6051.0,4686.5838890953455,1.0,10.177952396279867
enterprise,3005,d_kam,0.9999999999999999,2.01332377420652,0.9903394607825952,0.0,4.0,1.2853562715324824,33.3928595934086,0.17254508101647992,0.6027354712611087,0.3709978294967553,28.005563413898926,0.24540203238894265,0.24540203238894265,1.4928374416737562,0.785255265263622,3.026469270927931,0.4630777598973056,0.23251077530442082,0.23251077530442082,0.9083136613481527,0.9999999999999999,4.0,4.0,0.0,0.0,200.0,16910.0,6404.0,6404.0,5601.112682779785,4.0,5.177510116749262
enterprise,3006,static,0.9860731316050397,21.89400229107712,8.552623069937368,51.33652401292976,8.0,170.49134904131068,51.33652401292976,1.542250838277882,0.757090065935111,0.6153926043972588,0.0,1.4095034285159864,1.4095034285159864,15.543132201192803,0.549426012089002,55.49817300911831,14.822423097435532,1.310705267127371,1.310705267127371,0.3920517077191393,0.9860731316050397,0.0,0.0,0.0,0.0,200.0,0.0,0.0,0.0,0.0,0.0,0.0
enterprise,3006,greedy_load,0.995944871471763,3.2570962165870645,2.6058847315095273,14.947811464974812,8.0,140.7611643821221,14.947811464974812,0.23766741306357822,0.8449511891222932,0.7545060494436308,129.41377292896505,1.5767214552401148,1.5767214552401148,14.469132539892454,0.5484396067649985,22.852576906745853,5.639526720152382,1.3836403461355418,1.3836403461355418,0.808323391409088,0.995944871471763,0.0,90.0,0.0,0.0,200.0,0.0,0.0,0.0,25882.75458579301,90.0,76.08753209916175
enterprise,3006,affinity_greedy,0.9481174634338994,45.71742342283651,9.862415522734375,191.2468050061511,8.0,1245.7918868724366,191.2468050061511,3.2098903175010394,0.6338307297225869,0.4202319887274293,1.3054539854056202,1.1991322420536714,1.1991322420536714,15.248118536627565,0.5682938607800367,215.46899456990718,59.544791341592216,1.1170015568111098,1.1170015568111098,0.30036623602334867,0.9481174634338994,0.0,50.0,0.0,0.0,200.0,0.0,0.0,0.0,261.09079708112404,50.0,41.20410417918681
enterprise,3006,balanced_affinity,0.9961910546476502,3.11832082317231,2.537743492937566,14.040343385136186,8.0,124.62540769450622,14.040343385136186,0.2279531355245454,0.8050902369142173,0.6913928751141775,127.23079872972448,1.510679085330272,1.510679085330272,13.410746490793553,0.5486483341254584,19.957534737975138,4.865497901620609,1.3102078245725894,1.3102078245725894,0.8130932781091254,0.9961910546476502,0.0,10.0,0.0,0.0,200.0,0.0,0.0,0.0,25446.159745944897,10.0,7.609047043668785
enterprise,3006,dynamic_leiden,0.9855735767084028,16.00336372949413,7.242077181787585,53.17795822625556,8.0,1489.503916243174,53.17795822625556,1.1299061389670726,0.7266139371024982,0.5671387337456224,4.7297475091181695,3.7750168284126393,3.7750168284126393,66.46405256343364,0.5528495107195402,357.3133713618203,98.40626651226272,3.516830051734219,3.516830051734219,0.48378991988962405,0.9855735767084028,0.0,0.0,9.0,0.0,200.0,1351.0,648.0,648.0,945.9495018236339,22.0,17.797907646843278
enterprise,3006,domain_heuristic,0.9961915072026708,3.191240218165465,2.5875245087078147,14.038675199510045,8.0,124.71410121129686,14.038675199510045,0.2330574931740662,0.7901797474318297,0.667784600100397,132.86958905489882,1.5374473172830574,1.5374473172830574,13.391823830173326,0.5533795032292471,19.95542258386486,4.858671121546292,1.3036071154950577,1.3036071154950577,0.8096086070052079,0.9961915072026708,0.0,10.0,0.0,0.0,200.0,38430.0,0.0,0.0,26573.917810979765,10.0,7.497235268933125
enterprise,3006,c_kam,1.0000000000000002,0.3987351999239541,0.3199885480596882,0.0,3.0,1.0647542051137742,11.384802260771869,0.03758214189716049,0.5333982090757243,0.2612138310365636,18.83156855008565,0.12793304924097804,0.12793304924097804,1.1402671287190245,0.7867983080861864,1.4416663646394203,0.06402449811614658,0.114009288421424,0.114009288421424,0.9683361242505768,1.0000000000000002,8.0,2.0,0.0,3.0,200.0,11623.0,6399.0,6021.0,3766.31371001713,2.0,6.948596352552617
enterprise,3006,d_kam,1.0000000000000004,0.6203263362300294,0.5368439276567961,0.0,3.0,1.2566107182542932,11.551865253688556,0.05309352143858577,0.6000351800702844,0.36672236844461714,25.979781885253033,0.2359985540723735,0.2359985540723735,1.353432442994277,0.7538793286608194,1.5996302013808708,0.07647613681203513,0.1949969621090747,0.1949969621090747,0.9531562476787792,1.0000000000000004,5.0,0.0,0.0,0.0,200.0,16044.0,6371.0,6371.0,5195.9563770506065,0.0,2.5
enterprise,3007,static,0.9711223135715099,43.698928212923754,10.500930439603886,96.3892031527227,8.0,593.857158558021,96.3892031527227,3.0952539877547314,0.8161345950641951,0.7088797755183088,0.0,1.424740499972434,1.424740499972434,17.98431836644691,0.516010313204764,184.74509829436656,50.8922504713726,1.3881411974678923,1.3881411974678923,0.24038611922411549,0.9711223135715099,0.0,0.0,0.0,0.0,200.0,0.0,0.0,0.0,0.0,0.0,0.0
enterprise,3007,greedy_load,1.0,2.557924586924865,1.203986802148463,0.0,8.0,1.124463835223009,34.05752422119801,0.215383733934809,0.8923028027704908,0.8294794377199437,134.51614786521532,0.24580125692642596,0.24580125692642596,1.7188978376949837,0.5180943569796884,4.244717345162537,0.8155258686326706,0.20270232116918357,0.20270232116918357,0.8911721738459951,1.0,0.0,90.0,0.0,0.0,200.0,0.0,0.0,0.0,26903.229573043063,90.0,72.5733111589067
enterprise,3007,affinity_greedy,0.9482490600022604,66.24313579565765,11.222080995713627,172.73654803125504,8.0,2640.385022003051,172.73654803125504,4.673348518546103,0.762616561693531,0.6241428893480907,1.4344972945400514,1.5660733805009104,1.5660733805009104,30.81281768846726,0.5327225058073735,520.4368179029593,144.55236872283658,1.4051332650284245,1.4051332650284245,0.18990558029643373,0.9482490600022604,0.0,65.0,0.0,0.0,200.0,0.0,0.0,0.0,286.8994589080103,65.0,53.48307380454895
enterprise,3007,balanced_affinity,1.0000000000000004,2.617341000082527,1.2689657567349613,0.0,8.0,1.2008999049839524,34.05752422119801,0.2195428828558454,0.896881238353395,0.8367286273928753,135.19566053553717,0.2783138079012533,0.2783138079012533,1.7796300591535503,0.517715120482074,4.247148170580131,0.816491507403871,0.23591185384034546,0.23591185384034546,0.8866236470249401,1.0000000000000004,0.0,22.0,0.0,0.0,200.0,0.0,0.0,0.0,27039.132107107434,22.0,16.23627995251127
enterprise,3007,dynamic_leiden,0.9998977037346262,13.020456586788779,5.601687535610245,0.34144894291606664,8.0,1.3387302522039821,49.62474686050374,0.9477609739252828,0.8177512331271299,0.711439452451289,8.598961120296735,0.8125746228476509,0.8125746228476509,4.925193489116401,0.5288363854589266,21.859303844540104,5.591283223570989,0.695265692215961,0.695265692215961,0.5833331225036704,0.9998977037346262,0.0,0.0,16.0,0.0,200.0,2376.0,1152.0,1152.0,1719.792224059347,59.0,48.336047152791956
enterprise,3007,domain_heuristic,0.999994113867366,2.659517932880273,1.314723497765687,0.019646990613009563,8.0,1.1951531926251753,34.05752422119801,0.22249526815168758,0.8841386541378656,0.8165528690516204,145.28216567414347,0.2822787270750242,0.2822787270750242,1.797339890935953,0.5192398228769173,4.247932681843107,0.817172931410763,0.24869262413799334,0.24869262413799334,0.8834206051527894,0.999994113867366,0.0,23.0,0.0,0.0,200.0,40320.0,0.0,0.0,29056.433134828694,23.0,17.11746397873488
enterprise,3007,c_kam,1.0000000000000002,2.279691913827789,1.016602086216971,0.0,2.0,1.1135576937509821,33.92369864151171,0.19590744681801367,0.594942030965192,0.35865821569488743,16.49301961180754,0.1878540420138441,0.1878540420138441,1.510763144420469,0.7770764326470622,3.706706203251942,0.6723587788239116,0.1825005028601678,0.1825005028601678,0.9042891039611994,1.0000000000000002,8.0,0.0,0.0,2.0,200.0,9347.0,6122.0,5984.0,3298.603922361508,0.0,5.0
enterprise,3007,d_kam,0.9999999999999999,2.8492503010646772,1.2661462380971549,0.0,4.0,1.2565029931648888,36.276836684257496,0.23577653392459585,0.6560168033854359,0.4553599386936067,32.12051136462833,0.28693082064857756,0.28693082064857756,1.7141334617744526,0.7297625937843941,4.4088085305218785,0.8434870639469643,0.28631166650372025,0.28631166650372025,0.8868210133295866,0.9999999999999999,4.0,5.0,0.0,0.0,200.0,18537.0,6405.0,6405.0,6424.102272925666,5.0,5.555950040354507
enterprise,3008,static,0.9675570334164025,46.6113541745065,10.330518981300013,118.47494966272693,8.0,680.8672803693117,118.47494966272693,3.27799152505993,0.863296582596804,0.7835529224449397,0.0,1.6319391877982719,1.6319391877982719,29.96227121643902,0.5274789280559691,249.95699912748233,69.02514089071254,1.5170393214396998,1.5170393214396998,0.2633860599555947,0.9675570334164025,0.0,0.0,0.0,0.0,200.0,0.0,0.0,0.0,0.0,0.0,0.0
enterprise,3008,greedy_load,0.9999928376514411,0.8573066354114935,0.5720304757115875,0.026155403601295923,8.0,1.111489220845612,18.201572664153215,0.07520819732327964,0.8955813360147434,0.8346704486900103,132.04320191944134,0.1871026554436744,0.1871026554436744,1.4423965576779483,0.5342666809792386,1.9373337848820311,0.1827326239687922,0.14872010665656923,0.14872010665656923,0.9464802553467845,0.9999928376514411,0.0,90.0,0.0,0.0,200.0,0.0,0.0,0.0,26408.64038388827,90.0,76.95136395321711
enterprise,3008,affinity_greedy,0.9057799838076966,106.59133000535863,11.431179216388752,344.0718544292462,8.0,2064.9642999723496,344.0718544292462,7.47658983321958,0.7968926636481161,0.678413384109517,1.241700549289817,1.0616704948375075,1.0616704948375075,30.85537608033719,0.5401788245657551,588.1906578824909,163.59713459860953,0.9817017155043337,0.9817017155043337,0.18633984349938298,0.9057799838076966,0.0,32.0,0.0,0.0,200.0,0.0,0.0,0.0,248.3401098579634,32.0,26.476336970110797
enterprise,3008,balanced_affinity,1.0000000000000004,0.8790991132292587,0.5971754217456063,0.0,8.0,1.185053510738243,18.201572664153215,0.07673367077052319,0.8851902926238108,0.8182179633210338,130.39860959877842,0.2255357520833293,0.2255357520833293,1.4783604452014512,0.5394286887436747,1.9349597934421825,0.18288153596685977,0.1907999642191024,0.1907999642191024,0.9447201091244033,1.0000000000000004,0.0,12.0,0.0,0.0,200.0,0.0,0.0,0.0,26079.721919755684,12.0,8.732446461572161
enterprise,3008,dynamic_leiden,0.9963200821581266,7.296308603777384,4.944182177253221,13.438292702224508,8.0,35.795223558395364,26.94947558389062,0.525938335108892,0.8474294275957044,0.7584299270265318,6.766210574569413,1.1327083674344958,1.1327083674344958,6.564624862483535,0.5427612466039636,11.272798283649063,2.5397007100403757,0.9422266786033839,0.9422266786033839,0.6404296362388702,0.9963200821581266,0.0,0.0,12.0,0.0,200.0,1770.0,864.0,864.0,1353.2421149138827,34.0,28.42346005878346
enterprise,3008,domain_heuristic,1.0,0.8668720801920651,0.5830101119680134,0.0,8.0,1.1021663231696195,18.201572664153215,0.07587777845791964,0.8751431419320401,0.8023099747257302,137.537372475781,0.198975930896326,0.198975930896326,1.4696772153765307,0.5396003980475477,1.901431038379541,0.18277540980375442,0.18834203396433197,0.18834203396433197,0.9457116808088347,1.0,0.0,10.0,0.0,0.0,200.0,37898.0,0.0,0.0,27507.474495156202,10.0,7.351654703586617
enterprise,3008,c_kam,0.9999999999999998,0.814836370171177,0.5540752256409249,0.0,4.0,1.036040077719725,18.113898218208377,0.0722352787564575,0.5831087192894993,0.33992213887504064,31.98096863387036,0.15691564667887314,0.15691564667887314,1.404340003081996,0.6920035071906864,1.7501974592722902,0.15903344941192868,0.1462907586027723,0.1462907586027723,0.9477371228517311,0.9999999999999998,12.0,0.0,0.0,8.0,200.0,17760.0,6511.0,6110.0,6396.193726774072,0.0,10.0
enterprise,3008,d_kam,0.9997315404479599,1.9094798687897383,1.5560676957948858,0.9803583107118868,5.0,1.339161865196842,19.981288667980177,0.14886032365975677,0.7990488646912454,0.6818273690944718,36.60272287626867,0.34648279165190454,0.34648279165190454,1.9143945075568711,0.6248038704562152,2.28215993626097,0.2379889481013375,0.3205578088962466,0.3205578088962466,0.8775976499409537,0.9997315404479599,3.0,3.0,0.0,0.0,200.0,20107.0,6506.0,6506.0,7320.544575253734,3.0,3.676288766880677
enterprise,3009,static,0.9659582324882567,43.93519723798154,9.995728061732157,116.94447555479442,8.0,767.4374740860671,116.94447555479442,3.0927138358019874,0.7688370005987647,0.6339919176147109,0.0,1.423401906499788,1.423401906499788,19.030423414972038,0.5388022039130866,246.94161689288492,68.25434148479388,1.4041388051263142,1.4041388051263142,0.28550357348049,0.9659582324882567,0.0,0.0,0.0,0.0,200.0,0.0,0.0,0.0,0.0,0.0,0.0
enterprise,3009,greedy_load,1.0000000000000002,0.6958184251834317,0.5005672065454936,0.0,8.0,1.1421001713537673,13.496439660050918,0.06595731890611964,0.8541516385329505,0.7690734276771718,125.1142559904838,0.1726309959325549,0.1726309959325549,1.2459587277996171,0.5390696073721956,1.682968172151554,0.12064521463444634,0.13752491191426638,0.13752491191426638,0.9501648333435564,1.0000000000000002,0.0,90.0,0.0,0.0,200.0,0.0,0.0,0.0,25022.85119809676,90.0,76.77502117571841
enterprise,3009,affinity_greedy,0.9507595038606191,58.56060352413249,10.614080412633239,169.15702144700242,8.0,584.3062682716288,169.15702144700242,4.116492275832554,0.6703934964075506,0.4781230359786218,1.2153754790779203,1.0034792413930023,1.0034792413930023,13.545116257562864,0.5610902267106492,192.50653125591657,53.18669795714254,0.9655089836811248,0.9655089836811248,0.24221890891741407,0.9507595038606191,0.0,38.0,0.0,0.0,200.0,0.0,0.0,0.0,243.07509581558406,38.0,31.945891339549632
enterprise,3009,balanced_affinity,0.9999999999999994,0.7869481852907174,0.604288044199559,0.0,8.0,1.1782504987954125,13.496439660050918,0.07233640211362964,0.83070521936456,0.7319499306605534,121.56505961887888,0.22277687868953372,0.22277687868953372,1.3303045475307982,0.5461862556051167,1.6875553804766545,0.12158532186582319,0.18774817093756213,0.18774817093756213,0.9429043747077718,0.9999999999999994,0.0,12.0,0.0,0.0,200.0,0.0,0.0,0.0,24313.011923775775,12.0,9.619032839265717
enterprise,3009,dynamic_leiden,0.9999999999999998,1.7268274192160968,1.302394755867653,0.0,8.0,1.117766243902965,22.486961904036704,0.1381279484884062,0.7945190917423016,0.6746552285919776,5.130314794514561,0.29502083990214145,0.29502083990214145,1.5864010990762978,0.5470398773235245,2.046532450511411,0.20629363984950344,0.25010753043080314,0.25010753043080314,0.8940369048910053,0.9999999999999998,0.0,0.0,7.0,0.0,200.0,1497.0,504.0,504.0,1026.0629589029122,26.0,21.48632267568364
enterprise,3009,domain_heuristic,1.0000000000000002,0.7776297665263758,0.5927442901639555,0.0,8.0,1.174749297366891,13.496439660050918,0.07168411280012574,0.8300464402779419,0.7309068637734083,131.3770374841988,0.22256981439435472,0.22256981439435472,1.3125846605371632,0.5456368340581336,1.6865128265120652,0.12152268127199427,0.1843341512444826,0.1843341512444826,0.943712437490264,1.0000000000000002,0.0,13.0,0.0,0.0,200.0,37800.0,0.0,0.0,26275.40749683976,13.0,10.266977102326056
enterprise,3009,c_kam,1.0000000000000002,0.5987187421059584,0.4416764861876259,0.0,4.0,1.1585209155126117,13.496439660050918,0.05916034109069652,0.6871789538958325,0.5047000103350681,33.92276978964219,0.15320765319649754,0.15320765319649754,1.2104526748496993,0.6793328116813888,1.5528399703861084,0.09177028907397126,0.1519274273242101,0.1519274273242101,0.954287183768607,1.0000000000000002,6.0,2.0,0.0,2.0,200.0,20371.0,10510.0,6158.0,6784.553957928438,2.0,5.30291449564388
enterprise,3009,d_kam,1.0,0.800411622120082,0.6151927547731778,0.0,6.0,1.1052670093243528,13.496439660050918,0.07327884269168518,0.7055333524674893,0.533761141406858,32.57098203030182,0.19785368758452498,0.19785368758452498,1.2709809871305275,0.6254284351071173,1.6256915859689258,0.1117456689000341,0.18114091834426205,0.18114091834426205,0.9421410449676185,1.0,2.0,1.0,0.0,0.0,200.0,19282.0,6552.0,6552.0,6514.196406060364,1.0,1.8678857356274166
enterprise,3010,static,0.9749782485266693,30.002012554673417,9.442144820554953,89.72252844756787,8.0,292.2035625526133,89.72252844756787,2.1137882867029707,0.8358341004671712,0.7400706590730212,0.0,1.5920045908837699,1.5920045908837699,20.314711856045435,0.5224154298114488,111.97014870107304,30.52792390158137,1.518485100077681,1.518485100077681,0.32673863070704895,0.9749782485266693,0.0,0.0,0.0,0.0,200.0,0.0,0.0,0.0,0.0,0.0,0.0
enterprise,3010,greedy_load,1.0000000000000004,0.7635297527005799,0.5384186598649557,0.0,8.0,1.1293472217643903,16.14813471697059,0.06709449056487259,0.8970263332695637,0.8369583610101425,131.15832558454713,0.21041649961936482,0.21041649961936482,1.3866864271546504,0.5273131004907483,2.0062231302292783,0.19730558714975824,0.1609246703671237,0.1609246703671237,0.9499994619553488,1.0000000000000004,0.0,89.0,0.0,0.0,200.0,0.0,0.0,0.0,26231.665116909426,89.0,74.58429042937662
enterprise,3010,affinity_greedy,0.929872780623554,80.96431528496154,11.037244789253792,251.46087164035424,8.0,1465.6648266446498,251.46087164035424,5.68114947782314,0.7324935950927514,0.5764481922301898,1.2492006747925188,1.0801517922117292,1.0801517922117292,22.42737016038699,0.5393197330660479,460.6558368080894,128.00576792255856,1.1008095330971879,1.1008095330971879,0.21508163289813026,0.929872780623554,0.0,38.0,0.0,0.0,200.0,0.0,0.0,0.0,249.84013495850377,38.0,30.883941140183445
enterprise,3010,balanced_affinity,0.9999166107353781,0.8475365389219798,0.6316471559339286,0.29901566544115277,8.0,1.2126732700991536,16.14813471697059,0.07297496560037059,0.8779345565418828,0.8067297145246477,129.9265946894593,0.23617018124158684,0.23617018124158684,1.4643387038360873,0.5302019409917237,1.9904965847375886,0.19851474116964277,0.20532009506318916,0.20532009506318916,0.9434734672305208,0.9999166107353781,0.0,16.0,0.0,0.0,200.0,0.0,0.0,0.0,25985.31893789186,16.0,12.318554376188063
enterprise,3010,dynamic_leiden,0.9977229836357843,4.517323958082406,3.255926280584466,8.164882691432465,8.0,3.9805665451772874,22.480201180382835,0.32986008494160046,0.8002919950114276,0.6837956587680937,8.19522893492831,0.5828795942287719,0.5828795942287719,2.645803135069716,0.5327131956643179,3.9460034275394675,0.65761751253477,0.4840798590516998,0.4840798590516998,0.7597739285049832,0.9977229836357843,0.0,0.0,15.0,0.0,200.0,2297.0,1080.0,1080.0,1639.0457869856618,46.0,37.343800551247114
enterprise,3010,domain_heuristic,1.0000000000000002,0.9031712325928692,0.6928710528135085,0.0,8.0,1.1659608025931099,16.14813471697059,0.07686939415733286,0.849916648925273,0.7623680274650156,162.65887180124992,0.2786117634833707,0.2786117634833707,1.4848676389650906,0.5304898127114861,2.0195142715757517,0.19929430427238973,0.22059770494638686,0.22059770494638686,0.9391877944489502,1.0000000000000002,0.0,16.0,0.0,0.0,200.0,39088.0,0.0,0.0,32531.774360249983,16.0,12.692794679576462
enterprise,3010,c_kam,1.0000000000000002,0.7648034347208629,0.5457809705207514,0.0,3.0,1.1245044011537826,16.168436096192526,0.06718364830629242,0.5955717149394684,0.359655215320825,57.5444728898583,0.17239817182234968,0.17239817182234968,1.2984476973305215,0.7298666825373609,1.827323118191319,0.1644320868010062,0.17021129446662064,0.17021129446662064,0.9494841002094432,1.0000000000000002,9.0,0.0,0.0,4.0,200.0,14595.0,6385.0,6063.0,11508.89457797166,0.0,6.5
enterprise,3010,d_kam,0.9999999999999999,0.953654449433757,0.7197811443315818,0.0,5.0,1.2603742704948617,16.168436096192526,0.08040321933619499,0.7452128753586961,0.5965870526512688,82.19327877450269,0.25690088546925355,0.25690088546925355,1.5420430375598926,0.6484908751875412,1.973228871245027,0.1793861754723081,0.23173150446527,0.23173150446527,0.9373040880426851,0.9999999999999999,3.0,1.0,0.0,0.0,200.0,20088.0,6506.0,6506.0,16438.655754900537,1.0,2.466102003796622
enterprise,3011,static,0.9700714354550898,40.55765460853563,10.139842056156427,107.54012900941007,8.0,703.7100187868904,107.54012900941007,2.8573851967392376,0.8607992363140169,0.7795987908305269,0.0,1.7177799037490131,1.7177799037490131,24.751589973036644,0.5201603862345381,239.4509499070362,66.07117423920712,1.6527588606795383,1.6527588606795383,0.27461632650926066,0.9700714354550898,0.0,0.0,0.0,0.0,200.0,0.0,0.0,0.0,0.0,0.0,0.0
enterprise,3011,greedy_load,0.9948291108494917,8.983335703609713,5.711562387599885,18.580178996042726,8.0,104.62828780629839,19.432064519094673,0.6471828733944233,0.897161264504726,0.8371720021324829,290.59238586807624,2.4136597846171988,2.4136597846171988,21.08636327127626,0.5245120372982993,55.94735879436313,14.643744511893306,2.208455796709407,2.208455796709407,0.5845959033082186,0.9948291108494917,0.0,89.0,0.0,0.0,200.0,0.0,0.0,0.0,58118.47717361525,89.0,75.81574904196721
enterprise,3011,affinity_greedy,0.9596480768122553,57.665372556020046,10.885957764659866,144.99362369605365,8.0,835.5191522625287,144.99362369605365,4.054925453063147,0.8237444339258245,0.7209286870492221,2.9273566318443045,1.3464101645828566,1.3464101645828566,25.583121163541268,0.5275896965078983,278.9065588097871,77.19041662900857,1.2664182792164005,1.2664182792164005,0.22238822691402013,0.9596480768122553,0.0,43.0,0.0,0.0,200.0,0.0,0.0,0.0,585.4713263688609,43.0,37.572689560695906
enterprise,3011,balanced_affinity,0.9953535494484662,8.602568937965286,5.600586954022211,16.695752013032077,8.0,85.19180671432616,19.04925656713002,0.6205291997993133,0.894996558647319,0.8337445511915885,289.72005534451455,2.3427891943989523,2.3427891943989523,19.813283148382837,0.5259669931397296,48.89895255203041,12.702370380343828,2.121415374482991,2.121415374482991,0.5923641836586558,0.9953535494484662,0.0,14.0,0.0,0.0,200.0,0.0,0.0,0.0,57944.01106890291,14.0,10.686646413058401
enterprise,3011,dynamic_leiden,0.9947087125486191,15.385165362122326,7.593035138977157,19.01279743282109,8.0,95.31267844866973,35.41883405418321,1.095310949490306,0.8051479010930948,0.6914841767307331,17.359637224581093,2.0277235193790686,2.0277235193790686,20.70316118301424,0.5228075994729632,56.064405545155296,14.80401822071603,1.7575932573311417,1.7575932573311417,0.45289281071180953,0.9947087125486191,0.0,0.0,18.0,0.0,200.0,2176.0,1296.0,1296.0,3471.9274449162185,54.0,45.06238442838661
enterprise,3011,domain_heuristic,0.9951631520834213,8.612642533163761,5.5999514074148555,17.379892983752242,8.0,85.10456991896686,19.36510426871409,0.6212343514632067,0.8902625640354984,0.8262490597228723,314.34938122387393,2.3419551275249466,2.3419551275249466,19.773007633520002,0.5254641086327413,48.684743825568475,12.643789246256866,2.1159497528960616,2.1159497528960616,0.5924086719211707,0.9951631520834213,0.0,13.0,0.0,0.0,200.0,39060.0,0.0,0.0,62869.87624477479,13.0,10.387026470579652
enterprise,3011,c_kam,0.9999999999999998,0.8187990742936472,0.5300605495986491,0.0,4.0,1.0868709292716394,19.04925656713002,0.07566530934229868,0.5664671037971567,0.31357291434549805,34.21325502960826,0.13645827699261723,0.13645827699261723,1.2981819109735715,0.7872683927271211,1.8598441895758597,0.17295508420633496,0.1328053347387791,0.1328053347387791,0.9473010319683053,0.9999999999999998,8.0,0.0,0.0,4.0,200.0,8855.0,6315.0,5979.0,6842.6510059216525,0.0,6.0
enterprise,3011,d_kam,1.0,1.4372776641038496,1.0398864789895241,0.0,3.0,1.2548259361391811,19.04925656713002,0.11895881062901284,0.647350577572229,0.4416384144893626,57.58820399976685,0.2723139965301717,0.2723139965301717,1.5511978008535618,0.7748066890902965,2.251763053196287,0.23477691741068335,0.2470600685729206,0.2470600685729206,0.911613216910944,1.0,5.0,2.0,0.0,0.0,200.0,15342.0,6353.0,6353.0,11517.64079995337,2.0,3.99508575067879
enterprise,3012,static,0.9549357703425658,59.117958619093876,10.74695807239907,158.51316278483824,8.0,1531.695332895017,158.51316278483824,4.1511917083575245,0.79257268854855,0.6715734235352042,0.0,1.6114754046018078,1.6114754046018078,27.03093523886855,0.5238207464990562,461.35524297558703,128.04817074088413,1.5190650625236344,1.5190650625236344,0.23583558820129177,0.9549357703425658,0.0,0.0,0.0,0.0,200.0,0.0,0.0,0.0,0.0,0.0,0.0
enterprise,3012,greedy_load,0.9999859163869353,1.0781662850768188,0.7166525313135889,0.049539026123479546,8.0,1.1159765827184085,17.992872607472584,0.08840624497633096,0.8733604912430292,0.7994874444681295,302.43011992017273,0.17545492593912002,0.17545492593912002,1.247383259017296,0.5220311496107939,1.705137492969219,0.12791161222452158,0.1332850843722084,0.1332850843722084,0.9379569760772756,0.9999859163869353,0.0,90.0,0.0,0.0,200.0,0.0,0.0,0.0,60486.023984034546,90.0,77.09516128581087
enterprise,3012,affinity_greedy,0.9199581605431825,85.05082617210465,10.99428460424591,281.54669954118776,8.0,2011.9235500334305,281.54669954118776,5.96649243706828,0.6976255962151603,0.5212405273406706,3.22382538986858,1.3575676542757995,1.3575676542757995,28.32236088525857,0.5376089086485816,622.1759557059526,173.01695710370348,1.2628405031454712,1.2628405031454712,0.21852273097201289,0.9199581605431825,0.0,60.0,0.0,0.0,200.0,0.0,0.0,0.0,644.765077973716,60.0,52.84708096740536
enterprise,3012,balanced_affinity,0.9999999999999997,1.1925077401863735,0.8445303578992133,0.0,8.0,1.1460699220857737,17.992872607472584,0.0964101468339998,0.8400960058987927,0.7468186760064216,297.45284925433225,0.25872302757114773,0.25872302757114773,1.3073948637449109,0.5261949092246276,1.736432989704722,0.12899145180877958,0.1923390711745179,0.1923390711745179,0.9290055282162817,0.9999999999999997,0.0,15.0,0.0,0.0,200.0,0.0,0.0,0.0,59490.56985086645,15.0,11.183757769422442
enterprise,3012,dynamic_leiden,0.9933162293701367,15.470776925003301,7.435750774219057,23.51012388144073,8.0,151.64486197663842,38.90843760970223,1.0958889897711848,0.7990446696982317,0.6818207270222004,18.50242263477412,1.9403018644772418,1.9403018644772418,19.200446610290317,0.5225666316940408,59.83947731112503,15.882647514801231,1.6920024503030877,1.6920024503030877,0.4676200990738927,0.9933162293701367,0.0,0.0,17.0,0.0,200.0,2268.0,1224.0,1224.0,3700.484526954824,57.0,48.36446611993651
enterprise,3012,domain_heuristic,0.9999999999999994,1.241200053800025,0.8991306064836945,0.0,8.0,1.1460699220857737,17.992872607472584,0.09981860878695542,0.8392514860184582,0.7454815195292255,240.3059760799806,0.25816953889437644,0.25816953889437644,1.330134449848662,0.5266786170181829,1.738161182496794,0.12937333006416893,0.2026311660825307,0.2026311660825307,0.9251835108153681,0.9999999999999994,0.0,17.0,0.0,0.0,200.0,39060.0,0.0,0.0,48061.19521599612,17.0,12.777671539156582
enterprise,3012,c_kam,0.9999999999999998,0.8129531760304544,0.5592312241180397,0.0,5.0,1.1004603392803811,17.74296774720149,0.06984132734308544,0.7091485330031585,0.5394851772550012,39.12879717507167,0.14281989768058692,0.14281989768058692,1.175872219898562,0.6549757659775036,1.502906357253253,0.08371137144005664,0.14632110994304998,0.14632110994304998,0.9489764675809639,0.9999999999999998,5.0,3.0,0.0,2.0,200.0,20363.0,8130.0,6150.0,7825.759435014334,3.0,5.759335948786023
enterprise,3012,d_kam,0.9996696680425077,1.0870886305077634,0.8210616827400911,1.161940717704005,5.0,1.3831850537287878,17.74296774720149,0.08903080915649708,0.7225755708529664,0.5607446538505301,40.48712247487856,0.2413724348592835,0.2413724348592835,1.2491454912499542,0.6536056448858014,1.6513754028283558,0.09628136047899631,0.1812263753993247,0.1812263753993247,0.9306483354774204,0.9996696680425077,3.0,1.0,0.0,0.0,200.0,21218.0,6440.0,6440.0,8097.424494975712,1.0,2.2969568848670705
enterprise,3013,static,0.9575234679490437,55.703371946890016,10.569071944638894,151.5989029427899,8.0,932.2483947762864,151.5989029427899,3.914848686085613,0.8294307568894078,0.7299320317415622,0.0,1.5938867433819663,1.5938867433819663,24.172192076074662,0.518823634718972,352.8301961753377,97.75726017607948,1.5230919335593613,1.5230919335593613,0.2463266412627651,0.9575234679490437,0.0,0.0,0.0,0.0,200.0,0.0,0.0,0.0,0.0,0.0,0.0
enterprise,3013,greedy_load,0.9999999999999997,0.7707557946090503,0.5388936241101415,0.0,8.0,1.1421951906816319,15.62901621309194,0.0695655554259443,0.8947256333654436,0.8333155861619526,137.3932571389014,0.20843646339071698,0.20843646339071698,1.3840106446234848,0.5250128114742555,1.941539937164346,0.18129957122995857,0.15526450694648156,0.15526450694648156,0.9484391236997779,0.9999999999999997,0.0,88.0,0.0,0.0,200.0,0.0,0.0,0.0,27478.651427780278,88.0,71.43020109577569
enterprise,3013,affinity_greedy,0.9353907193697822,70.7602555209158,10.61282000309535,230.5907660190743,8.0,997.4318963510959,230.5907660190743,4.968830536267417,0.7099657255635736,0.5407790654756583,1.3694972753000911,1.4289295269800812,1.4289295269800812,21.536383533398592,0.5394895622022511,323.7065451254793,89.68684960850284,1.205741435782881,1.205741435782881,0.24326427717081325,0.9353907193697822,0.0,49.0,0.0,0.0,200.0,0.0,0.0,0.0,273.8994550600182,49.0,40.54541973557815
enterprise,3013,balanced_affinity,1.0,0.8125948677021084,0.5862400719371715,0.0,8.0,1.1573839919512308,15.62901621309194,0.07249429054245836,0.8609834902389868,0.779890526211729,131.85099568945589,0.24751178502026633,0.24751178502026633,1.4361002356528993,0.5289329815198901,1.928395479371976,0.18165122858381502,0.19519980413002322,0.19519980413002322,0.9451248723518857,1.0,0.0,12.0,0.0,0.0,200.0,0.0,0.0,0.0,26370.199137891177,12.0,9.049754781736603
enterprise,3013,dynamic_leiden,0.9999955245212709,6.139084837889909,4.187185238311196,0.015973000449164665,8.0,1.2468291996032401,22.853606010136552,0.4453485884556044,0.7945725662176748,0.6747398965113186,8.38085412455257,0.6564368877118012,0.6564368877118012,3.15531690371742,0.5305767553801843,5.379838598186555,1.038054680534578,0.5640644216438101,0.5640644216438101,0.693058710705704,0.9999955245212709,0.0,0.0,18.0,0.0,200.0,2329.0,1296.0,1296.0,1676.170824910514,59.0,46.31465871016705
enterprise,3013,domain_heuristic,1.0000000000000002,0.8060368356386053,0.5788476840338058,0.0,8.0,1.1656785835562118,15.62901621309194,0.07203522829801313,0.8530170763648945,0.7672770375777498,141.14516602421645,0.24257059946673354,0.24257059946673354,1.429428497772107,0.5311885172604606,1.9208804423341628,0.1815376652980811,0.19471892699249493,0.19471892699249493,0.9456423395051213,1.0000000000000002,0.0,13.0,0.0,0.0,200.0,39088.0,0.0,0.0,28229.03320484329,13.0,9.681812370817275
enterprise,3013,c_kam,1.0,0.6692159130833525,0.4599601946312572,0.0,4.0,1.0780955825423042,15.62901621309194,0.06245776371914543,0.6713880820542499,0.47969779658589573,33.813537396490574,0.15655748650851675,0.15655748650851675,1.283492455137081,0.6620623967894769,1.7397902956572922,0.15022764513348225,0.15411532597694977,0.15411532597694977,0.9539644637632998,1.0,8.0,0.0,0.0,4.0,200.0,19292.0,7102.0,6132.0,6762.707479298115,0.0,6.0
enterprise,3013,d_kam,1.0000000000000002,0.9433150202086699,0.7105982681343361,0.0,3.0,1.2275962393581135,15.978367844653611,0.08164470121791766,0.6073508151453102,0.3783054573134077,27.885621993773384,0.26236047208364105,0.26236047208364105,1.4315443463865978,0.7556634424024904,1.9730871575700661,0.17160191313194556,0.22437517768102544,0.22437517768102544,0.9364197986180842,1.0000000000000002,5.0,1.0,0.0,0.0,200.0,16375.0,6382.0,6382.0,5577.124398754677,1.0,3.2429427625187977
enterprise,3014,static,0.9576749300816709,51.65367381709476,10.728277723958238,147.17317030175877,8.0,904.6087578771321,147.17317030175877,3.6393577589814003,0.7602666301570963,0.6204221644154024,0.0,1.403844796170443,1.403844796170443,18.551455360176966,0.5285326512247243,247.84195677102628,68.51530379224828,1.3362566552426418,1.3362566552426418,0.23074056330705017,0.9576749300816709,0.0,0.0,0.0,0.0,200.0,0.0,0.0,0.0,0.0,0.0,0.0
enterprise,3014,greedy_load,0.9999471010382956,1.4048625775478418,0.84419012932037,0.18394081603714352,8.0,1.2105477135903029,24.15157915434129,0.12194097221311624,0.9024485238832055,0.8455434961484086,129.669112295378,0.21045063464248406,0.21045063464248406,1.489870318802726,0.5282253510374051,2.4173304266599143,0.3106090320024912,0.17175002957143345,0.17175002957143345,0.9226266949317008,0.9999471010382956,0.0,90.0,0.0,0.0,200.0,0.0,0.0,0.0,25933.8224590756,90.0,75.73007887787382
enterprise,3014,affinity_greedy,0.9497592736209409,56.368367317131906,10.741950889703977,174.6975727089618,8.0,590.5459901495726,174.6975727089618,3.9693863039840016,0.7273728483326568,0.5683403431933732,1.2673141952836886,1.0028999183926879,1.0028999183926879,15.161680645066758,0.551797230812344,182.37492366371671,50.35216973866801,0.9977740895073636,0.9977740895073636,0.2297834417048481,0.9497592736209409,0.0,37.0,0.0,0.0,200.0,0.0,0.0,0.0,253.46283905673772,37.0,31.465305193025774
enterprise,3014,balanced_affinity,0.9999888823432833,1.4632048917941596,0.9094509755062257,0.03865843077007958,8.0,1.1766135343480002,24.15157915434129,0.12602493421035846,0.8724037223413796,0.7979725603738512,129.6806349567487,0.2437811632244681,0.2437811632244681,1.4978613901875772,0.5303418475805693,2.3978792430010376,0.31110226666076746,0.20482984000960186,0.20482984000960186,0.9180584356986909,0.9999888823432833,0.0,16.0,0.0,0.0,200.0,0.0,0.0,0.0,25936.126991349738,16.0,12.5935155401272
enterprise,3014,dynamic_leiden,0.9708089708882818,44.89613819236325,10.484978743892269,101.50334794560956,8.0,437.7854837076682,101.50334794560956,3.166330265250195,0.7980917780305492,0.6803119818817028,7.212473816180136,1.3493379090560353,1.3493379090560353,18.466174219849872,0.5361699522882659,152.63139300793267,41.94560985874566,1.2124220804483725,1.2124220804483725,0.24777149191166792,0.9708089708882818,0.0,0.0,15.0,0.0,200.0,2018.0,1080.0,1080.0,1442.4947632360272,58.0,48.854321038261496
enterprise,3014,domain_heuristic,0.9999888823432831,1.4059439623795202,0.8513396190879752,0.03865843077007958,8.0,1.210799065502191,24.15157915434129,0.12201666915133373,0.8562179331749482,0.7723450608603346,139.0210351801943,0.24863261771599376,0.24863261771599376,1.4904643167142297,0.5303776263742133,2.3906548807305064,0.31044807370473604,0.20093322426872887,0.20093322426872887,0.9221262306479684,0.9999888823432831,0.0,16.0,0.0,0.0,200.0,39060.0,0.0,0.0,27804.20703603886,16.0,12.252877244198045
enterprise,3014,c_kam,0.9999999999999998,1.1851861544635731,0.6707089366178219,0.0,2.0,1.1509083699751876,24.51483135353245,0.10656362259721744,0.542812533823165,0.2761198452200111,17.508687618246768,0.14740561009413689,0.14740561009413689,1.2834457379127502,0.79471244203494,2.113510113975987,0.24251397841562247,0.1525448461232934,0.1525448461232934,0.9347703784208793,0.9999999999999998,9.0,1.0,0.0,3.0,200.0,10409.0,7025.0,6001.0,3501.7375236493535,1.0,6.682493377519805
enterprise,3014,d_kam,0.9999888823432832,1.3244138923581843,0.7984595513467608,0.03865843077007958,5.0,1.2871873178793116,24.51483135353245,0.11630956424984021,0.6625415475949862,0.4656907836920615,34.390319224767154,0.2455742720631742,0.2455742720631742,1.390324129029255,0.7026192526830823,2.2221868919748604,0.2511770856210572,0.18316470926111525,0.18316470926111525,0.9258278353898536,0.9999888823432832,3.0,1.0,0.0,0.0,200.0,20141.0,6468.0,6468.0,6878.063844953431,1.0,2.1903834884811237
enterprise,3015,static,0.9900346037389924,18.049469215594804,7.633720223549223,36.580853474260614,8.0,51.168925936769554,50.85755200800635,1.2716225631829845,0.8660440352246707,0.7879030557723954,0.0,1.137177679461813,1.137177679461813,7.564090116563732,0.5304684054943237,35.72179018644352,9.365556613218365,1.0752982314044062,1.0752982314044062,0.4576237345929976,0.9900346037389924,0.0,0.0,0.0,0.0,200.0,0.0,0.0,0.0,0.0,0.0,0.0
enterprise,3015,greedy_load,1.0000000000000002,0.23309572814444976,0.21582846986454313,0.0,8.0,1.1390692613575961,6.000656832766349,0.02447641906145985,0.912611645739253,0.8616351057538174,146.9691491992853,0.13166125472772605,0.13166125472772605,1.1072646794201932,0.5341734939832976,1.3404012304256272,0.02825052016673539,0.10396707832657405,0.10396707832657405,0.9768761573509253,1.0000000000000002,0.0,90.0,0.0,0.0,200.0,0.0,0.0,0.0,29393.829839857062,90.0,79.59564023736039
enterprise,3015,affinity_greedy,0.9127138595489385,90.56560820119846,10.724878394850785,320.4088859634803,8.0,2112.3534125390743,320.4088859634803,6.34775229217524,0.7412080629307052,0.5902460996402831,1.6585838509490713,1.1253789456177696,1.1253789456177696,26.949516674312214,0.5577265333644489,599.8421796730323,166.83525779635096,1.0857068434708188,1.0857068434708188,0.24124266260188837,0.9127138595489385,0.0,45.0,0.0,0.0,200.0,0.0,0.0,0.0,331.71677018981427,45.0,39.06884615545004
enterprise,3015,balanced_affinity,0.9999999999999999,0.28409800453785644,0.2730884634137036,0.0,8.0,1.1696102732735252,6.000656832766349,0.028046578408998313,0.8961552772791086,0.8355791890252553,153.13007135118823,0.18177567745293888,0.18177567745293888,1.1733424515945352,0.5392731923243443,1.3473038039578846,0.029115934003956626,0.16087561933511796,0.16087561933511796,0.9728679578024838,0.9999999999999999,0.0,11.0,0.0,0.0,200.0,0.0,0.0,0.0,30626.014270237647,11.0,8.442068060805775
enterprise,3015,dynamic_leiden,0.9999937553677952,5.107165588219104,3.3952968617869668,0.022922718745682302,8.0,1.1825579770822663,20.461131103062932,0.3656613092666856,0.8464806826404893,0.7569277475141081,7.165844409901183,0.5994998779300347,0.5994998779300347,3.0692431599005006,0.5441957530436506,5.608606908970648,1.1070525802189297,0.5318687696274266,0.5318687696274266,0.7543133699163556,0.9999937553677952,0.0,0.0,11.0,0.0,200.0,1792.0,792.0,792.0,1433.1688819802366,33.0,28.246393966143327
enterprise,3015,domain_heuristic,0.9999999999999999,0.28409800453785644,0.2730884634137036,0.0,8.0,1.1696102732735252,6.000656832766349,0.028046578408998313,0.8961552772791086,0.8355791890252553,159.24007741879905,0.18177567745293888,0.18177567745293888,1.1733424515945352,0.5392731923243443,1.3473038039578846,0.029115934003956626,0.16087561933511796,0.16087561933511796,0.9728679578024838,0.9999999999999999,0.0,11.0,0.0,0.0,200.0,39732.0,0.0,0.0,31848.01548375981,11.0,8.442068060805775
enterprise,3015,c_kam,0.9999999999999999,0.2621393118659639,0.25470111233423104,0.0,4.0,1.2003995321338135,6.000656832766349,0.02650946992196584,0.7952774998834711,0.6758560414821626,48.273896769969724,0.15117939694738727,0.15117939694738727,1.1456758529392514,0.6291211549808187,1.3314067373778895,0.025566163621203022,0.13087100079141178,0.13087100079141178,0.9741550723780469,0.9999999999999999,10.0,1.0,0.0,6.0,200.0,24981.0,6653.0,6215.0,9654.779353993945,1.0,8.7439193401474
enterprise,3015,d_kam,0.9999999999999991,0.6113613916883356,0.6134392827239438,0.0,5.0,1.1985472204423318,6.000656832766349,0.05095501550953185,0.721445358425783,0.5589551508408228,37.80785262977588,0.24281881305632674,0.24281881305632674,1.3829260104002155,0.6903052606243354,1.4894587705121807,0.04097338204360011,0.21368594696015974,0.21368594696015974,0.9490434004507671,0.9999999999999991,3.0,0.0,0.0,0.0,200.0,19643.0,6464.0,6464.0,7561.570525955176,0.0,1.5
enterprise,3016,static,0.9838188105033052,21.444102892042174,8.14247664143966,57.72559475415201,8.0,272.78302095998674,57.72559475415201,1.5082274487742873,0.8233220207369588,0.7202598661668514,0.0,1.3319478945684857,1.3319478945684857,14.085798155884127,0.5403461933296241,82.83723757062015,22.46628203688375,1.3283955848031548,1.3283955848031548,0.42286206740860605,0.9838188105033052,0.0,0.0,0.0,0.0,200.0,0.0,0.0,0.0,0.0,0.0,0.0
enterprise,3016,greedy_load,0.9991345329972794,2.1512989888065315,2.0747031735864074,3.0875108089093617,8.0,7.7521651519592245,7.441315749225532,0.15773117554779228,0.8949041835564578,0.8335982906310582,131.06914775678888,0.7972639877267241,0.7972639877267241,9.895425925504853,0.535858986800241,6.842015529699694,1.3827859532436182,1.103485677748835,1.103485677748835,0.8476062101583335,0.9991345329972794,0.0,90.0,0.0,0.0,200.0,0.0,0.0,0.0,26213.829551357776,90.0,74.93919004553497
enterprise,3016,affinity_greedy,0.9534137087241107,49.04476509455117,9.62121591666023,166.1942944207076,8.0,684.0454078932365,166.1942944207076,3.440273802949917,0.683415664214468,0.4987414683395744,1.3420387350197416,1.1392926529437555,1.1392926529437555,16.21783529319553,0.553889459161442,200.11554255003713,55.27109704182102,1.0137197142345074,1.0137197142345074,0.3193503181431661,0.9534137087241107,0.0,54.0,0.0,0.0,200.0,0.0,0.0,0.0,268.4077470039483,54.0,45.99414707416392
enterprise,3016,balanced_affinity,0.9993195548336237,2.0648388204413877,1.9940429552935035,2.427454541254307,8.0,4.230531019814502,7.441315749225532,0.15167896376223222,0.8576997450739097,0.7746912630336904,125.96638359085773,0.6702153882572659,0.6702153882572659,8.425123665535853,0.5432535590641409,5.269915325130296,0.9933375947259749,0.9389995183740338,0.9389995183740338,0.853252425438837,0.9993195548336237,0.0,9.0,0.0,0.0,200.0,0.0,0.0,0.0,25193.276718171546,9.0,6.742435417837537
enterprise,3016,dynamic_leiden,0.9988940725165497,6.4728634676869765,4.534809178111986,3.9453417037174123,8.0,5.738466583506715,27.534590828315938,0.46024068906942334,0.7736496821012636,0.6416119966603341,6.783156794990646,0.8679801328873203,0.8679801328873203,9.144434661804047,0.543980253161114,8.74996000761703,1.9204566705662232,0.9303618472818704,0.9303618472818704,0.6753987898415431,0.9988940725165497,0.0,0.0,14.0,0.0,200.0,1899.0,1008.0,1008.0,1356.6313589981291,46.0,36.561048620074956
enterprise,3016,domain_heuristic,0.9993170246348919,2.1213080147052255,2.040548303226659,2.4364809003265293,8.0,4.260082515833046,7.441315749225532,0.15563180736070087,0.8465733170571914,0.7570744186738864,135.2348772896221,0.6772317829112521,0.6772317829112521,8.446737642475997,0.5431366807206547,5.292259734216896,0.9994101829248637,0.9383855155856842,0.9383855155856842,0.8499970510835161,0.9993170246348919,0.0,10.0,0.0,0.0,200.0,38430.0,0.0,0.0,27046.975457924418,10.0,7.337378956306404
enterprise,3016,c_kam,0.9999999999999998,0.27809213555894424,0.24172037962489248,0.0,4.0,1.1202195785542486,7.441315749225532,0.02660669582046119,0.7892805241174595,0.6663608298526441,34.645682004484115,0.12030982465422331,0.12030982465422331,1.178215858905369,0.6464841121249136,1.3141932267008118,0.026452952616727185,0.12194407088691159,0.12194407088691159,0.9759150057356396,0.9999999999999998,5.0,1.0,0.0,1.0,200.0,20524.0,7596.0,6153.0,6929.136400896823,1.0,3.7863728376912036
enterprise,3016,d_kam,0.9999999999999998,0.5820030181809506,0.5502078490377114,0.0,4.0,1.2040563362807317,7.441315749225532,0.047880457604001656,0.7211875017647745,0.5585468777942264,31.29525058058789,0.20336696263567958,0.20336696263567958,1.302169349255676,0.6743357450509877,1.4310042968701777,0.03985946336753644,0.1874259620215819,0.1874259620215819,0.9543208828767422,0.9999999999999998,4.0,1.0,0.0,0.0,200.0,18733.0,6449.0,6449.0,6259.050116117578,1.0,2.7863728376912036
enterprise,3017,static,0.9528162161804544,71.08025367848369,11.115603636764378,174.73489768262402,8.0,1759.2257662342215,174.76871105469576,4.997038401539802,0.8420918016527753,0.7499786859502273,0.0,1.7342638615524097,1.7342638615524097,35.21207718260136,0.532844521379767,637.7252961700649,177.2308788857318,1.6886128538884975,1.6886128538884975,0.2047465574312589,0.9528162161804544,0.0,0.0,0.0,0.0,200.0,0.0,0.0,0.0,0.0,0.0,0.0
enterprise,3017,greedy_load,0.9996813068536959,1.3653151086256088,0.8689131208887567,1.1802108649168803,8.0,2.3028837728093885,23.53602478178585,0.11699270164973694,0.892868150829199,0.8303745721462318,131.7933588156302,0.2702522830820387,0.2702522830820387,1.9496392224388686,0.5359059876400806,2.509046571466431,0.320037182853839,0.21902993226163614,0.21902993226163614,0.9220148935425524,0.9996813068536959,0.0,90.0,0.0,0.0,200.0,0.0,0.0,0.0,26358.67176312604,90.0,74.16056809700184
enterprise,3017,affinity_greedy,0.8927615707423703,113.4761370152339,11.631133514365562,397.1342365343498,8.0,3439.803382755797,397.1342365343498,7.964750235112317,0.7651464916158719,0.6281486117251306,1.324390974623384,1.4069569938625746,1.4069569938625746,36.09733445862153,0.5451125892368279,974.4277636271863,271.3096815122346,1.3244156628726496,1.3244156628726496,0.168659465999176,0.8927615707423703,0.0,41.0,0.0,0.0,200.0,0.0,0.0,0.0,264.8781949246768,41.0,34.35566003978801
enterprise,3017,balanced_affinity,0.9997851383211542,1.4144153203231782,0.9233843684269285,0.7956935716031865,8.0,1.83815630120177,23.53602478178585,0.12042971646856683,0.8679675113857164,0.7909485596940508,130.85423408367205,0.29131135647603157,0.29131135647603157,1.8567415633039144,0.5363902709073065,2.460784286908895,0.31452612021307647,0.24087164829957583,0.24087164829957583,0.9182019062148804,0.9997851383211542,0.0,16.0,0.0,0.0,200.0,0.0,0.0,0.0,26170.84681673441,16.0,12.599415004576743
enterprise,3017,dynamic_leiden,0.9853974625061171,20.47874721862856,8.410656755280321,54.077326749775715,8.0,1450.7260022996602,54.077326749775715,1.4549329493499434,0.8159387670434951,0.708569714485534,7.453483405552106,3.278286813447934,3.278286813447934,63.38647738800787,0.536841551848159,347.8914174921723,95.90385136550972,3.2448452386312527,3.2448452386312527,0.39409283913514304,0.9853974625061171,0.0,0.0,12.0,0.0,200.0,2108.0,864.0,864.0,1490.6966811104212,47.0,37.149583358953194
enterprise,3017,domain_heuristic,0.9997887054105536,1.426854411326906,0.9364995076975106,0.782483630584895,8.0,1.8263195734522262,23.53602478178585,0.12130045283882776,0.8651960874031199,0.7865604717216064,141.94446489374968,0.29297360097090946,0.29297360097090946,1.849098244246382,0.5358416783983989,2.4592235100698954,0.31435462479177384,0.2424205693624446,0.2424205693624446,0.9172838464659399,0.9997887054105536,0.0,15.0,0.0,0.0,200.0,39690.0,0.0,0.0,28388.892978749936,15.0,11.796869523493806
enterprise,3017,c_kam,1.0000000000000002,1.104544602853392,0.661357624629308,0.0,3.0,1.1749370754508914,23.53602478178585,0.0987387662456818,0.5348597683595799,0.26352796656933497,21.51834261516342,0.17627431861419857,0.17627431861419857,1.3981181324345888,0.7768194219156672,2.145988734633815,0.2498947014480031,0.1889639056029272,0.1889639056029272,0.9365437782807138,1.0000000000000002,7.0,2.0,0.0,2.0,200.0,12732.0,6488.0,6037.0,4303.668523032684,2.0,5.743427424655736
enterprise,3017,d_kam,1.0000000000000004,1.3962085491937395,0.8230930015405965,0.0,2.0,1.2267699986049037,24.912158830387334,0.11915524248950614,0.48041949470842027,0.17733086662166545,19.545656651607715,0.24977218576822868,0.24977218576822868,1.705290924164348,0.8768654688362311,2.4579841902354826,0.29885904856866646,0.20004097541915938,0.20004097541915938,0.9252223018969237,1.0000000000000004,6.0,0.0,0.0,0.0,200.0,11981.0,6300.0,6300.0,3909.131330321543,0.0,3.0
enterprise,3018,static,0.9963641395048366,7.582809282920327,4.956280664455148,12.745183506121823,8.0,6.472260464882916,19.879303544754634,0.5315784179530294,0.8031826042352884,0.6883724567058732,0.0,0.7792569217961778,0.7792569217961778,3.727491481583269,0.5244081488146362,8.589128047630036,1.904394477454198,0.740514716044448,0.740514716044448,0.6521731159951139,0.9963641395048366,0.0,0.0,0.0,0.0,200.0,0.0,0.0,0.0,0.0,0.0,0.0
enterprise,3018,greedy_load,0.9999999999999999,0.017258492435489336,0.01944828782194077,0.0,8.0,1.1329336388927345,0.6677430302489297,0.001989862619090792,0.8665839441476599,0.7887579115671283,130.92882771903533,0.11177407301595522,0.11177407301595522,0.95262657795262,0.5219305052311256,1.1800784397019115,0.00017381981062185184,0.06004868037181925,0.06004868037181925,0.9977513823594384,0.9999999999999999,0.0,89.0,0.0,0.0,200.0,0.0,0.0,0.0,26185.765543807065,89.0,75.08961747031204
enterprise,3018,affinity_greedy,0.9584137040879949,35.95487073814197,8.572234925540132,145.7770377723204,8.0,546.4689239380979,145.7770377723204,2.5176227198185446,0.7197601941398751,0.5562869740548024,1.3625491414859425,0.8756666226907361,0.8756666226907361,9.71115395100506,0.5419032532637763,95.3120595788709,26.088852723577016,0.7814323785799613,0.7814323785799613,0.3990563177191651,0.9584137040879949,0.0,53.0,0.0,0.0,200.0,0.0,0.0,0.0,272.5098282971885,53.0,43.877600277781845
enterprise,3018,balanced_affinity,1.0,0.12060374045707646,0.1336083011288768,0.0,8.0,1.1780525802123192,2.0237707772343114,0.009224029980601891,0.8277032432623241,0.7271968018320132,130.53213217033772,0.15899378505233597,0.15899378505233597,1.0230975327787097,0.5245392664189065,1.1689798473883841,0.0013722473455421275,0.11160032578790911,0.11160032578790911,0.9897601814279529,1.0,0.0,8.0,0.0,0.0,200.0,0.0,0.0,0.0,26106.426434067544,8.0,6.120588268625087
enterprise,3018,dynamic_leiden,0.9997432614430588,0.2756562341925705,0.2983300621809902,0.8999740297152925,8.0,1.3425230285969338,2.6607651775357173,0.02007770454208647,0.8111479429990256,0.7009842430817903,3.412244329811074,0.20461132594774079,0.20461132594774079,1.1123692821176625,0.5231829135039688,1.2163439633461364,0.005396083764117706,0.1427507757733916,0.1427507757733916,0.978229658154305,0.9997432614430588,0.0,0.0,4.0,0.0,200.0,968.0,288.0,288.0,682.4488659622148,5.0,3.566233709928559
enterprise,3018,domain_heuristic,1.0,0.18971692337887183,0.2093993920461291,0.0,8.0,1.1688437150417919,1.8224052107149626,0.014061952785127564,0.8171603798576768,0.7105039347746547,140.18537231750088,0.16492664231660115,0.16492664231660115,1.0443697667153442,0.5238007078600063,1.1699821758319595,0.0022101521957405253,0.12110151070647249,0.12110151070647249,0.9844548050637454,1.0,0.0,6.0,0.0,0.0,200.0,40068.0,0.0,0.0,28037.074463500176,6.0,4.492932767650147
enterprise,3018,c_kam,0.9999999999999998,0.02535956777316061,0.028710998812749727,0.0,5.0,1.2817641400242317,0.6677430302489297,0.002556937892727781,0.7163507943859461,0.550888757777748,46.828576244733995,0.11129463408918693,0.11129463408918693,0.9580422195761451,0.6335764181929489,1.1551318854039392,0.0002350978169706301,0.08626261581552751,0.08626261581552751,0.9971029925900818,0.9999999999999998,4.0,1.0,0.0,1.0,200.0,27898.0,9051.0,6262.0,9365.715248946799,1.0,3.214603310786204
enterprise,3018,d_kam,0.9990625379603603,0.4914680712614623,0.503337020900662,3.286189264171719,7.0,1.8513475845093774,3.7835446381558633,0.0351845331369089,0.7798811216937815,0.6514784426818209,37.89981556459679,0.2347166261957447,0.2347166261957447,1.2896614341199004,0.5785729656250232,1.3393982486920692,0.022007708706709615,0.18642344656725043,0.18642344656725043,0.963879171043928,0.9990625379603603,1.0,0.0,0.0,0.0,200.0,22515.0,6598.0,6598.0,7579.9631129193585,0.0,0.5
enterprise,3019,static,0.9843152136283199,24.239220542922165,8.543301574082319,55.319611760616894,8.0,100.32764466768907,59.25599490757279,1.704371191915862,0.8224068230070833,0.7188108030945486,0.0,0.9819783702768448,0.9819783702768448,7.461907306293683,0.5311051266922895,43.19668672222373,11.502317024504721,0.9782921998288535,0.9782921998288535,0.39436020385579323,0.9843152136283199,0.0,0.0,0.0,0.0,200.0,0.0,0.0,0.0,0.0,0.0,0.0
enterprise,3019,greedy_load,0.9944184251006766,6.793411192883123,4.447803178992516,19.685990559670515,8.0,215.95428315240477,19.685990559670515,0.483164537413129,0.8877452074938972,0.8222632451986703,151.01333764061565,2.5528141195885414,2.5528141195885414,28.50545005899976,0.5291979012470049,74.58483929026124,19.805971397103306,2.321587146154356,2.321587146154356,0.6810450915120794,0.9944184251006766,0.0,89.0,0.0,0.0,200.0,0.0,0.0,0.0,30202.66752812313,89.0,75.48064454488065
enterprise,3019,affinity_greedy,0.9299451658332835,63.03004365212225,9.452938403978289,247.08058727879944,8.0,1895.7936289749068,247.08058727879944,4.419728809559869,0.7466383405010447,0.5988440391266542,1.6375281552609522,1.002076978864366,1.002076978864366,16.21780925256633,0.5566406773279745,374.6099975097906,104.00174073049166,0.9866554018243341,0.9866554018243341,0.33068562576307525,0.9299451658332835,0.0,61.0,0.0,0.0,200.0,0.0,0.0,0.0,327.50563105219044,61.0,51.374570430667276
enterprise,3019,balanced_affinity,0.9999555635955252,0.502935285009116,0.4547462700854426,0.1567254143807286,8.0,1.1830358767686076,9.367625633468316,0.042831223861948396,0.8633869202638098,0.7836959570843657,141.4287500217324,0.20233878330476274,0.20233878330476274,1.2273793604511354,0.5332905658632054,1.4011813753039772,0.045177761328309966,0.17435670550039123,0.17435670550039123,0.9605590751355746,0.9999555635955252,0.0,14.0,0.0,0.0,200.0,0.0,0.0,0.0,28285.750004346482,14.0,10.679428061170338
enterprise,3019,dynamic_leiden,0.997917486906041,6.024387584219177,4.504025161846234,7.3449400657578,8.0,21.99814043797227,16.741773865659354,0.42933288480665277,0.7873361682789664,0.6632822664416967,7.787354365864303,1.256739461081354,1.256739461081354,10.6870991572802,0.5346091145463303,11.790418725431868,2.65983496310174,1.1168243600441,1.1168243600441,0.6771095527123191,0.997917486906041,0.0,0.0,15.0,0.0,200.0,2131.0,1080.0,1080.0,1557.4708731728606,51.0,42.29652670940117
enterprise,3019,domain_heuristic,0.9999796113356647,0.4673097764531556,0.4150318151760627,0.07191000046842394,8.0,1.1816481410092712,9.367625633468316,0.040337438263031176,0.8515829727210275,0.7650063734749601,145.24992062564706,0.19982037144589476,0.19982037144589476,1.182597329957202,0.5318020524853398,1.3880387842844226,0.044861155300712066,0.15961219019031156,0.15961219019031156,0.9633390869792311,0.9999796113356647,0.0,11.0,0.0,0.0,200.0,39690.0,0.0,0.0,29049.984125129413,11.0,8.85126870990079
enterprise,3019,c_kam,0.9999999999999998,0.3373107898153109,0.2809787442416255,0.0,4.0,1.1381642452805996,9.367625633468316,0.031237509198382044,0.7197545657546496,0.5562780624448618,31.72020762009197,0.12286887012673517,0.12286887012673517,1.0852216513935273,0.6793907918694214,1.345759517662236,0.037033960342006386,0.10551170506357564,0.10551170506357564,0.9727228019446416,0.9999999999999998,7.0,0.0,0.0,3.0,200.0,17777.0,6423.0,6111.0,6344.041524018394,0.0,5.0
enterprise,3019,d_kam,1.0,0.5410741094621374,0.49076161692452747,0.0,4.0,1.245167048634798,9.367625633468316,0.04550094157365992,0.6767290255149923,0.48815429039873776,34.84903639415279,0.19949829362821234,0.19949829362821234,1.2072605338074252,0.7137688199378565,1.4675473661864933,0.0479584206229946,0.16696762817406868,0.16696762817406868,0.9580380008568387,1.0,4.0,0.0,0.0,0.0,200.0,19637.0,6415.0,6415.0,6969.807278830558,0.0,2.0
enterprise,3020,static,1.0,5.9533108005687945,4.258146199351029,0.0,8.0,1.1638098261884333,22.11240288639572,0.4228728668970278,0.7901388528730362,0.6677198503823072,0.0,0.6575297752290129,0.6575297752290129,2.980939212527937,0.5446024766968033,5.477268278960555,1.0665026782633014,0.6290720334727194,0.6290720334727194,0.6956911343823522,1.0,0.0,0.0,0.0,0.0,200.0,0.0,0.0,0.0,0.0,0.0,0.0
enterprise,3020,greedy_load,0.9971749527501771,3.3058616001724,2.8133979006944436,10.071192513128278,8.0,56.140384425460624,10.071192513128278,0.23755142286928022,0.8734781599532976,0.7996737532593879,129.62246235605562,1.322628271830979,1.322628271830979,13.120145326295342,0.5373244394136324,16.763162099537556,4.009566227113123,1.4262349578635893,1.4262349578635893,0.7968235152883131,0.9971749527501771,0.0,88.0,0.0,0.0,200.0,0.0,0.0,0.0,25924.492471211124,88.0,71.73933113156797
enterprise,3020,affinity_greedy,0.950445106937935,45.811048739375146,9.06523419077073,176.66142328301083,8.0,979.5286561657381,176.66142328301083,3.212914522613472,0.698727001496901,0.5229844190367597,1.3105685709160753,0.9237053107013378,0.9237053107013378,15.389876365626456,0.5713074540723048,221.18987389593312,61.20576641817629,0.9589412591274403,0.9589412591274403,0.35919497498297304,0.950445106937935,0.0,52.0,0.0,0.0,200.0,0.0,0.0,0.0,262.11371418321505,52.0,42.63753102285987
enterprise,3020,balanced_affinity,1.0,0.1599973055529747,0.16426112858965602,0.0,8.0,1.1491186869478391,3.5422059213030597,0.01734092224592045,0.844457821146625,0.7537248834821563,131.84273437931552,0.14550762727831115,0.14550762727831115,1.0387547892830111,0.5466427531790419,1.2085095832737425,0.007290760592092847,0.12652956524194253,0.12652956524194253,0.9822630893356482,1.0,0.0,9.0,0.0,0.0,200.0,0.0,0.0,0.0,26368.546875863103,9.0,6.776728773051502
enterprise,3020,dynamic_leiden,0.9945497252700941,7.268663880703383,4.750259637057441,19.43003468623531,8.0,199.63882251719417,23.381428133031044,0.5149475825064489,0.8044635375354509,0.690400601097797,5.568537495128112,2.4790207250088874,2.4790207250088874,24.466218056727676,0.5449681426618374,59.69718097890971,15.687010922365534,2.09726811717337,2.09726811717337,0.6612431937429032,0.9945497252700941,0.0,0.0,9.0,0.0,200.0,1528.0,648.0,648.0,1113.7074990256224,27.0,22.089298136898485
enterprise,3020,domain_heuristic,1.0,0.19154161020326368,0.19808820952447587,0.0,8.0,1.1357488554227748,3.5422059213030597,0.019549023571440675,0.834265321817567,0.737586759544481,140.64860527505516,0.15307330562527477,0.15307330562527477,1.054706631701346,0.5441740941195279,1.2093712546848345,0.00788757119031961,0.12318939240514616,0.12318939240514616,0.9798951936702107,1.0,0.0,8.0,0.0,0.0,200.0,39690.0,0.0,0.0,28129.721055011032,8.0,6.258822571175064
enterprise,3020,c_kam,0.9999999999999999,0.1173507124762488,0.11677886130071048,0.0,3.0,1.1827732976779601,3.5422059213030597,0.014355660730549634,0.6220135597802195,0.40152146965201424,37.69341318955412,0.10238947735843809,0.10238947735843809,0.9935678665294654,0.7286582370322495,1.2067685891317423,0.006916306334297927,0.09888045699573983,0.09888045699573983,0.9855868480458745,0.9999999999999999,6.0,1.0,0.0,1.0,200.0,22986.0,8219.0,6192.0,7538.682637910824,1.0,4.258376302990122
enterprise,3020,d_kam,0.9999999999999994,0.469127949012794,0.47758190499565273,0.0,4.0,1.2332875350570034,4.408561647210329,0.03898006728810781,0.6336482000909708,0.4199429834773705,33.06408258489682,0.17349581705409364,0.17349581705409364,1.2095611264943664,0.7400941319018127,1.3561823189830926,0.024147180832842306,0.15939151856865275,0.15939151856865275,0.9603306349872284,0.9999999999999994,4.0,0.0,0.0,0.0,200.0,20358.0,6435.0,6435.0,6612.816516979365,0.0,2.0
enterprise,3021,static,0.9868430623240759,27.322055477588947,9.3862709450602,44.797075666329945,8.0,115.86079921628327,52.63641083272986,1.935193235854061,0.7837599047704203,0.6576198492198323,0.0,1.5040876260038374,1.5040876260038374,12.15256919291668,0.5228081688868461,79.75557774984225,21.569418952531485,1.4310121345441633,1.4310121345441633,0.32503179384591957,0.9868430623240759,0.0,0.0,0.0,0.0,200.0,0.0,0.0,0.0,0.0,0.0,0.0
enterprise,3021,greedy_load,0.9999786349056724,1.4352818124772153,0.8328034253756876,0.07274441597245102,8.0,1.1474629161193228,22.16120629225623,0.12311907929623961,0.881482000037512,0.8123465000593939,130.2439975651214,0.20438683232181515,0.20438683232181515,1.471007661351971,0.5235301273012584,2.5097028912940766,0.3425475108025164,0.1686381004685668,0.1686381004685668,0.9237745202238353,0.9999786349056724,0.0,89.0,0.0,0.0,200.0,0.0,0.0,0.0,26048.799513024278,89.0,76.21350569276963
enterprise,3021,affinity_greedy,0.9731447070426619,30.730755407364963,9.583289452609066,91.43758375117628,8.0,210.40484776521137,91.43758375117628,2.173802230938382,0.7135144137245409,0.546397821730523,1.255330934363883,0.9657297486110903,0.9657297486110903,9.931806555681174,0.5464214019701488,60.299434532992315,16.292567923006555,1.0263357737325047,1.0263357737325047,0.31124049831749895,0.9731447070426619,0.0,43.0,0.0,0.0,200.0,0.0,0.0,0.0,251.0661868727766,43.0,35.089060231381794
enterprise,3021,balanced_affinity,1.0000000000000004,1.540969147278489,0.9513703571892379,0.0,8.0,1.1085456583272002,22.16120629225623,0.13051719273232879,0.8242840574224326,0.7217830909188515,130.3063205104263,0.2741821933261665,0.2741821933261665,1.5428366916433855,0.5287527339308634,2.5140340547563165,0.34359850143777587,0.22966659230288852,0.22966659230288852,0.9154748349968869,1.0000000000000004,0.0,15.0,0.0,0.0,200.0,0.0,0.0,0.0,26061.26410208526,15.0,11.461914302318116
enterprise,3021,dynamic_leiden,0.9999615706750166,5.959486900012701,3.1294950982738876,0.13084514204625736,8.0,1.150860691493425,33.92060109550354,0.4398134354237236,0.7843371237745402,0.6585337793096889,6.636628475389443,0.47442696009572316,0.47442696009572316,2.4882330235094496,0.5239041454314346,5.964936288550612,1.257096564728699,0.4004013996298187,0.4004013996298187,0.7630061031209614,0.9999615706750166,0.0,0.0,12.0,0.0,200.0,1921.0,864.0,864.0,1327.3256950778887,41.0,35.2113495962362
enterprise,3021,domain_heuristic,1.0000000000000004,1.4891555362342477,0.893735571532126,0.0,8.0,1.1085456583272002,22.16120629225623,0.1268902399592319,0.8225458029536082,0.7190308546765465,141.6687351555447,0.26593512000768166,0.26593512000768166,1.5218015004764005,0.5284036296070133,2.502603864720307,0.34309366025954596,0.22022831614738578,0.22022831614738578,0.9195092699928847,1.0000000000000004,0.0,15.0,0.0,0.0,200.0,40320.0,0.0,0.0,28333.747031108942,15.0,11.461914302318116
enterprise,3021,c_kam,0.9998699521039753,1.3320382540177818,0.7951445166327683,0.44279038040347335,4.0,1.0926489994337645,22.016239093521236,0.11589203020407927,0.6233891339284036,0.4036994620533057,32.53788193076616,0.19029087470370926,0.19029087470370926,1.4059433266390011,0.6787785752075169,2.1850421564373037,0.26819530581188117,0.1786001159776839,0.1786001159776839,0.9264106438358397,0.9998699521039753,8.0,4.0,0.0,4.0,200.0,19357.0,7206.0,6134.0,6507.576386153232,4.0,8.787450196407336
enterprise,3021,d_kam,1.0,1.3990481278253133,0.836656370894235,0.0,3.0,1.3161677567814505,22.016239093521236,0.12058272137060647,0.5425268561247288,0.2756675221974875,21.79927188451984,0.2677503147556722,0.2677503147556722,1.4383917148468683,0.8310094406467666,2.427313535613065,0.28711007166934205,0.2551749690370729,0.2551749690370729,0.923504814037537,1.0,5.0,3.0,0.0,0.0,200.0,13555.0,6355.0,6355.0,4359.854376903968,3.0,5.080210750076271
enterprise,3022,static,0.9689182139342254,32.65333609523497,9.28942379927284,109.97590187189962,8.0,444.5755131376295,109.97590187189962,2.3004104034923563,0.794922736697434,0.6752943331042707,0.0,1.4765502735801184,1.4765502735801184,14.300172170580643,0.5246610694069568,129.2432049547919,35.38752261384255,1.4325101945526049,1.4325101945526049,0.336603514577917,0.9689182139342254,0.0,0.0,0.0,0.0,200.0,0.0,0.0,0.0,0.0,0.0,0.0
enterprise,3022,greedy_load,1.0000000000000007,0.5563028239848917,0.40548509492167606,0.0,8.0,1.1473673925993557,14.374956019185403,0.053618074504850684,0.873164537906791,0.7991771850190859,131.77522803060128,0.16363104504054274,0.16363104504054274,1.2161923201166598,0.5212388193457356,1.5844373638195868,0.09755862043256597,0.1250834515062973,0.1250834515062973,0.9584792238824983,1.0000000000000007,0.0,90.0,0.0,0.0,200.0,0.0,0.0,0.0,26355.045606120257,90.0,76.90109930424937
enterprise,3022,affinity_greedy,0.9531494582972329,44.22371446668975,10.088277165392867,165.77009332878808,8.0,838.3205361866449,165.77009332878808,3.1103368894941905,0.7273007093658928,0.5682261231626636,1.3720496588211972,1.1396297961183506,1.1396297961183506,12.956963172288974,0.5521243891339266,147.76926338845504,40.65390609652782,1.0697631827496505,1.0697631827496505,0.28068377894951496,0.9531494582972329,0.0,62.0,0.0,0.0,200.0,0.0,0.0,0.0,274.40993176423945,62.0,51.319488702308945
enterprise,3022,balanced_affinity,0.9999999999999999,0.641554955257479,0.500559692170038,0.0,8.0,1.1840163396142076,14.374956019185403,0.0595857236939318,0.8673694169744921,0.7900015768762791,131.64242972809006,0.21124773928676427,0.21124773928676427,1.2969420457967242,0.5267618777103891,1.596381847886691,0.09838912387383553,0.18179043826112104,0.18179043826112104,0.951824002075113,0.9999999999999999,0.0,14.0,0.0,0.0,200.0,0.0,0.0,0.0,26328.485945618013,14.0,10.110481693033998
enterprise,3022,dynamic_leiden,0.9964735352323277,5.184343179369431,3.605543832352645,12.477601590313736,8.0,7.23998897119645,21.817334704328236,0.3775808993817684,0.807441148552258,0.6951151518744086,8.002407434833003,0.6062505481672118,0.6062505481672118,2.794742747468886,0.5254294598624688,4.6559555769668926,0.8488959192244159,0.524635789105857,0.524635789105857,0.7344751122623304,0.9964735352323277,0.0,0.0,18.0,0.0,200.0,2245.0,1296.0,1296.0,1600.4814869666006,54.0,44.223085731251686
enterprise,3022,domain_heuristic,1.0000000000000002,0.6234312582877274,0.4803200068529319,0.0,8.0,1.1127336069404286,14.374956019185403,0.05831706490604918,0.86461141381925,0.785634738547146,140.55129073996795,0.20837575026744312,0.20837575026744312,1.2900808080222423,0.5267519106273929,1.5911293718701638,0.09827983859959843,0.17895678531091241,0.17895678531091241,0.9532407800473104,1.0000000000000002,0.0,13.0,0.0,0.0,200.0,40320.0,0.0,0.0,28110.25814799359,13.0,9.464256247419716
enterprise,3022,c_kam,1.0000000000000009,0.559075194688465,0.4267031596327112,0.0,5.0,1.0981688427396628,14.374956019185403,0.05381214045410081,0.6526624885489702,0.45004894020253644,39.2814553102653,0.14415747304956025,0.14415747304956025,1.2395253749248372,0.6424671109984732,1.4727627256015732,0.0873953789009911,0.14364395783829448,0.14364395783829448,0.9569939593527259,1.0000000000000009,7.0,2.0,0.0,4.0,200.0,22705.0,6677.0,6183.0,7856.29106205306,2.0,6.943729278061964
enterprise,3022,d_kam,1.0000000000000002,0.8183607234526115,0.6947856136298386,0.0,4.0,1.2428863393177827,14.374956019185403,0.07196212746759106,0.5992785133190711,0.3655243127551959,31.31199432449648,0.25944898395522137,0.25944898395522137,1.4350917884650687,0.7475297656533848,1.7120157780542258,0.10321322895761316,0.2180927957821592,0.2180927957821592,0.9382281875729269,1.0000000000000002,4.0,0.0,0.0,0.0,200.0,18681.0,6413.0,6413.0,6262.398864899296,0.0,2.0
enterprise,3023,static,0.9889174057409127,21.496883909449043,8.549193649643465,40.45575039964553,8.0,745.768857551263,44.34418332761389,1.5120183615509586,0.7752434458345155,0.6441354559046496,0.0,3.353793036543706,3.353793036543706,69.85241343576575,0.5613489405744023,339.92340763065056,93.66104970762866,3.2502444730796096,3.2502444730796096,0.39442521189579055,0.9889174057409127,0.0,0.0,0.0,0.0,200.0,0.0,0.0,0.0,0.0,0.0,0.0
enterprise,3023,greedy_load,0.9814506879700793,20.225790561598366,7.769377962067827,67.71215475584813,8.0,1281.7824507213659,67.71215475584813,1.4230418272014111,0.8536449210417885,0.7682711249828319,124.16300595476059,3.9336045650391,3.9336045650391,71.40116079394383,0.5603002304840615,424.6688666810792,117.1352971544277,3.63805177827373,3.63805177827373,0.44901231002608527,0.9814506879700793,0.0,89.0,0.0,0.0,200.0,0.0,0.0,0.0,24832.60119095212,89.0,72.95510091801165
enterprise,3023,affinity_greedy,0.9224923291056739,92.90450313698753,11.181489938634359,282.93294101131073,8.0,3331.6422855564783,282.93294101131073,6.510551707478653,0.6536449719973193,0.4516045389957556,1.3287020345160272,1.7271483022790581,1.7271483022790581,71.01863607192966,0.5780966613284803,1079.8076415244952,300.64258843933465,1.6564908354479837,1.6564908354479837,0.2101644716664279,0.9224923291056739,0.0,57.0,0.0,0.0,200.0,0.0,0.0,0.0,265.74040690320544,57.0,46.99050887693887
enterprise,3023,balanced_affinity,0.9899121151645291,15.131063954349267,7.211613800523947,36.82467673392703,8.0,750.2985890355069,36.82467673392703,1.0664109646939743,0.8051134398635864,0.691429613117345,125.3141599643277,4.154422723473539,4.154422723473539,70.07591951908432,0.5678037558960025,336.5138083003856,92.47856649840702,3.948216080845049,3.948216080845049,0.4880558013341567,0.9899121151645291,0.0,11.0,0.0,0.0,200.0,0.0,0.0,0.0,25062.83199286554,11.0,7.767013181263247
enterprise,3023,dynamic_leiden,0.9827051344508418,24.539602369441752,8.732783193655168,63.132940491658886,8.0,1133.7924759479372,63.132940491658886,1.7250086537504483,0.7580982446776345,0.6169888874062545,4.741387655085418,3.3521576461793683,3.3521576461793683,70.40327188666815,0.5556247573816574,411.4957685865254,113.64161975069946,3.159750434102954,3.159750434102954,0.38157394381497134,0.9827051344508418,0.0,0.0,12.0,0.0,200.0,1355.0,864.0,864.0,948.2775310170837,23.0,18.960584841134068
enterprise,3023,domain_heuristic,0.9899196493751635,15.097166981090684,7.207285997075277,36.797173954544554,8.0,749.8917005870851,36.797173954544554,1.0640381765658737,0.7962690593183694,0.6774260105874182,134.79376163944835,4.228447301374741,4.228447301374741,70.07850012266232,0.5677658470417015,336.5943014010513,92.48188776036972,3.9534507659909677,3.9534507659909677,0.48835874757556363,0.9899196493751635,0.0,9.0,0.0,0.0,200.0,39060.0,0.0,0.0,26958.75232788967,9.0,6.965876287911632
enterprise,3023,c_kam,0.9999999999999998,0.636434906263544,0.45138956101033784,0.0,2.0,1.2433266619688281,15.488526094220607,0.05178693132797377,0.48913024789782367,0.19112289250488756,11.751048126461683,0.14201136272881043,0.14201136272881043,1.6436575049303928,0.8783735888736541,1.8540189157985612,0.15822601133095524,0.12995250593142815,0.12995250593142815,0.9612714981001094,0.9999999999999998,6.0,2.0,0.0,0.0,200.0,7455.0,6556.0,5958.0,2350.2096252923366,2.0,4.367983469194071
enterprise,3023,d_kam,0.999859107433965,0.9304012853806957,0.7389438289424298,0.5143122947049826,4.0,1.4715250291411675,15.488526094220607,0.07236457786617438,0.6182664646755625,0.3955885690696407,27.75484061334282,0.2582367983230051,0.2582367983230051,2.395377618399003,0.759360505003377,2.030084665058733,0.1860379286286454,0.24384194711727225,0.24384194711727225,0.941142699344863,0.999859107433965,4.0,0.0,0.0,0.0,200.0,17352.0,6358.0,6358.0,5550.968122668564,0.0,2.0
enterprise,3024,static,0.9392535780665648,75.76829293578064,11.269829952559661,221.4214885854184,8.0,2277.6968179014852,221.4214885854184,5.325395959763694,0.8129135148048232,0.7037797317743036,0.0,1.7771997391728973,1.7771997391728973,35.39919539317637,0.5320271604902659,682.1039395375427,189.61074278972328,1.7206489754515581,1.7206489754515581,0.1939037507844482,0.9392535780665648,0.0,0.0,0.0,0.0,200.0,0.0,0.0,0.0,0.0,0.0,0.0
enterprise,3024,greedy_load,0.9917989181164818,9.91995311724729,5.332259912364104,29.893048855605223,8.0,532.2864964891685,29.893048855605223,0.7160121724663593,0.8902480524808811,0.8262260830947283,126.82364884502022,2.8097557038192598,2.8097557038192598,37.4856674316614,0.5251337671586613,147.90383524917598,40.20053517862814,2.598087478940268,2.598087478940268,0.609533653598137,0.9917989181164818,0.0,90.0,0.0,0.0,200.0,0.0,0.0,0.0,25364.729769004043,90.0,74.46536256130942
enterprise,3024,affinity_greedy,0.9083538167096548,98.63218687890526,11.486620837342144,334.05151581695014,8.0,3115.3466488850636,334.05151581695014,6.925868535782419,0.7523534232183812,0.6078929200957703,1.3433649348735344,1.6331264689946414,1.6331264689946414,36.54343954904473,0.5482788130579029,855.7698794045782,238.1282496258514,1.5330826154385988,1.5330826154385988,0.1787283888496742,0.9083538167096548,0.0,57.0,0.0,0.0,200.0,0.0,0.0,0.0,268.6729869747069,57.0,46.58457738157018
enterprise,3024,balanced_affinity,0.9999283662544722,1.3929634712047616,0.811056631443899,0.26110592299712276,8.0,1.2057748285166703,26.362921138577477,0.11912289724338213,0.8749522233913377,0.8020076870362847,128.03838889900362,0.262038658343403,0.262038658343403,1.6241315402526644,0.5339288593418504,2.704120910402162,0.3903947266367429,0.2164646882270537,0.2164646882270537,0.9260178832625514,0.9999283662544722,0.0,14.0,0.0,0.0,200.0,0.0,0.0,0.0,25607.677779800724,14.0,10.799502646743505
enterprise,3024,dynamic_leiden,0.988421175701517,19.44816912414289,8.23516364072989,42.204963364730354,8.0,536.0351979949658,50.39026524761849,1.3829872929490514,0.7839420968329214,0.6579083199854585,7.10337093056296,2.370884987633148,2.370884987633148,38.8396045963879,0.5290052147530993,157.3397861073527,42.977371192655035,2.1808159998449628,2.1808159998449628,0.4063303926125321,0.988421175701517,0.0,0.0,13.0,0.0,200.0,2046.0,936.0,936.0,1420.674186112592,67.0,55.68567005547575
enterprise,3024,domain_heuristic,0.9999283662544718,1.409955936497949,0.8300835143769028,0.26110592299712276,8.0,1.1951291200212104,26.362921138577477,0.12031236981390526,0.8642574167737547,0.7850742432251115,136.9465100596426,0.27381927828851443,0.27381927828851443,1.6380932055413049,0.5336562141747087,2.7097187220321883,0.3905158227091408,0.2232767006708658,0.2232767006708658,0.9246860014572412,0.9999283662544718,0.0,14.0,0.0,0.0,200.0,39690.0,0.0,0.0,27389.30201192852,14.0,10.786162371381828
enterprise,3024,c_kam,0.9999424887623083,1.2683632687692767,0.710072870956482,0.20962920044754027,5.0,1.118651582086806,26.221959446452964,0.11040088307289823,0.6786470543981582,0.4911911694637506,35.67132939133444,0.18528796253415966,0.18528796253415966,1.4603373204644907,0.670582296187276,2.446910929148623,0.33591810797455784,0.1701971801679187,0.1701971801679187,0.9330867464966707,0.9999424887623083,8.0,2.0,0.0,5.0,200.0,21270.0,6975.0,6166.0,7134.265878266888,2.0,7.962615965192204
enterprise,3024,d_kam,1.0000000000000002,1.3795742608058923,0.8323870543615641,0.0,2.0,1.2311736367215216,26.221959446452964,0.11818565251546129,0.5639736925211166,0.30962501315843477,17.203958390600746,0.1967933751694516,0.1967933751694516,1.475244069730458,0.8412059936559549,2.5721178204924025,0.3412502813130541,0.17146805588004974,0.17146805588004974,0.9245247536583149,1.0000000000000002,6.0,0.0,0.0,0.0,200.0,10611.0,6268.0,6268.0,3440.7916781201493,0.0,3.0
enterprise,3025,static,0.9661102190748143,35.21690241218451,9.75359716598187,119.82194161377288,8.0,768.5177820199449,119.82194161377288,2.476660929459398,0.805027262270474,0.6912931652615839,0.0,1.5524904230065528,1.5524904230065528,20.992544367989694,0.5349760628710224,175.9580400697154,48.40069934334045,1.4741016651032401,1.4741016651032401,0.30661649079814807,0.9661102190748143,0.0,0.0,0.0,0.0,200.0,0.0,0.0,0.0,0.0,0.0,0.0
enterprise,3025,greedy_load,0.9999986615860871,0.6728582057532393,0.49943531648142253,0.004732144893183882,8.0,1.1113216416675924,14.383832101727677,0.05857783500920955,0.8640782188223005,0.784790513135309,127.99247294271481,0.1548281850249633,0.1548281850249633,1.1782179888145465,0.5349097238010313,1.524987734880081,0.08176265443827294,0.12623127774939863,0.12623127774939863,0.9544078202631795,0.9999986615860871,0.0,90.0,0.0,0.0,200.0,0.0,0.0,0.0,25598.494588542962,90.0,74.64069349068323
enterprise,3025,affinity_greedy,0.9705087893727893,32.983311473705335,8.88279639434883,104.27019654373287,8.0,237.63942726228183,107.70928088565198,2.320309563765856,0.6907677024596132,0.510382195561054,1.2551727145910263,0.911980545240077,0.911980545240077,9.227747096867258,0.5615040367718968,85.83195018078828,23.432921011175317,0.8733111724191909,0.8733111724191909,0.3675725448124609,0.9705087893727893,0.0,48.0,0.0,0.0,200.0,0.0,0.0,0.0,251.03454291820526,48.0,38.5777739425117
enterprise,3025,balanced_affinity,0.9999999999999992,0.7390165338752314,0.5715487541809445,0.0,8.0,1.1850080916181944,14.383832101727677,0.06320891797774898,0.8392432212943658,0.7454684337160791,123.81265982505283,0.20164027160484813,0.20164027160484813,1.2083167876705139,0.5421954486447035,1.5265468877415886,0.08218877756757208,0.17753773197661393,0.17753773197661393,0.9493598796242128,0.9999999999999992,0.0,13.0,0.0,0.0,200.0,0.0,0.0,0.0,24762.531965010567,13.0,9.857889916545512
enterprise,3025,dynamic_leiden,0.9840476502487765,16.46377674008593,7.3402835834046725,56.40170778067907,8.0,397.35871175760013,56.40170778067907,1.1639421324124977,0.7585541148587217,0.6177106818596427,5.719640873430762,2.041776609681081,2.041776609681081,24.736762424618245,0.5438510501269909,101.32474468291477,27.43575402876957,1.9242438234464059,1.9242438234464059,0.47554844157855186,0.9840476502487765,0.0,0.0,12.0,0.0,200.0,1650.0,864.0,864.0,1143.9281746861525,37.0,29.699351464031924
enterprise,3025,domain_heuristic,1.0,0.7056075197276203,0.5350539640275233,0.0,8.0,1.1777525262678892,14.383832101727677,0.06087028698741622,0.8319962370833289,0.7339940420486043,133.94796538865194,0.20038523436016323,0.20038523436016323,1.191336741445379,0.5437787339033358,1.5189425618721264,0.08154874090764293,0.17369377715898765,0.17369377715898765,0.9519145149349524,1.0,0.0,10.0,0.0,0.0,200.0,38738.0,0.0,0.0,26789.593077730387,10.0,7.550919873967965
enterprise,3025,c_kam,0.9999999999999998,0.5476499803113611,0.40531037757040744,0.0,5.0,1.1686971235132848,14.383832101727677,0.04981325922827808,0.6979851350771724,0.5218097972055231,42.651145480776904,0.13396147099775293,0.13396147099775293,1.1046748488305573,0.6454690177216821,1.4029320726992507,0.06281771480428573,0.126837514362232,0.126837514362232,0.9609965659869504,0.9999999999999998,6.0,0.0,0.0,3.0,200.0,25609.0,6529.0,6237.0,8530.22909615538,0.0,4.5
enterprise,3025,d_kam,0.9999999999999999,0.5824448256684994,0.436943731477478,0.0,4.0,1.205565068631175,14.383832101727677,0.05224889840327775,0.6284261206190603,0.4116746909801787,28.32913863399881,0.16689898961063684,0.16689898961063684,1.1256309304956846,0.7392615844838776,1.495997402890739,0.06616846760128686,0.14816272851708556,0.14816272851708556,0.9587822312134554,0.9999999999999999,4.0,0.0,0.0,0.0,200.0,17461.0,6376.0,6376.0,5665.827726799762,0.0,2.0
enterprise,3026,static,0.9786421657243399,19.096229307614742,7.267173220280557,79.74381255516057,8.0,563.2024910821284,79.74381255516057,1.3403210245466266,0.8250958766746382,0.7230684714015106,0.0,2.8865538835337032,2.8865538835337032,48.896619549159496,0.5386780257828889,197.57921347114177,54.058812745796125,2.6996149512492527,2.6996149512492527,0.48741431873368113,0.9786421657243399,0.0,0.0,0.0,0.0,200.0,0.0,0.0,0.0,0.0,0.0,0.0
enterprise,3026,greedy_load,0.9937197168409669,10.339706711015767,5.962572315696164,23.448712849970512,8.0,308.7416205245924,24.551083543596448,0.7273644427846981,0.865885989047251,0.7876528159914808,129.43355848969077,3.705803010452197,3.705803010452197,50.447798252178146,0.5370948856634944,167.878110312098,45.52719617266657,3.4366671535416606,3.4366671535416606,0.5787363820545887,0.9937197168409669,0.0,90.0,0.0,0.0,200.0,0.0,0.0,0.0,25886.711697938154,90.0,74.9219742032748
enterprise,3026,affinity_greedy,0.977423741636546,24.752472882824254,8.396450111981206,84.29304637801673,8.0,358.4900632772882,84.29304637801673,1.7362580748112924,0.6916975543815702,0.5118544611041529,1.3115071653737687,2.3244565288397943,2.3244565288397943,49.97807189794421,0.5518053797468486,177.32978144234454,48.579471028321926,2.1335544106977613,2.1335544106977613,0.40836493631463566,0.977423741636546,0.0,51.0,0.0,0.0,200.0,0.0,0.0,0.0,262.30143307475373,51.0,42.444932230395274
enterprise,3026,balanced_affinity,0.9939867617989848,10.231243577588929,5.951119221029257,22.451646255994046,8.0,283.1102692596536,24.79838802159817,0.7197720234448195,0.8259965227992427,0.7244944944321344,128.37222288071644,3.550847851107177,3.550847851107177,49.03087369545561,0.5469920680061129,157.98874385629892,42.82011431246075,3.3623745319562386,3.3623745319562386,0.5795380986812722,0.9939867617989848,0.0,9.0,0.0,0.0,200.0,0.0,0.0,0.0,25674.444576143287,9.0,6.667194002865266
enterprise,3026,dynamic_leiden,0.9937747768221928,10.435492637289107,6.036502362986873,23.24313522606638,8.0,282.32820051469395,25.267580625583495,0.734069457623832,0.8255854488553871,0.723843627354363,3.772931109997444,3.529388345298513,3.529388345298513,49.0154176739604,0.544405922180347,157.89950966391692,42.802107826205244,3.333082576269726,3.333082576269726,0.573561278744239,0.9937747768221928,0.0,0.0,5.0,0.0,200.0,1043.0,360.0,360.0,754.5862219994888,6.0,4.677977016019398
enterprise,3026,domain_heuristic,0.9939947761656117,10.204032122136473,5.948247145257899,22.42172299028185,8.0,282.3504356140688,24.384315441566027,0.717867221563148,0.8242818099993997,0.7217795324990496,139.6158038235444,3.5457250484761316,3.5457250484761316,49.01052627331517,0.546106290722809,157.83254290275508,42.778614124446655,3.3658036575857047,3.3658036575857047,0.5797391439852673,0.9939947761656117,0.0,6.0,0.0,0.0,200.0,39158.0,0.0,0.0,27923.160764708882,6.0,4.61877924661615
enterprise,3026,c_kam,0.9999999999999998,0.16803642467680333,0.17373632772981853,0.0,3.0,1.1852854381522309,4.3592159998893685,0.015347522740970825,0.7500620999680082,0.6042649916160129,41.242312889226014,0.1612803369890819,0.1612803369890819,1.4422141503928751,0.6539501902993371,1.3994760462282207,0.043132754446866144,0.151462137606352,0.151462137606352,0.9839549012122327,0.9999999999999998,6.0,2.0,0.0,1.0,200.0,23548.0,9099.0,6202.0,8248.462577845203,2.0,5.097554810726115
enterprise,3026,d_kam,0.9999999999999998,0.47517812067763804,0.4918973449540349,0.0,5.0,1.1816069609605127,4.3592159998893685,0.03684744146102926,0.768548118280399,0.6335345206106315,36.53784017456928,0.24097360988578434,0.24097360988578434,1.632570625861079,0.6170629654147289,1.496925318695395,0.05556225787684974,0.20882321630694523,0.20882321630694523,0.9616836300065376,0.9999999999999998,3.0,0.0,0.0,0.0,200.0,20740.0,6482.0,6482.0,7307.5680349138565,0.0,1.5
enterprise,3027,static,0.9698340225939117,38.33222004870778,10.032339448060256,107.11548811185112,8.0,615.8094220771372,107.11548811185112,2.7018567846804404,0.7837559450944016,0.6576135797328025,0.0,1.5312748573854504,1.5312748573854504,15.781379616540422,0.5276434835416619,174.14632471271048,47.90646330809133,1.5184841646274487,1.5184841646274487,0.2822087281263447,0.9698340225939117,0.0,0.0,0.0,0.0,200.0,0.0,0.0,0.0,0.0,0.0,0.0
enterprise,3027,greedy_load,0.9999752808265473,1.1387136138171323,0.7196852621979247,0.0877745910363911,8.0,1.1436379936668422,20.62760661479745,0.098311334238095,0.8670962434004372,0.7895690520506924,130.3835706692189,0.19695066436276332,0.19695066436276332,1.3773713686261282,0.5255311809423948,2.1721026042799134,0.2521930980847079,0.15789157288422417,0.15789157288422417,0.9340945211367078,0.9999752808265473,0.0,89.0,0.0,0.0,200.0,0.0,0.0,0.0,26076.71413384378,89.0,78.41104559324377
enterprise,3027,affinity_greedy,0.9388316533048167,71.55297873760144,11.0787972266863,217.2008957325287,8.0,1054.4796077175279,217.2008957325287,5.027309892902997,0.7170440090543044,0.5519863476693153,1.461283254175214,1.0754089773608233,1.0754089773608233,16.589177966245266,0.5524904847203554,306.2812896253606,84.91771463098121,1.0339897183386026,1.0339897183386026,0.2089566836225215,0.9388316533048167,0.0,46.0,0.0,0.0,200.0,0.0,0.0,0.0,292.2566508350428,46.0,39.49296481819046
enterprise,3027,balanced_affinity,0.9999988623162862,1.1569178617987386,0.7400614434706726,0.004039767868562694,8.0,1.1345752387878052,20.62760661479745,0.09958563159680747,0.8379003949862904,0.7433422920616263,147.70200655140798,0.22948837114843876,0.22948837114843876,1.3975295048086342,0.529498277951368,2.150193039677495,0.2523673052077422,0.1926823685347861,0.1926823685347861,0.9326681884476155,0.9999988623162862,0.0,13.0,0.0,0.0,200.0,0.0,0.0,0.0,29540.401310281595,13.0,9.573844380253979
enterprise,3027,dynamic_leiden,0.9996186714124714,3.551238304821998,2.542435149757906,1.3540485439681307,8.0,1.9050243971806247,28.243903094303995,0.2671880626084357,0.7904574747937195,0.6682243350900557,6.75998454054934,0.4745188444085828,0.4745188444085828,2.509740966822178,0.5346685033277833,3.729053532478514,0.6296327253577896,0.4280950782064724,0.4280950782064724,0.8065020290075091,0.9996186714124714,0.0,0.0,12.0,0.0,200.0,1539.0,864.0,864.0,1351.996908109868,31.0,25.25692102870774
enterprise,3027,domain_heuristic,0.9999988623162862,1.1625893467945088,0.7463591315773067,0.004039767868562694,8.0,1.1345752387878052,20.62760661479745,0.0999826355465114,0.8378626906956883,0.7432825936015064,155.2900000802765,0.23167152404895863,0.23167152404895863,1.4010689063997608,0.5294655076137069,2.152606332091847,0.2524484268829964,0.1940201729458696,0.1940201729458696,0.9322273502801511,0.9999988623162862,0.0,13.0,0.0,0.0,200.0,39060.0,0.0,0.0,31058.000016055303,13.0,9.573844380253979
enterprise,3027,c_kam,0.9999999999999999,1.025877478130004,0.6359977120934399,0.0,5.0,1.0700806604274629,20.451599069212072,0.09041280473999605,0.5344524792531664,0.2628830921508468,28.030165451491484,0.16144531208372243,0.16144531208372243,1.2851199388130583,0.7429180540646582,2.010542826719275,0.2253218963982946,0.15666741092276643,0.15666741092276643,0.9399526496440217,0.9999999999999999,8.0,0.0,0.0,5.0,200.0,16067.0,6324.0,6091.0,5606.033090298297,0.0,6.5
enterprise,3027,d_kam,1.0000000000000002,1.0124499374076643,0.6252032174772691,0.0,4.0,1.2035791892356658,20.451599069212072,0.08947287688943226,0.5539952345933621,0.29382578810615656,30.629428195097717,0.18223256022263826,0.18223256022263826,1.2678126530708032,0.7892798469269376,2.086640792022475,0.2256378882651104,0.1414261408443446,0.1414261408443446,0.9407082642671537,1.0000000000000002,4.0,0.0,0.0,0.0,200.0,17345.0,6358.0,6358.0,6125.885639019543,0.0,2.0
enterprise,3028,static,0.9706106490410197,41.67565822148739,10.013927231224459,101.13394128345789,8.0,354.5392351837609,101.13394128345789,2.928734979593437,0.778047510434677,0.6485752248549052,0.0,1.3770796178058304,1.3770796178058304,15.899155428839508,0.5197307973919492,165.8119767444201,45.62634498620622,1.332150872342244,1.332150872342244,0.28828593744483244,0.9706106490410197,0.0,0.0,0.0,0.0,200.0,0.0,0.0,0.0,0.0,0.0,0.0
enterprise,3028,greedy_load,1.0000000000000002,0.6928833808885587,0.5073438267399433,0.0,8.0,1.114080008177996,12.921056565918303,0.05994074075151846,0.8917579449027858,0.8286167460960776,146.61441025455133,0.1728293711661436,0.1728293711661436,1.2523989038632282,0.517161292532992,1.6620384183440422,0.11501878741467125,0.136765772359868,0.136765772359868,0.9537467757587486,1.0000000000000002,0.0,90.0,0.0,0.0,200.0,0.0,0.0,0.0,29322.882050910266,90.0,73.79030247889669
enterprise,3028,affinity_greedy,0.9476676309853652,60.31468965024177,10.640505615118396,180.08491383621524,8.0,785.7470218985944,180.08491383621524,4.233467179606243,0.7116910124433776,0.5435107697020144,1.3328422706399579,0.9148136991655107,0.9148136991655107,12.265411601573126,0.539052691581894,194.5640789922174,53.78486799948191,0.8526657554169091,0.8526657554169091,0.24442545057225692,0.9476676309853652,0.0,39.0,0.0,0.0,200.0,0.0,0.0,0.0,266.5684541279916,39.0,32.24754361833615
enterprise,3028,balanced_affinity,0.9999933900305685,0.7740560061335885,0.5975531554986276,0.022746070892703266,8.0,1.1358119236963446,12.921056565918303,0.06562282451867053,0.8317826714943092,0.7336558965326563,146.62901561823674,0.23779283183534042,0.23779283183534042,1.3135235269424197,0.5202023379870482,1.6569210681670115,0.11591167321353402,0.18926072991312398,0.18926072991312398,0.9474321227456406,0.9999933900305685,0.0,11.0,0.0,0.0,200.0,0.0,0.0,0.0,29325.803123647347,11.0,8.249296240857237
enterprise,3028,dynamic_leiden,0.9961803774157317,6.5435889006761,4.654590056126552,13.14399513965419,8.0,6.255224757523866,24.06619973666966,0.4694901271366463,0.7505770085916476,0.605080263603442,8.534822596120648,0.6334852335540322,0.6334852335540322,2.983717004156149,0.52310831475593,4.475000673546479,0.8005990129804342,0.583766630504196,0.583766630504196,0.663439539701686,0.9961803774157317,0.0,0.0,19.0,0.0,200.0,2215.0,1368.0,1368.0,1706.9645192241296,59.0,48.76011156069324
enterprise,3028,domain_heuristic,0.9999353310412509,0.801641684069699,0.627997777344279,0.22253729543763057,8.0,1.1370634484605886,12.921056565918303,0.06755382197419826,0.8199127267326045,0.7148618173266237,159.8446526149928,0.24526415465129095,0.24526415465129095,1.326598568020234,0.5202316806584412,1.6589756964155862,0.11622507091473105,0.19548296683407013,0.19548296683407013,0.9453009992164451,0.9999353310412509,0.0,12.0,0.0,0.0,200.0,40320.0,0.0,0.0,31968.930522998562,12.0,9.09063193780669
enterprise,3028,c_kam,1.0000000000000002,0.6128245529567053,0.4391274945791074,0.0,3.0,1.1622133108825081,13.326991237798966,0.0543366227962887,0.6396818052469885,0.42949619164106523,37.05317717947764,0.1616322113700149,0.1616322113700149,1.1821436355816703,0.6840379008718422,1.5390117448044993,0.09182331556733801,0.1356417870875749,0.1356417870875749,0.958521919010007,1.0000000000000002,8.0,3.0,0.0,3.0,200.0,18490.0,9850.0,6120.0,7410.635435895529,3.0,7.628929829147625
enterprise,3028,d_kam,1.0000000000000007,0.6888956504885292,0.5141730484339274,0.0,6.0,1.1231207690641019,13.326991237798966,0.05966159962351638,0.705200937439498,0.5332348176125385,42.0321229849651,0.2117950515637681,0.2117950515637681,1.253337846980536,0.643007206462436,1.6006776788724677,0.09618786448342256,0.16233995663189024,0.16233995663189024,0.9532687302401697,1.0000000000000007,2.0,1.0,0.0,0.0,200.0,21822.0,6507.0,6507.0,8406.42459699302,1.0,1.7813393896227654
enterprise,3029,static,0.993243039808241,8.321788765556235,5.34708542927855,24.892375840327603,8.0,38.068069639925724,24.898006164698508,0.5864195483820358,0.7948911021132616,0.6752442450126646,0.0,0.9019756059007702,0.9019756059007702,6.112805630358157,0.5326715948661309,10.266614239340338,2.337495676953933,0.828748467649734,0.828748467649734,0.6215623697972172,0.993243039808241,0.0,0.0,0.0,0.0,200.0,0.0,0.0,0.0,0.0,0.0,0.0
enterprise,3029,greedy_load,0.9969996332270288,1.991687800613814,1.7049169320846789,11.053233296048667,8.0,35.87771449473423,11.053233296048667,0.14331248083606635,0.871318908451272,0.796254938381181,147.9969840135891,0.791405881348644,0.791405881348644,5.40660881307803,0.5318001198002442,7.050937733203917,1.4469364521764811,0.6882421975405064,0.6882421975405064,0.8765141646007883,0.9969996332270288,0.0,90.0,0.0,0.0,200.0,0.0,0.0,0.0,29599.39680271782,90.0,80.5851975086173
enterprise,3029,affinity_greedy,0.9226725285939003,70.82300301978805,9.881083698843165,284.87136617596434,8.0,1926.7498676888135,284.87136617596434,4.961504546178262,0.634567936981343,0.4213992335537931,1.433767389971763,1.219029191283027,1.219029191283027,24.413316827944847,0.5716173926763946,589.5520028988248,163.95055847030585,1.2167158801647369,1.2167158801647369,0.30418249092769417,0.9226725285939003,0.0,34.0,0.0,0.0,200.0,0.0,0.0,0.0,286.7534779943526,34.0,28.551216407713436
enterprise,3029,balanced_affinity,0.9973347928139055,1.8669665081454083,1.6403114952531028,9.818518547664445,8.0,28.780316611270102,9.818518547664445,0.13458199036327795,0.8214979154405619,0.7173716994475563,148.1866162455117,0.7415617874355533,0.7415617874355533,4.943208844902346,0.53485188672433,5.853591888470355,1.144377477769902,0.6578387767954256,0.6578387767954256,0.8810365451789985,0.9973347928139055,0.0,11.0,0.0,0.0,200.0,0.0,0.0,0.0,29637.323249102337,11.0,8.03242903978436
enterprise,3029,dynamic_leiden,0.9977431675506296,2.476378831902706,2.1326657202891877,8.314082064134567,8.0,12.605190448203057,13.0682114111135,0.17724085302628878,0.7649791761917711,0.6278836956369711,6.051055200950941,0.5713371278854578,0.5713371278854578,3.0826203118791504,0.533879141701734,2.9944289055121924,0.40176193249419134,0.440462459952448,0.440462459952448,0.8465717494264726,0.9977431675506296,0.0,0.0,14.0,0.0,200.0,1617.0,1008.0,1008.0,1210.2110401901882,29.0,22.696921569589605
enterprise,3029,domain_heuristic,0.9973351728725524,1.870918873073015,1.6460789204203992,9.81711842654276,8.0,28.772904491056583,9.81711842654276,0.13485865590821045,0.8214064089782488,0.7172268142155608,141.86590406912728,0.742398753181661,0.742398753181661,4.941883901654069,0.5348397533084658,5.853017256270867,1.1440113827570497,0.6583479916356082,0.6583479916356082,0.8806328254172878,0.9973351728725524,0.0,11.0,0.0,0.0,200.0,38514.0,0.0,0.0,28373.180813825456,11.0,7.983752075660571
enterprise,3029,c_kam,1.0,0.18954240734050035,0.18051615429982482,0.0,3.0,1.1624734628730478,6.09676315399748,0.01716230330693439,0.6971760683670725,0.5205287749145314,34.02675775301759,0.10424482806560985,0.10424482806560985,1.0388519762470272,0.6763793523515043,1.220411968123881,0.011909433535504253,0.1082683685485812,0.1082683685485812,0.983222219045728,1.0,6.0,1.0,0.0,1.0,200.0,20001.0,8191.0,6149.0,6805.351550603518,1.0,4.329777358508971
enterprise,3029,d_kam,0.9999983619981739,0.5694776112028823,0.5681543672960617,0.006034334363895638,5.0,1.2439362291625078,6.09676315399748,0.043757767577301133,0.7497726934168847,0.6038067645767342,34.57952289347304,0.23107695797239827,0.23107695797239827,1.2664573125757967,0.6116992248590908,1.3687391433072764,0.027010841579493024,0.207416323198256,0.207416323198256,0.9560875441359914,0.9999983619981739,3.0,1.0,0.0,0.0,200.0,20188.0,6570.0,6570.0,6915.904578694608,1.0,2.329777358508971
enterprise,3030,static,0.9615202972521931,49.44785307608451,9.897780598503866,134.4638690698808,8.0,612.4064191432733,134.47544799581104,3.4676535889967424,0.8285351904961833,0.7285140516189569,0.0,1.3420219139054592,1.3420219139054592,17.147922471640207,0.5127605372464198,243.20281298168044,67.23062410540614,1.3152125662127612,1.3152125662127612,0.3006476350426302,0.9615202972521931,0.0,0.0,0.0,0.0,200.0,0.0,0.0,0.0,0.0,0.0,0.0
enterprise,3030,greedy_load,0.9999999999999996,0.41049796481643325,0.3394173639470973,0.0,8.0,1.1444296270842955,8.839346380862034,0.03503873120797708,0.8896044300124365,0.8252070141863578,135.62655962974532,0.14505345822372603,0.14505345822372603,1.1310900880809514,0.5143483606141241,1.3995403466449843,0.05070978085924845,0.1144861100755843,0.1144861100755843,0.9697330614616039,0.9999999999999996,0.0,89.0,0.0,0.0,200.0,0.0,0.0,0.0,27125.311925949063,89.0,73.78627240203335
enterprise,3030,affinity_greedy,0.8974883077486158,82.41101025446122,10.364810727171811,358.2179118004676,8.0,2259.4042492528515,358.2179118004676,5.775074591483111,0.6694808220055709,0.47667796817548735,1.3670926142367534,1.2346116653412473,1.2346116653412473,22.442319216333722,0.542796377020723,581.7896136508793,161.78139510954156,1.0796584882658014,1.0796584882658014,0.26795552603587397,0.8974883077486158,0.0,53.0,0.0,0.0,200.0,0.0,0.0,0.0,273.4185228473507,53.0,44.46196169963582
enterprise,3030,balanced_affinity,0.9999999999999994,0.47273067393125034,0.40867205977095994,0.0,8.0,1.1860422632040468,8.839346380862034,0.039395020846014275,0.8569476755645327,0.77350048631051,134.802126645518,0.22179994436000058,0.22179994436000058,1.183118049036261,0.5147189878489564,1.4203069012623495,0.05134189205942302,0.16174214444742346,0.16174214444742346,0.9648852327539337,0.9999999999999994,0.0,13.0,0.0,0.0,200.0,0.0,0.0,0.0,26960.4253291036,13.0,9.531883955194324
enterprise,3030,dynamic_leiden,0.9977945464482576,5.034280026247772,3.7655978389750016,7.706759575684929,8.0,4.869572550866217,16.22369659754131,0.3587034755081707,0.7794674833223937,0.6508235152604566,9.770898448477965,0.535136317508247,0.535136317508247,2.4116383368832817,0.5160867361200486,3.4208105870357146,0.5288491991158711,0.47868486613297145,0.47868486613297145,0.7299004282096506,0.9977945464482576,0.0,0.0,22.0,0.0,200.0,2752.0,1584.0,1584.0,1954.179689695593,76.0,62.33311365420905
enterprise,3030,domain_heuristic,0.9999999999999994,0.509224591716918,0.4487668097163859,0.0,8.0,1.1496464965071695,8.839346380862034,0.04194959509101102,0.842934090112295,0.751312309344467,143.5512930752884,0.22636133477822845,0.22636133477822845,1.196329477566113,0.5144447315937694,1.4185499363942171,0.05186761269951099,0.16665861390031442,0.16665861390031442,0.9620786002577537,0.9999999999999994,0.0,14.0,0.0,0.0,200.0,40320.0,0.0,0.0,28710.258615057683,14.0,10.32766247149696
enterprise,3030,c_kam,1.0,0.40725236975078805,0.33363642484768424,0.0,5.0,1.0618220687237232,9.134141367183265,0.03481153955338192,0.6292065777397252,0.41291041475456486,34.576525269512786,0.1547156183685219,0.1547156183685219,1.0982525296565107,0.6929065355684605,1.3671969657254126,0.04522287589239721,0.13801644994151918,0.13801644994151918,0.970137727198563,1.0,7.0,2.0,0.0,4.0,200.0,20663.0,7643.0,6156.0,6915.305053902557,2.0,6.730700831010358
enterprise,3030,d_kam,1.0,0.45488997040869855,0.3891752792473392,0.0,4.0,1.2608441835412925,8.839346380862034,0.038146171599435647,0.6471315167435605,0.44129156817730414,29.02756842900999,0.1880148705262298,0.1880148705262298,1.1151171351789413,0.7509376949840552,1.4755683842634135,0.048278778531017814,0.1491933608571325,0.1491933608571325,0.9662500073905869,1.0,4.0,0.0,0.0,0.0,200.0,17921.0,6376.0,6376.0,5805.513685801998,0.0,2.0
enterprise,3031,static,0.9806390298839522,24.837863085099286,8.51426299143711,67.54741687561462,8.0,278.9859725310177,67.54741687561462,1.7460117954938104,0.8354691984170217,0.7394928974936178,0.0,1.425581450556183,1.425581450556183,11.746561163074132,0.5264888292010628,93.54885554901662,25.431660697328716,1.3474775278437487,1.3474775278437487,0.39661025398426825,0.9806390298839522,0.0,0.0,0.0,0.0,200.0,0.0,0.0,0.0,0.0,0.0,0.0
enterprise,3031,greedy_load,1.0000000000000002,0.2295043469297775,0.21458721359960098,0.0,8.0,1.1330863249554548,6.027003021403573,0.02342668382194453,0.8990855456694493,0.8402187806432946,132.2482670104364,0.12774303988789923,0.12774303988789923,1.0775618990098408,0.5244969724180258,1.2923630769590921,0.02074767692225209,0.09832483684501925,0.09832483684501925,0.977587558432894,1.0000000000000002,0.0,89.0,0.0,0.0,200.0,0.0,0.0,0.0,26449.65340208728,89.0,75.94277865374248
enterprise,3031,affinity_greedy,0.9641359620066172,29.29275379990434,8.590337901936882,125.12405683503674,8.0,447.555807171003,125.12405683503674,2.0578541455301638,0.729041693737502,0.5709826817510449,1.3072608107177075,0.9814056262737756,0.9814056262737756,8.410501229035663,0.5471979559036505,72.38188539535676,19.656592660295143,0.8461048722175541,0.8461048722175541,0.39128501024928425,0.9641359620066172,0.0,50.0,0.0,0.0,200.0,0.0,0.0,0.0,261.4521621435415,50.0,41.43372433461638
enterprise,3031,balanced_affinity,1.0000000000000002,0.2931466678646532,0.28596114363519215,0.0,8.0,1.2382706475200411,6.027003021403573,0.027881646287385823,0.8787158140346679,0.807966705554891,130.27573796542129,0.21134452099300624,0.21134452099300624,1.13715643818026,0.5272487440342484,1.3266844519377181,0.02135287569972767,0.1505549313961759,0.1505549313961759,0.9725913833304025,1.0000000000000002,0.0,11.0,0.0,0.0,200.0,0.0,0.0,0.0,26055.147593084257,11.0,7.5008869881874976
enterprise,3031,dynamic_leiden,0.9999963390668103,1.5021190707147072,1.4085524725835916,0.012772427145642778,8.0,1.12259778281874,9.016723442587327,0.11250971448688961,0.805900639960276,0.6926760132704373,6.063810626365012,0.3323441085630411,0.3323441085630411,1.576231541406844,0.5249178593978919,1.6251469648093693,0.08121017895467081,0.2789155321349464,0.2789155321349464,0.8940099903040146,0.9999963390668103,0.0,0.0,15.0,0.0,200.0,1674.0,1080.0,1080.0,1212.7621252730023,32.0,25.54289727689705
enterprise,3031,domain_heuristic,1.0,0.3316936180371554,0.3256981377677821,0.0,8.0,1.1621723969170004,6.027003021403573,0.030579932799460984,0.8774210883220794,0.8059167231766259,141.16190756991273,0.20918571056474278,0.20918571056474278,1.1439263533899555,0.5272173421276732,1.3265095710928982,0.022246715065003034,0.15377378269797418,0.15377378269797418,0.9698097937411212,1.0,0.0,10.0,0.0,0.0,200.0,39060.0,0.0,0.0,28232.381513982546,10.0,6.873707135987896
enterprise,3031,c_kam,1.0000000000000002,0.21357766586048751,0.2009367168694862,0.0,4.0,1.1731247898203505,6.027003021403573,0.022311816147094224,0.6709557560117919,0.4790132803520039,34.177051751175895,0.1293288932629045,0.1293288932629045,1.053852963941035,0.7181763215326343,1.2961761490335646,0.018927893336619157,0.10809533791146815,0.10809533791146815,0.978543093204002,1.0000000000000002,7.0,0.0,0.0,3.0,200.0,19091.0,8705.0,6132.0,6835.410350235179,0.0,5.0
enterprise,3031,d_kam,1.0,1.1422150567757094,1.0074797238438105,0.0,5.0,1.2325452249030786,8.39575613576265,0.08731643351115975,0.6922073947783347,0.51266170839903,37.18173016124638,0.27683717854755907,0.27683717854755907,1.217396403438282,0.6764473382088693,1.5500526712629292,0.05699831390449874,0.19838256518398636,0.19838256518398636,0.9220850827157991,1.0,3.0,0.0,0.0,0.0,200.0,20650.0,6484.0,6484.0,7436.346032249276,0.0,1.5
enterprise,3032,static,0.9529277100799053,59.83513328448608,10.776502286946924,173.16833123673803,8.0,1738.389414304548,173.16833123673803,4.205027983281975,0.7911861468516301,0.6693780658484144,0.0,1.948851333716822,1.948851333716822,30.580034807128435,0.5352651038185778,592.4309426696014,164.53642411564164,1.8890080475629645,1.8890080475629645,0.23137795189678795,0.9529277100799053,0.0,0.0,0.0,0.0,200.0,0.0,0.0,0.0,0.0,0.0,0.0
enterprise,3032,greedy_load,0.9999496608467571,1.1761855765718765,0.763315224928283,0.18518638412674904,8.0,1.199758348399833,21.723597156950355,0.09890164372798144,0.8721772647591621,0.7976140025353399,127.0069561713899,0.23669987891890112,0.23669987891890112,1.6710447578590142,0.5341738130835857,2.489777743878391,0.32779722687470986,0.1926611970485987,0.1926611970485987,0.932301046238093,0.9999496608467571,0.0,90.0,0.0,0.0,200.0,0.0,0.0,0.0,25401.39123427798,90.0,74.3215523010905
enterprise,3032,affinity_greedy,0.9195568100725223,95.08331630933495,11.364284595705962,295.93234114482027,8.0,1899.1128426490775,295.93234114482027,6.672400795021397,0.7032501618024114,0.5301460895204848,1.2632683153788093,1.343202072314628,1.343202072314628,25.582428900022407,0.5690065604742433,603.9732901230938,167.9314005153816,1.2380856143471919,1.2380856143471919,0.19023319028365537,0.9195568100725223,0.0,46.0,0.0,0.0,200.0,0.0,0.0,0.0,252.65366307576187,46.0,38.590527755918295
enterprise,3032,balanced_affinity,0.9999822247193706,1.1517091635302383,0.73574512036325,0.06539124587150949,8.0,1.1290313918492307,21.723597156950355,0.09718829481506683,0.8398264694911138,0.746391910027597,124.20255246586748,0.24985246112819387,0.24985246112819387,1.625797154404732,0.5374451620377918,2.4449070595340725,0.3268947221523986,0.20240120110394527,0.20240120110394527,0.9342309535576453,0.9999822247193706,0.0,9.0,0.0,0.0,200.0,0.0,0.0,0.0,24840.510493173497,9.0,6.674579690709994
enterprise,3032,dynamic_leiden,0.9986838579451519,5.220517583078776,3.8364428180507395,4.841789589914821,8.0,8.9969307977129,29.10456040381755,0.3820048841834645,0.7801518533361758,0.6519071011156115,4.919384730310412,1.0888938950496856,1.0888938950496856,6.799717416694663,0.5415062784212386,8.5816164333504,1.8134270312279874,0.9787990897523875,0.9787990897523875,0.717182114719521,0.9986838579451519,0.0,0.0,8.0,0.0,200.0,1398.0,576.0,576.0,983.8769460620824,25.0,19.094946495787607
enterprise,3032,domain_heuristic,0.9999822247193706,1.14898807322223,0.7327749814749456,0.06539124587150949,8.0,1.1255890028062119,21.723597156950355,0.09699781849350624,0.831009809045353,0.7324321976551422,133.45129486420774,0.24803798907750133,0.24803798907750133,1.6251843066864025,0.5375461398961268,2.4384236010021665,0.3269105482386469,0.2006273658693177,0.2006273658693177,0.9344388632798265,0.9999822247193706,0.0,10.0,0.0,0.0,200.0,37800.0,0.0,0.0,26690.258972841548,10.0,7.46612792897305
enterprise,3032,c_kam,1.0000000000000002,1.0600668505143285,0.6606720461695875,0.0,5.0,1.048550211292495,21.65308074562747,0.09077333290395305,0.572599331044533,0.3232822741538439,31.49437277970719,0.19379335813351312,0.19379335813351312,1.3652926559690368,0.7077981178416337,2.1810317476069776,0.266480134073717,0.17270623123110646,0.17270623123110646,0.9394860687512017,1.0000000000000002,10.0,3.0,0.0,7.0,200.0,18703.0,6499.0,6135.0,6298.874555941438,3.0,10.412332749609211
enterprise,3032,d_kam,0.9999822247193706,1.066537634060429,0.6689142697119721,0.06539124587150949,4.0,1.226995759067424,21.65308074562747,0.09122628775218013,0.5303593450974791,0.25640229640434176,27.250946670537814,0.2271423356452528,0.2271423356452528,1.5028297111261997,0.808947870438322,2.2911400974235363,0.2687936179325563,0.16157233503979593,0.16157233503979593,0.9389091131032348,0.9999822247193706,4.0,0.0,0.0,0.0,200.0,16736.0,6354.0,6354.0,5450.189334107563,0.0,2.0
enterprise,3033,static,0.9887208947188115,4.084636747496473,2.082473552679404,40.63990233033552,8.0,60.232194050544514,40.63990233033552,0.2861484986811271,0.8010186725155978,0.6849462314830298,0.0,0.3760743662952654,0.3760743662952654,2.317715049062595,0.5257977287576413,7.114759136939005,1.6053930292442475,0.3576099864184695,0.3576099864184695,0.8539750494526821,0.9887208947188115,0.0,0.0,0.0,0.0,200.0,0.0,0.0,0.0,0.0,0.0,0.0
enterprise,3033,greedy_load,1.0000000000000002,0.021148934020092287,0.0238911733545647,0.0,8.0,1.1254085501285225,0.6112351794334582,0.0017043517377803904,0.8789562510485659,0.8083473974935628,131.91970112879062,0.1075822776429029,0.1075822776429029,0.9618588495758533,0.524168907238172,1.1865922303637304,0.0002167669145593019,0.06016887899676737,0.06016887899676737,0.9980758160054208,1.0000000000000002,0.0,89.0,0.0,0.0,200.0,0.0,0.0,0.0,26383.940225758124,89.0,78.44424357380947
enterprise,3033,affinity_greedy,0.9309253411325845,56.43395611527681,9.087974441645567,248.88387153854882,8.0,2419.8329716064927,248.88387153854882,3.9506008544257503,0.6452493654736408,0.4383114953332645,1.3530902603815775,1.1447003022196742,1.1447003022196742,19.65688145294794,0.559504647058545,454.09253556207034,126.16290587462215,1.1691269941729412,1.1691269941729412,0.36358998722505065,0.9309253411325845,0.0,59.0,0.0,0.0,200.0,0.0,0.0,0.0,270.6180520763155,59.0,49.547207564738194
enterprise,3033,balanced_affinity,1.0000000000000002,0.053639741374837104,0.060648564351355315,0.0,8.0,1.1160799296267925,1.08317411798006,0.003978708252612527,0.8199537662046736,0.7149267964907332,130.83837037469493,0.12915103798588481,0.12915103798588481,1.0072614144281606,0.5281635604639101,1.1348626358527047,0.0005285617795436954,0.10489249016378485,0.10489249016378485,0.9955027986356455,1.0000000000000002,0.0,8.0,0.0,0.0,200.0,0.0,0.0,0.0,26167.674074938986,8.0,5.56939243855383
enterprise,3033,dynamic_leiden,0.9940301068079068,2.720186511694503,1.7254270358335384,21.510205836435933,8.0,18.002432260006405,21.7956792821113,0.19063698217498917,0.8026650881761691,0.6875530562789345,4.175909499026602,0.33867919708874533,0.33867919708874533,1.945769686231136,0.5265067111728284,3.4820283424635154,0.6001893383978776,0.3039740784363122,0.3039740784363122,0.8789683056318927,0.9940301068079068,0.0,0.0,6.0,0.0,200.0,1174.0,432.0,432.0,835.1818998053204,12.0,10.406192447106571
enterprise,3033,domain_heuristic,0.9999999999999999,0.056810612107754004,0.0642568088267533,0.0,8.0,1.1183103103636527,0.9712577264374547,0.0042006692039167105,0.8023703003409391,0.6870863088731537,141.23184760450386,0.14460977915181822,0.14460977915181822,1.0113803605063527,0.5277000971749866,1.1383745728013304,0.00051523265570063,0.10790774192572573,0.10790774192572573,0.9952502215223678,0.9999999999999999,0.0,6.0,0.0,0.0,200.0,40320.0,0.0,0.0,28246.36952090077,6.0,3.9397095220306646
enterprise,3033,c_kam,1.0,0.03715438306420239,0.04182956718589331,0.0,5.0,1.1395227603116267,0.9175206295761338,0.0028247331708680973,0.7489348346545551,0.6024801548697124,50.77405900548911,0.10972647129491372,0.10972647129491372,0.9803019497550323,0.6087982529410766,1.1489142213840682,0.000356273280760748,0.08964831032978562,0.08964831032978562,0.9968201284372279,1.0,4.0,0.0,0.0,1.0,200.0,30554.0,10425.0,6297.0,10154.811801097821,0.0,2.5
enterprise,3033,d_kam,0.9999999999999994,0.4480602499844587,0.44100739624515367,0.0,5.0,1.1717151802741659,6.403160906664979,0.031588143855286036,0.7797380742625626,0.651251950915724,44.67535787334782,0.17719519771949713,0.17719519771949713,1.1688489965046673,0.5621363005823854,1.268807078998559,0.022703669616110506,0.1565266940621258,0.1565266940621258,0.9688776804030796,0.9999999999999994,3.0,0.0,0.0,0.0,200.0,26548.0,6638.0,6638.0,8935.071574669564,0.0,1.5
enterprise,3034,static,0.978322167267937,27.4942195652042,8.797110482306852,75.40714892798826,8.0,184.43733917841544,75.40714892798826,1.9297238702653408,0.8004412362354288,0.6840319573727623,0.0,1.1887411120951932,1.1887411120951932,10.646396994316936,0.5269345378674632,70.85758875708147,19.16997881784394,1.1196474545915858,1.1196474545915858,0.37884002500486247,0.978322167267937,0.0,0.0,0.0,0.0,200.0,0.0,0.0,0.0,0.0,0.0,0.0
enterprise,3034,greedy_load,1.0000000000000004,0.24692142572298278,0.2246106196806918,0.0,8.0,1.1320867938545855,6.1801832837363815,0.022413000501655577,0.8670837845486739,0.7895493255354,133.61695568426512,0.12133835014951078,0.12133835014951078,1.0340384505256144,0.5217962880968882,1.2479064306355663,0.015502140515336245,0.0878213887932821,0.0878213887932821,0.978915015388694,1.0000000000000004,0.0,90.0,0.0,0.0,200.0,0.0,0.0,0.0,26723.391136853024,90.0,80.09531138939002
enterprise,3034,affinity_greedy,0.9453645460100725,47.84419165918262,9.424753493656087,190.05146255571455,8.0,601.4979180218681,190.05146255571455,3.3542219168438305,0.6806732574118257,0.4943993242353906,1.2538487355050165,0.8639756161163854,0.8639756161163854,11.444877236074491,0.5490143507842619,156.78817892232163,43.256609709040305,0.804241534368981,0.804241534368981,0.3349050142104161,0.9453645460100725,0.0,37.0,0.0,0.0,200.0,0.0,0.0,0.0,250.7697471010033,37.0,31.839673825265933
enterprise,3034,balanced_affinity,1.0000000000000002,0.337269205954904,0.32393884654109345,0.0,8.0,1.087945445692196,6.219358874286307,0.028737345117890067,0.8126870757541077,0.7034212032773373,133.61150165874278,0.16799845160644364,0.16799845160644364,1.1097947089861613,0.5265936709784148,1.2263594682215357,0.016488100437532405,0.14648853398865416,0.14648853398865416,0.9719620395084657,1.0000000000000002,0.0,11.0,0.0,0.0,200.0,0.0,0.0,0.0,26722.300331748556,11.0,8.251485979123363
enterprise,3034,dynamic_leiden,1.0000000000000002,1.2550830733362066,1.1786150154718673,0.0,8.0,1.1097726996592927,9.656783853981569,0.09298431583458124,0.7866077022454528,0.6621288618886336,5.264507893589325,0.2839190420555288,0.2839190420555288,1.4737765197004864,0.5279504889447488,1.5027524512306771,0.06385492096954293,0.23936601974922567,0.23936601974922567,0.9121347076833115,1.0000000000000002,0.0,0.0,9.0,0.0,200.0,1485.0,648.0,648.0,1052.901578717865,23.0,19.123604161436237
enterprise,3034,domain_heuristic,1.0000000000000009,0.383211383074404,0.3743274200370314,0.0,8.0,1.137667736420756,6.219358874286307,0.03195329751625506,0.798665539774386,0.6812204379761113,143.1027662701672,0.19108854911952775,0.19108854911952775,1.122907446149356,0.5272462593714938,1.2448304885326327,0.01708172280905048,0.1596211232607186,0.1596211232607186,0.9684348393637501,1.0000000000000009,0.0,12.0,0.0,0.0,200.0,40320.0,0.0,0.0,28620.55325403344,12.0,9.944797058498976
enterprise,3034,c_kam,1.0000000000000002,0.250021836078867,0.2284027063343517,0.0,5.0,1.1099884125247224,6.1801832837363815,0.022630029226567473,0.6418915499142147,0.4329949540308399,45.22476021084003,0.14846732027828033,0.14846732027828033,1.0394876183218975,0.6481580963452689,1.211905843075581,0.014200441610688674,0.14678663505729878,0.14678663505729878,0.9786495693229376,1.0000000000000002,4.0,1.0,0.0,1.0,200.0,26158.0,7578.0,6236.0,9044.952042168006,1.0,3.0867517391678687
enterprise,3034,d_kam,1.0000000000000002,2.0264425685610665,1.7655550813738004,0.0,4.0,1.2286712045191477,9.082947912009423,0.14697948050032145,0.6358932224042548,0.42349760214007004,32.36245303894975,0.29657122842806927,0.29657122842806927,1.4035994806698733,0.7061583795615263,1.7016633359647853,0.09505087356641596,0.2826462766566549,0.2826462766566549,0.8710489030701761,1.0000000000000002,4.0,0.0,0.0,0.0,200.0,19227.0,6458.0,6458.0,6472.49060778995,0.0,2.0
enterprise,3035,static,0.9734363147252274,34.08314146400007,9.689909809376426,93.45274840790066,8.0,317.95682712712215,93.45274840790066,2.397229276120776,0.857282595445537,0.7740307761221001,0.0,1.2460734872979375,1.2460734872979375,11.827348158457662,0.5203312042619996,100.6103758743194,27.450786757259312,1.2368195067465362,1.2368195067465362,0.31086982477334424,0.9734363147252274,0.0,0.0,0.0,0.0,200.0,0.0,0.0,0.0,0.0,0.0,0.0
enterprise,3035,greedy_load,0.9999999999999999,0.7964968228939565,0.5642952493107068,0.0,8.0,1.1832280963995108,15.93352626650366,0.06716415124334771,0.8902077120183427,0.8261622106957093,130.11285559856333,0.17827336308074135,0.17827336308074135,1.3065095639140045,0.5234686312640521,1.7393121297341245,0.1340952484053423,0.14231271289885977,0.14231271289885977,0.9496628439779445,0.9999999999999999,0.0,90.0,0.0,0.0,200.0,0.0,0.0,0.0,26022.571119712666,90.0,72.69019455645285
enterprise,3035,affinity_greedy,0.9392103198222929,70.01578461401309,10.87945150620325,213.86199349527175,8.0,1621.5156094737779,213.86199349527175,4.912514296621685,0.7826838678345338,0.6559161240713454,1.4795848751964513,1.2909088349392732,1.2909088349392732,23.7140927056729,0.5394026758835437,452.9045457495353,125.77438748589961,1.2696391734761276,1.2696391734761276,0.22760190599546662,0.9392103198222929,0.0,72.0,0.0,0.0,200.0,0.0,0.0,0.0,295.91697503929026,72.0,57.339108842845235
enterprise,3035,balanced_affinity,1.0000000000000004,0.893433013930907,0.6682934215852692,0.0,8.0,1.1832991692249193,15.93352626650366,0.07394968461593424,0.8826982788147235,0.8142722747899792,129.51055362616898,0.21755264468237892,0.21755264468237892,1.357504787263143,0.5233332025027729,1.7422029007585582,0.13553380326241224,0.18765512604856435,0.18765512604856435,0.9423829719187252,1.0000000000000004,0.0,15.0,0.0,0.0,200.0,0.0,0.0,0.0,25902.110725233797,15.0,12.334504517848528
enterprise,3035,dynamic_leiden,0.9986513846045251,3.3886202463764596,2.702675627606776,4.744515452156645,8.0,2.377016607532309,22.059140660851405,0.24861279088712288,0.8340588541591489,0.7372598524186523,7.142308674956439,0.5067860707732542,0.5067860707732542,2.555905315812702,0.5227471136850002,2.991069617597657,0.4087973566578205,0.4394617858216972,0.4394617858216972,0.7999762174972197,0.9986513846045251,0.0,0.0,14.0,0.0,200.0,2000.0,1008.0,1008.0,1428.4617349912878,46.0,37.162563374348316
enterprise,3035,domain_heuristic,1.0000000000000002,0.8507243354038462,0.6240164668840494,0.0,8.0,1.174097953398052,15.93352626650366,0.07096007711903998,0.877492719702814,0.8060301395294555,139.50927821468213,0.20528730502030804,0.20528730502030804,1.3401888060886324,0.5233725641135689,1.724585868178704,0.13496771620978212,0.17850122218140022,0.17850122218140022,0.9454823587478106,1.0000000000000002,0.0,14.0,0.0,0.0,200.0,39060.0,0.0,0.0,27901.855642936425,14.0,11.666482806718449
enterprise,3035,c_kam,0.9999999999999998,0.6653094094073754,0.4600408789663876,0.0,3.0,1.1164837884563277,15.830424690377901,0.05798103229928703,0.6057744058007452,0.37580947585117985,27.805709566309815,0.12382640501570197,0.12382640501570197,1.1908030468244317,0.7538171969252884,1.5860410393883382,0.10261723490314868,0.13051094276163278,0.13051094276163278,0.9569606499020469,0.9999999999999998,8.0,0.0,0.0,3.0,200.0,15912.0,6885.0,6089.0,5561.141913261963,0.0,5.5
enterprise,3035,d_kam,1.0000000000000002,0.8443294021788216,0.6418397463314929,0.0,4.0,1.1843443255947232,15.92981752371214,0.07051243179328825,0.660277196765083,0.46210556154471477,31.371646120387595,0.15933877387653175,0.15933877387653175,1.305825368809716,0.746494082131257,1.6837825491252039,0.11336408063595088,0.1532084267012643,0.1532084267012643,0.9442347291864894,1.0000000000000002,4.0,1.0,0.0,0.0,200.0,18121.0,6398.0,6398.0,6274.329224077519,1.0,2.7935180857000295
enterprise,3036,static,0.9705000904850379,45.13640123819352,10.460356761175863,101.86310313540807,8.0,457.2933946231559,101.86310313540807,3.1759111630013424,0.7982839870700182,0.6806163128608621,0.0,1.4855112164794564,1.4855112164794564,19.36454232456098,0.5410689303608913,215.30135298876135,59.40020271905698,1.4674573071479928,1.4674573071479928,0.25362607160569506,0.9705000904850379,0.0,0.0,0.0,0.0,200.0,0.0,0.0,0.0,0.0,0.0,0.0
enterprise,3036,greedy_load,1.0000000000000004,1.1148119662892504,0.7096968335876971,0.0,8.0,1.2048365426303966,19.736891537350218,0.09439991396804281,0.8793313721074069,0.8089413391700611,133.12881365418434,0.2063294463726018,0.2063294463726018,1.3560177024442388,0.5427377582066005,2.0962509229445074,0.22166938939425548,0.15429654356918404,0.15429654356918404,0.9361722665368666,1.0000000000000004,0.0,89.0,0.0,0.0,200.0,0.0,0.0,0.0,26625.76273083687,89.0,77.02367171223685
enterprise,3036,affinity_greedy,0.9315358263766064,78.65306345434428,11.072067368569892,236.406595597969,8.0,1068.4009984059883,236.406595597969,5.522077518131895,0.6916761058234673,0.5118205008871564,1.1881267101853155,1.1957305089446257,1.1957305089446257,20.3414597363136,0.5765000783969755,387.07436347003704,107.43241681489249,1.1233604556310217,1.1233604556310217,0.21080632908811295,0.9315358263766064,0.0,32.0,0.0,0.0,200.0,0.0,0.0,0.0,237.6253420370631,32.0,27.56947181940104
enterprise,3036,balanced_affinity,1.0000000000000007,1.2861202548926693,0.882551546125559,0.0,8.0,1.147752676930827,19.736891537350218,0.10639149417028214,0.820975306706469,0.7165442356185759,131.55459930072539,0.23445357204719364,0.23445357204719364,1.4363184699964324,0.5502801011641928,2.0672177092566453,0.2246087933894167,0.20790933115419993,0.20790933115419993,0.9240724366592162,1.0000000000000007,0.0,15.0,0.0,0.0,200.0,0.0,0.0,0.0,26310.919860145077,15.0,11.928253756648632
enterprise,3036,dynamic_leiden,0.9980022057957151,4.208568732720253,2.8246445782248655,6.8983776703153215,8.0,11.18388901980785,26.380660083468975,0.310962887618213,0.7772553636459147,0.6473209924393651,7.267613320436794,0.5227073694777445,0.5227073694777445,2.751758909428636,0.5531630427142354,4.381236191618728,0.7942560093888079,0.4571672406418017,0.4571672406418017,0.7881259244122648,0.9980022057957151,0.0,0.0,16.0,0.0,200.0,2028.0,1152.0,1152.0,1453.5226640873589,37.0,30.839287493884797
enterprise,3036,domain_heuristic,1.0,1.2835887451232408,0.8794945182974789,0.0,8.0,1.0709237392896593,19.736891537350218,0.10621428848642213,0.7847370004039926,0.6591669173063217,139.61672845296562,0.2428861137966355,0.2428861137966355,1.4228825160538872,0.551835257127632,2.0562817952116714,0.22428046507654703,0.2082259879943363,0.2082259879943363,0.9242864286071818,1.0,0.0,19.0,0.0,0.0,200.0,39130.0,0.0,0.0,27923.345690593123,19.0,15.072618972350027
enterprise,3036,c_kam,1.0000000000000004,0.9393784545037734,0.6262677871040994,0.0,5.0,1.09291565183167,19.736891537350218,0.0821195681430594,0.6970857211436016,0.5203857251440356,36.32890407083323,0.16256416097819637,0.16256416097819637,1.2689686534704756,0.6747418083044144,1.8004661502939254,0.15738996330607244,0.14970320978302581,0.14970320978302581,0.9420122997907185,1.0000000000000004,9.0,2.0,0.0,6.0,200.0,20764.0,6428.0,6155.0,7265.780814166646,2.0,8.860618003008776
enterprise,3036,d_kam,0.9999999999999998,1.141722343705052,0.7084801637487672,0.0,4.0,1.289604672932766,20.7505898400606,0.09628364038714893,0.5923324359904768,0.3545263569849216,29.61151698458707,0.2550356603385812,0.2550356603385812,1.3533812415991908,0.7658465383252487,2.029169989412962,0.18914323844172642,0.18390664516954355,0.18390664516954355,0.9362574334255916,0.9999999999999998,4.0,1.0,0.0,0.0,200.0,17617.0,6415.0,6415.0,5922.303396917414,1.0,2.8595083108907593
enterprise,3037,static,0.9929602116561623,10.185075178800904,5.9779896652488995,24.579014588167393,8.0,61.8634817304132,32.5469369594101,0.7207564962516484,0.8181038803927954,0.7119978106219258,0.0,0.9880252333878952,0.9880252333878952,6.251159433754878,0.5281407075474992,15.839676705182278,3.8663754831243526,0.9810089377298143,0.9810089377298143,0.5738600066250792,0.9929602116561623,0.0,0.0,0.0,0.0,200.0,0.0,0.0,0.0,0.0,0.0,0.0
enterprise,3037,greedy_load,0.9999999999999998,0.5043627237762939,0.4005727185695051,0.0,8.0,1.127637354497792,11.160992984400078,0.04310662439992559,0.8751944143481414,0.8023911560512239,132.68639735964825,0.15778954318551494,0.15778954318551494,1.225746025117129,0.5279045465537371,1.4822393544393304,0.06884232589006442,0.12284867965892804,0.12284867965892804,0.9642791928926369,0.9999999999999998,0.0,89.0,0.0,0.0,200.0,0.0,0.0,0.0,26537.27947192965,89.0,74.21938697367541
enterprise,3037,affinity_greedy,0.9329223297423787,73.019430643266,10.40044374866496,234.19781324045186,8.0,936.0000821422431,234.19781324045186,5.119161378764205,0.6632782515316219,0.4668572315917347,1.3168353350192774,1.0752511687450335,1.0752511687450335,17.828317244351663,0.5576954150736414,398.3400584459478,110.61939301385668,1.0470285720847519,1.0470285720847519,0.2642882207859548,0.9329223297423787,0.0,52.0,0.0,0.0,200.0,0.0,0.0,0.0,263.3670670038555,52.0,42.809193620237934
enterprise,3037,balanced_affinity,1.0000000000000004,0.626089924156007,0.5415015523577464,0.0,8.0,1.1668772398640908,11.160992984400078,0.05162752842650549,0.8507805261458451,0.7637358330642546,130.20193173462758,0.20949317701332734,0.20949317701332734,1.3384443494311282,0.533328900484002,1.4910406358596435,0.07015931827938043,0.19192792830540376,0.19192792830540376,0.9544141745274599,1.0000000000000004,0.0,16.0,0.0,0.0,200.0,0.0,0.0,0.0,26040.386346925516,16.0,11.69085690933235
enterprise,3037,dynamic_leiden,0.9996191835513465,3.1183695890374747,2.5553506669878927,1.3295986455434843,8.0,1.5240881726104043,15.665327357925788,0.22608710496820827,0.8016588342787193,0.6859598209413056,6.169039344822522,0.4620359225116428,0.4620359225116428,2.263737607751347,0.5304978084144117,2.572520684300307,0.30856631827326053,0.41173245362965466,0.41173245362965466,0.8134447365033496,0.9996191835513465,0.0,0.0,14.0,0.0,200.0,1700.0,1008.0,1008.0,1233.8078689645045,36.0,30.0539122025721
enterprise,3037,domain_heuristic,1.0000000000000002,0.6368747462019432,0.5516829851485043,0.0,8.0,1.0936857886138291,11.160992984400078,0.05238246596972103,0.8449038589219526,0.7544311099597582,140.03826834479696,0.18775925882919664,0.18775925882919664,1.3237664295640388,0.5334396728482633,1.4671496444011551,0.07061108634912223,0.18694868070554166,0.18694868070554166,0.9537014742321068,1.0000000000000002,0.0,15.0,0.0,0.0,200.0,39732.0,0.0,0.0,28007.653668959392,15.0,11.196122551848253
enterprise,3037,c_kam,0.9999999999999998,0.4667750179370018,0.3808745078987145,0.0,4.0,1.1419149197551657,11.03254679622598,0.04047548499117514,0.6297221257742068,0.41372669914249405,31.70952266882523,0.13821189322573843,0.13821189322573843,1.230653329574132,0.7217935476474415,1.421410443738352,0.05741120992060243,0.13498442807364747,0.13498442807364747,0.9656580676395922,0.9999999999999998,6.0,1.0,0.0,2.0,200.0,18817.0,7141.0,6128.0,6341.904533765046,1.0,4.658745055261244
enterprise,3037,d_kam,0.9998671235144798,0.8324435397216484,0.731238587861325,0.4639305780946925,5.0,1.323941756192419,11.160992984400078,0.0660722815161004,0.716859687619309,0.551694505397239,34.704905540857,0.2572242209316153,0.2572242209316153,1.4493731864096344,0.6613540149671909,1.6182091815251602,0.08132156346445198,0.21418392657081384,0.21418392657081384,0.9411325820422093,0.9998671235144798,3.0,2.0,0.0,0.0,200.0,20158.0,6518.0,6518.0,6940.9811081714,2.0,3.1119459090085226
enterprise,3038,static,0.9523267294198156,59.52988181424013,10.81226896157674,162.35153279970115,8.0,1507.3318035972718,162.35153279970115,4.190551327642309,0.7875498537143253,0.6636206017143482,0.0,1.6739717532123108,1.6739717532123108,32.82349834121275,0.5334584394723426,458.36461566077463,127.19422176853809,1.6256180106430487,1.6256180106430487,0.22448555077279578,0.9523267294198156,0.0,0.0,0.0,0.0,200.0,0.0,0.0,0.0,0.0,0.0,0.0
enterprise,3038,greedy_load,1.0000000000000007,1.2754421174440413,0.7791568179927142,0.0,8.0,1.1211489290679175,20.793894690730113,0.11274054886658295,0.8520924606156243,0.7658130626414053,130.06787799618905,0.25592246326013024,0.25592246326013024,1.580509326118066,0.5401953827121878,2.581962507860143,0.3489841475888192,0.18483717318125312,0.18483717318125312,0.9268034008236776,1.0000000000000007,0.0,90.0,0.0,0.0,200.0,0.0,0.0,0.0,26013.57559923781,90.0,74.34682856711021
enterprise,3038,affinity_greedy,0.9615979471793636,45.971884818924515,10.393840090815901,130.77835991132568,8.0,1288.524109883775,130.77835991132568,3.2414915379702154,0.7133830851817266,0.5461898848710672,1.329047571780393,1.9399880777179035,1.9399880777179035,34.02700096886902,0.555331193735701,382.1181982305332,105.84290647313232,1.83118397341207,1.83118397341207,0.2537755717260545,0.9615979471793636,0.0,52.0,0.0,0.0,200.0,0.0,0.0,0.0,265.8095143560786,52.0,42.542490094879646
enterprise,3038,balanced_affinity,0.9999593544503631,1.3334572619522025,0.8441591212675387,0.13841859819500718,8.0,1.189190431025303,20.793894690730113,0.11680160898215419,0.8393172121027639,0.7455855858293762,127.79380428532022,0.2739896517278879,0.2739896517278879,1.6252791782533074,0.5471043833842719,2.5633198875924084,0.34951697749320154,0.22813934216551374,0.22813934216551374,0.9222532395944399,0.9999593544503631,0.0,19.0,0.0,0.0,200.0,0.0,0.0,0.0,25558.760857064044,19.0,14.070664202845872
enterprise,3038,dynamic_leiden,0.9920936988444138,11.625920848646512,6.418833155372197,26.92494338576197,8.0,206.70307274403237,28.511829970974045,0.8372740600507559,0.7790239151650661,0.6501211990113543,6.4399026046157815,1.8105357789895415,1.8105357789895415,15.630993891733574,0.5516335199506964,50.02376093386409,13.175986152220803,1.6227114697100022,1.6227114697100022,0.5320260572071139,0.9920936988444138,0.0,0.0,14.0,0.0,200.0,1828.0,1008.0,1008.0,1287.9805209231563,36.0,28.00654651963003
enterprise,3038,domain_heuristic,1.0000000000000016,1.3298429397835296,0.8405359499619214,0.0,8.0,1.2016661744906103,20.793894690730113,0.11654860643034709,0.8216096542293407,0.7175486191964561,139.10664094946696,0.2973911767040096,0.2973911767040096,1.6273644286996494,0.5461193050030111,2.573209009722938,0.34939316630211226,0.23127698869274918,0.23127698869274918,0.9225068615858332,1.0000000000000016,0.0,15.0,0.0,0.0,200.0,39004.0,0.0,0.0,27821.328189893393,15.0,11.384977083503378
enterprise,3038,c_kam,1.0000000000000002,0.9260548025895071,0.5625705225077715,0.0,3.0,1.0996428368271332,20.793894690730113,0.08828343682676552,0.563359310304864,0.30865224131603447,20.725908165914007,0.17410451437585978,0.17410451437585978,1.3900147782547088,0.7638390740815418,2.1200876976370724,0.24205674141002073,0.14916710772591837,0.14916710772591837,0.9419644415076237,1.0000000000000002,7.0,1.0,0.0,2.0,200.0,12664.0,6277.0,6039.0,4145.181633182801,1.0,5.044993659412178
enterprise,3038,d_kam,1.0000000000000004,1.4751212268564615,0.8504994029012181,0.0,4.0,1.2691846586567896,23.249966283571005,0.12671808652545236,0.6096864802930778,0.3820035937973733,27.88533183396794,0.25944628251099155,0.25944628251099155,1.5032864052664443,0.7469155122364746,2.464567174362952,0.31163757326343516,0.2351174315839522,0.2351174315839522,0.9218094198800825,1.0000000000000004,4.0,2.0,0.0,0.0,200.0,16892.0,6383.0,6383.0,5577.066366793588,2.0,3.794868145483976
enterprise,3039,static,0.9840614968463393,24.446055175606165,8.962818987404397,56.55253467849182,8.0,119.24090656049383,56.55253467849182,1.7231791787666024,0.8037408323484311,0.689256317885016,0.0,1.5041324385956303,1.5041324385956303,13.219575849945256,0.5248529742867152,75.58426368490808,20.40125247012088,1.515587862337219,1.515587862337219,0.36155514969994257,0.9840614968463393,0.0,0.0,0.0,0.0,200.0,0.0,0.0,0.0,0.0,0.0,0.0
enterprise,3039,greedy_load,0.9999999999999999,0.599771052964793,0.44953357433857327,0.0,8.0,1.1501537843889895,13.069729310334033,0.053939290181706366,0.8718034113807827,0.7970220680195724,130.54849263018696,0.1823846733101169,0.1823846733101169,1.3642984825690334,0.5296808031808259,1.8147608647859392,0.15517808426521884,0.14741912083073974,0.14741912083073974,0.9574851286145502,0.9999999999999999,0.0,87.0,0.0,0.0,200.0,0.0,0.0,0.0,26109.69852603739,87.0,74.15586067148402
enterprise,3039,affinity_greedy,0.9275196900338069,68.83789083607469,10.73737891416174,257.17253391699256,8.0,2242.8508823722173,257.17253391699256,4.8306076749994,0.6691605660652433,0.4761708962699687,1.3399908565043006,1.4049807865340722,1.4049807865340722,22.88871642829154,0.5606589995645043,449.2030118844796,124.72265774368539,1.3752600024292838,1.3752600024292838,0.2373359548269284,0.9275196900338069,0.0,57.0,0.0,0.0,200.0,0.0,0.0,0.0,267.9981713008601,57.0,47.155191494645386
enterprise,3039,balanced_affinity,0.9999999999999997,0.6739036326732342,0.5315902287033294,0.0,8.0,1.1014358577617418,13.069729310334033,0.059128570761297225,0.8264873464706965,0.7252716319119362,128.00459407502785,0.22369161066512688,0.22369161066512688,1.4303007130226855,0.5357235820490538,1.7986628941334966,0.15594041242338125,0.21000432647107178,0.21000432647107178,0.9517411628090171,0.9999999999999997,0.0,12.0,0.0,0.0,200.0,0.0,0.0,0.0,25600.91881500557,12.0,9.093214000609446
enterprise,3039,dynamic_leiden,0.9999999999999994,2.80023844866794,2.0085958190596545,0.0,8.0,1.1758382754094856,18.901055195831603,0.20797200788092668,0.7994762923263921,0.6825041295167873,5.266698999766959,0.5042720884322689,0.5042720884322689,2.6603228317956127,0.5334964838756193,3.994666810703326,0.6948540537233634,0.4260391384704469,0.4260391384704469,0.8483507714840743,0.9999999999999994,0.0,0.0,7.0,0.0,200.0,1491.0,504.0,504.0,1053.3397999533918,24.0,19.038543085926797
enterprise,3039,domain_heuristic,0.9999779877917414,0.6934101257321093,0.5531361945705683,0.07810307899613797,8.0,1.1285558409777283,13.069729310334033,0.06049402527541849,0.816907736593192,0.7101039162725539,137.80545412460924,0.24395839949862655,0.24395839949862655,1.4475349122710839,0.5349899404138918,1.8124811992343361,0.15616977888154757,0.21926525466976876,0.21926525466976876,0.9502329451983104,0.9999779877917414,0.0,10.0,0.0,0.0,200.0,39130.0,0.0,0.0,27561.09082492185,10.0,7.554555291569023
enterprise,3039,c_kam,0.9999999999999994,0.6318075983890291,0.4971018038477971,0.0,4.0,1.060173391244274,13.069729310334033,0.056181848361402886,0.6673384346823857,0.4732858549137772,45.8048037388653,0.1603667057822502,0.1603667057822502,1.3193041054106631,0.6357164570949362,1.6403928537918957,0.1287595455988454,0.17956121155016191,0.17956121155016191,0.9541553525489044,0.9999999999999994,8.0,4.0,0.0,4.0,200.0,27153.0,7519.0,6247.0,9160.96074777306,4.0,8.845666043487848
enterprise,3039,d_kam,0.9999779877917412,0.7299016174641576,0.5888245698904832,0.07810307899613797,3.0,1.228963106977806,13.069729310334033,0.06304842969666187,0.6691376394351909,0.4761345957723855,28.692848338978365,0.2103322381291796,0.2103322381291796,1.4213219162363415,0.7189066313135887,1.8001609768293294,0.1375885022651472,0.17589543064000687,0.17589543064000687,0.9477347589259163,0.9999779877917412,5.0,0.0,0.0,0.0,200.0,17382.0,6402.0,6402.0,5738.569667795673,0.0,2.5
enterprise,3040,static,0.9683167541142428,44.6840585075638,10.275123193336114,108.03793476724478,8.0,555.1628479845914,108.03793476724478,3.1432449109672644,0.7815705713463876,0.6541534046317804,0.0,1.3032905018885037,1.3032905018885037,14.437701111755779,0.5290819082598288,172.05867824439633,47.38737622423692,1.2833971299556282,1.2833971299556282,0.26737154033119825,0.9683167541142428,0.0,0.0,0.0,0.0,200.0,0.0,0.0,0.0,0.0,0.0,0.0
enterprise,3040,greedy_load,0.9999935965042174,0.7697904786222196,0.541700017995855,0.021835529799575676,8.0,1.166014359587305,14.969603706300592,0.06924614894135316,0.883749715399558,0.8159370493826336,134.7832442043,0.180218992792897,0.180218992792897,1.2709208444450244,0.5270172787967389,1.8263187306156465,0.15728870138565737,0.14717370059510204,0.14717370059510204,0.9487111626050162,0.9999935965042174,0.0,90.0,0.0,0.0,200.0,0.0,0.0,0.0,26956.648840859998,90.0,74.18535789356127
enterprise,3040,affinity_greedy,0.9517642753199373,69.25614124491604,11.043470064220125,164.4808772190229,8.0,769.8325586165847,164.4808772190229,4.863290702581921,0.7418402399432609,0.5912470465768298,1.437186989642214,1.0889828759648816,1.0889828759648816,15.760214307838826,0.544363808900155,265.33790720844127,73.48361401048739,1.0413401367230477,1.0413401367230477,0.21358725936931733,0.9517642753199373,0.0,61.0,0.0,0.0,200.0,0.0,0.0,0.0,287.4373979284428,61.0,50.72506369628462
enterprise,3040,balanced_affinity,0.9999913945481991,0.840024119471214,0.6227127980565733,0.02934406543344298,8.0,1.1643821167940107,14.969603706300592,0.07416250380078278,0.8497459543136904,0.7620977609966764,135.6790205350262,0.2221316229755682,0.2221316229755682,1.3328608654062721,0.5323206777685674,1.8162083131844458,0.15788036823661356,0.19800989885408662,0.19800989885408662,0.9430402680007661,0.9999913945481991,0.0,16.0,0.0,0.0,200.0,0.0,0.0,0.0,27135.804107005242,16.0,11.845114183029406
enterprise,3040,dynamic_leiden,0.9878636675658363,12.63860959027302,6.682551756907558,41.38415289152061,8.0,57.91132447235989,41.38415289152061,0.9000634867569094,0.7704245345963915,0.6365055131109533,7.36077462148387,1.0416763644015687,1.0416763644015687,6.6236415286319525,0.5276249821522806,18.10674655947828,4.488649079136595,0.9838134678103324,0.9838134678103324,0.5188515408811972,0.9878636675658363,0.0,0.0,16.0,0.0,200.0,2059.0,1152.0,1152.0,1472.154924296774,50.0,41.26373449473002
enterprise,3040,domain_heuristic,0.9999913945481993,0.8698128319432319,0.6558318886120433,0.02934406543344298,8.0,1.1592225945873134,14.969603706300592,0.07624771367382403,0.8426926980484535,0.750930105243385,141.7138357690419,0.2321924291155775,0.2321924291155775,1.3581078447475494,0.5310996222387232,1.8230532858567896,0.15830856787103095,0.20200461313254434,0.20200461313254434,0.9407219316618832,0.9999913945481993,0.0,18.0,0.0,0.0,200.0,40320.0,0.0,0.0,28342.76715380838,18.0,12.856102858789516
enterprise,3040,c_kam,1.0,0.6575552549184839,0.4610904882491905,0.0,4.0,1.1191679230632823,14.969603706300592,0.06138968328209168,0.5886298472828169,0.34866392486446,24.838548765110318,0.13477128117132064,0.13477128117132064,1.1705695719058633,0.7377114220002342,1.6346710830237867,0.11998411342021179,0.14124611528501746,0.14124611528501746,0.9543538296872828,1.0,8.0,2.0,0.0,4.0,200.0,15070.0,6246.0,6071.0,4967.7097530220635,2.0,7.365763446044699
enterprise,3040,d_kam,0.9999913945481986,0.8730005094042398,0.664904230976345,0.02934406543344298,5.0,1.2071618017428347,14.969603706300592,0.07647085109609458,0.6363562993572067,0.42423080731557733,30.924023597472114,0.2412632767866469,0.2412632767866469,1.3861418641497516,0.7238828647152725,1.7940485868165736,0.13152683805742638,0.2085897923862406,0.2085897923862406,0.9400868676963821,0.9999913945481986,3.0,0.0,0.0,0.0,200.0,19007.0,6436.0,6436.0,6184.804719494423,0.0,1.5
enterprise,3041,static,0.9978638766500005,3.377652280009101,2.86329704853488,7.3435792986183195,8.0,4.0780809251996315,13.277437490258553,0.2405439516871293,0.7939526646564988,0.6737583857061233,0.0,0.49993121473832575,0.49993121473832575,2.1838520778600667,0.5330485971969259,2.5829724756205734,0.3051413246368349,0.4423796218301459,0.4423796218301459,0.7951470051394094,0.9978638766500005,0.0,0.0,0.0,0.0,200.0,0.0,0.0,0.0,0.0,0.0,0.0
enterprise,3041,greedy_load,0.9999969907806692,0.13158805435700133,0.14673517355460713,0.010345114569107888,8.0,1.2025768844092966,1.8777200543547607,0.013319455891482337,0.875555559647915,0.8029629694425321,127.57524457483669,0.13662278959192625,0.13662278959192625,1.3748193999495886,0.5344035909451585,1.2531354541534616,0.008258574449182023,0.11893507249229605,0.11893507249229605,0.9853063363880284,0.9999969907806692,0.0,89.0,0.0,0.0,200.0,0.0,0.0,0.0,25515.048914967338,89.0,76.83439642317907
enterprise,3041,affinity_greedy,0.9696492456542543,38.865730589660934,9.462944902262846,104.34002854323477,8.0,259.96988162363834,104.34002854323477,2.724709433362757,0.7116059163419552,0.5433760342080958,1.2344247403962072,0.8094212131583924,0.8094212131583924,9.23069249510993,0.53704293672473,81.40283126975024,22.229005981942315,0.7926152196490015,0.7926152196490015,0.3331716553784518,0.9696492456542543,0.0,37.0,0.0,0.0,200.0,0.0,0.0,0.0,246.88494807924144,37.0,31.705883514689287
enterprise,3041,balanced_affinity,1.0000000000000004,0.227543078990837,0.24809368206988003,0.0,8.0,1.1636027921088739,2.280528065718568,0.020036307615850835,0.8247731063698948,0.722557418419,126.83140455541434,0.20326948500028688,0.20326948500028688,1.255856658473923,0.5343885693477952,1.2379927600502096,0.0059118491279672725,0.14960847048655046,0.14960847048655046,0.9782112407919594,1.0000000000000004,0.0,9.0,0.0,0.0,200.0,0.0,0.0,0.0,25366.280911082868,9.0,7.025958595012903
enterprise,3041,dynamic_leiden,0.9976027533176238,2.282666002463704,1.9394782691409809,8.241270856565805,8.0,5.520171949140571,14.575768767507357,0.16389491225895156,0.795456190331235,0.6761389680244554,5.20155793405138,0.40068971346994936,0.40068971346994936,1.8918581303492958,0.5348079258796951,2.0309282914492077,0.17527905608817776,0.3342421305686021,0.3342421305686021,0.8598143196969823,0.9976027533176238,0.0,0.0,11.0,0.0,200.0,1500.0,792.0,792.0,1040.311586810276,26.0,22.41011863941729
enterprise,3041,domain_heuristic,1.0000000000000004,0.2366913846344693,0.2583574434944967,0.0,8.0,1.1636027921088739,2.280528065718568,0.020676689010905094,0.8246813822669665,0.7224121885893637,137.72786121975514,0.20524105707435475,0.20524105707435475,1.261945493996823,0.5343604361326532,1.2403503052608258,0.006052390724204412,0.15189541184112673,0.15189541184112673,0.9774927774922361,1.0000000000000004,0.0,9.0,0.0,0.0,200.0,39690.0,0.0,0.0,27545.57224395103,9.0,7.025958595012903
enterprise,3041,c_kam,1.0,0.08323897579312843,0.09207024620893338,0.0,4.0,1.1476873966256629,1.8777200543547607,0.009935020392011234,0.6833504676246686,0.4986382404057253,34.16558080163668,0.13777799961499285,0.13777799961499285,1.041830239797085,0.6699321799109302,1.2065337950573187,0.0022332602932866753,0.11321645093484432,0.11321645093484432,0.9891328813022255,1.0,8.0,1.0,0.0,4.0,200.0,20522.0,6696.0,6152.0,6833.116160327336,1.0,6.731057874961493
enterprise,3041,d_kam,1.0000000000000002,2.390236222894541,2.180663988863274,0.0,5.0,1.1565521212547443,8.467683613233495,0.17142482768911008,0.785293123336948,0.6600474452835011,46.93187703014701,0.40606811765567236,0.40606811765567236,1.7619836586117879,0.5555387532004832,1.8485948524337035,0.12138894720885221,0.3476302643972805,0.3476302643972805,0.8429313193164218,1.0000000000000002,3.0,1.0,0.0,0.0,200.0,26884.0,6675.0,6675.0,9386.375406029401,1.0,2.4509942050710016
enterprise,3042,static,0.9872926211969425,21.068851983313067,8.567728654250617,44.375315515580695,8.0,83.98588945587304,44.375315515580695,1.489094804203986,0.8107774480381726,0.7003976260604403,0.0,1.3292715834872728,1.3292715834872728,8.315263979565541,0.5279967556530076,44.736254310068006,11.837873975510881,1.2428813441099187,1.2428813441099187,0.38746164549860596,0.9872926211969425,0.0,0.0,0.0,0.0,200.0,0.0,0.0,0.0,0.0,0.0,0.0
enterprise,3042,greedy_load,0.9999999999999999,0.6834527660887364,0.483544485337521,0.0,8.0,1.1204088119509206,14.72002500891454,0.062116858998283196,0.8724110222648727,0.7979841185860486,124.44988492818084,0.18696364011867744,0.18696364011867744,1.239857633452855,0.5347289060182846,1.7654386456363205,0.13786906969217974,0.13834688332549486,0.13834688332549486,0.9533545373225225,0.9999999999999999,0.0,90.0,0.0,0.0,200.0,0.0,0.0,0.0,24889.976985636167,90.0,77.4877004290647
enterprise,3042,affinity_greedy,0.960878005295328,45.63589896952106,10.292900824299949,136.61754210090095,8.0,394.300262824013,136.61754210090095,3.2087880932385455,0.7470292664438007,0.5994630052026845,1.1925178104138467,1.1046256159566041,1.1046256159566041,14.124292170135055,0.5487120557619162,137.047775141905,37.66970556573897,1.086648799642587,1.086648799642587,0.2666995935951526,0.960878005295328,0.0,35.0,0.0,0.0,200.0,0.0,0.0,0.0,238.50356208276935,35.0,28.371517910487576
enterprise,3042,balanced_affinity,0.9999770583508146,0.7620092192831833,0.5732245010272459,0.08011431285951283,8.0,1.1485653417452797,14.72002500891454,0.06761581072189447,0.8765076617287758,0.804470464403895,127.0768765352841,0.2145605866704158,0.2145605866704158,1.3470547816862544,0.529993339205747,1.7514016889341113,0.1387031094769633,0.18715161333182928,0.18715161333182928,0.9470769362242418,0.9999770583508146,0.0,10.0,0.0,0.0,200.0,0.0,0.0,0.0,25415.37530705682,10.0,8.150175890564846
enterprise,3042,dynamic_leiden,0.9999125801393447,2.5013699274124312,1.7274698356269487,0.3052780560819033,8.0,1.304074350903312,20.882160726700732,0.1893710602909418,0.8167961314781974,0.7099272081738125,4.333993144973647,0.4040254662026023,0.4040254662026023,1.84046797031366,0.5317209112984542,2.7996554864424272,0.3874411430691569,0.2966720472093119,0.2966720472093119,0.8662797628022625,0.9999125801393447,0.0,0.0,7.0,0.0,200.0,1257.0,504.0,504.0,866.7986289947294,17.0,14.40120122621459
enterprise,3042,domain_heuristic,0.9999710631442444,0.8150780808703914,0.6323704838232581,0.10105011616278896,8.0,1.1329685599025896,14.72002500891454,0.07133063103299903,0.8569772828919534,0.7735473645789261,137.33002499400754,0.237175191625927,0.237175191625927,1.3666647650485788,0.5281634828008213,1.7638885076616377,0.1392746579419933,0.19515996754187334,0.19515996754187334,0.942936717428521,0.9999710631442444,0.0,13.0,0.0,0.0,200.0,40292.0,0.0,0.0,27466.00499880151,13.0,10.206187666313626
enterprise,3042,c_kam,0.9999823816877405,0.6598266533547437,0.4960969892495348,0.06152473908987634,5.0,1.1702381548705287,14.72002500891454,0.06046303110690369,0.7296047350127556,0.5718741637701964,55.269795755302766,0.17419779070984143,0.17419779070984143,1.2736031415795823,0.6035646651176038,1.581762603851752,0.10742941870532047,0.15139909488915582,0.15139909488915582,0.9524758620486815,0.9999823816877405,5.0,3.0,0.0,2.0,200.0,32606.0,8037.0,6327.0,11053.959151060553,3.0,5.540065216748736
enterprise,3042,d_kam,0.9996199319394149,0.7566644892433024,0.5995601029167723,1.3272320253650267,6.0,1.575955503058228,14.72002500891454,0.0672416796191028,0.7511935406753958,0.6060564394027097,36.34209350377205,0.21522970303495614,0.21522970303495614,1.3395645763398694,0.6490196913749449,1.6912616187734029,0.11133262837148793,0.17287679490516275,0.17287679490516275,0.945233444091975,0.9996199319394149,2.0,0.0,0.0,0.0,200.0,20980.0,6511.0,6511.0,7268.41870075441,0.0,1.0
enterprise,3043,static,0.9798020510083977,23.434537923234295,7.193741288229091,71.42502272511796,8.0,270.4231661130797,71.42502272511796,1.6404820227807624,0.8485733007851851,0.7602410595765431,0.0,1.2657645129431068,1.2657645129431068,13.595586952732301,0.5126923757977668,90.33192269979475,24.57992837398881,1.1823846185342506,1.1823846185342506,0.4963648496378359,0.9798020510083977,0.0,0.0,0.0,0.0,200.0,0.0,0.0,0.0,0.0,0.0,0.0
enterprise,3043,greedy_load,0.9999999999999998,0.04402441331532671,0.048407782794669084,0.0,8.0,1.1432080787311156,1.301239300398682,0.0031460770864347944,0.8987298454246875,0.8396555885890885,130.63708653484355,0.0898935372223029,0.0898935372223029,0.9602366659790689,0.516020081396104,1.1740562237148027,0.0007821884655865497,0.06398378143490235,0.06398378143490235,0.9965381950182455,0.9999999999999998,0.0,89.0,0.0,0.0,200.0,0.0,0.0,0.0,26127.41730696871,89.0,76.38903766778145
enterprise,3043,affinity_greedy,0.9326520529133963,64.0288168865519,9.948585383384208,238.1592632574097,8.0,1411.288641494885,238.1592632574097,4.482081550212994,0.7344746444910594,0.5795848537775108,1.344995926192496,1.2395151272275582,1.2395151272275582,24.671664628344697,0.5344451713531145,440.9251989927101,122.45397521691187,1.1747009540056248,1.1747009540056248,0.30352576297697775,0.9326520529133963,0.0,56.0,0.0,0.0,200.0,0.0,0.0,0.0,268.9991852384992,56.0,47.23010264276933
enterprise,3043,balanced_affinity,0.9999999999999999,0.08274762118672,0.09317394804706239,0.0,8.0,1.109831923700004,0.7915809187913594,0.005856701637432325,0.8647483904241073,0.7858516181715032,131.12471493994235,0.1361598853445163,0.1361598853445163,1.0161462648631177,0.5163592943629106,1.157893033581563,0.000707819702177572,0.11556385248246664,0.11556385248246664,0.9934045634505779,0.9999999999999999,0.0,8.0,0.0,0.0,200.0,0.0,0.0,0.0,26224.94298798847,8.0,5.940140068135278
enterprise,3043,dynamic_leiden,0.9999999999999998,5.96095466956104,3.8133017388199706,0.0,8.0,1.1160884982875205,26.568295313204167,0.4173311950236348,0.8328780432412864,0.735390235132037,6.467025040619774,0.7616844378635722,0.7616844378635722,4.311775931965807,0.5197130862569329,10.409054073260895,2.410582036486627,0.6900779495083588,0.6900779495083588,0.7329956180964743,0.9999999999999998,0.0,0.0,9.0,0.0,200.0,1865.0,648.0,648.0,1293.4050081239548,42.0,34.751610628127814
enterprise,3043,domain_heuristic,1.0000000000000002,0.09243131443340595,0.10293673495293039,0.0,8.0,1.1611410863455962,1.7280772043528758,0.006534560164700342,0.8682245244797849,0.7913554970929928,139.97787436412182,0.1550693927788197,0.1550693927788197,1.0176445739863393,0.5155906311172964,1.1805933198449088,0.0013929037975012682,0.11163291717051121,0.11163291717051121,0.9927211683671672,1.0000000000000002,0.0,8.0,0.0,0.0,200.0,40320.0,0.0,0.0,27995.574872824363,8.0,6.000173591243773
enterprise,3043,c_kam,0.9999999999999999,0.025614833054304464,0.028520769850864318,0.0,6.0,1.094292086117224,0.7890191266967621,0.001857406468163237,0.7383739009872078,0.5857586765630791,44.8701052890101,0.08291298728381742,0.08291298728381742,0.9464851111933502,0.6455166282954926,1.1512827909587549,0.00022282713733629038,0.07024267606882528,0.07024267606882528,0.9979302859243117,0.9999999999999999,4.0,0.0,0.0,2.0,200.0,26132.0,7933.0,6235.0,8974.02105780202,0.0,3.0
enterprise,3043,d_kam,1.0000000000000004,0.3083565094621705,0.31785299302536096,0.0,5.0,1.2393121379408962,3.599698959088335,0.021649323816713858,0.8005827573909621,0.6842560325356898,36.412468235503184,0.1683327372885413,0.1683327372885413,1.1179002660586972,0.5938551908146087,1.2757520964581488,0.014954170401834532,0.14280571582683013,0.14280571582683013,0.9776770303020971,1.0000000000000004,3.0,1.0,0.0,0.0,200.0,21200.0,6545.0,6545.0,7282.493647100637,1.0,2.221274847413475
enterprise,3044,static,0.9950467786063405,6.236839270574168,4.154182293920807,17.741337543146457,8.0,12.442803448718227,21.739900635496717,0.4369472565789421,0.8334627300389734,0.7363159892283744,0.0,0.6825466756315123,0.6825466756315123,3.2957700459582266,0.5136501348231635,6.457405109060375,1.3342697960863643,0.6237968208997766,0.6237968208997766,0.7087765147143401,0.9950467786063405,0.0,0.0,0.0,0.0,200.0,0.0,0.0,0.0,0.0,0.0,0.0
enterprise,3044,greedy_load,1.0000000000000004,0.019039676049481816,0.020932977803327233,0.0,8.0,1.1304723481779253,0.8078381524123521,0.001701284962214007,0.9014841959113551,0.844016643526312,129.8655017807323,0.10437832586400836,0.10437832586400836,0.9493357758314904,0.5144870316322226,1.1866794313964082,0.0001101342234801597,0.05975968456578133,0.05975968456578133,0.9981039668425638,1.0000000000000004,0.0,90.0,0.0,0.0,200.0,0.0,0.0,0.0,25973.10035614646,90.0,77.3417028755779
enterprise,3044,affinity_greedy,0.9497475907789488,62.56602760516789,10.08153428983824,179.99295478461136,8.0,757.7711927909677,179.99295478461136,4.379990440000503,0.7518139701455666,0.607038786063814,1.2909608804329764,1.1786693512157163,1.1786693512157163,20.121267779694687,0.5382387965750258,332.075331358942,92.08550440366123,1.1657761226064178,1.1657761226064178,0.29386187500011984,0.9497475907789488,0.0,54.0,0.0,0.0,200.0,0.0,0.0,0.0,258.1921760865953,54.0,46.41047298154215
enterprise,3044,balanced_affinity,0.9999999999999997,0.07381460264609219,0.08259515901998327,0.0,8.0,1.0855480479425803,1.5292800276130551,0.005535529823976734,0.8694203535640233,0.793248893143037,129.125248840719,0.13572477822361353,0.13572477822361353,1.0065898412957512,0.5142723457402748,1.1562579220316302,0.0006399818471949059,0.10073654684439128,0.10073654684439128,0.9937876141573979,0.9999999999999997,0.0,4.0,0.0,0.0,200.0,0.0,0.0,0.0,25825.0497681438,4.0,3.0028274440965577
enterprise,3044,dynamic_leiden,0.9997366492821169,1.0696191416277898,1.0091044066257606,0.9432637079715417,8.0,1.1720501068304892,9.758148458625417,0.07524184755269557,0.814292551860222,0.7059632071120185,5.251009670319036,0.24869569204779574,0.24869569204779574,1.3893189404528778,0.5166982315527209,1.4457631423459083,0.05649508533017269,0.22696034473917628,0.22696034473917628,0.9289319668249933,0.9997366492821169,0.0,0.0,9.0,0.0,200.0,1522.0,648.0,648.0,1050.2019340638071,22.0,17.837598581163146
enterprise,3044,domain_heuristic,0.9999999999999998,0.0864575199382391,0.09679046750425112,0.0,8.0,1.0776491045859649,1.5292800276130551,0.006420534034427015,0.8665709600026094,0.788737353337465,138.4296397936123,0.13782629040793165,0.13782629040793165,1.0164484423542184,0.5143513751497831,1.1575645201557359,0.0008627017904317833,0.10540216829281579,0.10540216829281579,0.9927939425634992,0.9999999999999998,0.0,4.0,0.0,0.0,200.0,40320.0,0.0,0.0,27685.92795872246,4.0,3.1041210268959567
enterprise,3044,c_kam,0.9999999999999998,0.06923738377105872,0.07640159304269188,0.0,6.0,1.103716763433434,2.11508814320415,0.005215124502724389,0.7546129247605866,0.6114704642042621,54.26191293969168,0.10410824357611949,0.10410824357611949,0.9851210235981047,0.5961364399289966,1.136228770296708,0.0007810768504947729,0.08990059937156929,0.08990059937156929,0.9942211637758084,0.9999999999999998,4.0,0.0,0.0,2.0,200.0,32175.0,8502.0,6322.0,10852.382587938337,0.0,3.0
enterprise,3044,d_kam,0.9999999999999997,0.5097165845678924,0.5332883889285965,0.0,5.0,1.175580560015449,4.182206194482907,0.03604866855850276,0.7946301495307683,0.6748310700903829,39.974625240138266,0.1892789968507455,0.1892789968507455,1.2220987934547254,0.5783786415638873,1.2984589968207962,0.020728813217917016,0.1713181077321223,0.1713181077321223,0.962239088063795,0.9999999999999997,3.0,0.0,0.0,0.0,200.0,23378.0,6567.0,6567.0,7994.925048027653,0.0,1.5
enterprise,3045,static,0.9606256635642628,70.3799816042562,11.176107777418139,139.12168280275074,8.0,521.5416965131756,167.6086197822965,4.947345114798875,0.8195719092281558,0.7143221896112467,0.0,1.2632978335901341,1.2632978335901341,19.380429019037038,0.5356204008551642,365.63408081166165,101.42038978015344,1.2430643250627709,1.2430643250627709,0.2005895610846357,0.9606256635642628,0.0,0.0,0.0,0.0,200.0,0.0,0.0,0.0,0.0,0.0,0.0
enterprise,3045,greedy_load,0.9991594160540621,1.9182319411588493,1.267026981037349,2.9700425119976352,8.0,6.340071080192779,25.11118984143349,0.15502263838205976,0.8920803610370368,0.8291272383086414,125.85518229374429,0.3111537858498098,0.3111537858498098,2.9512140876858552,0.5298560327552363,2.9905170862182215,0.44475920176270584,0.3517193093661898,0.3517193093661898,0.8942252168312909,0.9991594160540621,0.0,87.0,0.0,0.0,200.0,0.0,0.0,0.0,25171.03645874886,87.0,73.18869609328742
enterprise,3045,affinity_greedy,0.9257730156007303,91.36204841162267,11.484246796079777,262.2668446960095,8.0,1076.379200948931,262.2668446960095,6.416089791314528,0.7956843134326624,0.6765001629350488,1.359432734461734,1.1276826612197786,1.1276826612197786,21.187402786821693,0.5486999918512072,488.1039246939631,135.64049169885155,1.110802377402479,1.110802377402479,0.17901982977832087,0.9257730156007303,0.0,60.0,0.0,0.0,200.0,0.0,0.0,0.0,271.8865468923468,60.0,50.14328610722903
enterprise,3045,balanced_affinity,1.0,1.6671209053024083,1.003237142517979,0.0,8.0,1.1365041014410027,25.11118984143349,0.1374448658721089,0.8797147051737736,0.8095482831918079,128.23092614038615,0.2496261053261712,0.2496261053261712,1.4508756951960728,0.5356844114540078,2.4112069125821187,0.3106209119788668,0.20995738397442543,0.20995738397442543,0.912690505527647,1.0,0.0,17.0,0.0,0.0,200.0,0.0,0.0,0.0,25646.18522807723,17.0,12.588769133863586
enterprise,3045,dynamic_leiden,0.9905205662481176,13.98495607280113,7.040925842078254,33.49376510081787,8.0,502.65393114294,36.55662213085756,0.9996933275970197,0.8183967225884075,0.712461477431645,6.3094069753424264,2.851069379489357,2.851069379489357,44.84899956667829,0.5341228106588884,176.30878905007,48.13152346365723,2.900159199417698,2.900159199417698,0.4900522965584275,0.9905205662481176,0.0,0.0,16.0,0.0,200.0,1793.0,1152.0,1152.0,1261.8813950684853,45.0,36.08815885818549
enterprise,3045,domain_heuristic,1.0,1.6826820294292237,1.021298507480995,0.0,8.0,1.0991603549806637,25.11118984143349,0.13853414456098595,0.8569154494686353,0.7734494616586726,138.02966385905165,0.27067386091450835,0.27067386091450835,1.4527676022628375,0.5366528770362226,2.4160499821203167,0.3094376182963754,0.22144051353884728,0.22144051353884728,0.9114262099802357,1.0,0.0,18.0,0.0,0.0,200.0,39690.0,0.0,0.0,27605.93277181033,18.0,13.693129648126384
enterprise,3045,c_kam,0.9999999999999997,1.351560646007986,0.7702991911994902,0.0,3.0,1.1455949990095071,24.989547040374674,0.11535564772149937,0.559230748931259,0.3021153524744935,15.042814383923542,0.15486137564198713,0.15486137564198713,1.3567818156014848,0.7891710941397033,2.066329377335344,0.22635420097339615,0.15665508794148775,0.15665508794148775,0.9289961621199412,0.9999999999999997,7.0,1.0,0.0,2.0,200.0,9012.0,6106.0,5981.0,3008.5628767847084,1.0,5.230279173025853
enterprise,3045,d_kam,1.0,1.4405234923771566,0.8107611684438127,0.0,4.0,1.223866338041714,25.534240590176623,0.12158304696734128,0.6690143489210985,0.4759393857917394,29.254671505477745,0.2082203123371651,0.2082203123371651,1.2911155558363412,0.7578361575659811,2.1954901764730677,0.23817860977915623,0.17615116787301388,0.17615116787301388,0.9261638237128383,1.0,4.0,0.0,0.0,0.0,200.0,17580.0,6362.0,6362.0,5850.934301095549,0.0,2.0
enterprise,3046,static,0.9060993529884331,114.65971616499611,11.894841001175042,340.1692206916068,8.0,6588.442072173478,340.1692206916068,8.061850125294875,0.8255158316556885,0.7237334001215069,0.0,2.1259379326775796,2.1259379326775796,57.53226806556119,0.5541981371290605,2075.042930761765,578.2964737211707,2.107194377423333,2.107194377423333,0.14314078404387576,0.9060993529884331,0.0,0.0,0.0,0.0,200.0,0.0,0.0,0.0,0.0,0.0,0.0
enterprise,3046,greedy_load,0.9905766502465274,9.066645640259724,4.957127897989054,34.13750217874934,8.0,649.2273132673591,34.344036778613216,0.6703351885633262,0.8694515402252786,0.7932982720233579,121.92513321439037,2.578449973427607,2.578449973427607,32.78397501641722,0.5533838783556798,119.9967234846734,32.470907437463204,2.3785008652099737,2.3785008652099737,0.6287807012668951,0.9905766502465274,0.0,90.0,0.0,0.0,200.0,0.0,0.0,0.0,24385.026642878074,90.0,75.82775689336738
enterprise,3046,affinity_greedy,0.8822155818273061,136.97981040484765,12.052821314536587,426.6917749191258,8.0,7023.162526231407,426.6917749191258,9.62425672208448,0.7272339185448716,0.5681203710293802,1.2665124837076291,1.848785856750024,1.848785856750024,58.691429253270606,0.586429429661459,2212.531941140801,616.755837238035,1.8623200540124152,1.8623200540124152,0.1320821621085677,0.8822155818273061,0.0,48.0,0.0,0.0,200.0,0.0,0.0,0.0,253.30249674152583,48.0,39.946576025387095
enterprise,3046,balanced_affinity,1.0000000000000002,2.035203660976044,1.001784533200755,0.0,8.0,1.1976210228861683,34.344036778613216,0.17813425001346864,0.866469674156256,0.7885769840807387,122.20890181546565,0.271588026635964,0.271588026635964,1.9414738639530384,0.5644130945742147,4.9039367292863325,0.9949747794065402,0.25419280686282975,0.25419280686282975,0.905654736802076,1.0000000000000002,0.0,14.0,0.0,0.0,200.0,0.0,0.0,0.0,24441.78036309313,14.0,10.869873280449022
enterprise,3046,dynamic_leiden,0.9957316053884474,8.809053102561604,4.687100803146699,15.462901639404745,8.0,49.132718089269986,49.22171468043631,0.6523037109244579,0.8254987267385431,0.7237063173360266,6.259516605059616,1.387676776541934,1.387676776541934,13.741361575773432,0.5574547633489679,26.371329962625268,6.682903218655342,1.3015696201654838,1.3015696201654838,0.6476825979058599,0.9957316053884474,0.0,0.0,11.0,0.0,200.0,1837.0,792.0,792.0,1251.9033210119233,38.0,31.101260586672772
enterprise,3046,domain_heuristic,1.0000000000000002,2.035203660976044,1.001784533200755,0.0,8.0,1.1976210228861683,34.344036778613216,0.17813425001346864,0.866469674156256,0.7885769840807387,132.04709201614605,0.271588026635964,0.271588026635964,1.9414738639530384,0.5644130945742147,4.9039367292863325,0.9949747794065402,0.25419280686282975,0.25419280686282975,0.905654736802076,1.0000000000000002,0.0,14.0,0.0,0.0,200.0,38430.0,0.0,0.0,26409.41840322921,14.0,10.869873280449022
enterprise,3046,c_kam,0.9999822203090499,1.7784156662731578,0.8729666468512728,0.0644096053328897,4.0,1.1302630403332432,34.344036778613216,0.1601590903842666,0.6500615696477502,0.44593081860893774,26.98328094134922,0.2003387096292438,0.2003387096292438,1.6808504360743313,0.7182353010121644,4.100615216286529,0.7848563072192313,0.19220509271350955,0.19220509271350955,0.9146719888465397,0.9999822203090499,9.0,4.0,0.0,5.0,200.0,16113.0,6273.0,6091.0,5396.656188269844,4.0,9.889862146611398
enterprise,3046,d_kam,0.9999999999999999,2.153788055390488,0.9729045440907027,0.0,3.0,1.2116242281325005,38.13810076352898,0.1864351576224797,0.4390515605081876,0.11183163747129699,18.28919556501205,0.21076850990001417,0.21076850990001417,1.6774460527819048,0.900165655130886,4.544166665848113,0.8927124557024686,0.20078941934742114,0.20078941934742114,0.9076763360397796,0.9999999999999999,5.0,0.0,0.0,0.0,200.0,11758.0,6285.0,6285.0,3657.83911300241,0.0,2.5
enterprise,3047,static,0.9789351085121013,30.76828849775745,8.960253652393837,71.74351087078037,8.0,505.93416148123976,83.10617141697176,2.159115674195711,0.8199727461349924,0.7149568480470714,0.0,1.673052391496866,1.673052391496866,33.99756390800444,0.5263180111736014,200.54751146490617,55.23021624255541,1.6835568289983158,1.6835568289983158,0.367255150636947,0.9789351085121013,0.0,0.0,0.0,0.0,200.0,0.0,0.0,0.0,0.0,0.0,0.0
enterprise,3047,greedy_load,0.9891748794573023,13.514768247154377,6.546898874744024,36.86855703855259,8.0,479.3118155386134,36.86855703855259,0.9513692566534965,0.8765147514940828,0.8044816898656311,124.99551034969045,2.7133474434513016,2.7133474434513016,35.650076156307996,0.5279337401187222,174.41850809924577,47.630542827381014,2.7225008686060908,2.7225008686060908,0.5361899850724339,0.9891748794573023,0.0,90.0,0.0,0.0,200.0,0.0,0.0,0.0,24999.10206993809,90.0,72.2235000097378
enterprise,3047,affinity_greedy,0.9346862034582006,71.85235666948422,10.40691824480445,222.44790935192702,8.0,1229.9644573178057,222.44790935192702,5.035000446216586,0.7430742944215915,0.5932009661675197,1.3080709111818578,1.1056951572001221,1.1056951572001221,35.30595106793132,0.5348695853153227,419.1788998450466,116.42020897837982,1.1220070834266618,1.1220070834266618,0.26598862916820404,0.9346862034582006,0.0,55.0,0.0,0.0,200.0,0.0,0.0,0.0,261.61418223637156,55.0,48.099182458184
enterprise,3047,balanced_affinity,0.9896757530156484,13.116802027600146,6.484860337416898,35.162665147357586,8.0,434.7164490414078,35.377307041637565,0.9235116212847007,0.8447710907294953,0.7542208936550342,125.2946713763231,2.6642487546983045,2.6642487546983045,34.18390732768659,0.5288762630293307,160.0376938067459,43.64117593293657,2.6540811168855196,2.6540811168855196,0.5405326826853326,0.9896757530156484,0.0,9.0,0.0,0.0,200.0,0.0,0.0,0.0,25058.93427526462,9.0,6.509961239373489
enterprise,3047,dynamic_leiden,0.9875242463628957,15.207532076336308,7.049224617004489,42.490338352747266,8.0,452.043177646119,42.490338352747266,1.0698627246962318,0.809079684808834,0.6977095009473205,5.015705470286775,2.489358298795946,2.489358298795946,34.48889526100937,0.53206745934827,164.0367504378702,44.81039242749214,2.4816883182675467,2.4816883182675467,0.5010271831142014,0.9875242463628957,0.0,0.0,10.0,0.0,200.0,1438.0,720.0,720.0,1003.1410940573551,23.0,17.816974835900538
enterprise,3047,domain_heuristic,0.9896971209705006,13.125873126481881,6.487248806045495,35.08988945315982,8.0,434.56244829572097,35.28068116635296,0.9241465982064219,0.8365529695896241,0.7412088685169047,134.71251134789782,2.6740557192810246,2.6740557192810246,34.193235163189854,0.5286518636469515,160.1467193401891,43.67030207200466,2.6534837527128547,2.6534837527128547,0.5403654898813309,0.9896971209705006,0.0,9.0,0.0,0.0,200.0,39060.0,0.0,0.0,26942.502269579563,9.0,6.254234853087855
enterprise,3047,c_kam,0.9999999999999999,0.3026034467326331,0.25941734054658916,0.0,4.0,1.0954628575589727,7.946059628379262,0.026517720623974575,0.5697098082091102,0.318707196331091,24.619567204645136,0.10568301121181026,0.10568301121181026,1.201963600953554,0.7678786997303563,1.3299736681282974,0.03853380165572371,0.10712964054265495,0.10712964054265495,0.9763136924662544,0.9999999999999999,6.0,0.0,0.0,2.0,200.0,14777.0,7498.0,6067.0,4923.913440929027,0.0,4.0
enterprise,3047,d_kam,1.0000000000000002,0.7014245546758371,0.6494447208964719,0.0,3.0,1.2867112720385674,8.91583755897951,0.05443519817999887,0.6324654110610202,0.41807023417994865,27.231206223805202,0.22025455912563732,0.22025455912563732,1.4082479111284516,0.7424309192411479,1.533081708277312,0.05998282246502907,0.19931475806855503,0.19931475806855503,0.9490117758417626,1.0000000000000002,5.0,0.0,0.0,0.0,200.0,16341.0,6369.0,6369.0,5446.24124476104,0.0,2.5
enterprise,3048,static,0.9536771712283538,46.49516519234607,10.334575765577625,151.2249550832886,8.0,1004.0669164912476,151.2249550832886,3.2699910736628994,0.7877754908577637,0.6639778605247924,0.0,1.498660993551254,1.498660993551254,16.774906550244182,0.5212831578364304,239.60276401830285,66.18654107663964,1.4369430402591923,1.4369430402591923,0.2628590138513998,0.9536771712283538,0.0,0.0,0.0,0.0,200.0,0.0,0.0,0.0,0.0,0.0,0.0
enterprise,3048,greedy_load,0.9999826575345905,0.982310182688367,0.6431760953892379,0.056616006019753695,8.0,1.2012392876115756,17.67095424143141,0.08409122298685938,0.8707228668159737,0.795311205791958,127.69369008412468,0.20223227232482105,0.20223227232482105,1.3166890507786804,0.5182609370134407,2.0070299265118883,0.2058294378525954,0.1539320807844545,0.1539320807844545,0.941256990764587,0.9999826575345905,0.0,90.0,0.0,0.0,200.0,0.0,0.0,0.0,25538.738016824936,90.0,73.08489464637928
enterprise,3048,affinity_greedy,0.9319516146551404,76.5921941133183,11.212231228000283,222.14994831156343,8.0,1337.1890045889638,222.14994831156343,5.376783098130955,0.6904599359628157,0.5098948986077916,1.2154642202949617,1.1559273471269518,1.1559273471269518,17.877947453245316,0.5402736613569834,337.1712541144697,93.5248086671819,1.0424945271761772,1.0424945271761772,0.20142313148181387,0.9319516146551404,0.0,40.0,0.0,0.0,200.0,0.0,0.0,0.0,243.09284405899234,40.0,32.78111270233291
enterprise,3048,balanced_affinity,0.999946747677053,1.0438909397059477,0.7121638879070691,0.17384689923540628,8.0,1.146951138837598,17.67095424143141,0.08840187597809003,0.8343300041948806,0.7376891733085609,128.14878911332926,0.22575561826237922,0.22575561826237922,1.3679781578686612,0.5209952737107563,1.9721260279291621,0.2063371482854948,0.19287764475500013,0.19287764475500013,0.9364278452883389,0.999946747677053,0.0,13.0,0.0,0.0,200.0,0.0,0.0,0.0,25629.75782266585,13.0,10.182092635355778
enterprise,3048,dynamic_leiden,0.999788484626097,3.9593199738415126,2.7109175928604086,0.6905105704048579,8.0,1.331166547456,24.263884961546957,0.29248190836757954,0.7644429464998407,0.6270346652914145,5.537219364196062,0.42889603244572294,0.42889603244572294,2.097538618034996,0.522286646971404,3.657016982980132,0.6287794727998508,0.39087671996087814,0.39087671996087814,0.796515085941605,0.999788484626097,0.0,0.0,13.0,0.0,200.0,1589.0,936.0,936.0,1107.4438728392124,39.0,32.785407325389315
enterprise,3048,domain_heuristic,1.0,1.1023840989646518,0.7785189526932097,0.0,8.0,1.1337487669049444,17.67095424143141,0.0924963971261993,0.8228508302702676,0.7195138145945905,139.12734064055257,0.24314198670158355,0.24314198670158355,1.3886372158934148,0.5207900110641512,1.9855785084938145,0.20691699572601846,0.2052529133791971,0.2052529133791971,0.931782990753309,1.0,0.0,15.0,0.0,0.0,200.0,40320.0,0.0,0.0,27825.468128110515,15.0,11.966934667694941
enterprise,3048,c_kam,1.0000000000000002,0.8691208599961937,0.5586389558598831,0.0,4.0,1.1232951383469756,17.67095424143141,0.07616797039840724,0.5812589603151577,0.33699335383233303,28.512063230300555,0.16136096012880372,0.16136096012880372,1.199831853629724,0.7071744918089381,1.7804670555750803,0.162988260189654,0.12549084754098597,0.12549084754098597,0.9471745905316419,1.0000000000000002,8.0,0.0,0.0,4.0,200.0,17858.0,6907.0,6112.0,5702.412646060111,0.0,6.0
enterprise,3048,d_kam,0.9999999999999999,1.134297215660612,0.7275385374000051,0.0,3.0,1.2401616243541362,19.44306990256993,0.09473031529491652,0.5222472689292202,0.24355817580459882,20.59272424565279,0.17781370957192746,0.17781370957192746,1.3062020132888796,0.8169325562555315,1.975074668318864,0.19342443742594026,0.1561823826270084,0.1561823826270084,0.9353516198238333,0.9999999999999999,5.0,0.0,0.0,0.0,200.0,13296.0,6303.0,6303.0,4118.544849130558,0.0,2.5
enterprise,3049,static,0.9876152173960262,26.83656463787442,9.046571157155858,42.99106804396165,8.0,57.15697587297243,70.11398969420844,1.883772599624691,0.7140933448085863,0.547314462613595,0.0,1.1474020529173492,1.1474020529173492,9.907379186861801,0.5246300698625719,56.491358550461975,15.186652598432627,1.0976824511288918,1.0976824511288918,0.3613072521865874,0.9876152173960262,0.0,0.0,0.0,0.0,200.0,0.0,0.0,0.0,0.0,0.0,0.0
enterprise,3049,greedy_load,1.0000000000000004,0.6160603188502137,0.4854276364267918,0.0,8.0,1.1172966078369433,12.331331793675954,0.048337297292996656,0.8556250130051023,0.7714062705914122,125.71905887452886,0.17432735138177485,0.17432735138177485,1.1506715432284793,0.5242916938557234,1.4871154709806649,0.06897873687149762,0.12194977419890626,0.12194977419890626,0.960587298637622,1.0000000000000004,0.0,90.0,0.0,0.0,200.0,0.0,0.0,0.0,25143.81177490577,90.0,79.44732161575729
enterprise,3049,affinity_greedy,0.9666746280338936,38.1148594012418,9.951547687968986,115.68175070956785,8.0,441.937214568594,115.68175070956785,2.6732532330604077,0.637746616973659,0.4264321435416268,1.324608610739233,1.0165381128437718,1.0165381128437718,9.576235564375583,0.5397707617860956,86.35414610275387,23.564697222868425,0.9107686037630961,0.9107686037630961,0.29795889502966844,0.9666746280338936,0.0,57.0,0.0,0.0,200.0,0.0,0.0,0.0,264.9217221478466,57.0,48.39817532804435
enterprise,3049,balanced_affinity,0.9999909055357042,0.7306325807035225,0.6062091844280344,0.03156944662388117,8.0,1.1281885320358316,12.331331793675954,0.05635735562272828,0.7933636203630872,0.6728257322415544,125.35061447473709,0.23283448876852975,0.23283448876852975,1.2364282039501058,0.5268241685388552,1.4828853946094747,0.07267386041791708,0.16553818518351304,0.16553818518351304,0.952132590277535,0.9999909055357042,0.0,16.0,0.0,0.0,200.0,0.0,0.0,0.0,25070.122894947417,16.0,12.06662444675977
enterprise,3049,dynamic_leiden,0.9991324284508211,5.884680049455659,3.637776481459061,3.01158516030842,8.0,3.049441418393039,20.952410083343814,0.41714067843537783,0.7458030433765918,0.5975214853462703,5.4608119795739185,0.5904994149212812,0.5904994149212812,3.851952390429911,0.5362930244205039,6.756746168708934,1.449409385803519,0.5364753370706261,0.5364753370706261,0.7399228794853633,0.9991324284508211,0.0,0.0,12.0,0.0,200.0,1617.0,864.0,864.0,1092.1623959147837,32.0,26.33234279017455
enterprise,3049,domain_heuristic,0.9999909055357042,0.7663960459943727,0.6430926516889921,0.03156944662388117,8.0,1.1385376463418448,12.331331793675954,0.058860798193087795,0.79299544568076,0.6722427889945365,135.5254632049764,0.2376358929236931,0.2376358929236931,1.2587486209196028,0.5262022530614344,1.493301327228856,0.07421715564256606,0.17154072399216155,0.17154072399216155,0.9495507475692679,0.9999909055357042,0.0,18.0,0.0,0.0,200.0,40320.0,0.0,0.0,27105.09264099528,18.0,13.684665355335127
enterprise,3049,c_kam,1.0000000000000007,0.4956078927047748,0.38587265596229664,0.0,4.0,1.1178758168615297,12.331331793675954,0.03990562746281594,0.5882662802419109,0.3480882770496922,29.180277835112065,0.12438762636370905,0.12438762636370905,1.0901003864744059,0.7075591959738716,1.3473793289027605,0.05088226590262654,0.10198881542017539,0.10198881542017539,0.9675561472701366,1.0000000000000007,8.0,2.0,0.0,4.0,200.0,19357.0,6787.0,6135.0,5836.055567022413,2.0,7.434073657184197
enterprise,3049,d_kam,0.9999909055357046,0.6322906219497051,0.5328927135686172,0.03156944662388117,3.0,1.2036967906554517,12.331331793675954,0.04947341850996105,0.538384563315275,0.26910889191585197,24.499239499273244,0.20099030956275207,0.20099030956275207,1.1914833958966833,0.7703398465536838,1.4760046124513349,0.057530212579940176,0.15048348250868113,0.15048348250868113,0.9572647432376944,0.9999909055357046,5.0,0.0,0.0,0.0,200.0,16786.0,6381.0,6381.0,4899.847899854649,0.0,2.5
enterprise,3050,static,0.9826342135286887,14.468180756516974,6.319856071441774,62.539425685349585,8.0,199.5547937378183,62.539425685349585,1.0128442578040595,0.8116381468544938,0.7017603991862821,0.0,1.0707868963252491,1.0707868963252491,6.91398068278283,0.5328411173803085,36.12594062052748,9.505292747156851,1.0028978989090265,1.0028978989090265,0.5575294658118649,0.9826342135286887,0.0,0.0,0.0,0.0,200.0,0.0,0.0,0.0,0.0,0.0,0.0
enterprise,3050,greedy_load,0.9999999999999997,0.07232071475754151,0.07689926864931095,0.0,8.0,1.1370024149942117,2.6133865026125136,0.005134054880899098,0.8827914762122634,0.8144198373360838,129.34502290503588,0.10345190791045375,0.10345190791045375,0.9854802056809621,0.5258157550475088,1.192231938728301,0.002478293788887998,0.06831492902607122,0.06831492902607122,0.9945364420073374,0.9999999999999997,0.0,90.0,0.0,0.0,200.0,0.0,0.0,0.0,25869.004581007175,90.0,74.62429356332652
enterprise,3050,affinity_greedy,0.8972570212059052,97.88207045028915,9.842483156425377,370.00840115129967,8.0,4522.70189952645,370.00840115129967,6.851816536368112,0.6348369850743436,0.4218252263677108,1.2151101157360245,1.3195401439840486,1.3195401439840486,31.59959377967415,0.5687222751156797,1092.8642885075149,304.4053483655979,1.230079107503286,1.230079107503286,0.31094556986301247,0.8972570212059052,0.0,43.0,0.0,0.0,200.0,0.0,0.0,0.0,243.0220231472049,43.0,35.55070321351741
enterprise,3050,balanced_affinity,1.0000000000000007,0.09974394826336973,0.10749136102894663,0.0,8.0,1.1966881280270405,2.6133865026125136,0.007053681226307074,0.8509920606490351,0.7640707626943056,129.6036345201719,0.16431305312306116,0.16431305312306116,1.0285201217746298,0.5301282784838112,1.196517296557767,0.0026199563423880646,0.11645206072231272,0.11645206072231272,0.9923949955407627,1.0000000000000007,0.0,5.0,0.0,0.0,200.0,0.0,0.0,0.0,25920.72690403438,5.0,3.3327063093012965
enterprise,3050,dynamic_leiden,0.9982043798565734,1.5213072409588402,1.4197392044384236,6.46656877328625,8.0,2.9103353813708175,8.192978878466253,0.10656311171499,0.7931855782803029,0.6725438322771464,5.673349858698202,0.34352327912176767,0.34352327912176767,1.557926165307143,0.5314945835551259,1.643682918604141,0.08396091023038313,0.2658911379228349,0.2658911379228349,0.9005376465020996,0.9982043798565734,0.0,0.0,12.0,0.0,200.0,1599.0,864.0,864.0,1134.6699717396405,30.0,23.659873265588168
enterprise,3050,domain_heuristic,1.0000000000000004,0.09843494724756352,0.10625930467961096,0.0,8.0,1.2017766614318512,2.6133865026125136,0.006962051155200639,0.8509174512244786,0.7639526311054243,139.40574205014855,0.15600894074865856,0.15600894074865856,1.0278669459292942,0.5315353428168385,1.1905977186894876,0.0026505778444082884,0.11413898330476452,0.11413898330476452,0.9924812394852163,1.0000000000000004,0.0,7.0,0.0,0.0,200.0,40320.0,0.0,0.0,27881.14841002971,7.0,5.006923947534257
enterprise,3050,c_kam,0.9999999999999998,0.09989282693277167,0.1073798687132117,0.0,5.0,1.1054285054165411,2.6133865026125136,0.007064102733165209,0.7243972490645786,0.5636289776855828,50.525459524214966,0.12630028682201666,0.12630028682201666,1.004096677139611,0.6174905450412238,1.1668972857521498,0.0024900877588455344,0.12180440383849664,0.12180440383849664,0.9924028000028642,0.9999999999999998,4.0,0.0,0.0,1.0,200.0,30157.0,9523.0,6292.0,10105.091904842993,0.0,2.5
enterprise,3050,d_kam,1.0000000000000002,0.8677401723668912,0.8426311278035724,0.0,7.0,1.1980900951256022,6.354172955986401,0.06081341691355357,0.7805869133141253,0.6525959460806984,41.47402174552553,0.24004320000391538,0.24004320000391538,1.3531564719235838,0.5695530893767325,1.3946944227478293,0.03828898102120868,0.21460030391796195,0.21460030391796195,0.9409352118665391,1.0000000000000002,1.0,0.0,0.0,0.0,200.0,24644.0,6606.0,6606.0,8294.804349105107,0.0,0.5
hpc,3001,static,0.85479372720731,182.13315447742423,10.545054911029686,1691.1207367532033,8.0,6194.486384803035,1691.1207367532033,15.514526164439742,0.6430315995609058,0.6023866826792268,0.0,1.3359351757759976,1.3359351757759976,63.85717393092153,0.5112804134891809,2877.4832146608637,802.5326211415274,1.334506601364797,1.334506601364797,0.0846705110651624,0.85479372720731,0.0,0.0,0.0,0.0,200.0,0.0,0.0,0.0,0.0,0.0,0.0
hpc,3001,greedy_load,0.9992661124594578,18.30655284383627,5.479635250187031,8.54709933934856,8.0,1.58080849494989,260.60541266472444,1.5892650255847636,0.797282125387552,0.7742003871891049,92.91111407088465,0.4147600937168998,0.4147600937168998,4.95058037959272,0.5097166971132339,32.716412191243634,8.743074545341031,0.39129356756926165,0.39129356756926165,0.5152311822367881,0.9992661124594578,0.0,90.0,0.0,0.0,200.0,0.0,0.0,0.0,18582.22281417693,90.0,84.25323326404177
hpc,3001,affinity_greedy,0.8487746468293705,182.95782529648608,10.539802064964007,1761.220956582214,8.0,4970.217046555915,1761.220956582214,15.584623184060002,0.49345119362250395,0.43577484438150194,0.9649470663862303,1.222760547192176,1.222760547192176,48.26538907932598,0.5142983611425781,2268.2508351687966,632.5418296354158,1.170011246295056,1.170011246295056,0.08511700298074525,0.8487746468293705,0.0,12.0,0.0,0.0,200.0,0.0,0.0,0.0,192.98941327724606,12.0,12.143923407167007
hpc,3001,balanced_affinity,1.0,17.892947593329453,5.173903460904499,0.0,8.0,1.044692374822794,260.60541266472444,1.5541085792916842,0.7389585439329397,0.7092360019055022,94.04934948062873,0.3860032401782651,0.3860032401782651,4.743653620527749,0.5107939169746861,32.36128206701477,8.661443210925599,0.33830583180290175,0.33830583180290175,0.5412183843258035,1.0,0.0,85.0,0.0,0.0,200.0,0.0,0.0,0.0,18809.869896125747,85.0,81.4547808565692
hpc,3001,dynamic_leiden,0.9688522174236804,62.048351674868734,9.61686336631083,362.7574760072332,8.0,490.4374130987771,411.45780009130897,5.307317926222525,0.4739450188978087,0.41404766956439076,4.888426230754703,1.0655673683498141,1.0655673683498141,18.298414344506785,0.5124167651736511,248.6971129573757,68.89973999177488,0.9851246835974067,0.9851246835974067,0.16356679236626526,0.9688522174236804,0.0,0.0,14.0,0.0,200.0,1923.0,1008.0,1008.0,977.6852461509407,77.0,83.75584378092978
hpc,3001,domain_heuristic,0.9999999999999996,18.062048832176696,5.223439309990728,0.0,8.0,1.1842782793473392,260.60541266472444,1.5684821845937,0.7429117399598927,0.7136393143117615,111.73067549461848,0.41750692437249753,0.41750692437249753,4.817487825241164,0.5098349035753668,32.59698925653565,8.718030300229364,0.3528054103480835,0.3528054103480835,0.537007837153474,0.9999999999999996,0.0,87.0,0.0,0.0,200.0,40320.0,0.0,0.0,22346.135098923696,87.0,82.4945063664473
hpc,3001,work_stealing,0.9999999999999996,16.967098254433175,4.782825042555916,0.0,8.0,1.186130379447709,254.3809185942267,1.4754113854855007,0.8175315010086319,0.7967553847868425,0.6175078959495295,0.33834892096038965,0.33834892096038965,4.557908395287381,0.5106710758771225,31.55064034733913,8.434899617752606,0.3112276441709886,0.3112276441709886,0.574460049885433,0.9999999999999996,0.0,90.0,0.0,0.0,200.0,0.0,0.0,1440.0,123.5015791899059,90.0,90.14012649267697
hpc,3001,parmetis_adaptive,0.9730403689727636,70.14478118435375,9.769974313932176,313.9808646591068,8.0,86.2372890880921,479.7531267506455,5.99551443452875,0.4622344671172233,0.40100373812562007,30.334602611110313,0.4206382061037583,0.4206382061037583,9.756567725180902,0.5214654964157702,154.40856438160338,42.758395245020544,0.29400276823887417,0.29400276823887417,0.15055236181845089,0.9730403689727636,0.0,0.0,21.0,0.0,200.0,22.0,0.0,0.0,6066.920522222063,564.0,581.1588883178495
hpc,3001,c_kam,1.0,16.54493431051647,4.547642658148017,0.0,5.0,0.8693050587358441,255.63773925408535,1.4395274502525808,0.4848876027168378,0.42623619114499256,13.422862681618426,0.2093037487858519,0.2093037487858519,3.612921333142658,0.6645927918949852,25.4583691811022,6.785726111835214,0.20704004554976613,0.20704004554976613,0.5944505525601044,1.0,14.0,42.0,0.0,11.0,200.0,19457.0,6291.0,6135.0,2684.572536323685,42.0,48.34931041949724
hpc,3001,d_kam,0.9999999999999997,19.80958943382287,4.997367674274346,0.0,2.0,1.1359688101926648,299.3055306423163,1.717023135733625,0.3390153019612597,0.26375466802615555,4.707986735593295,0.28175740127321625,0.28175740127321625,4.151864664162279,0.8639156056979448,32.772939553196565,8.77846389210992,0.23327874595516776,0.23327874595516776,0.5562239261893663,0.9999999999999997,6.0,8.0,0.0,0.0,200.0,7018.0,6320.0,6320.0,941.597347118659,8.0,10.802889363880116
hpc,3002,static,0.9208376584740761,115.22161735453467,10.238313267452234,985.8728213303275,8.0,2125.289461378745,985.8728213303275,9.823945042175582,0.6720440031404213,0.6347024787455188,0.0,1.049223870348248,1.049223870348248,31.219208718511283,0.5078306951250934,889.0526045425141,247.60652210660754,1.0724510697211795,1.0724510697211795,0.11177271848008495,0.9208376584740761,0.0,0.0,0.0,0.0,200.0,0.0,0.0,0.0,0.0,0.0,0.0
hpc,3002,greedy_load,0.9996259449393952,11.850201579128512,3.8564709494053155,4.658410941650315,8.0,1.1780187055810196,232.22731174796348,1.0373747012660584,0.7855122535492532,0.7610903814286236,92.04245298155001,0.28544664488485827,0.28544664488485827,3.307148673488712,0.5024404595575294,15.987753480084216,4.113183552966415,0.23151516512598733,0.23151516512598733,0.654229315514073,0.9996259449393952,0.0,90.0,0.0,0.0,200.0,0.0,0.0,0.0,18408.490596310003,90.0,93.41332412963307
hpc,3002,affinity_greedy,0.915186834548451,114.24099705854333,10.209538564924477,1056.2471131843977,8.0,1886.3583216053705,1056.2471131843977,9.740592317016317,0.49957040009039466,0.4425907921798951,1.0496383637655526,1.2130872038806186,1.2130872038806186,31.531311481804643,0.5089290806202019,992.6346290681987,276.50033421356324,1.1982462854070437,1.1982462854070437,0.11421856819494418,0.915186834548451,0.0,29.0,0.0,0.0,200.0,0.0,0.0,0.0,209.92767275311053,29.0,31.184296690848573
hpc,3002,balanced_affinity,0.9996384376445634,12.038447204420903,4.0052665343967515,4.5028291554990005,8.0,1.0642823978816394,232.22731174796348,1.0533755794159116,0.74460356939068,0.7155237777866484,92.23152243095683,0.31146689868319594,0.31146689868319594,3.330728440203229,0.5024291103976806,16.016074193888336,4.121602779962248,0.2450895465105763,0.2450895465105763,0.6415816907898011,0.9996384376445634,0.0,79.0,0.0,0.0,200.0,0.0,0.0,0.0,18446.304486191366,79.0,73.37440550796981
hpc,3002,dynamic_leiden,0.9426235244878903,67.37603303142345,9.682646801998484,714.5557685732382,8.0,1519.40699309665,714.5557685732382,5.757070374711129,0.44088485903017444,0.37722323406826347,3.1373746308963746,1.3719133337111946,1.3719133337111946,26.92241538935624,0.5063299928321636,515.1868913187276,143.20287375397416,1.3470885413394058,1.3470885413394058,0.1590043680436537,0.9426235244878903,0.0,0.0,15.0,0.0,200.0,1194.0,1080.0,1080.0,627.4749261792749,77.0,80.2750257780457
hpc,3002,domain_heuristic,0.9997220953168275,12.048746931748699,4.014748209613901,3.460972335816297,8.0,1.0589668654101,232.22731174796348,1.0542510562387744,0.743993754237734,0.7148445282350997,109.92931148473872,0.31325190771897393,0.31325190771897393,3.3371046470148222,0.5024421851714621,16.01909685838319,4.122049190099344,0.24689998500344154,0.24689998500344154,0.6407757483963433,0.9997220953168275,0.0,79.0,0.0,0.0,200.0,40320.0,0.0,0.0,21985.862296947744,79.0,73.4440951147922
hpc,3002,work_stealing,0.999612947787701,12.589606812487986,4.427462605946527,4.820275009380357,8.0,1.1168744787933536,232.22731174796348,1.1002241461016136,0.8214577453695473,0.8011286767730108,0.6017664389219135,0.31575820101088803,0.31575820101088803,3.4569437610963907,0.5034955865558668,16.13225277704748,4.138945393897677,0.28267967041254305,0.28267967041254305,0.6056950247080699,0.999612947787701,0.0,90.0,0.0,0.0,200.0,0.0,0.0,1440.0,120.3532877843827,90.0,96.26822693062209
hpc,3002,parmetis_adaptive,0.9706807315123493,65.03448005518995,9.658144139561399,365.1366216068268,8.0,140.17763564652898,497.93241512143544,5.558038371731282,0.4585018952159824,0.39684617041384174,30.105448231333867,0.34440442143373184,0.34440442143373184,8.948750247134349,0.5169527252389963,128.99956139996254,35.68833449601274,0.25307004423796436,0.25307004423796436,0.1610870943508061,0.9706807315123493,0.0,0.0,22.0,0.0,200.0,22.0,0.0,0.0,6021.089646266773,686.0,719.9628253947958
hpc,3002,c_kam,0.9997059826095648,10.971245546892114,3.5762098179228508,3.6616369430331233,6.0,0.9170033357768371,230.53132141982775,0.9626634385259645,0.44237441898970103,0.3788823973895185,16.230446540284902,0.17400921470874187,0.17400921470874187,2.8037539596903565,0.6361576639543646,13.751996458575922,3.5430731319484012,0.17588198195788887,0.17588198195788887,0.6780515116900826,0.9997059826095648,15.0,27.0,0.0,13.0,200.0,23863.0,6367.0,6200.0,3246.0893080569804,27.0,38.75407181235417
hpc,3002,d_kam,0.999725371853272,11.991340052240432,3.7470202296486,3.4201669709681495,2.0,1.1811667927320546,244.34160082385796,1.0493714714805717,0.3249541915504181,0.24809254009328746,7.192617568653077,0.30072710269725983,0.30072710269725983,3.2002439878068687,0.8063315725101525,16.262236703199353,4.182569993330477,0.20932669037173032,0.20932669037173032,0.6635326266933939,0.999725371853272,6.0,10.0,0.0,0.0,200.0,10902.0,6396.0,6396.0,1438.5235137306154,10.0,15.554834277284673
hpc,3003,static,0.9105751119898629,95.90511302051495,9.744771825448662,1105.7118113182603,8.0,3718.741088038758,1105.7118113182603,8.16718139614298,0.6125582217438287,0.5684435638235716,0.0,1.1220762338125574,1.1220762338125574,35.80154377765575,0.5067011815104994,1065.6740798750573,296.894210791656,1.1612406335415864,1.1612406335415864,0.1602068039226077,0.9105751119898629,0.0,0.0,0.0,0.0,200.0,0.0,0.0,0.0,0.0,0.0,0.0
hpc,3003,greedy_load,0.9990951432183113,6.77258690785193,3.948158377775235,11.188281621910644,8.0,2.3754320142301415,104.80492101126792,0.5909166765666233,0.6769330914934958,0.6401482454754286,91.79580355499638,0.467265956168022,0.467265956168022,2.6776695686385357,0.5050897388897431,5.03486315054047,1.0228505362773312,0.37662554620903604,0.37662554620903604,0.6529189469748489,0.9990951432183113,0.0,90.0,0.0,0.0,200.0,0.0,0.0,0.0,18359.160710999276,90.0,87.73617629533345
hpc,3003,affinity_greedy,0.898210395682857,89.86913999496014,9.640426654636443,1258.5978050105991,8.0,3069.296573880064,1258.5978050105991,7.654123688970819,0.44965614760791955,0.3869932337216926,1.009131545724813,1.083583475839257,1.083583475839257,26.33191461726523,0.511204187446184,729.46081774353,203.08816075620499,1.0355673172041917,1.0355673172041917,0.16907614344164623,0.898210395682857,0.0,22.0,0.0,0.0,200.0,0.0,0.0,0.0,201.82630914496258,22.0,22.80343180707522
hpc,3003,balanced_affinity,0.9999481786535004,4.191212232762024,2.396312709588666,0.6407553442792181,8.0,1.0645094528426111,104.80492101126792,0.37149982918398117,0.6905520318983328,0.6553178573124996,92.45759471392375,0.31143408646620857,0.31143408646620857,2.0538698334391037,0.5046290523293692,3.725942953970752,0.6988468082520203,0.24476987339372727,0.24476987339372727,0.7848258287707073,0.9999481786535004,0.0,82.0,0.0,0.0,200.0,0.0,0.0,0.0,18491.51894278475,82.0,75.55299745133853
hpc,3003,dynamic_leiden,0.9432537946108155,61.104978625666774,9.149740315063323,701.6497413919154,8.0,1080.8144107522962,706.5302569029353,5.209169972580884,0.44525196881558543,0.38208758902726103,3.4324734409165103,1.133916912748701,1.133916912748701,23.510689070233227,0.5112083398676499,474.9499223871127,132.0362947015984,1.0867681895331207,1.0867681895331207,0.21078448230536145,0.9432537946108155,0.0,0.0,15.0,0.0,200.0,1322.0,1080.0,1080.0,686.4946881833021,73.0,79.67895458780818
hpc,3003,domain_heuristic,0.9999925139282617,4.323752551752849,2.478653463665,0.09256302273992406,8.0,1.046981005393734,104.80492101126792,0.38276575629820137,0.6806502737756065,0.6442886712847105,110.0689659062482,0.34312755843399,0.34312755843399,2.0690712814451993,0.5057930695524558,3.793266193287628,0.7102791451333063,0.24780345556068992,0.24780345556068992,0.7778268646742188,0.9999925139282617,0.0,77.0,0.0,0.0,200.0,40320.0,0.0,0.0,22013.79318124964,77.0,72.85107301385982
hpc,3003,work_stealing,0.9999612188322128,5.094076277947782,2.8875033159333148,0.4795174613379145,8.0,1.1317090721707495,105.0171544807511,0.44824327302477074,0.7431878101497449,0.713946818236102,0.6026405266311485,0.35970480629935936,0.35970480629935936,2.261756824133198,0.5053668363034055,4.325409501801766,0.8430276335877249,0.2852079326011831,0.2852079326011831,0.7430746272314122,0.9999612188322128,0.0,90.0,0.0,0.0,200.0,0.0,0.0,1440.0,120.5281053262297,90.0,95.3523851047805
hpc,3003,parmetis_adaptive,0.9768986846749207,50.10976288930748,9.159225335630724,285.64080738945904,8.0,75.50126859956964,399.3458379138397,4.274576634990345,0.45997423526154585,0.3984861531378604,30.146204139018664,0.36130859686250844,0.36130859686250844,6.8633826834146,0.5177038160920663,77.6656998718484,21.352705979428837,0.24483486245337388,0.24483486245337388,0.2099782555571321,0.9768986846749207,0.0,0.0,22.0,0.0,200.0,22.0,0.0,0.0,6029.240827803733,744.0,797.5312077282381
hpc,3003,c_kam,0.9999636233704766,3.344763547467629,1.7883687552906773,0.4497860698002729,4.0,0.8959838207617177,103.93247772714594,0.2995516909339576,0.423856598824348,0.35825611255187284,14.895130444492679,0.14801611699633624,0.14801611699633624,1.7089591435549216,0.6530115122229242,3.1884672171639545,0.6001890046195443,0.16688868313427385,0.16688868313427385,0.8365010648860364,0.9999636233704766,16.0,20.0,0.0,12.0,200.0,22132.0,6790.0,6174.0,2979.026088898536,20.0,32.811391471979164
hpc,3003,d_kam,1.0000000000000002,3.6661675720108495,1.9867905517435664,0.0,2.0,0.9937580643592536,104.41913908968738,0.3268710330201314,0.27116004331538884,0.18817331557407171,5.165773256885586,0.19639300463364814,0.19639300463364814,1.841585280999987,0.8342811124664203,3.509025915984884,0.6534857806076805,0.21346287501028563,0.21346287501028563,0.8196352121875407,1.0000000000000002,6.0,5.0,0.0,0.0,200.0,7729.0,6293.0,6293.0,1033.1546513771173,5.0,8.84368969045431
hpc,3004,static,0.8335482633038254,188.39712986300387,10.55074948004306,2088.5190217141917,8.0,14033.951345503083,2088.5190217141917,16.047631283710835,0.6597425078683267,0.6210003181701659,0.0,1.9082037489901362,1.9082037489901362,103.8645141870383,0.5101127545941118,5651.687586963144,1576.6944741532363,1.9070746527375004,1.9070746527375004,0.08359777793461654,0.8335482633038254,0.0,0.0,0.0,0.0,200.0,0.0,0.0,0.0,0.0,0.0,0.0
hpc,3004,greedy_load,0.9997600713162397,17.566250105817847,5.2896216400999165,3.0104559425610775,8.0,1.1867375330775622,279.06617837672235,1.5270065043500216,0.7901611238801651,0.7662685785793919,91.6945273100282,0.4308334121391407,0.4308334121391407,5.153617552914285,0.5074492222771444,33.079630617594546,8.841708454887385,0.3772479493943639,0.3772479493943639,0.5307936443297837,0.9997600713162397,0.0,90.0,0.0,0.0,200.0,0.0,0.0,0.0,18338.90546200564,90.0,90.4303289996147
hpc,3004,affinity_greedy,0.8069563277937238,225.1693840431699,10.634901126148044,2422.1758776857023,8.0,14644.34971692273,2422.1758776857023,19.173272889024943,0.493250826771234,0.4355516634828101,0.97086189489346,1.701071092432128,1.701071092432128,104.0966228882116,0.5267457826901224,6019.602671473634,1679.4662226586336,1.6672784724342318,1.6672784724342318,0.07644488801569288,0.8069563277937238,0.0,16.0,0.0,0.0,200.0,0.0,0.0,0.0,194.172378978692,16.0,18.501036909410995
hpc,3004,balanced_affinity,0.9991298627898519,18.19884115229291,5.695408646503915,10.917868151845761,8.0,1.647570234796134,279.06617837672235,1.5807767433004016,0.777108401148873,0.7517296547450317,91.85715705010807,0.4524601992502848,0.4524601992502848,5.296670768180771,0.5080638024328779,33.31410588160903,8.903429740855028,0.41234640030541586,0.41234640030541586,0.49630174878544364,0.9991298627898519,0.0,90.0,0.0,0.0,200.0,0.0,0.0,0.0,18371.431410021614,90.0,86.29311579909839
hpc,3004,dynamic_leiden,0.9535971745388693,73.42880789208341,9.833484901684454,582.2299337960602,8.0,485.16377635960845,582.2299337960602,6.275323916182592,0.537984197709367,0.4853784380426119,4.5850092043110635,1.2002447971153216,1.2002447971153216,24.227904706079734,0.5120313628006561,401.07337548586884,111.38229172606552,1.1685326797352509,1.1685326797352509,0.14456526709509807,0.9535971745388693,0.0,0.0,17.0,0.0,200.0,1823.0,1224.0,1224.0,917.0018408622127,80.0,89.00576544149533
hpc,3004,domain_heuristic,0.9997020080357968,17.612979089908134,5.37815575293075,3.738993043318027,8.0,1.1539558983883453,279.06617837672235,1.5309784679976957,0.761201812143046,0.7340119194662642,110.06259891204536,0.4344135816008377,0.4344135816008377,5.148457109064646,0.5076061558760536,33.0117618086652,8.82671173411405,0.382330136285363,0.382330136285363,0.5232682447391628,0.9997020080357968,0.0,90.0,0.0,0.0,200.0,40320.0,0.0,0.0,22012.519782409072,90.0,86.655282124699
hpc,3004,work_stealing,0.9996940577200382,16.326091508850546,4.936308629228767,3.8387479994392044,8.0,1.125499671490744,269.5249251947604,1.421593023607801,0.7915911355192344,0.7678614133258799,0.6033589351864066,0.3925141540621672,0.3925141540621672,4.860670267289351,0.5083783378957558,30.682604074422603,8.182994929145629,0.34670507590701455,0.34670507590701455,0.5608252502538313,0.9996940577200382,0.0,90.0,0.0,0.0,200.0,0.0,0.0,1440.0,120.67178703728132,90.0,84.54082302267271
hpc,3004,parmetis_adaptive,0.9659479045637351,80.46553550325427,9.934912516269094,427.2616823318444,8.0,150.48674006662506,559.26880540769,6.873445763132118,0.45434844641830674,0.3922198041788069,29.924252983764745,0.45501996048662846,0.45501996048662846,11.54367105402812,0.5225550995434216,205.83766105295803,57.10457841854373,0.33932688164576497,0.33932688164576497,0.13594391985540366,0.9659479045637351,0.0,0.0,21.0,0.0,200.0,22.0,0.0,0.0,5984.850596752949,605.0,671.5475882955454
hpc,3004,c_kam,0.9999999999999991,16.479859284108716,4.592067200015431,0.0,5.0,0.9088259503557901,280.288993108348,1.4346632845047451,0.48857572826401857,0.4303442517792286,14.436104050109861,0.25731089763803666,0.25731089763803666,4.187418863174981,0.6494212672511068,29.20646006269091,7.8217678180806,0.2525473721261976,0.2525473721261976,0.590085771736965,0.9999999999999991,15.0,47.0,0.0,12.0,200.0,21487.0,7239.0,6165.0,2887.2208100219723,47.0,55.651395073371006
hpc,3004,d_kam,1.0000000000000002,17.63737920240916,4.94112318257717,0.0,2.0,1.0508699953582148,298.6770692318442,1.5330524775602832,0.3082376457461433,0.2294726252122884,4.583509780204622,0.30969673902669353,0.30969673902669353,4.454209588801387,0.8695272165332654,31.832686237035823,8.51171166875405,0.3028849764638272,0.3028849764638272,0.5604160132192171,1.0000000000000002,6.0,10.0,0.0,0.0,200.0,7018.0,6339.0,6339.0,916.7019560409244,10.0,12.285745517951737
hpc,3005,static,0.8584549401658844,164.9306605792063,10.32748777035164,1777.110877937682,8.0,6870.0897889030175,1777.110877937682,14.03893535355281,0.6502441449180911,0.6104204584483687,0.0,1.5539929078090369,1.5539929078090369,65.1568800917988,0.5194567197259009,2674.902595612305,745.924910735379,1.3021641707592595,1.3021641707592595,0.10829168812150898,0.8584549401658844,0.0,0.0,0.0,0.0,200.0,0.0,0.0,0.0,0.0,0.0,0.0
hpc,3005,greedy_load,0.9995942856200636,9.537822068699858,4.198673323952723,5.093780304075558,8.0,1.2299483821754695,167.24758000502112,0.8305440801597631,0.7797017698751482,0.7546183080292491,92.0694095257204,0.38877679433532863,0.38877679433532863,3.07539636635849,0.5064556422071408,9.782731532502249,2.352545325960015,0.31107849111570174,0.31107849111570174,0.6292409160654169,0.9995942856200636,0.0,90.0,0.0,0.0,200.0,0.0,0.0,0.0,18413.88190514408,90.0,87.7396899716295
hpc,3005,affinity_greedy,0.8849283453432537,123.41666312776367,10.149632162634612,1444.7349096637465,8.0,7074.92063695557,1444.7349096637465,10.510245570180189,0.5122891008326126,0.45675766181850413,1.0096270662324969,1.9040862803117409,1.9040862803117409,65.36965809513477,0.5163674160655123,2321.330077314269,647.1631592722364,1.641163992502007,1.641163992502007,0.1234094147774562,0.8849283453432537,0.0,20.0,0.0,0.0,200.0,0.0,0.0,0.0,201.92541324649937,20.0,19.814540408473526
hpc,3005,balanced_affinity,0.9998312150764103,9.058113746728534,4.009635406839654,2.1191098021757524,8.0,1.1464670114388178,167.24758000502112,0.7897688727922005,0.7112075115231494,0.6783251984787556,92.68282073026057,0.3926711860296956,0.3926711860296956,2.9845087384560056,0.5068660863919546,9.486470179175779,2.2804748731889237,0.3059666138693848,0.3059666138693848,0.6453091390200276,0.9998312150764103,0.0,85.0,0.0,0.0,200.0,0.0,0.0,0.0,18536.564146052115,85.0,76.51653254640688
hpc,3005,dynamic_leiden,0.9437341663505842,66.0389627225278,9.533880859082448,706.4225706767314,8.0,1529.7071604216915,706.4225706767314,5.633141035735137,0.46523321748171725,0.40434393036329896,4.2462798245833255,1.1021730180334766,1.1021730180334766,19.601517505618794,0.5101449885741449,367.78137755104103,102.12958471265492,1.0216211211765724,1.0216211211765724,0.17574827557939016,0.9437341663505842,0.0,0.0,16.0,0.0,200.0,1663.0,1152.0,1152.0,849.2559649166651,98.0,105.33314336039342
hpc,3005,domain_heuristic,0.9997787154460162,9.061996986930762,4.013612203837529,2.7782473543506363,8.0,1.157161625154334,167.24758000502112,0.7900989482093899,0.7133308802614223,0.6806903369248516,109.85525510084699,0.39347668704058736,0.39347668704058736,2.986513534655276,0.5068536886136975,9.488773781625943,2.28051828195563,0.30633215005677117,0.30633215005677117,0.6449711112752082,0.9997787154460162,0.0,85.0,0.0,0.0,200.0,40320.0,0.0,0.0,21971.051020169398,85.0,77.0811704021541
hpc,3005,work_stealing,0.9997698811957668,8.99489043466154,3.978139449216659,2.8891621558508787,8.0,1.087758796017793,167.24758000502112,0.784394891266506,0.7841897817785792,0.7596173311890115,0.6032479596615303,0.3590761706182208,0.3590761706182208,3.023681968622512,0.505844114310385,9.544663217427424,2.2938813133223643,0.3188299697246234,0.3188299697246234,0.6479862954179822,0.9997698811957668,0.0,90.0,0.0,0.0,200.0,0.0,0.0,1440.0,120.64959193230607,90.0,84.33965058776555
hpc,3005,parmetis_adaptive,0.9769667238004891,49.03350446736166,9.200095247280094,289.18484146790155,8.0,73.48627103388,409.38406188529154,4.187677084046016,0.45666880819660655,0.39480436556552706,30.122182210470783,0.3882102438359399,0.3882102438359399,7.327878539866346,0.5189798635568255,75.37628314764152,20.708138437828005,0.2750899473029542,0.2750899473029542,0.20412005258259028,0.9769667238004891,0.0,0.0,22.0,0.0,200.0,22.0,0.0,0.0,6024.4364420941565,601.0,648.3499713634609
hpc,3005,c_kam,0.999490081993455,6.919721654854936,2.8320158785221885,6.402066150174675,4.0,0.9290657102395488,167.13117086620517,0.6080055449829446,0.4524321617325759,0.39008532866252266,12.336683190515032,0.16978752878115594,0.16978752878115594,2.272072648202746,0.6679392494998387,7.21250392261366,1.708143587505785,0.18338857968693614,0.18338857968693614,0.7454067989270122,0.999490081993455,12.0,44.0,0.0,8.0,200.0,18457.0,9142.0,6120.0,2467.3366381030064,44.0,47.441246147325316
hpc,3005,d_kam,0.9993739098443118,7.919195465201663,3.067674055342765,7.860617866479274,2.0,1.170659074673595,184.8391976836582,0.6929608188624163,0.3277460825619773,0.25120231968537077,5.439379524905235,0.20289103755519797,0.20289103755519797,2.4109621542712576,0.853003084076292,8.481705404635965,2.025226668900133,0.2143028655121225,0.2143028655121225,0.7253758538972633,0.9993739098443118,6.0,6.0,0.0,0.0,200.0,8180.0,6285.0,6285.0,1087.875904981047,6.0,8.85166424116268
hpc,3006,static,0.8265916623624875,177.08800560185045,10.44896749880475,2155.0261085266516,8.0,15262.536303678753,2155.0261085266516,15.081172580796554,0.6656334199136397,0.6275619776265788,0.0,1.6226508291972757,1.6226508291972757,95.88651893265765,0.5145869753569494,4775.962436477571,1332.3433324460318,1.709414269525854,1.709414269525854,0.09394482029201741,0.8265916623624875,0.0,0.0,0.0,0.0,200.0,0.0,0.0,0.0,0.0,0.0,0.0
hpc,3006,greedy_load,0.999923070791718,10.943237138306582,4.187011691287181,0.956035070834716,8.0,1.1208548317158087,218.08154216121596,0.9588672613953259,0.7736792586769914,0.7479100653580351,91.63424411060987,0.44239202718643666,0.44239202718643666,4.422371154796502,0.5090935030976237,23.199567415345115,6.08273585326072,0.418704921137629,0.418704921137629,0.6262110639310109,0.999923070791718,0.0,90.0,0.0,0.0,200.0,0.0,0.0,0.0,18326.848822121974,90.0,87.6015147670601
hpc,3006,affinity_greedy,0.8651081285509624,150.516658574001,10.372563153196273,1676.3640593127498,8.0,12629.742156783761,1676.3640593127498,12.822608083429351,0.5167026228528434,0.46167371357371173,1.0521059334860183,1.7517409272364177,1.7517409272364177,88.79235205333435,0.5142501423220479,3751.485685228511,1046.384428744598,1.7342384617281204,1.7342384617281204,0.10043918966873798,0.8651081285509624,0.0,32.0,0.0,0.0,200.0,0.0,0.0,0.0,210.42118669720367,32.0,30.78317384070889
hpc,3006,balanced_affinity,0.9988428701016558,10.741503454715852,4.0063069853853595,14.380191724688698,8.0,1.8309710618537849,218.08154216121596,0.9417198982901135,0.7602486764068818,0.7329502583740019,92.51597538270289,0.42278922057987783,0.42278922057987783,4.359776834015809,0.5088313360419108,23.134343589690616,6.072759523265019,0.3986447262291782,0.3986447262291782,0.6415709639326657,0.9988428701016558,0.0,84.0,0.0,0.0,200.0,0.0,0.0,0.0,18503.195076540578,84.0,75.11525893136216
hpc,3006,dynamic_leiden,0.9570118664841797,58.81050042340885,9.385301804070993,534.2335400104952,8.0,313.9806767996264,564.2793314892075,5.027584640629018,0.4756902039577973,0.41599156381437824,4.040766969992546,1.174022041111261,1.174022041111261,19.15003133975685,0.510373260915635,281.9644759612237,78.15506649016699,1.1020745556301186,1.1020745556301186,0.18435640434438702,0.9570118664841797,0.0,0.0,15.0,0.0,200.0,1597.0,1080.0,1080.0,808.1533939985093,86.0,82.77805452782357
hpc,3006,domain_heuristic,0.9991475961257128,11.194494353199604,4.3594982461037945,10.593219617496906,8.0,1.3944374524726775,218.08154216121596,0.9802241246612325,0.7680770551817021,0.7416699872073415,109.61170801048866,0.46032818748897186,0.46032818748897186,4.49717611964787,0.5091883985510856,23.31337339367519,6.110519471310648,0.43315001312836215,0.43315001312836215,0.6115497067715988,0.9991475961257128,0.0,90.0,0.0,0.0,200.0,40320.0,0.0,0.0,21922.34160209773,90.0,86.3854771926245
hpc,3006,work_stealing,0.9998999993040211,10.693596647150716,3.6486980402726186,1.2427551849071765,8.0,1.0931055170835813,229.67138936535775,0.9376478196470771,0.8206203722232375,0.8001959591595467,0.5945345702639315,0.37760052113514,0.37760052113514,4.1106379806987725,0.5059931390127835,24.63558538446227,6.493956013040711,0.3543674018134987,0.3543674018134987,0.6719677242672486,0.9998999993040211,0.0,90.0,0.0,0.0,200.0,0.0,0.0,1440.0,118.9069140527863,90.0,101.12302387751087
hpc,3006,parmetis_adaptive,0.9739499001457826,44.30853152575554,9.043066910937553,323.73671347287825,8.0,87.63048054669297,357.8679220371437,3.7949172843284873,0.47388222367566846,0.4139777243912149,29.643885089753894,0.4337356862185834,0.4337356862185834,7.582856233876998,0.5234178289481021,70.1618335948367,19.234548599143437,0.35631530995564625,0.35631530995564625,0.21344637026072938,0.9739499001457826,0.0,0.0,22.0,0.0,200.0,22.0,0.0,0.0,5928.777017950779,694.0,707.9248603051991
hpc,3006,c_kam,0.9999032763855406,8.958410144284098,3.047091511856594,1.2020293678608525,6.0,0.859626922305925,212.8622397212198,0.7901569669034144,0.5191980581245292,0.4644532825644508,14.417980608704966,0.20342931649201051,0.20342931649201051,2.8680189351073473,0.652459803150169,14.70592271517472,3.7836717443325147,0.22396597428910126,0.22396597428910126,0.7231042791826109,0.9999032763855406,14.0,27.0,0.0,12.0,200.0,21507.0,6279.0,6166.0,2883.596121740993,27.0,38.819835836940975
hpc,3006,d_kam,0.9986738429148048,11.197269258584114,3.920495416977863,16.480771233603082,2.0,1.441676471386001,236.20853559588693,0.9804599916189158,0.4066487392073195,0.3390889421863708,5.321805654821219,0.27934277765103177,0.27934277765103177,3.2076797440698432,0.8066005360088064,17.388538569350448,4.489341323743445,0.2789873728101347,0.2789873728101347,0.6488649472473028,0.9986738429148048,6.0,9.0,0.0,0.0,200.0,8102.0,6341.0,6341.0,1064.3611309642438,9.0,11.808006023713398
hpc,3007,static,0.8089161632086579,233.92928624769732,10.71896304945545,2328.4441991865115,8.0,13411.260123773902,2328.4441991865115,19.92911699639674,0.600781319939767,0.5553257276556811,0.0,1.3331173096738196,1.3331173096738196,77.58571765911793,0.5288568251280801,4834.936602123145,1348.8916786512114,1.2974861490477985,1.2974861490477985,0.06638130172866652,0.8089161632086579,0.0,0.0,0.0,0.0,200.0,0.0,0.0,0.0,0.0,0.0,0.0
hpc,3007,greedy_load,0.9998388009154372,19.72206300369615,4.870760647811999,1.9642847855003525,8.0,1.1530102847067818,332.2273798703619,1.7215030206566397,0.7706243274957215,0.7445072954779076,91.93991397172795,0.3044238481668297,0.3044238481668297,4.649883162021225,0.50764565399659,36.4581028737994,9.822669858197008,0.26805636692703794,0.26805636692703794,0.5634785058683598,0.9998388009154372,0.0,89.0,0.0,0.0,200.0,0.0,0.0,0.0,18387.98279434559,89.0,100.8480414791983
hpc,3007,affinity_greedy,0.8414436275233577,179.56209471358224,10.577879277446073,1932.082126550755,8.0,8649.704698207795,1932.082126550755,15.30790571599696,0.46241456319389895,0.40120434019122414,1.0671028362412471,1.635332291239144,1.635332291239144,76.63930067918828,0.5217297271039526,3441.968644694516,960.0328642123247,1.5192153628468212,1.5192153628468212,0.07837342234946362,0.8414436275233577,0.0,35.0,0.0,0.0,200.0,0.0,0.0,0.0,213.42056724824943,35.0,35.39040782506083
hpc,3007,balanced_affinity,0.9999238306328994,19.866647826988928,4.98581337839223,0.9281586761064047,8.0,1.0716732768700767,332.2273798703619,1.733792730636526,0.7485203019491589,0.7198864749433699,92.55121941067046,0.3145062191164669,0.3145062191164669,4.687936395855107,0.5075142126125873,36.4920475464736,9.833555247625098,0.2794260074127371,0.2794260074127371,0.5536990237690403,0.9999238306328994,0.0,86.0,0.0,0.0,200.0,0.0,0.0,0.0,18510.24388213409,86.0,90.87218333915408
hpc,3007,dynamic_leiden,0.9435090918876248,100.408672947182,10.176155875635587,688.3676270571793,8.0,614.7190025896911,812.4299198182152,8.579864865852937,0.46444674352448856,0.4034679073911383,2.3005543839826714,1.1913142324422532,1.1913142324422532,29.960283762702474,0.5072230302330641,677.2646825120619,188.48791676677916,1.117230341447839,1.117230341447839,0.11251991150335482,0.9435090918876248,0.0,0.0,14.0,0.0,200.0,862.0,1008.0,1008.0,460.1108767965343,43.0,49.395030789499664
hpc,3007,domain_heuristic,0.9998868989219979,19.857712884766652,4.976875650741963,1.378188513579261,8.0,1.069538950108193,332.2273798703619,1.7330332605476326,0.7486014876879827,0.719976904602951,109.74192895169836,0.31321365672059914,0.31321365672059914,4.683670769803933,0.5074684504160473,36.48994199271206,9.833422943648094,0.2784039886805532,0.2784039886805532,0.5544587306193128,0.9998868989219979,0.0,84.0,0.0,0.0,200.0,40306.0,0.0,0.0,21948.38579033967,84.0,88.80693085241737
hpc,3007,work_stealing,0.9997716133983847,20.02040627462278,5.079910652331372,2.782995498899106,8.0,1.1398918036696133,332.19175216037553,1.746862198685403,0.7934532928991642,0.7699355985262968,0.6070305455068592,0.34275027366144856,0.34275027366144856,4.681765768051718,0.5076111777450703,36.801383486308524,9.904163652628789,0.2878791354036209,0.2878791354036209,0.5457007554842132,0.9997716133983847,0.0,90.0,0.0,0.0,200.0,0.0,0.0,1440.0,121.40610910137184,90.0,99.2106027720909
hpc,3007,parmetis_adaptive,0.9800032753724626,53.44873891740839,9.36747282296556,243.6692618463781,8.0,63.455481814698445,455.3703021503817,4.58827047332218,0.44443597115329153,0.38117868074005246,29.946275634720223,0.3975263269713078,0.3975263269713078,8.344715706038834,0.5190722079939609,97.36564336625106,26.845850357567443,0.2814664372443569,0.2814664372443569,0.1812579709803071,0.9800032753724626,0.0,0.0,22.0,0.0,200.0,22.0,0.0,0.0,5989.255126944045,501.0,562.2947154531652
hpc,3007,c_kam,0.9998139091779904,18.774686010222453,4.556570354821399,2.267602023838058,4.0,0.9058875391650314,331.53803717909966,1.6409759762113754,0.3982377660066,0.32972028391824254,12.48628858869779,0.1989409846329179,0.1989409846329179,3.8933951799250104,0.6693831036847283,31.392393870858974,8.457913770810016,0.1878983804708826,0.1878983804708826,0.5901846807725609,0.9998139091779904,18.0,38.0,0.0,14.0,200.0,18546.0,6286.0,6121.0,2497.257717739558,38.0,53.44546524670808
hpc,3007,d_kam,0.9992276367592886,23.925300886511696,5.241538126266265,9.411600361898815,2.0,1.1492065629101127,380.35208099903883,2.0787782406959616,0.31279188488038623,0.23454541632716286,5.21254474107991,0.2747417120816211,0.2747417120816211,4.80754290873482,0.8437028618059234,44.42071455966464,12.041236981399216,0.23937054827744775,0.23937054827744775,0.5319624201997472,0.9992276367592886,6.0,12.0,0.0,0.0,200.0,7781.0,6375.0,6375.0,1042.508948215982,12.0,15.327673360464706
hpc,3008,static,0.8913879598254895,132.76859074511336,10.170073600534883,1349.6558224132007,8.0,3949.058380313348,1349.6558224132007,11.303163536836271,0.6391252197110726,0.5980355170049075,0.0,1.2961011222422933,1.2961011222422933,42.01341777245282,0.5131789967006409,1598.7173952052483,445.62023566626,1.2995077721987522,1.2995077721987522,0.12249312397760105,0.8913879598254895,0.0,0.0,0.0,0.0,200.0,0.0,0.0,0.0,0.0,0.0,0.0
hpc,3008,greedy_load,0.9999911730625202,5.046411723240792,2.317198587593571,0.10968698815690336,8.0,1.1009201026426443,150.80376067760167,0.44677831997710526,0.8132593595452527,0.7919968113746627,92.12596424898948,0.32291991600673414,0.32291991600673414,2.6486105532484214,0.504771456009386,7.494246053890727,1.7260240988681241,0.27585631967837676,0.27585631967837676,0.7899875000776126,0.9999911730625202,0.0,90.0,0.0,0.0,200.0,0.0,0.0,0.0,18425.192849797895,90.0,95.62410147002367
hpc,3008,affinity_greedy,0.91420340987183,105.4801742149625,9.98364210217808,1066.1420890688635,8.0,1878.7270094500839,1066.1420890688635,8.98364813177345,0.4793941734694823,0.42011727242887886,1.1018182152474765,1.2814800998067886,1.2814800998067886,31.75931412031678,0.5077827845713015,897.2299185108085,249.8558119943161,1.2562125739761238,1.2562125739761238,0.13833980133792936,0.91420340987183,0.0,43.0,0.0,0.0,200.0,0.0,0.0,0.0,220.3636430494953,43.0,50.417474558029326
hpc,3008,balanced_affinity,0.9999985878224931,5.298139469751808,2.536268713631052,0.01754827173709128,8.0,1.1368650943248522,150.80376067760167,0.4681751784305417,0.7851117736472557,0.7606443023298639,92.72742801549612,0.356652464407418,0.356652464407418,2.7245166446086504,0.5039467837802948,7.546924480015746,1.7371654078796022,0.3012141395473289,0.3012141395473289,0.7713665393644267,0.9999985878224931,0.0,85.0,0.0,0.0,200.0,0.0,0.0,0.0,18545.485603099223,85.0,76.93173860653681
hpc,3008,dynamic_leiden,0.9588173138876552,49.166700209602624,9.008098266520967,511.7522146240575,8.0,636.0021893987674,516.9036541646282,4.19700284131786,0.44505771602637734,0.38187121834621246,4.032001954619773,1.3250938194499806,1.3250938194499806,20.039563916028992,0.5097387774414431,250.02440794926818,69.20291709942812,1.2640098277582368,1.2640098277582368,0.22126102736878384,0.9588173138876552,0.0,0.0,15.0,0.0,200.0,1544.0,1080.0,1080.0,806.4003909239545,106.0,114.61722621509979
hpc,3008,domain_heuristic,0.9999939611461177,5.2691501203825535,2.4922641750221706,0.07504116753439416,8.0,1.0574450824620318,150.80376067760167,0.465711083734155,0.7670332517909748,0.7405073349156897,110.39197038422571,0.3439276137098913,0.3439276137098913,2.7132208365022974,0.504158316125782,7.533690716358376,1.7399070058249193,0.2942683827005697,0.2942683827005697,0.7751069251461815,0.9999939611461177,0.0,86.0,0.0,0.0,200.0,40320.0,0.0,0.0,22078.394076845143,86.0,78.16798871318457
hpc,3008,work_stealing,0.9994275407499922,5.233985421583692,2.5296309065678666,7.113603230601529,8.0,1.3183696841286134,147.20465272119955,0.4627220843362519,0.8094584066683261,0.7877630767345216,0.6100458557193633,0.3534717988232202,0.3534717988232202,2.6999211822847093,0.5047647222758616,7.435345303736239,1.701789525469203,0.29493937703086454,0.29493937703086454,0.7719307529647975,0.9994275407499922,0.0,90.0,0.0,0.0,200.0,0.0,0.0,1440.0,122.00917114387266,90.0,95.95153204494743
hpc,3008,parmetis_adaptive,0.981484176064992,41.56019056275053,8.885263557279847,230.08489243467065,8.0,47.714053410828555,341.0669630294889,3.5504495213354335,0.47553585914186486,0.41581964508376035,30.098781308624893,0.37999951749122957,0.37999951749122957,6.677965564074977,0.5161024537961836,57.60650168011411,15.746848473733904,0.2987276666473391,0.2987276666473391,0.23170197765427913,0.981484176064992,0.0,0.0,22.0,0.0,200.0,22.0,0.0,0.0,6019.756261724979,649.0,697.0277234406057
hpc,3008,c_kam,0.9999790658839709,4.5103538869693915,1.9629326284479613,0.2601355387590832,4.0,0.9601905418062358,150.3342982014289,0.40121340389403626,0.3313154128498701,0.2551780588674295,10.436249021004187,0.19996952497370102,0.19996952497370102,2.135775178707446,0.6957497207616475,6.287000739424192,1.4546468964419097,0.18636069941003172,0.18636069941003172,0.8201001066049894,0.9999790658839709,15.0,14.0,0.0,11.0,200.0,16088.0,6278.0,6085.0,2087.2498042008374,14.0,26.731985669082405
hpc,3008,d_kam,0.9999999999999999,5.078018800174685,2.2494051812588602,0.0,2.0,1.081443799220835,157.63705204563132,0.4494649215164862,0.27479106183797514,0.19221776689873465,4.47220044923597,0.26597474791071085,0.26597474791071085,2.308075707734829,0.8729550655441605,7.003754955318913,1.5984262918707992,0.25395617764947676,0.25395617764947676,0.7957499396160631,0.9999999999999999,6.0,5.0,0.0,0.0,200.0,6891.0,6275.0,6275.0,894.440089847194,5.0,8.083967837909167
hpc,3009,static,0.9209762575961543,91.56841863544948,9.853692798046348,907.3396155235349,8.0,1387.7105194347034,907.3396155235349,7.800972736616625,0.6648333483546713,0.6266708088108962,0.0,1.1081406162979148,1.1081406162979148,23.83277444529905,0.5086253353416448,604.3279689008867,168.11993996362017,1.080721270511736,1.080721270511736,0.14939155022039471,0.9209762575961543,0.0,0.0,0.0,0.0,200.0,0.0,0.0,0.0,0.0,0.0,0.0
hpc,3009,greedy_load,0.9999999999999997,4.883122570194922,2.263012233000105,0.0,8.0,1.1177812877124151,135.48307284704163,0.4327225710699895,0.78337935422338,0.7587146272290126,92.24001716036582,0.2902731480156244,0.2902731480156244,2.277433714685095,0.5039957447964912,6.573344210903766,1.4829249454407414,0.24426174754363533,0.24426174754363533,0.7945993982493255,0.9999999999999997,0.0,90.0,0.0,0.0,200.0,0.0,0.0,0.0,18448.003432073165,90.0,96.69448663761685
hpc,3009,affinity_greedy,0.891946110885476,113.21509221456999,10.025928989333833,1240.659721023584,8.0,3929.6357307670305,1240.659721023584,9.64093999084187,0.49182330110647443,0.43396159776711263,1.0247138237173203,1.1407438729722679,1.1407438729722679,36.24044506164647,0.5106464687762384,1195.5883255818114,333.16885546414466,1.1499146910876208,1.1499146910876208,0.13475147396095852,0.891946110885476,0.0,23.0,0.0,0.0,200.0,0.0,0.0,0.0,204.94276474346407,23.0,24.338004352467877
hpc,3009,balanced_affinity,0.999433147535636,5.946803770203925,3.1048795039051873,6.5085211283229665,8.0,1.3290907344790313,135.48307284704163,0.5231354730707549,0.7302967722688726,0.6995879889133483,92.05032233949169,0.36531033775133187,0.36531033775133187,2.5702935606366886,0.5051353488101461,6.849477318583217,1.5484964014664615,0.3331641711068467,0.3331641711068467,0.7230406802223933,0.999433147535636,0.0,90.0,0.0,0.0,200.0,0.0,0.0,0.0,18410.064467898337,90.0,84.23921912000341
hpc,3009,dynamic_leiden,0.9709446221773316,50.313633585595,9.153187742547805,333.6098056174621,8.0,288.7730765364915,391.5561388992619,4.294316007378996,0.4358458962190062,0.37161052796671484,4.037068094476126,1.0500240959887905,1.0500240959887905,15.876547373350022,0.506989675881771,190.06867247583006,52.546984027858564,1.0002475537920732,1.0002475537920732,0.20893447993777092,0.9709446221773316,0.0,0.0,16.0,0.0,200.0,1566.0,1152.0,1152.0,807.4136188952252,106.0,123.93580612557209
hpc,3009,domain_heuristic,0.999433147535636,5.953475017340638,3.109789773849502,6.5085211283229665,8.0,1.3290907344790313,135.48307284704163,0.5237025290773755,0.7300813676952285,0.6993480580763682,109.9943582736887,0.3663079780504995,0.3663079780504995,2.570793854663771,0.5051252546548621,6.851830240262151,1.5489149505665483,0.3334134616855355,0.3334134616855355,0.7226233072771265,0.999433147535636,0.0,90.0,0.0,0.0,200.0,40320.0,0.0,0.0,21998.87165473774,90.0,84.23921912000341
hpc,3009,work_stealing,0.9989887329376181,5.991377318052181,3.2055595048946808,11.61122771032814,8.0,1.674858959232344,133.95880038631037,0.5269242246378567,0.7280313737079118,0.69706464893208,0.606520839210134,0.3822332122947112,0.3822332122947112,2.566624776472188,0.506213238425712,6.799860605207005,1.529895729265568,0.3388828857029902,0.3388828857029902,0.7144828801382865,0.9989887329376181,0.0,90.0,0.0,0.0,200.0,0.0,0.0,1440.0,121.3041678420268,90.0,88.17396345310446
hpc,3009,parmetis_adaptive,0.9639391857991464,65.77253286152292,9.592287058367456,414.04525142909245,8.0,163.22408344093355,513.6423734487614,5.608322445832869,0.45473819874187454,0.39265393424218703,29.594025954720564,0.3713478494965256,0.3713478494965256,8.597958621130992,0.5156288638624403,134.1388410302066,37.11385831755486,0.251143365973299,0.251143365973299,0.17161103809310063,0.9639391857991464,0.0,0.0,20.0,0.0,200.0,22.0,0.0,0.0,5918.805190944113,820.0,916.6841400434912
hpc,3009,c_kam,0.9998109118754145,4.448057833678776,1.954689388983329,2.171083538221603,5.0,0.9554378564446813,135.02806044229445,0.39574206846611715,0.433772104646768,0.3693006116114991,16.59910453512566,0.18047065128526504,0.18047065128526504,1.976316891616903,0.6279351140695545,5.561432860960801,1.258476791567048,0.18883229413249558,0.18883229413249558,0.8208068399907513,0.9998109118754145,18.0,19.0,0.0,15.0,200.0,24652.0,6525.0,6211.0,3319.8209070251323,19.0,35.79766764927069
hpc,3009,d_kam,0.9997787757212301,5.8128569922119135,2.647123379161485,2.540066389383548,2.0,1.0563942955989551,148.21723972955883,0.511749996941434,0.34717756412046796,0.2728462966688381,7.252213400643086,0.32278130618216777,0.32278130618216777,2.343121233375368,0.7894348713851886,6.948326817889802,1.5775217538611543,0.281965805657092,0.281965805657092,0.7619499508256082,0.9997787757212301,6.0,11.0,0.0,0.0,200.0,10656.0,6433.0,6433.0,1450.4426801286172,11.0,14.400673597410044
hpc,3010,static,0.8344643557213982,181.8739469835643,10.536728527565598,2137.2676136375685,8.0,13367.881756065015,2137.2676136375685,15.496733760164489,0.6124303108098956,0.5683010887733988,0.0,1.3545546908760158,1.3545546908760158,76.22263286401939,0.5197840557130696,3667.9004302767116,1023.1480766609083,1.3767309293324703,1.3767309293324703,0.0836358218700562,0.8344643557213982,0.0,0.0,0.0,0.0,200.0,0.0,0.0,0.0,0.0,0.0,0.0
hpc,3010,greedy_load,0.9990023394493157,14.199751542465803,4.604211848751463,12.881017823524648,8.0,1.7454274380444876,263.55293705172045,1.2444271476711128,0.7844297509581111,0.7598846235919555,91.09136463099276,0.37227174468869684,0.37227174468869684,4.12589142035485,0.5087077007006497,24.1483108588198,6.365623631117506,0.3427245928850249,0.3427245928850249,0.5878997395692577,0.9990023394493157,0.0,90.0,0.0,0.0,200.0,0.0,0.0,0.0,18218.27292619855,90.0,91.72371983518349
hpc,3010,affinity_greedy,0.8783587814407698,153.5559181505599,10.440242367387128,1570.536895802924,8.0,8865.970152981208,1570.536895802924,13.089701309359114,0.48068679311828866,0.4215570715426483,1.023360915860394,1.5709636670235392,1.5709636670235392,66.58176392328454,0.5220763371319697,2720.9493871183677,758.7998988126441,1.4421844449345782,1.4421844449345782,0.09183714548522623,0.8783587814407698,0.0,24.0,0.0,0.0,200.0,0.0,0.0,0.0,204.6721831720788,24.0,25.06721557059816
hpc,3010,balanced_affinity,0.9994960482613358,14.112302466858782,4.562681862480286,6.506633266677564,8.0,1.301130552268965,263.55293705172045,1.2369939762445157,0.7566786368821903,0.7289737292004594,91.74498353124363,0.3581915420730882,0.3581915420730882,4.115560231097757,0.5076258146796131,24.071893602193196,6.353379203964611,0.33904553692779743,0.33904553692779743,0.5914297884023079,0.9994960482613358,0.0,90.0,0.0,0.0,200.0,0.0,0.0,0.0,18348.996706248727,90.0,83.4666962262804
hpc,3010,dynamic_leiden,0.9525247008358754,53.81644541106295,9.295733795627394,612.9641733261183,8.0,981.6900741513114,612.9641733261183,4.61184612650187,0.43995245779170844,0.3761846683323485,3.1252585504262242,1.1010406767288463,1.1010406767288463,21.215562062418027,0.5091278569462366,341.3133526826751,94.74695106947064,1.0753312444550147,1.0753312444550147,0.18912037408480356,0.9525247008358754,0.0,0.0,21.0,0.0,200.0,1183.0,1512.0,1512.0,625.0517100852448,78.0,84.8790477840975
hpc,3010,domain_heuristic,0.9997738602926205,14.188181141203913,4.59860139578992,2.919740185547661,8.0,1.0975728637867572,263.55293705172045,1.2434436635638522,0.7441376983402067,0.7150048620126066,109.1033036756562,0.3671204903716932,0.3671204903716932,4.134843488583098,0.5073937609630137,24.106784224593245,6.362952866656638,0.33995316053829183,0.33995316053829183,0.5883766280709889,0.9997738602926205,0.0,88.0,0.0,0.0,200.0,40320.0,0.0,0.0,21820.66073513124,88.0,80.6811967444085
hpc,3010,work_stealing,0.9980497628232248,17.11503559541547,5.4264734284640825,25.179947044035814,8.0,2.3907356978155483,279.5711549539867,1.4922262921718346,0.8288019490513964,0.8093091016661592,0.6002915906719863,0.38596494885687427,0.38596494885687427,4.300707515252586,0.5095138443855088,27.320536638474927,7.240149372725313,0.35845132125603757,0.35845132125603757,0.5180075052936851,0.9980497628232248,0.0,90.0,0.0,0.0,200.0,0.0,0.0,1440.0,120.05831813439727,90.0,86.7861855971293
hpc,3010,parmetis_adaptive,0.974505455377853,56.95662450644825,9.486421774375867,329.1657502697621,8.0,94.5329009151105,460.59820461639504,4.878761349609621,0.4443114983659329,0.3810400353085886,30.518370424979366,0.39054686683285167,0.39054686683285167,8.372153670142326,0.520018066262354,102.82818850780507,28.372368575315075,0.2920963706042666,0.2920963706042666,0.17291189589118347,0.974505455377853,0.0,0.0,22.0,0.0,200.0,22.0,0.0,0.0,6103.674084995873,637.0,653.7393661811627
hpc,3010,c_kam,0.9999250227413699,13.003501845424704,3.8874592820518585,0.968048104244665,4.0,0.865736638134282,262.46494908593127,1.1427459234226194,0.4233170240988285,0.3576551011001803,12.210923671373166,0.1743520322310295,0.1743520322310295,2.937250437148984,0.6793958846382121,17.714317128144977,4.640313917976242,0.17825353528727853,0.17825353528727853,0.6488237077387241,0.9999250227413699,18.0,29.0,0.0,14.0,200.0,18499.0,6256.0,6121.0,2442.1847342746332,29.0,41.537845024157505
hpc,3010,d_kam,0.9997522239686559,16.140893698067266,4.432276687499726,3.199091588613351,2.0,1.083720381463619,300.0578017767159,1.4094242308972371,0.36014430633497246,0.28728945012558815,4.864954884978943,0.2885013669465494,0.2885013669465494,3.4541937561797975,0.8487445714352083,23.816411068819633,6.277212187871705,0.23677241464325946,0.23677241464325946,0.6025142282756555,0.9997522239686559,6.0,9.0,0.0,0.0,200.0,7444.0,6331.0,6331.0,972.9909769957885,9.0,12.59598562736292
hpc,3011,static,0.9013184684720781,120.05308323195001,10.170397717808578,1178.8988040656643,8.0,2202.9090901821583,1178.8988040656643,10.228533757471897,0.6293936463580444,0.5871958932205941,0.0,1.3836429564972366,1.3836429564972366,46.16883089122261,0.5059065412939476,1338.0779812535739,372.85083060958647,1.4751643265351353,1.4751643265351353,0.12002328353034006,0.9013184684720781,0.0,0.0,0.0,0.0,200.0,0.0,0.0,0.0,0.0,0.0,0.0
hpc,3011,greedy_load,0.9994954718747533,9.561747068474686,3.796327897101255,6.027344673945884,8.0,1.3472466636544616,182.05601512217234,0.8367701835764937,0.7914584535624436,0.7677136240175735,92.78462881062296,0.35912890519441876,0.35912890519441876,3.547709649195018,0.5081017065710364,15.151034576488433,3.8561129669972156,0.31713619145305355,0.31713619145305355,0.6618192182904626,0.9994954718747533,0.0,89.0,0.0,0.0,200.0,0.0,0.0,0.0,18556.925762124592,89.0,103.02496957370906
hpc,3011,affinity_greedy,0.8866250488633289,128.90782383177597,10.195218790222032,1354.4337246955429,8.0,3296.959579730315,1354.4337246955429,10.981186708457104,0.4351267667583184,0.37080951742882007,1.0116956505225971,1.5421651993591852,1.5421651993591852,48.161208860172565,0.5052871940442639,1632.387238258156,454.9851719901101,1.5265939685541468,1.5265939685541468,0.11791349237519654,0.8866250488633289,0.0,19.0,0.0,0.0,200.0,0.0,0.0,0.0,202.33913010451943,19.0,22.783172002076768
hpc,3011,balanced_affinity,0.9992590452920546,9.388430806304235,3.70093363593513,8.851814575015588,8.0,1.3239480750973613,182.05601512217234,0.8220383012920055,0.7373658974733278,0.7074620145123702,93.28063731038128,0.3707738943068887,0.3707738943068887,3.5920521178290064,0.5068521512875824,15.097457834237561,3.847636808854153,0.3283541650458458,0.3283541650458458,0.6699277304895833,0.9992590452920546,0.0,90.0,0.0,0.0,200.0,0.0,0.0,0.0,18656.127462076256,90.0,90.88379451824747
hpc,3011,dynamic_leiden,0.9482302355993696,59.264930087975564,9.236843321962592,618.4674314807871,8.0,1394.877498002544,645.6600519990661,5.061540740234069,0.462854093442851,0.40169391596357157,2.665273444436025,1.354553026264214,1.354553026264214,26.22600472210172,0.5115338655746562,468.6665365776028,130.21788449352294,1.2818144878414799,1.2818144878414799,0.19937540717724894,0.9482302355993696,0.0,0.0,14.0,0.0,200.0,968.0,1008.0,1008.0,533.054688887205,78.0,84.79198451302011
hpc,3011,domain_heuristic,0.9983054368711369,9.88027203169011,4.023649606838695,20.24409648997893,8.0,1.9671323892088457,182.05601512217234,0.8638448054498049,0.7186873206151876,0.6866566690020653,110.52141242442303,0.3752016274862939,0.3752016274862939,3.6768503480059826,0.5061415505693774,15.237596306258595,3.8890886025306015,0.35205631839608836,0.35205631839608836,0.6424968729627801,0.9983054368711369,0.0,90.0,0.0,0.0,200.0,40320.0,0.0,0.0,22104.282484884607,90.0,87.42319226131903
hpc,3011,work_stealing,0.9992058822460501,9.501780709821082,3.8139669100030895,9.486926843596802,8.0,1.3991902418472582,180.25296904877573,0.8316730430909374,0.7800783226092649,0.7550377355796268,0.6076875601138454,0.3679090549138542,0.3679090549138542,3.556271355842257,0.5091908614034456,15.288264145797486,3.8930980884315405,0.3348896804132596,0.3348896804132596,0.6603199021938068,0.9992058822460501,0.0,90.0,0.0,0.0,200.0,0.0,0.0,1440.0,121.53751202276908,90.0,113.56475939184475
hpc,3011,parmetis_adaptive,0.9765664025057175,50.428241189955195,9.26002997363765,279.9494457901485,8.0,62.329810456320345,408.5774572501599,4.310422183902338,0.4415249007029415,0.37793615177307843,30.014639151340816,0.42767454484804385,0.42767454484804385,8.298454501300196,0.5183652940750294,86.72657636245087,23.867675313085115,0.34055810678149506,0.34055810678149506,0.19740454178486908,0.9765664025057175,0.0,0.0,21.0,0.0,200.0,22.0,0.0,0.0,6002.927830268163,579.0,643.1940641069707
hpc,3011,c_kam,0.999940021534626,8.673009649717542,3.014691503276651,0.7165326683023711,3.0,0.9577664695005933,187.39542155594808,0.7612275029821367,0.378259340466522,0.30746708715330423,10.30204573937226,0.20783229332633152,0.20783229332633152,2.8975603955957485,0.705173815945512,13.35464197230723,3.4147236208116265,0.21531969600159756,0.21531969600159756,0.7282583117655538,0.999940021534626,15.0,23.0,0.0,10.0,200.0,15459.0,6244.0,6075.0,2060.409147874452,23.0,34.9415946715268
hpc,3011,d_kam,0.9993390586634963,10.439765854034984,3.6658030263197854,7.895934924173499,2.0,1.148608004005674,205.14722009375166,0.9114017803491191,0.3170106083620913,0.23924448951223037,4.787052569590742,0.34853814117349885,0.34853814117349885,3.3570642197213387,0.8463313017013105,15.750876794214285,4.017016958476805,0.3077863249815567,0.3077863249815567,0.6729138323068875,0.9993390586634963,6.0,7.0,0.0,0.0,200.0,7206.0,6302.0,6302.0,957.4105139181484,7.0,10.83729480419051
hpc,3012,static,0.8623454536479904,165.15262199440144,10.433175435483284,1541.0629106291967,8.0,6873.884406952522,1541.0629106291967,14.06564383300634,0.6550351276698358,0.6157569491371935,0.0,1.4627912389098037,1.4627912389098037,49.77122264230624,0.5118713695633571,2569.35046119182,716.4903639452644,1.3787261391623338,1.3787261391623338,0.09573719282851827,0.8623454536479904,0.0,0.0,0.0,0.0,200.0,0.0,0.0,0.0,0.0,0.0,0.0
hpc,3012,greedy_load,0.9997180350300406,12.177938791179907,4.376199753799689,3.1566393469433525,8.0,1.1049896300304,196.95104596514133,1.0627957607325065,0.7588287042465438,0.7313686062152098,92.94969094102271,0.384764311741357,0.384764311741357,3.8306021966340893,0.5092747741394261,18.64479380942395,4.8294888969991385,0.317376696326293,0.317376696326293,0.6105801257716239,0.9997180350300406,0.0,90.0,0.0,0.0,200.0,0.0,0.0,0.0,18589.93818820454,90.0,96.29451305117836
hpc,3012,affinity_greedy,0.8384435294179295,182.9477740058667,10.470118825147635,1808.6484710030877,8.0,8612.79513785724,1808.6484710030877,15.578231753980887,0.4698676359023824,0.4095060300892873,1.0760933739948086,1.418930708071443,1.418930708071443,55.09559416763981,0.5150497274083975,2980.797013502525,831.3735126786246,1.3399585909011171,1.3399585909011171,0.0925970047070485,0.8384435294179295,0.0,35.0,0.0,0.0,200.0,0.0,0.0,0.0,215.21867479896173,35.0,35.42147348931116
hpc,3012,balanced_affinity,0.999738392896387,11.63245396657709,3.9572509759762626,2.9287300362959767,8.0,1.1423922248053524,196.95104596514133,1.016429550641267,0.7296928148427054,0.6989152640574687,93.2764081042842,0.39516000079602975,0.39516000079602975,3.7499910447654194,0.5091791906462837,18.54530151743018,4.804366079711701,0.28961080683637147,0.28961080683637147,0.6461907718866152,0.999738392896387,0.0,84.0,0.0,0.0,200.0,0.0,0.0,0.0,18655.28162085684,84.0,77.67437510320332
hpc,3012,dynamic_leiden,0.9605593402709548,66.29894750453177,9.62006959185547,441.5439917527276,8.0,481.7119638013885,468.9040335275009,5.663081501367413,0.4616507378100524,0.4003535445904049,2.8072056543896906,1.2345695165281312,1.2345695165281312,21.09416732205752,0.5097154323641473,340.32552537617,94.43037046980149,1.1060220552803814,1.1060220552803814,0.16485118953688263,0.9605593402709548,0.0,0.0,15.0,0.0,200.0,1059.0,1080.0,1080.0,561.4411308779381,52.0,57.6414933435644
hpc,3012,domain_heuristic,0.9998402612143119,11.684386570737646,3.9843838261439077,1.7882992210205828,8.0,1.1225623004496854,196.95104596514133,1.0208438219949143,0.6919339465423733,0.6568571186734355,110.17423646044335,0.4161705408353324,0.4161705408353324,3.7412259775115153,0.5089918660126983,18.556128789387145,4.807802390306178,0.2879936428596495,0.2879936428596495,0.6438844796223654,0.9998402612143119,0.0,82.0,0.0,0.0,200.0,40320.0,0.0,0.0,22034.84729208867,82.0,79.84154492003498
hpc,3012,work_stealing,0.9998827401149513,11.685958863950548,4.08641900415511,1.3127416750226273,8.0,1.1344927492375603,196.95104596514133,1.0209774669180112,0.7513750274740508,0.7230662434735714,0.6116354947153013,0.40424277518437807,0.40424277518437807,3.8200858548440477,0.5095275295151863,18.670010474940387,4.8321311795912,0.3187422174914248,0.3187422174914248,0.6352114894914132,0.9998827401149513,0.0,90.0,0.0,0.0,200.0,0.0,0.0,1440.0,122.32709894306026,90.0,95.74683716998732
hpc,3012,parmetis_adaptive,0.9716160560733044,59.24018716234926,9.532036226299436,317.7624306788484,8.0,109.41247614820982,385.01289168442736,5.063086872281901,0.4608825618769316,0.39949790308074073,30.275142929895082,0.43000690042565426,0.43000690042565426,8.83947928244519,0.5197638917655147,112.4176238606482,31.034116150508783,0.30509479492307945,0.30509479492307945,0.17233402560914549,0.9716160560733044,0.0,0.0,22.0,0.0,200.0,22.0,0.0,0.0,6055.0285859790165,644.0,689.1600938991127
hpc,3012,c_kam,0.9999999999999999,10.53398449375916,3.6006285199200985,0.0,3.0,0.9582100491380097,196.10904935607533,0.923059645451743,0.45847604262340014,0.39681737420923285,12.400776249851333,0.22683422803210662,0.22683422803210662,3.046168025487712,0.6786588262202308,15.386862884270263,3.970368781251369,0.21400998900341253,0.21400998900341253,0.6765036806513891,0.9999999999999999,18.0,21.0,0.0,13.0,200.0,18149.0,6277.0,6114.0,2480.1552499702666,21.0,33.95226298682938
hpc,3012,d_kam,0.9989729154383756,11.111057622926031,4.057009093556117,11.498362865194824,2.0,1.2561326521292173,196.10904935607533,0.9721108614309273,0.3435225775916942,0.26877514830758004,5.316825494664954,0.37676465993309016,0.37676465993309016,3.473432224637774,0.8092135915504005,16.244111480573732,4.152344869150566,0.3138399267787164,0.3138399267787164,0.6377113318923275,0.9989729154383756,6.0,12.0,0.0,0.0,200.0,7935.0,6380.0,6380.0,1063.3650989329908,12.0,16.237586809236426
hpc,3013,static,0.844787771015013,160.04053479884922,10.306576913647111,1901.1828322245192,8.0,12235.851186267417,1901.1828322245192,13.624835622254341,0.6675615512532977,0.6297096486732277,0.0,1.6526257303314877,1.6526257303314877,77.36877798058086,0.5121695811722436,3641.499711100682,1015.6889224332901,1.5745518026498966,1.5745518026498966,0.10915581156772966,0.844787771015013,0.0,0.0,0.0,0.0,200.0,0.0,0.0,0.0,0.0,0.0,0.0
hpc,3013,greedy_load,0.9988539951352658,8.425415091740328,4.117493515461839,14.037326753983132,8.0,1.6835803609008875,167.3987427954795,0.7375504471500846,0.7561401826144327,0.7283739657834029,92.37963618099457,0.4244628480572623,0.4244628480572623,3.288992289072863,0.5051434246472598,10.098274013748561,2.4343338051394645,0.3890333901011898,0.3890333901011898,0.6352279004134778,0.9988539951352658,0.0,90.0,0.0,0.0,200.0,0.0,0.0,0.0,18475.927236198913,90.0,103.98026414998235
hpc,3013,affinity_greedy,0.8584357909483261,136.57621527111635,10.167544036998892,1734.0092701878307,8.0,10087.281432113534,1734.0092701878307,11.630368462397048,0.5056782261054893,0.4493940637313618,1.0972209193278104,1.8024893997439742,1.8024893997439742,68.01252921045182,0.5187818611355922,2789.6888834136253,777.9181786030425,1.6310053575793306,1.6310053575793306,0.12097360608282814,0.8584357909483261,0.0,42.0,0.0,0.0,200.0,0.0,0.0,0.0,219.44418386556208,42.0,40.56024113581561
hpc,3013,balanced_affinity,0.9999999999999997,8.291982807902908,3.9761535578362235,0.0,8.0,1.0817977763713937,167.3987427954795,0.7262087030239041,0.7548148662809147,0.726897747095078,92.67377461961587,0.39735084916311564,0.39735084916311564,3.220737861176634,0.5048816867882531,10.052397652189944,2.4301741719790293,0.36791685259697265,0.36791685259697265,0.6472417968116551,0.9999999999999997,0.0,86.0,0.0,0.0,200.0,0.0,0.0,0.0,18534.754923923174,86.0,83.72366264122873
hpc,3013,dynamic_leiden,0.930860708143149,69.81534084470691,9.596405890768631,846.8819471893407,8.0,1678.2341994047842,846.8819471893407,5.955694136152244,0.43517694203267127,0.3708654057294605,2.5162794192146976,1.0256229471133285,1.0256229471133285,20.58546394035276,0.5075806731787137,369.39944925881105,102.60861160260215,0.9720159320987132,0.9720159320987132,0.16952034851240047,0.930860708143149,0.0,0.0,13.0,0.0,200.0,948.0,936.0,936.0,503.2558838429395,53.0,58.649471077511464
hpc,3013,domain_heuristic,0.9999381172792933,8.010931093549015,3.8135556078922397,0.7579967570048505,8.0,1.0471237565241798,167.3987427954795,0.702319307303823,0.7502496758293844,0.7218127577307502,110.1805896004953,0.39481067968720573,0.39481067968720573,3.184767129764196,0.5049062484472677,9.952238821154273,2.4035361615774815,0.363570197557043,0.363570197557043,0.6610626225568937,0.9999381172792933,0.0,90.0,0.0,0.0,200.0,40320.0,0.0,0.0,22036.11792009906,90.0,84.82848742347979
hpc,3013,work_stealing,0.999895172812098,7.505603489792754,3.3918877263192675,1.2840202817196662,8.0,1.2078162505492178,167.99872539291687,0.6593664609845408,0.7860579043551646,0.7616981607916439,0.6047591057722457,0.372137711475506,0.372137711475506,2.9621350106317346,0.5052477026889832,10.19502064010344,2.4709888995801585,0.32096639733361704,0.32096639733361704,0.6969043924905963,0.999895172812098,0.0,90.0,0.0,0.0,200.0,0.0,0.0,1440.0,120.95182115444914,90.0,94.22335432475194
hpc,3013,parmetis_adaptive,0.9764254384158341,54.301719681294784,9.362501654735386,288.76301857226736,8.0,74.50803688352732,406.81302148473446,4.637036337262213,0.46752847393948244,0.4069005279028889,29.99711600044975,0.37922621001278145,0.37922621001278145,7.597864712129799,0.516457399199554,91.32957027274298,25.161930362188496,0.25830110538055195,0.25830110538055195,0.18940220857522633,0.9764254384158341,0.0,0.0,22.0,0.0,200.0,22.0,0.0,0.0,5999.42320008995,661.0,702.7845964402151
hpc,3013,c_kam,0.9999896139587265,5.924104427953832,2.450074837218541,0.12721783258557645,5.0,0.9286112950068663,166.69959001944488,0.5249390407282326,0.3992549697764058,0.3308533079192639,13.636561105231522,0.19156976467552136,0.19156976467552136,2.2274148331013395,0.6760051604165613,7.446187138590473,1.7745573062540811,0.18551548183636674,0.18551548183636674,0.7769584880641582,0.9999896139587265,17.0,15.0,0.0,14.0,200.0,20782.0,6352.0,6156.0,2727.3122210463043,15.0,27.63558905640198
hpc,3013,d_kam,0.9999395960381564,9.092323043368673,4.0304427394365145,0.7398835517307216,2.0,1.2283881812766262,179.36820271838374,0.7942376230384941,0.44461476117822685,0.3813778280450546,4.903442645590985,0.296760096036242,0.296760096036242,2.700501428683074,0.8055295130981887,9.609669370489552,2.3070653999597055,0.2860996603009908,0.2860996603009908,0.6426272163756305,0.9999395960381564,6.0,13.0,0.0,0.0,200.0,7391.0,6379.0,6379.0,980.688529118197,13.0,15.24230265230312
hpc,3014,static,0.811807702967766,221.25322561706398,10.652913582860643,2262.4413771976074,8.0,25937.242498077983,2262.4413771976074,18.84310057291079,0.6395663620542632,0.5985268884267784,0.0,1.6062247754637826,1.6062247754637826,115.69188529893113,0.5110274928968603,7455.805527034772,2080.3395403088703,1.603900609195228,1.603900609195228,0.07412711099819401,0.811807702967766,0.0,0.0,0.0,0.0,200.0,0.0,0.0,0.0,0.0,0.0,0.0
hpc,3014,greedy_load,0.9998982665703344,20.698435765935617,5.7856335340484115,1.2230358221267064,8.0,1.1422828363158855,285.7033691937223,1.795943435564879,0.797605153673922,0.7745601959239231,91.30498866026755,0.3004276698415892,0.3004276698415892,4.3160389775222185,0.5070290778622516,28.528908786764585,7.606679476344056,0.24445859101268305,0.24445859101268305,0.4878459151472337,0.9998982665703344,0.0,90.0,0.0,0.0,200.0,0.0,0.0,0.0,18260.99773205351,90.0,100.55522957938274
hpc,3014,affinity_greedy,0.8675930693040182,159.51055165424017,10.482188538447026,1591.791605492833,8.0,19097.318025074546,1591.791605492833,13.594973286070763,0.5032069723759253,0.4466414296266495,0.9896836100961082,1.9735918534838217,1.9735918534838217,109.26257378523607,0.511706076577129,5703.364298608358,1591.1254814728914,1.9554882443489447,1.9554882443489447,0.08863873977335142,0.8675930693040182,0.0,16.0,0.0,0.0,200.0,0.0,0.0,0.0,197.93672201922163,16.0,19.149343860145475
hpc,3014,balanced_affinity,0.9999261957257555,20.533904085845506,5.7180695802326555,0.8872724680962254,8.0,1.080362253851479,285.7033691937223,1.7819582427572194,0.7481859073619951,0.7195140057249945,92.0766846180777,0.30291852514841555,0.30291852514841555,4.337331014177221,0.5090855060297853,28.46044905371904,7.595182328546391,0.2530979519950019,0.2530979519950019,0.4935888512215729,0.9999261957257555,0.0,83.0,0.0,0.0,200.0,0.0,0.0,0.0,18415.33692361554,83.0,85.21988564846453
hpc,3014,dynamic_leiden,0.9247411957408133,103.78418971426014,10.1417637056449,904.7587783321176,8.0,2794.8317038021414,907.0948878402961,8.85823252117246,0.470355019451808,0.4100489078052317,2.2257165209157392,1.4164366540799944,1.4164366540799944,47.81892902910531,0.5087871084977009,1232.2552774943674,343.3302790903722,1.3766265399400262,1.3766265399400262,0.11757485056153216,0.9247411957408133,0.0,0.0,11.0,0.0,200.0,844.0,792.0,792.0,445.14330418314785,41.0,46.09795519696103
hpc,3014,domain_heuristic,0.999523717833479,20.96926453535582,6.045110561967214,5.725847963753134,8.0,1.2768825703313158,285.7033691937223,1.8189638809655961,0.7505394355253874,0.722135509867387,109.71469707568758,0.32945433012246966,0.32945433012246966,4.486478664055548,0.5095516299937853,28.66750066818822,7.644794829344538,0.297387285954958,0.297387285954958,0.46579036777413535,0.999523717833479,0.0,90.0,0.0,0.0,200.0,40320.0,0.0,0.0,21942.939415137516,90.0,94.34863553300376
hpc,3014,work_stealing,0.999884504588045,20.84086988468428,5.776632014304099,1.3884819039002512,8.0,1.1442035387598943,285.4699791370846,1.808050335658515,0.8242112571962147,0.8041957072730114,0.5989441201381851,0.28154775599255466,0.28154775599255466,4.330235215490842,0.5065573105694436,28.681655422800574,7.650209700981158,0.2466016731411348,0.2466016731411348,0.4886110443255003,0.999884504588045,0.0,90.0,0.0,0.0,200.0,0.0,0.0,1440.0,119.78882402763702,90.0,103.66820823217651
hpc,3014,parmetis_adaptive,0.9725400203147525,61.731775298550446,9.615483600340397,330.1229393372454,8.0,115.77276240352876,408.63204206165426,5.283777295837139,0.46921345065406117,0.4087773584018008,29.850964090874186,0.34474897797056586,0.34474897797056586,8.38667629523781,0.5158031191061173,115.20343708559369,31.836890910887952,0.23186417268577486,0.23186417268577486,0.16230865951241483,0.9725400203147525,0.0,0.0,21.0,0.0,200.0,22.0,0.0,0.0,5970.192818174837,507.0,570.1889590910799
hpc,3014,c_kam,0.9999114882903919,18.626147133098552,5.0873365435750495,1.064084754482974,3.0,0.9167529894934421,284.91094343768714,1.6197989017737278,0.3422418376341392,0.26734858152317487,8.185778180195484,0.1683927235328332,0.1683927235328332,3.532131768397411,0.7205405679525211,24.080552685839997,6.421413524510374,0.14912351746469496,0.14912351746469496,0.5472011593374694,0.9999114882903919,11.0,34.0,0.0,6.0,200.0,12547.0,6180.0,6032.0,1637.1556360390969,34.0,44.254383593052545
hpc,3014,d_kam,0.9999697704333816,17.972660252079663,4.920148280618385,0.36341881899042433,2.0,1.0704145889649639,285.02323424853796,1.5642525168871224,0.4129212848257622,0.346075688543547,7.250729289517039,0.2601476835847128,0.2601476835847128,3.817394444766309,0.7624860028540459,24.490691400404543,6.487874419626966,0.2093198244698195,0.2093198244698195,0.5614121616887858,0.9999697704333816,6.0,11.0,0.0,0.0,200.0,10967.0,6387.0,6387.0,1450.145857903408,11.0,15.403417399105043
hpc,3015,static,0.8390641927194178,196.8432666469258,10.548791366106219,1954.1685516153593,8.0,20686.590918679758,1954.1685516153593,16.76026019844508,0.6693520580171602,0.6317040250191142,0.0,2.255378126420702,2.255378126420702,132.73186199161236,0.5122005807166287,8789.412945240789,2452.383874336895,2.340162466031111,2.340162466031111,0.08540862518308248,0.8390641927194178,0.0,0.0,0.0,0.0,200.0,0.0,0.0,0.0,0.0,0.0,0.0
hpc,3015,greedy_load,0.9989676820704894,15.772709341427184,4.93272988893053,12.53495581379342,8.0,1.598473479440343,261.2032470596155,1.3692628274777023,0.7841182576128207,0.7595376631825972,92.6761195193103,0.42533259701828385,0.42533259701828385,4.9720291491978115,0.5086960331521172,32.91371212846314,8.797267388981924,0.4061317850125137,0.4061317850125137,0.562773850743016,0.9989676820704894,0.0,90.0,0.0,0.0,200.0,0.0,0.0,0.0,18535.22390386206,90.0,95.59689002387431
hpc,3015,affinity_greedy,0.8007656020865307,226.8860130966424,10.602971923623546,2419.2105000208876,8.0,22120.912616483492,2419.2105000208876,19.313893646670994,0.4611323031017654,0.39977608018761,1.0050553145993035,2.2548707350004733,2.2548707350004733,133.00297763058703,0.5262653040698965,9307.174118144734,2596.929960402421,2.1491812730199924,2.1491812730199924,0.08080327779410969,0.8007656020865307,0.0,23.0,0.0,0.0,200.0,0.0,0.0,0.0,201.0110629198607,23.0,24.42180792120812
hpc,3015,balanced_affinity,0.9999332451444384,15.330435439531303,4.511718981555468,0.8105731198636448,8.0,1.085022207129646,261.2032470596155,1.3316695458165528,0.7249461366111479,0.6936281224629123,92.53536133473972,0.3897432817238864,0.3897432817238864,4.8504470532555475,0.5091309071082989,32.84638176698016,8.798507278518496,0.3627466783684066,0.3627466783684066,0.5985597778698962,0.9999332451444384,0.0,82.0,0.0,0.0,200.0,0.0,0.0,0.0,18507.072266947944,82.0,84.68226690913497
hpc,3015,dynamic_leiden,0.9683805659381879,64.53721082758442,9.659762743388535,383.9400609942653,8.0,247.3235851713792,442.7509917046748,5.514245453801068,0.5109884933086807,0.455308965319075,3.6631034505262505,1.2120936258223394,1.2120936258223394,20.574501779906505,0.5128919510834549,328.86893122554744,91.22995623020637,1.1929585704484773,1.1929585704484773,0.16097605811408564,0.9683805659381879,0.0,0.0,20.0,0.0,200.0,1425.0,1440.0,1440.0,732.6206901052501,56.0,59.86286964570129
hpc,3015,domain_heuristic,0.9996330625417101,16.075004764385454,5.10257147617211,4.455550654118023,8.0,1.285856707692217,261.2032470596155,1.394957938429156,0.7571943548999772,0.7295481675866082,110.01021111020236,0.4260151479060251,0.4260151479060251,5.003127150093829,0.5084811342767834,33.005353645999506,8.827309984531466,0.41190452260568117,0.41190452260568117,0.5483373158274818,0.9996330625417101,0.0,90.0,0.0,0.0,200.0,40320.0,0.0,0.0,22002.042222040473,90.0,95.16216880822647
hpc,3015,work_stealing,0.9999480110545426,14.229416422172472,4.384639151841917,0.6312775507228384,8.0,1.1289718126023174,245.77784662235123,1.2380829293410522,0.7962364789712404,0.7730356820224212,0.6062709605612326,0.3983569730864214,0.3983569730864214,4.7640294314236336,0.5087576227401186,31.150256266828013,8.310326584086882,0.36941909168311055,0.36941909168311055,0.6093615633955483,0.9999480110545426,0.0,90.0,0.0,0.0,200.0,0.0,0.0,1440.0,121.25419211224653,90.0,97.14679563509894
hpc,3015,parmetis_adaptive,0.9773882247314785,53.15525259623607,9.361672444284775,274.56425560347975,8.0,72.31119024716824,398.2233821626137,4.546779004136457,0.4468619222941237,0.3838808540404844,30.06035829996108,0.4554780731412056,0.4554780731412056,9.002675424519207,0.5259629339144454,104.61307848879056,28.849725931819354,0.3714027446624554,0.3714027446624554,0.18631373353790526,0.9773882247314785,0.0,0.0,22.0,0.0,200.0,22.0,0.0,0.0,6012.071659992216,613.0,647.7748130171619
hpc,3015,c_kam,0.9999778844975153,14.28303997626364,4.009738056126348,0.26853824632503787,4.0,0.8511911157690498,263.09207473976664,1.2426409314388014,0.3454892507444438,0.27096574959158354,10.365745706367306,0.24585973794274568,0.24585973794274568,3.850513917386236,0.6969232515458137,28.035968840665078,7.509620166021782,0.25806122735758386,0.25806122735758386,0.6412281565313716,0.9999778844975153,15.0,24.0,0.0,11.0,200.0,15809.0,6232.0,6081.0,2073.1491412734613,24.0,35.46369426162836
hpc,3015,d_kam,0.9986590810345682,14.632457858545399,4.304962193166965,16.282154461387044,2.0,1.4315260034299002,267.39300316197364,1.272341451432751,0.29743011292720273,0.21743453172584462,4.436773931083735,0.33551943267230283,0.33551943267230283,4.050195576585526,0.8772956894460244,29.065287099195086,7.731848893954695,0.32002218020056517,0.32002218020056517,0.6161341048829193,0.9986590810345682,6.0,6.0,0.0,0.0,200.0,6818.0,6285.0,6285.0,887.354786216747,6.0,9.874051767737305
hpc,3016,static,0.9137658521352086,101.9744524337774,10.055069585930218,1092.258225492441,8.0,4719.362177377923,1092.258225492441,8.689689692251337,0.6059671178892955,0.5611019877479777,0.0,1.4342224875036427,1.4342224875036427,49.18340340333042,0.5082070256465616,1275.7870199964548,355.4535977701004,1.3785656670162811,1.3785656670162811,0.13051958582920276,0.9137658521352086,0.0,0.0,0.0,0.0,200.0,0.0,0.0,0.0,0.0,0.0,0.0
hpc,3016,greedy_load,0.9999999999999991,6.899537140404543,2.9160566165602755,0.0,8.0,1.0701850570576,181.3455862554203,0.6083218923146432,0.7469567418310896,0.7181448857029464,93.04779435580713,0.310783106023168,0.310783106023168,2.499919168658825,0.5095912527049024,7.794865353146935,1.8234654913121064,0.250413305586579,0.250413305586579,0.7373356882256478,0.9999999999999991,0.0,90.0,0.0,0.0,200.0,0.0,0.0,0.0,18609.558871161425,90.0,94.30891239228578
hpc,3016,affinity_greedy,0.8451746101754457,154.40190902128006,10.261581458590708,1961.0480272396703,8.0,7445.922570879252,1961.0480272396703,13.146023502189063,0.4656063367236177,0.4047595334792771,0.9568813297664747,1.2651915456303067,1.2651915456303067,49.39121194068149,0.5309186680852522,2298.530583320388,640.9816046385395,1.2220490768752603,1.2220490768752603,0.1129660766530611,0.8451746101754457,0.0,17.0,0.0,0.0,200.0,0.0,0.0,0.0,191.37626595329493,17.0,17.364565579884214
hpc,3016,balanced_affinity,0.9999061392876135,7.3235021113631,3.270350608934914,1.1888577517538659,8.0,1.0499389220638484,181.3455862554203,0.6443589148461206,0.7030979704849449,0.669292293856993,93.28884319591452,0.32754869628987576,0.32754869628987576,2.594804888586878,0.508944992169512,7.835690308309581,1.8381033437540801,0.2783302802442978,0.2783302802442978,0.7072206988738036,0.9999061392876135,0.0,89.0,0.0,0.0,200.0,0.0,0.0,0.0,18657.768639182905,89.0,86.26515446848106
hpc,3016,dynamic_leiden,0.9652589770247423,41.79189421101976,8.890553876180148,440.03644781465965,8.0,329.7547198474643,440.03644781465965,3.5741722433169367,0.47093016700273194,0.41068954245353806,3.9194911053346004,0.8644654165361411,0.8644654165361411,11.79506494712512,0.509628137962609,113.91526908120693,31.33711499175622,0.8490535460936619,0.8490535460936619,0.22950342115795866,0.9652589770247423,0.0,0.0,16.0,0.0,200.0,1499.0,1152.0,1152.0,783.8982210669201,88.0,87.83383173729334
hpc,3016,domain_heuristic,0.9999061392876134,7.324154716651075,3.271003067707497,1.1888577517538659,8.0,1.0499389220638484,181.3455862554203,0.6444143862955986,0.7030825170853544,0.6692750809119048,111.16733777031186,0.32762444895086423,0.32762444895086423,2.59492962059346,0.5089592694217467,7.8357975369319055,1.838111168969938,0.278402681213322,0.278402681213322,0.7071652398781341,0.9999061392876134,0.0,89.0,0.0,0.0,200.0,40320.0,0.0,0.0,22233.467554062372,89.0,86.26515446848106
hpc,3016,work_stealing,0.999742479591622,7.989123950050761,3.6947969101811555,3.261802792130161,8.0,1.2224036543662038,181.65683146354357,0.7009367711345718,0.7632502584158161,0.7362936046710824,0.6117954305955209,0.39364738592061344,0.39364738592061344,2.73721237166204,0.508002419190611,8.294344791521736,1.9377748955016758,0.32405883821277387,0.32405883821277387,0.671142763267873,0.999742479591622,0.0,90.0,0.0,0.0,200.0,0.0,0.0,1440.0,122.35908611910418,90.0,94.66158413462541
hpc,3016,parmetis_adaptive,0.982215388140683,46.47493006301657,9.13188977233084,225.26329849036196,8.0,40.85015861373643,372.21937998297915,3.9722302907366656,0.4466678784136663,0.3836647160548264,29.688181179226376,0.3766822811627589,0.3766822811627589,6.857666239493764,0.5219354131331727,68.07202976980784,18.673024583837186,0.27391234718393787,0.27391234718393787,0.2089898699851497,0.982215388140683,0.0,0.0,22.0,0.0,200.0,22.0,0.0,0.0,5937.636235845275,660.0,671.0216877377009
hpc,3016,c_kam,0.9999999999999994,6.112799836621923,2.35606952103014,0.0,3.0,0.9178496071807298,181.19112279854394,0.5414492214931205,0.33618562954178155,0.2606028051826774,7.8951232992403675,0.14224965548707072,0.14224965548707072,2.0173158546719896,0.7418343604117701,6.813673589234032,1.6043508394647885,0.1529239684717221,0.1529239684717221,0.7849345913457094,0.9999999999999994,10.0,25.0,0.0,5.0,200.0,11865.0,6194.0,6022.0,1579.0246598480735,25.0,29.972655687217884
hpc,3016,d_kam,0.9999999999999997,7.1234386380185235,2.6784839495252304,0.0,2.0,1.1007979536003627,184.52042499912866,0.6273535196118317,0.38663429873788274,0.31679562978229514,6.704140540532535,0.22760553664974367,0.22760553664974367,2.303094443313384,0.7825126798151537,8.134469292401201,1.930555826374691,0.1917164003655467,0.1917164003655467,0.7575293649236267,0.9999999999999997,6.0,10.0,0.0,0.0,200.0,9909.0,6383.0,6383.0,1340.828108106507,10.0,13.487091950440453
hpc,3017,static,0.8188531504756335,206.6341672390857,10.634851504348083,2278.620063801383,8.0,23980.7468449522,2278.620063801383,17.600018165578867,0.6695030031867517,0.6318721570149465,0.0,1.7953351627878027,1.7953351627878027,114.45294377438397,0.5091033390657147,7308.266844306928,2039.1019363606692,1.9328644122620136,1.9328644122620136,0.07568642954771546,0.8188531504756335,0.0,0.0,0.0,0.0,200.0,0.0,0.0,0.0,0.0,0.0,0.0
hpc,3017,greedy_load,0.9998255061513289,20.934464520198887,5.391628908468263,2.194932926721302,8.0,1.194351401234141,320.1289594012956,1.815543434473484,0.780048132297188,0.7550041077567685,91.12836984568276,0.3657561013326919,0.3657561013326919,5.572223437340531,0.5052370882090013,43.44516662077753,11.755135294767317,0.34230948129011907,0.34230948129011907,0.5213603501975002,0.9998255061513289,0.0,88.0,0.0,0.0,200.0,0.0,0.0,0.0,18225.67396913655,88.0,101.62809661522229
hpc,3017,affinity_greedy,0.8229460585362239,196.16845835837043,10.601088840788776,2227.135964295122,8.0,21253.810562569113,2227.135964295122,16.710432910718065,0.477096064467242,0.41755749755014576,1.0200211381015833,1.8946056192806686,1.8946056192806686,114.72375930591664,0.5186494605422254,6436.011047782544,1795.6432017811703,1.931567250837487,1.931567250837487,0.07855625595025653,0.8229460585362239,0.0,26.0,0.0,0.0,200.0,0.0,0.0,0.0,204.00422762031667,26.0,26.253328284229013
hpc,3017,balanced_affinity,0.9998360039713574,21.347831955945292,5.718005364689798,2.062882364391238,8.0,1.160767870636815,320.1289594012956,1.8506796665119287,0.7656434631978235,0.7389593030668826,91.9786031950207,0.41004065662661787,0.41004065662661787,5.715241353909667,0.5060466573141085,43.69338108806496,11.814386183550639,0.37777756794736034,0.37777756794736034,0.49361835141866955,0.9998360039713574,0.0,89.0,0.0,0.0,200.0,0.0,0.0,0.0,18395.72063900414,89.0,101.50702134338044
hpc,3017,dynamic_leiden,0.921361342336974,85.0883788209562,9.950358308564955,989.1843198590966,8.0,2060.370278016139,989.1843198590966,7.268626150037855,0.44065640250263516,0.3769687651638263,4.004937070567394,1.0561264305552802,1.0561264305552802,23.381005677024167,0.5074027092607883,541.9283362375363,150.75461189483462,1.0818503995382813,1.0818503995382813,0.13386835118928148,0.921361342336974,0.0,0.0,18.0,0.0,200.0,1565.0,1296.0,1296.0,800.9874141134787,92.0,107.91146368060411
hpc,3017,domain_heuristic,0.9998636537489785,20.767899992994824,5.28149810125087,1.7150798041360136,8.0,1.102844438592798,320.1289594012956,1.801385449661139,0.7461521782339159,0.7172487133793617,109.34270735568134,0.34647872103259625,0.34647872103259625,5.545247849662497,0.5052739322791763,43.40699642783898,11.755998709204837,0.33121930285094764,0.33121930285094764,0.5307214688109786,0.9998636537489785,0.0,87.0,0.0,0.0,200.0,40320.0,0.0,0.0,21868.54147113627,87.0,88.49427755824263
hpc,3017,work_stealing,0.9997371827235008,21.011525194821726,5.55151861165525,3.30594057205826,8.0,1.1656754693340066,318.6848520966985,1.8220935918164256,0.8052464117900361,0.7830714982809808,0.6026509100047406,0.36498344401426946,0.36498344401426946,5.5310491631941865,0.5049141590077193,43.23369754599588,11.692187222871295,0.3400474554605099,0.3400474554605099,0.5077697254266063,0.9997371827235008,0.0,88.0,0.0,0.0,200.0,0.0,0.0,1408.0,120.53018200094812,88.0,104.1569017952269
hpc,3017,parmetis_adaptive,0.9693823523134105,75.6873541950717,9.884073333617014,385.1349692707735,8.0,137.64319438869074,537.5949213976392,6.4695390568376725,0.4468178043879904,0.38383171280840506,29.7944120199827,0.4227041030260022,0.4227041030260022,11.016652847741362,0.5216806996612089,184.13565474434273,51.05727886791166,0.3149887989142921,0.3149887989142921,0.13950257405985636,0.9693823523134105,0.0,0.0,21.0,0.0,200.0,22.0,0.0,0.0,5958.88240399654,615.0,718.9456459955322
hpc,3017,c_kam,0.9998698692584942,19.325992820816552,4.823207940165869,1.6368958074177522,7.0,0.8347586071764048,316.5335440537886,1.6788233400259853,0.350719281142425,0.27679127850022595,13.678953954949975,0.2239682118482953,0.2239682118482953,4.435299867460602,0.6635489294022858,36.60642378190069,9.915984228956455,0.24644468528461283,0.24644468528461283,0.5696761325032036,0.9998698692584942,14.0,26.0,0.0,13.0,200.0,20661.0,6362.0,6154.0,2735.790790989995,26.0,40.285054231024326
hpc,3017,d_kam,0.9999486082614885,22.90254109080224,5.61241470313683,0.6464492581178051,2.0,1.103665547899332,358.8447233226319,1.982829942974769,0.31842563481296265,0.24082063283622077,4.335894629912218,0.2765998595575477,0.2765998595575477,4.910888967828972,0.8681782065495816,45.70321007301385,12.391224220492983,0.2901941666153464,0.2901941666153464,0.5025935576506718,0.9999486082614885,6.0,7.0,0.0,0.0,200.0,6748.0,6301.0,6301.0,867.1789259824436,7.0,9.694350675735704
hpc,3018,static,0.8313057240126203,174.81624322312936,10.271841332863556,1989.960910804747,8.0,12741.234721636158,1989.960910804747,14.879136742632104,0.6570394367280327,0.6179894716030069,0.0,1.3558118729533961,1.3558118729533961,52.91947306444234,0.5217611615604999,3065.0299906282326,854.8691606129709,1.3223541169833288,1.3223541169833288,0.11252731748075336,0.8313057240126203,0.0,0.0,0.0,0.0,200.0,0.0,0.0,0.0,0.0,0.0,0.0
hpc,3018,greedy_load,0.9995826517914881,6.162691366507498,2.899392141376853,4.92314642137592,8.0,1.1682404400794115,135.12445850182712,0.5435848348192458,0.7826219475600843,0.7578709811931632,92.34843981903396,0.3236016148457079,0.3236016148457079,2.4695133153583013,0.5070742355462183,6.755414526789885,1.5244724364286688,0.26985790087218775,0.26985790087218775,0.7391854987571231,0.9995826517914881,0.0,90.0,0.0,0.0,200.0,0.0,0.0,0.0,18469.68796380679,90.0,87.84349900393168
hpc,3018,affinity_greedy,0.8228908023418909,174.4826089471475,10.235533644831614,2089.225483323421,8.0,13017.599144788857,2089.225483323421,14.850777829173644,0.5018896876597103,0.445174157046707,1.019213475228753,1.321576139209314,1.321576139209314,52.116416807967305,0.5222701824895004,2913.00034900415,812.4702892323828,1.2705845363249186,1.2705845363249186,0.1156134709634684,0.8228908023418909,0.0,21.0,0.0,0.0,200.0,0.0,0.0,0.0,203.8426950457506,21.0,22.06445965346334
hpc,3018,balanced_affinity,0.9995501343739348,6.436745929075622,3.107274373195047,5.306730212060933,8.0,1.0789548290339699,135.12445850182712,0.5668794726375364,0.7600560344555884,0.7327356819431059,92.67142271564808,0.32619333322109223,0.32619333322109223,2.5004172855224454,0.5065961077732315,6.768509609539757,1.5319098257959445,0.2826500205896052,0.2826500205896052,0.7215155090525767,0.9995501343739348,0.0,80.0,0.0,0.0,200.0,0.0,0.0,0.0,18534.284543129615,80.0,77.19285626631039
hpc,3018,dynamic_leiden,0.9380009282883849,80.57100521575826,9.6695480927743,731.356938403323,8.0,1087.7756890239903,731.356938403323,6.868291512005561,0.4570360145783212,0.39521338257486277,2.9688896132574882,0.9793624757535655,0.9793624757535655,19.79693271372545,0.5080119357994621,401.7982858882569,111.66077755738256,0.9210588490822167,0.9210588490822167,0.16372224288834022,0.9380009282883849,0.0,0.0,14.0,0.0,200.0,1099.0,1008.0,1008.0,593.7779226514976,62.0,66.4723480401331
hpc,3018,domain_heuristic,0.9995625588202335,6.832443168713132,3.397417236249223,5.160168259524264,8.0,1.0392261768217457,135.12445850182712,0.6005137380067246,0.7492790383278887,0.7207316020978958,110.13296126038767,0.35875032408653934,0.35875032408653934,2.602737182563313,0.5061594713791062,6.910273358258387,1.563880529208175,0.31108325621703414,0.31108325621703414,0.6968533656929716,0.9995625588202335,0.0,89.0,0.0,0.0,200.0,40320.0,0.0,0.0,22026.592252077535,89.0,88.70439215431563
hpc,3018,work_stealing,0.9995788342893045,6.269806450579084,2.9292191378133325,4.96817865544019,8.0,1.1577366723219895,135.12445850182712,0.5526896169653306,0.7855048310120724,0.7610821137510706,0.5999563814839348,0.31619417058507804,0.31619417058507804,2.4841995874207496,0.5063529850837228,7.039922445475563,1.6054549428908096,0.2763652553278888,0.2763652553278888,0.7366502040600222,0.9995788342893045,0.0,90.0,0.0,0.0,200.0,0.0,0.0,1440.0,119.99127629678696,90.0,93.04566184030236
hpc,3018,parmetis_adaptive,0.9802045390375043,49.033687716216846,9.202958931474718,233.51233049351112,8.0,71.6980556039226,347.16668814579043,4.187619524544541,0.4715346519285143,0.41136285487086993,29.930631111201365,0.356894640801803,0.356894640801803,7.06486324956225,0.5214969362013498,74.65996097620315,20.51313427567063,0.2617966197752347,0.2617966197752347,0.20338232159880465,0.9802045390375043,0.0,0.0,22.0,0.0,200.0,22.0,0.0,0.0,5986.126222240273,635.0,666.5166166398996
hpc,3018,c_kam,0.999573386552858,5.0069943541615665,2.2358472619866565,5.032441550658632,5.0,0.9438364211452601,133.636574354247,0.44535058876984174,0.48256788725664224,0.423652349667052,13.110530539706815,0.15405940290387585,0.15405940290387585,1.9425245496760448,0.6705893063876022,5.237090132974827,1.1555128242097503,0.17677617137131457,0.17677617137131457,0.7955868135052898,0.999573386552858,14.0,29.0,0.0,11.0,200.0,19497.0,7142.0,6136.0,2622.106107941363,29.0,39.3987504624093
hpc,3018,d_kam,0.9994953881407121,6.157035671230801,3.047835736457697,5.952530808967783,2.0,1.1415629413208097,133.636574354247,0.5431041007207267,0.3000223098036104,0.22032187973174422,4.836612974759191,0.30189229272083756,0.30189229272083756,2.3151017105992597,0.8663777375304492,5.866802944918137,1.268508083786381,0.26887629771874855,0.26887629771874855,0.7265677931752513,0.9994953881407121,6.0,10.0,0.0,0.0,200.0,7254.0,6341.0,6341.0,967.3225949518383,10.0,12.614026893885864
hpc,3019,static,0.8816095930083152,127.40020596036638,10.298885936960575,1428.655101888833,8.0,6085.60681749559,1428.655101888833,10.85913353337835,0.5726415442464883,0.523981918096336,0.0,1.2817069219465214,1.2817069219465214,44.14224683809285,0.5121624354361536,1569.2817478058364,437.41962716592866,1.3178960859226314,1.3178960859226314,0.10644767647971122,0.8816095930083152,0.0,0.0,0.0,0.0,200.0,0.0,0.0,0.0,0.0,0.0,0.0
hpc,3019,greedy_load,0.9987580719290192,14.780839435021761,4.636844694284471,14.986745293565992,8.0,1.6407973332435182,254.24845394458873,1.286487378724058,0.7648185253929305,0.7380404367000462,92.24408763999236,0.31999296641648256,0.31999296641648256,3.722327785068815,0.5101163236546215,21.54359280083159,5.655893284128286,0.2930391151679781,0.2930391151679781,0.5877211821071802,0.9987580719290192,0.0,90.0,0.0,0.0,200.0,0.0,0.0,0.0,18448.81752799847,90.0,92.44528977909447
hpc,3019,affinity_greedy,0.9031189725618131,119.30509546045108,10.250966884761796,1169.0945038774942,8.0,4518.641984916856,1169.0945038774942,10.17104914088555,0.42893773137467617,0.3639157898975354,0.9601068597112317,1.3217794876512718,1.3217794876512718,43.624053538150385,0.5160422590123632,1291.3972522623535,359.8692738047146,1.2777327373735192,1.2777327373735192,0.11052079591660764,0.9031189725618131,0.0,9.0,0.0,0.0,200.0,0.0,0.0,0.0,192.02137194224633,9.0,8.865772658954347
hpc,3019,balanced_affinity,0.9995051197429105,14.560358688701552,4.518449868167058,5.971879158794845,8.0,1.2584473523527056,254.24845394458873,1.26774651528684,0.7167816102922054,0.6845339718601298,92.44619265533402,0.32877409514830397,0.32877409514830397,3.742982036060687,0.511329194591555,21.446368388828088,5.634240025819355,0.2919750178496737,0.2919750178496737,0.5977847423271604,0.9995051197429105,0.0,88.0,0.0,0.0,200.0,0.0,0.0,0.0,18489.238531066803,88.0,81.47181678770659
hpc,3019,dynamic_leiden,0.9614413825403905,64.74728758801933,9.638097792062284,465.2992328957875,8.0,426.1050640799784,486.61863388497,5.533635471728851,0.4523263023311261,0.389967415962888,3.3577081546536647,1.1340023527822978,1.1340023527822978,23.080122136357417,0.5101349300437564,371.4082995627955,103.13548714220086,1.1501889835262589,1.1501889835262589,0.1626146687960661,0.9614413825403905,0.0,0.0,20.0,0.0,200.0,1257.0,1440.0,1440.0,671.5416309307329,81.0,84.0080810314604
hpc,3019,domain_heuristic,0.9988373427353432,14.7062519591773,4.630744820797247,14.0301589892923,8.0,1.7067844563110963,254.24845394458873,1.2801474432772786,0.716982118870672,0.6847573106232732,109.98071420501219,0.35612215223804666,0.35612215223804666,3.7890761318435637,0.5126251173518852,21.512288489833267,5.644582114638996,0.30407158980617544,0.30407158980617544,0.5882396713535942,0.9988373427353432,0.0,86.0,0.0,0.0,200.0,40320.0,0.0,0.0,21996.14284100244,86.0,84.16907674150319
hpc,3019,work_stealing,0.9996936758820535,13.367721254505453,3.8824426484634906,3.6965116098152606,8.0,1.1818461671618778,246.22953851500972,1.1663723333801717,0.7856595933172624,0.7612544975068519,0.5999928299570456,0.2758387543836029,0.2758387543836029,3.4587431909860777,0.5109796883878669,20.771430715743847,5.448679777279075,0.2322791247266084,0.2322791247266084,0.6518453560019636,0.9996936758820535,0.0,89.0,0.0,0.0,200.0,0.0,0.0,1424.0,119.99856599140912,89.0,91.29846903069856
hpc,3019,parmetis_adaptive,0.9692018295716405,59.48279044292667,9.563141404396255,371.6514237036703,8.0,144.42361465418088,424.87798900336975,5.086153214395975,0.4395093302798825,0.3756910857077899,30.437701750488486,0.3758335433205896,0.3758335433205896,8.513090905545042,0.5194860240985913,110.26840582353049,30.45364175682609,0.2714126460536499,0.2714126460536499,0.16898596174767863,0.9692018295716405,0.0,0.0,21.0,0.0,200.0,22.0,0.0,0.0,6087.540350097697,642.0,683.4476336404986
hpc,3019,c_kam,0.9998616817887682,13.29713886984362,3.767709043159735,1.669130322145951,5.0,0.8734962168534308,252.35703982591593,1.160372830683916,0.37230983273996143,0.30084016023015503,12.419660335581284,0.17374046047039912,0.17374046047039912,3.0541352465289164,0.6678527193995099,18.74604481087799,4.940120178136393,0.18250978752305436,0.18250978752305436,0.6615977124527828,0.9998616817887682,14.0,28.0,0.0,11.0,200.0,18608.0,6245.0,6123.0,2483.932067116257,28.0,37.1666950929661
hpc,3019,d_kam,0.9996316880509485,19.265529142422857,5.626178275755303,4.444538695913522,2.0,1.144725488885953,313.7285023394089,1.6676860038531514,0.40070594863124515,0.3324694972377731,7.38838078599656,0.2606502924153737,0.2606502924153737,3.9226176065207574,0.7695976016046245,28.048007918182957,7.480747695582093,0.2885927452481826,0.2885927452481826,0.5036278276821594,0.9996316880509485,6.0,11.0,0.0,0.0,200.0,11003.0,6409.0,6409.0,1477.676157199312,11.0,13.469576318523856
hpc,3020,static,0.8749749733807135,122.6186282032954,10.082197330809782,1590.9040083678588,8.0,6281.86980683416,1590.9040083678588,10.439772807779269,0.6217250705792833,0.5786541627739541,0.0,1.250746561638578,1.250746561638578,49.41348300499908,0.506701181510499,1883.3585559465585,525.0853623877468,1.3273888811857852,1.3273888811857852,0.13020088820981968,0.8749749733807135,0.0,0.0,0.0,0.0,200.0,0.0,0.0,0.0,0.0,0.0,0.0
hpc,3020,greedy_load,0.9999816555876342,5.751801897752797,2.706951260702639,0.23342685822332532,8.0,1.1589355264511996,141.70389179739973,0.506092571808147,0.7706099534993825,0.7444912848384212,91.96676118983305,0.3282214358232149,0.3282214358232149,2.4614996644380396,0.5070291105605327,6.699480643578894,1.509416752440568,0.28200067510364774,0.28200067510364774,0.7570968041689268,0.9999816555876342,0.0,90.0,0.0,0.0,200.0,0.0,0.0,0.0,18393.35223796661,90.0,97.95479473036947
hpc,3020,affinity_greedy,0.8811816286894514,128.70399457625504,10.089654804845345,1511.9262782586998,8.0,5547.771888728696,1511.9262782586998,10.957028949480838,0.4228954797369592,0.3571855591129496,1.025751754787052,1.3553243907771486,1.3553243907771486,51.2435198635405,0.5120111383155289,1959.1587479494667,546.2445819972626,1.3280061444125415,1.3280061444125415,0.1295670029167968,0.8811816286894514,0.0,24.0,0.0,0.0,200.0,0.0,0.0,0.0,205.1503509574104,24.0,25.882888855128442
hpc,3020,balanced_affinity,0.9995348869179849,6.068151903001742,2.972489577291485,5.918417188397385,8.0,1.176853687257419,141.70389179739973,0.5329823222543072,0.7173179636316314,0.6851313951342429,92.83935144048883,0.35051015391844376,0.35051015391844376,2.5346412307951103,0.5063256743500408,6.73265601252411,1.5222767583481456,0.3045412691079603,0.3045412691079603,0.7345260472588752,0.9995348869179849,0.0,82.0,0.0,0.0,200.0,0.0,0.0,0.0,18567.870288097765,82.0,83.42167768565503
hpc,3020,dynamic_leiden,0.9328212846447453,71.95774431078372,9.56908175983505,854.8279526556101,8.0,2112.2223808326044,854.8279526556101,6.133597676915775,0.4366361358151187,0.37249074533862225,2.0595286205934826,1.1372482305419878,1.1372482305419878,23.124586348477916,0.5047270104669943,478.3546138878309,132.98920740161972,1.0973110483783883,1.0973110483783883,0.1738157117426717,0.9328212846447453,0.0,0.0,16.0,0.0,200.0,746.0,1152.0,1152.0,411.9057241186965,43.0,48.66937635259754
hpc,3020,domain_heuristic,0.9999722361196229,5.930986103754329,2.858720666068546,0.3532866160753905,8.0,1.1029603247277973,141.70389179739973,0.5213232293182772,0.7149517235459354,0.6824957316724526,110.95364125416381,0.3498084864415226,0.3498084864415226,2.518377404277989,0.5061908289352901,6.716951357254924,1.5184816051043313,0.29740049068193536,0.29740049068193536,0.7441964047128248,0.9999722361196229,0.0,78.0,0.0,0.0,200.0,40320.0,0.0,0.0,22190.728250832763,78.0,83.70999949109334
hpc,3020,work_stealing,0.9993879602160306,6.265403907419514,3.0337522079477375,7.788013103666862,8.0,1.4832955853410312,142.82260285081125,0.5497487426298179,0.7788029493033989,0.7536171465013106,0.6118872610386461,0.34577906544070247,0.34577906544070247,2.5386416293238403,0.5050603889876563,6.844608527089354,1.5440227043821624,0.30300988483886676,0.30300988483886676,0.7293187236530935,0.9993879602160306,0.0,90.0,0.0,0.0,200.0,0.0,0.0,1440.0,122.37745220772922,90.0,104.47055958596441
hpc,3020,parmetis_adaptive,0.969323070606987,58.00956601744819,9.439953349749118,390.3542455093823,8.0,129.07360764836028,446.0750004205638,4.948002521982255,0.441548632394981,0.37796258558846885,30.267901179176988,0.3622914968600909,0.3622914968600909,7.934342881523732,0.5181368745613518,103.64368894850455,28.60641769111032,0.2596712285060337,0.2596712285060337,0.18479162659997614,0.969323070606987,0.0,0.0,22.0,0.0,200.0,22.0,0.0,0.0,6053.580235835398,821.0,912.0397368623271
hpc,3020,c_kam,0.9999805179051486,4.604450571473517,2.1172032727342156,0.2479035088287188,6.0,0.8888804200578813,141.3500414128141,0.40856770907440826,0.37187893102130526,0.3003601954445231,9.614075030112872,0.17075614746264967,0.17075614746264967,1.911179064933234,0.7163266815529054,5.051562914238202,1.1054372823689564,0.16483338579353224,0.16483338579353224,0.8072253831462429,0.9999805179051486,14.0,22.0,0.0,12.0,200.0,14196.0,6329.0,6059.0,1922.8150060225744,22.0,34.01208274081431
hpc,3020,d_kam,0.999684944943853,4.730856815803092,2.128956429476912,4.008976164479144,2.0,1.121364617910847,141.3500414128141,0.4193122398424221,0.38997115830327045,0.3205124288031479,5.57937555553508,0.20750659227786142,0.20750659227786142,2.0638020752613735,0.82284125310046,5.635692950019751,1.227286860074257,0.2184174688667154,0.2184174688667154,0.8062263648231136,0.999684944943853,6.0,9.0,0.0,0.0,200.0,8140.0,6362.0,6362.0,1115.875111107016,9.0,12.76020682930211
hpc,3021,static,0.8668994864368518,158.00932125140795,10.381475343358332,1680.146447676558,8.0,5610.98052388434,1680.146447676558,13.454988569536674,0.6688563912097379,0.6311519209019357,0.0,1.1207451681898086,1.1207451681898086,42.93606573581715,0.5122896792584405,2102.7785766612683,586.3558775754494,1.139461623225819,1.139461623225819,0.10136884852042356,0.8668994864368518,0.0,0.0,0.0,0.0,200.0,0.0,0.0,0.0,0.0,0.0,0.0
hpc,3021,greedy_load,0.9992788200746868,10.73155526263319,3.9546362711745444,9.103555329836706,8.0,1.734712818469188,214.40350557512193,0.9363784604908202,0.7849255316534746,0.7604368545645138,91.24283978453605,0.3108405851013713,0.3108405851013713,3.0743167226990566,0.5043681099445445,12.224976442850673,3.0556095232941103,0.27574407808752505,0.27574407808752505,0.6476501696560455,0.9992788200746868,0.0,90.0,0.0,0.0,200.0,0.0,0.0,0.0,18248.56795690721,90.0,92.35418078532821
hpc,3021,affinity_greedy,0.8806669544259133,128.0823721242809,10.210815211549239,1506.357768609233,8.0,4429.642993943919,1506.357768609233,10.911197893730876,0.46700604283678515,0.4063186120706765,1.0731769843550865,1.2847389509300775,1.2847389509300775,41.79168657816831,0.5138685998580707,1504.701577022091,419.41026791316466,1.2342580963946117,1.2342580963946117,0.11587495972419642,0.8806669544259133,0.0,40.0,0.0,0.0,200.0,0.0,0.0,0.0,214.6353968710173,40.0,41.94539076193401
hpc,3021,balanced_affinity,1.0000000000000002,10.385045784634983,3.682805564863844,0.0,8.0,1.0796767088454984,214.40350557512193,0.9069251548609728,0.7233782010949469,0.6918816596354606,91.46091104077641,0.2813240950612779,0.2813240950612779,2.9430364213739595,0.5056254835261556,12.054883424126142,3.026735995762477,0.23718931683655461,0.23718931683655461,0.670755779692455,1.0000000000000002,0.0,82.0,0.0,0.0,200.0,0.0,0.0,0.0,18292.182208155282,82.0,78.84540544222244
hpc,3021,dynamic_leiden,0.9757039409937399,43.85845361290842,9.056731038837063,306.69255992420364,8.0,234.14578413112918,307.0414007524091,3.7521648202642153,0.48940010235822157,0.43126249025049423,4.646488980506547,1.0004121311221656,1.0004121311221656,14.387098609124378,0.508414103715875,135.82793150066016,37.412423091874956,0.9504948153680314,0.9504948153680314,0.2139721144047315,0.9757039409937399,0.0,0.0,21.0,0.0,200.0,1822.0,1512.0,1512.0,929.2977961013094,110.0,116.0127801345764
hpc,3021,domain_heuristic,0.9999460801436296,10.372853924921525,3.6821594948814123,0.6806379082632643,8.0,1.0547710628332063,214.40350557512193,0.9058888467853288,0.739027464498142,0.709312769861792,108.96209167476627,0.2908221724734447,0.2908221724734447,2.9423528402722705,0.505127724078445,12.064430770550784,3.0243029072347025,0.2387659122793021,0.2387659122793021,0.6708106956409616,0.9999460801436296,0.0,81.0,0.0,0.0,200.0,40320.0,0.0,0.0,21792.418334953254,81.0,78.463525200304
hpc,3021,work_stealing,0.9998872792264836,10.756648742186794,3.918334327590651,1.4228901311801747,8.0,1.1575190985322332,212.11131516146662,0.9385114062528767,0.7780363143363302,0.7527632214142295,0.5953346700698603,0.29151011907660473,0.29151011907660473,2.9966883880441655,0.5045179624672749,12.150633105748998,3.041112492234147,0.26162215867005323,0.26162215867005323,0.6507358348606763,0.9998872792264836,0.0,90.0,0.0,0.0,200.0,0.0,0.0,1440.0,119.06693401397206,90.0,99.65472372794886
hpc,3021,parmetis_adaptive,0.980456796255288,48.122956678995074,9.19079419492258,246.69660145465645,8.0,50.83268566406294,398.104992860589,4.11464758088158,0.448806466656561,0.3860468069194368,30.65771111898357,0.33375816241118694,0.33375816241118694,6.611783398101943,0.5150504222578817,70.58660481789697,19.38880472752422,0.2195476334349006,0.2195476334349006,0.20257674613746243,0.980456796255288,0.0,0.0,22.0,0.0,200.0,22.0,0.0,0.0,6131.542223796714,606.0,639.2192675228933
hpc,3021,c_kam,0.9998863045113972,9.80418204241798,3.5079960714011413,1.4351940963997458,4.0,0.9338970398715394,213.32497065322895,0.8575517367725274,0.45414354811949115,0.39199157587567085,13.789501999272034,0.16017335145085607,0.16017335145085607,2.430405870527302,0.6662854219068123,10.026726959388558,2.4969181881109392,0.16477489315333504,0.16477489315333504,0.6856145866367848,0.9998863045113972,17.0,31.0,0.0,13.0,200.0,20479.0,7111.0,6149.0,2757.9003998544067,31.0,41.85758619848914
hpc,3021,d_kam,1.0,11.226864969485533,4.038648744119516,0.0,2.0,1.1375655660911677,225.66444742500988,0.9784797855732694,0.3303740611586132,0.2541295235677621,5.07107974102837,0.23919099005064798,0.23919099005064798,2.701521213522595,0.8537921755167898,11.784993361010097,2.9362533329592337,0.22809326877270672,0.22809326877270672,0.6405091094557229,1.0,6.0,14.0,0.0,0.0,200.0,7680.0,6374.0,6374.0,1014.2159482056741,14.0,17.269157515583743
hpc,3022,static,0.8704721425008366,146.61704159784554,10.11885970527765,1525.252572896514,8.0,7721.605835559768,1525.252572896514,12.478360881859969,0.6501682469353647,0.6103359186161239,0.0,1.4527815712107037,1.4527815712107037,58.96858561048845,0.5069612478389105,2983.4914275386277,832.0885489052565,1.4890067284932584,1.4890067284932584,0.1278565454146511,0.8704721425008366,0.0,0.0,0.0,0.0,200.0,0.0,0.0,0.0,0.0,0.0,0.0
hpc,3022,greedy_load,0.9997892376290175,5.135941280911324,2.7761608072390533,2.4818278848847615,8.0,1.1765627679483566,113.61474810668795,0.45246735492056017,0.7862309600317875,0.761890920827486,91.69761278506485,0.30992246089378966,0.30992246089378966,2.4201206893535403,0.5046084776982103,5.2167152467222335,1.0988682801726783,0.29690535431476484,0.29690535431476484,0.7519859517479318,0.9997892376290175,0.0,90.0,0.0,0.0,200.0,0.0,0.0,0.0,18339.52255701297,90.0,89.0117320924435
hpc,3022,affinity_greedy,0.8936098476153062,123.07451858823548,9.976362868408097,1252.7950109624383,8.0,3386.36169475312,1252.7950109624383,10.477246426043115,0.4965310302319257,0.439205355456353,1.0033354730694555,1.2992400214005375,1.2992400214005375,40.61733135651574,0.5113306112777536,1451.4175483260008,404.5296484866499,1.2332927722229365,1.2332927722229365,0.13996877654856305,0.8936098476153062,0.0,18.0,0.0,0.0,200.0,0.0,0.0,0.0,200.6670946138911,18.0,18.571683669165857
hpc,3022,balanced_affinity,0.9999148503329524,5.094673948689531,2.7131188318174715,1.0026781207811817,8.0,1.1649716694510748,113.61474810668795,0.44895963168170766,0.7937148100231863,0.7702268923525591,91.38051027010079,0.30827720887683197,0.30827720887683197,2.387835513146315,0.5039002047602154,5.21902906947199,1.0992359809186028,0.28230408472478885,0.28230408472478885,0.7573445196587661,0.9999148503329524,0.0,86.0,0.0,0.0,200.0,0.0,0.0,0.0,18276.102054020157,86.0,81.50213368534249
hpc,3022,dynamic_leiden,0.9721827553680676,39.462976433113006,8.644298545117742,327.56138150452114,8.0,233.73185234607487,415.6094268658618,3.370265342857703,0.478122042027033,0.4187002943370417,4.1362167039187625,1.0051977982560394,1.0051977982560394,12.096053567691547,0.5120834959164299,133.1816425737723,36.67329346056565,0.9262375026119318,0.9262375026119318,0.2531942440282431,0.9721827553680676,0.0,0.0,17.0,0.0,200.0,1631.0,1224.0,1224.0,827.2433407837525,87.0,92.98414921374548
hpc,3022,domain_heuristic,0.9999999999999996,5.35633811136362,2.8829040945323476,0.0,8.0,1.0658263935128733,113.61474810668795,0.4712010855090052,0.7701266579302171,0.7439529605658359,108.36756783101009,0.3322626419427235,0.3322626419427235,2.4830559363019047,0.5047514284141474,5.34157776989748,1.13065453475015,0.3028900161524588,0.3028900161524588,0.7429127723280018,0.9999999999999996,0.0,82.0,0.0,0.0,200.0,40320.0,0.0,0.0,21673.51356620202,82.0,78.8055482483611
hpc,3022,work_stealing,0.9994460611691967,5.359914882650615,2.78618616576481,6.522895099343816,8.0,1.346663624373633,115.00143385382299,0.47150511106839976,0.791496085804606,0.7677555411189918,0.5958657454175409,0.3244315900338696,0.3244315900338696,2.384564832106457,0.5037269540538021,5.615955659798667,1.2055811000039736,0.2919709075021645,0.2919709075021645,0.7511337962732424,0.9994460611691967,0.0,90.0,0.0,0.0,200.0,0.0,0.0,1440.0,119.17314908350818,90.0,88.9913381427634
hpc,3022,parmetis_adaptive,0.9773059467300879,44.310221375827965,8.99762145206349,267.23334893118675,8.0,69.92396264085376,379.4677780562798,3.7822811629884745,0.4546986722236437,0.3926099071798012,30.322829140059184,0.36694507799471354,0.36694507799471354,6.483281376517867,0.522433920448516,62.07346721543482,16.998136713337026,0.26135257888200164,0.26135257888200164,0.2231617969378547,0.9773059467300879,0.0,0.0,22.0,0.0,200.0,22.0,0.0,0.0,6064.565828011837,726.0,746.3342374123457
hpc,3022,c_kam,0.9999999999999997,3.43961408911295,1.6996550222832199,0.0,6.0,0.8607129277966115,113.2544755989168,0.3082795436176983,0.33894859870121147,0.2636803698404583,12.399312975321664,0.16045814115061346,0.16045814115061346,1.74634634815738,0.6615470832443288,3.566164012598439,0.7142325135182983,0.15741639391204956,0.15741639391204956,0.8434889434691776,0.9999999999999997,15.0,14.0,0.0,13.0,200.0,19084.0,6402.0,6131.0,2479.8625950643327,14.0,23.777875192736314
hpc,3022,d_kam,0.9983117055181149,5.934305549031636,3.1736392567379537,19.880476308491737,3.0,1.6669084695718013,113.2544755989168,0.5203283177107866,0.49210678194046964,0.43427735612181023,11.159428093960742,0.2842329849243117,0.2842329849243117,2.3221387171748336,0.7295569806489016,5.0213227185382046,1.0425639451736677,0.2952280254118985,0.2952280254118985,0.7182002835405252,0.9983117055181149,5.0,13.0,0.0,0.0,200.0,16617.0,6486.0,6486.0,2231.8856187921483,13.0,14.91283265209908
hpc,3023,static,0.8759184141473679,152.97571535026552,10.265811078384466,1433.1119128275946,8.0,4650.64683592647,1433.1119128275946,13.024690109625631,0.6460327063446991,0.6057294996413727,0.0,1.093985535940139,1.093985535940139,40.62405413678495,0.514466323788226,1862.5798074125566,519.3232991735624,1.0617638036429426,1.0617638036429426,0.11237176864999343,0.8759184141473679,0.0,0.0,0.0,0.0,200.0,0.0,0.0,0.0,0.0,0.0,0.0
hpc,3023,greedy_load,0.9981145947987178,7.918677965953992,3.5881311968990435,21.775968093086718,8.0,2.2250067845658137,150.99035618431438,0.6948419319591512,0.778215455751115,0.7529627601188161,89.90688385107205,0.32768791071188075,0.32768791071188075,2.7257043450754885,0.5050930417090641,7.901186560450996,1.8443096088071513,0.2867487716467247,0.2867487716467247,0.6799745585762544,0.9981145947987178,0.0,90.0,0.0,0.0,200.0,0.0,0.0,0.0,17981.37677021441,90.0,96.78532439580249
hpc,3023,affinity_greedy,0.8994144620088492,123.3567554975775,10.10683015076305,1161.7383172753248,8.0,2609.63471083476,1162.3297039594531,10.507078522147149,0.46295219990003317,0.4018031929579577,0.9925827510596719,1.1741020616922861,1.1741020616922861,42.69665477827626,0.5095737298016811,1359.6696107909177,378.9623493514607,1.2117722556569097,1.2117722556569097,0.12588514749781385,0.8994144620088492,0.0,23.0,0.0,0.0,200.0,0.0,0.0,0.0,198.51655021193437,23.0,23.169907188612754
hpc,3023,balanced_affinity,0.9998738599176548,7.615278116011258,3.4586829405763777,1.4568870429377203,8.0,1.059317960943781,150.99035618431438,0.6690529447140188,0.7333820471590543,0.7030245574791445,90.71129115967778,0.3331462679267265,0.3331462679267265,2.674236395045755,0.5056270229794392,7.735779701809644,1.8043212665887858,0.2858634055534207,0.2858634055534207,0.690977660363681,0.9998738599176548,0.0,90.0,0.0,0.0,200.0,0.0,0.0,0.0,18142.258231935557,90.0,86.11643248025356
hpc,3023,dynamic_leiden,0.956361413663856,78.12618729370598,9.700695209820976,504.0149793988014,8.0,627.6172958937578,575.1961493771275,6.662480224818071,0.4698290047933887,0.4094630003886755,3.619864365173271,1.0664367496007452,1.0664367496007452,26.81182746032307,0.5087409600198359,525.1920849111386,146.07527472290724,1.0817602231377403,1.0817602231377403,0.1604066174778902,0.956361413663856,0.0,0.0,19.0,0.0,200.0,1425.0,1368.0,1368.0,723.9728730346542,80.0,81.52813936991625
hpc,3023,domain_heuristic,0.9988825860577715,7.8176430712915,3.6159088484442408,12.905857232268826,8.0,1.6718544175060144,150.99035618431438,0.6862539659128395,0.7287172362535819,0.6978286047379005,106.83518030506093,0.3447787021603266,0.3447787021603266,2.74599638259019,0.505508059279418,7.805610530935081,1.8213599970001675,0.3040547908870901,0.3040547908870901,0.6776134581949126,0.9988825860577715,0.0,90.0,0.0,0.0,200.0,40320.0,0.0,0.0,21367.036061012186,90.0,87.61387335428815
hpc,3023,work_stealing,0.9981376579035814,8.192653334516637,3.8957020687470534,21.50959488307099,8.0,2.405944408158612,147.35423893035284,0.7181298382869761,0.7801803871298151,0.7551514213079625,0.5929781205486506,0.3547115695497085,0.3547115695497085,2.8086307726799906,0.5045577530605787,8.025763274440008,1.871717889061739,0.32963252880013977,0.32963252880013977,0.6538310344691735,0.9981376579035814,0.0,90.0,0.0,0.0,200.0,0.0,0.0,1440.0,118.59562410973012,90.0,91.66780717890883
hpc,3023,parmetis_adaptive,0.9738291526126519,52.76028890916228,9.322957387772883,302.2668746686319,8.0,85.88944742613991,380.4526962799809,4.5063788621318555,0.4459728114908304,0.38289050784869716,29.78342183312634,0.36122922840355975,0.36122922840355975,7.569268671919704,0.5182751202070943,86.13271285815797,23.719158781129117,0.26335119248570715,0.26335119248570715,0.1925143323519781,0.9738291526126519,0.0,0.0,21.0,0.0,200.0,22.0,0.0,0.0,5956.684366625268,658.0,698.1163516832429
hpc,3023,c_kam,0.9999965459645894,6.29321570244783,2.60895209993135,0.03989326265788873,7.0,0.8559196036217904,150.42977132012632,0.5566776395611273,0.39882697432161246,0.3303765803087268,12.562786519993097,0.16495497507268994,0.16495497507268994,2.1222859891642987,0.665469161187423,6.357905976265323,1.4811817533787448,0.16313658168398412,0.16313658168398412,0.7632047818185083,0.9999965459645894,12.0,18.0,0.0,11.0,200.0,19465.0,6379.0,6137.0,2512.5573039986193,18.0,28.26944751606305
hpc,3023,d_kam,1.0000000000000002,6.212650299547357,2.621621057960076,0.0,2.0,1.0251248785822604,150.42977132012632,0.5498295803145872,0.3063604909135591,0.22738173492846925,4.940024639072362,0.23318939743508427,0.23318939743508427,2.236035108094763,0.8024306867990174,6.534341102103095,1.4904210143485408,0.2013331192823921,0.2013331192823921,0.7621279203860667,1.0000000000000002,6.0,6.0,0.0,0.0,200.0,7773.0,6295.0,6295.0,988.0049278144725,6.0,8.583920821026943
hpc,3024,static,0.8222700673928351,202.00219958989862,10.530561227687146,2122.115621261682,8.0,11611.614101096578,2122.115621261682,17.199294339840243,0.6665983960050798,0.6286368272333809,0.0,1.4098083682462934,1.4098083682462934,67.31987411527012,0.5144635654278018,4292.362348897279,1197.4222277484532,1.458071681967037,1.458071681967037,0.08747378257938113,0.8222700673928351,0.0,0.0,0.0,0.0,200.0,0.0,0.0,0.0,0.0,0.0,0.0
hpc,3024,greedy_load,0.9998903314921052,10.741494398312255,3.6884351357854674,1.3094544646971134,8.0,1.1170087317021762,214.52041926288902,0.942134398555402,0.7654816351495208,0.7387790490526841,91.05773905001115,0.31946986650137493,0.31946986650137493,3.5549479648904834,0.507993540678322,17.70832038885791,4.585109741333888,0.2756674544350298,0.2756674544350298,0.6690545003910237,0.9998903314921052,0.0,90.0,0.0,0.0,200.0,0.0,0.0,0.0,18211.54781000223,90.0,104.97493310350858
hpc,3024,affinity_greedy,0.8406772325855205,166.49387670100737,10.38765043825682,1902.3319740980924,8.0,7754.669980639543,1902.3319740980924,14.181086894284485,0.5093482296416688,0.4534819389573043,1.0102036311582197,1.4656550727993762,1.4656550727993762,61.85588324410754,0.5170146735755273,2927.5650236768784,816.4955196299906,1.5085716604062611,1.5085716604062611,0.09962119968095867,0.8406772325855205,0.0,22.0,0.0,0.0,200.0,0.0,0.0,0.0,202.04072623164393,22.0,26.140059328934083
hpc,3024,balanced_affinity,0.9990854360149514,11.117768435419444,4.0322687394139445,10.919998060227302,8.0,1.6573128758067408,214.52041926288902,0.974117691709513,0.7606773555838413,0.733427747556259,92.04854556490318,0.35794075680369447,0.35794075680369447,3.6702686528016013,0.506973742880118,17.802881524809415,4.602523977514736,0.31617534724668256,0.31617534724668256,0.6398286440826031,0.9990854360149514,0.0,89.0,0.0,0.0,200.0,0.0,0.0,0.0,18409.709112980636,89.0,91.7106960680338
hpc,3024,dynamic_leiden,0.9605800994982202,68.37003685723184,9.62442535933718,470.67809803487876,8.0,336.0881941006164,582.5498477712974,5.840560507563566,0.4740830861147663,0.4142014573060515,4.224672500567976,1.1013390337529738,1.1013390337529738,20.966574070047788,0.5083010994421677,335.65944253567375,93.16332937528543,1.0556475286910632,1.0556475286910632,0.16449533138912806,0.9605800994982202,0.0,0.0,19.0,0.0,200.0,1663.0,1368.0,1368.0,844.9345001135953,84.0,98.02179909882045
hpc,3024,domain_heuristic,0.9999991709292316,10.503896859666087,3.5338315226992396,0.009899199318610774,8.0,1.0842181081799174,214.52041926288902,0.9219386077704776,0.7382723619060141,0.7084716902418475,108.72333997613168,0.31192096961277677,0.31192096961277677,3.538050169533406,0.506862664066235,17.647959289841737,4.576402345206335,0.2725219686981991,0.2725219686981991,0.682195807503353,0.9999991709292316,0.0,79.0,0.0,0.0,200.0,40320.0,0.0,0.0,21744.667995226337,79.0,76.10730596644873
hpc,3024,work_stealing,0.9992145654609219,11.922177118424598,4.598535524433869,9.378177780207578,8.0,1.454506349887238,213.31069655568908,1.0424924297649512,0.798886586974642,0.7759875349965071,0.6006710145447869,0.36583091879372603,0.36583091879372603,3.8451643103395106,0.5068930718200275,18.04967669661889,4.662507314877576,0.3565189144774725,0.3565189144774725,0.5916959673559096,0.9992145654609219,0.0,90.0,0.0,0.0,200.0,0.0,0.0,1440.0,120.13420290895738,90.0,108.10966948214742
hpc,3024,parmetis_adaptive,0.9732586455786176,63.09538350489669,9.625409093698877,319.2948149974297,8.0,88.9418702133378,438.9801548885828,5.39221497261508,0.46918539580335944,0.4087461091869102,30.388282809144584,0.41354037060937526,0.41354037060937526,9.23933536700792,0.5190835959236435,125.81250316598555,34.77701561466479,0.3077894183996263,0.3077894183996263,0.16441171396838392,0.9732586455786176,0.0,0.0,21.0,0.0,200.0,22.0,0.0,0.0,6077.656561828917,601.0,694.6876493025911
hpc,3024,c_kam,0.9999999999999994,11.360263715178721,3.579039502460895,0.0,4.0,0.8979722417827471,231.16058017850952,0.9947297904890514,0.4440974519326395,0.38080161725170236,12.225478040636517,0.19770131960489773,0.19770131960489773,3.0750584793863203,0.6828354574617902,16.888897688583004,4.399018014909533,0.2111945334235631,0.2111945334235631,0.6783531292236122,0.9999999999999994,13.0,30.0,0.0,9.0,200.0,18443.0,6769.0,6120.0,2445.0956081273034,30.0,41.78838757627604
hpc,3024,d_kam,0.9999999999999991,10.965409820939257,3.777059579870732,0.0,2.0,1.071562638593543,222.3346143539518,0.9611672094786973,0.3409190969049405,0.2658752317010476,5.339270125696203,0.24125148099619956,0.24125148099619956,3.1247924818339627,0.8472623615403441,16.237244380655387,4.178427900009799,0.26486358109447844,0.26486358109447844,0.6615214226437761,0.9999999999999991,6.0,8.0,0.0,0.0,200.0,8191.0,6324.0,6324.0,1067.8540251392405,8.0,13.77868019282427
hpc,3025,static,0.922278892310718,79.97425980222506,9.639238862962744,970.622072799017,8.0,2500.191013527675,970.622072799017,6.813966507174299,0.6663801501200259,0.6283937315693359,0.0,1.4205607168449603,1.4205607168449603,37.45254835860246,0.5092288660766106,807.9031429651546,224.85334887883218,1.4927387273986659,1.4927387273986659,0.16888128513964523,0.922278892310718,0.0,0.0,0.0,0.0,200.0,0.0,0.0,0.0,0.0,0.0,0.0
hpc,3025,greedy_load,0.999324792644261,5.445164548236164,3.0734772871428975,8.432344606007987,8.0,1.37786424483435,124.99695665685323,0.4789934105852424,0.7365302771320895,0.7065312492807928,91.09524944346049,0.4027937995492769,0.4027937995492769,2.6457683065468656,0.5065927367974288,5.5324799008213486,1.1688166589087867,0.33686089987536394,0.33686089987536394,0.7269710190843321,0.999324792644261,0.0,90.0,0.0,0.0,200.0,0.0,0.0,0.0,18219.049888692098,90.0,96.59426196872127
hpc,3025,affinity_greedy,0.8882240836112444,104.93772646380592,9.797898769437964,1395.9164360858138,8.0,4674.173137443665,1395.9164360858138,8.935861173408671,0.4931981410258852,0.4354929788654662,0.9921898803440854,1.4322088534002895,1.4322088534002895,39.76273067920364,0.5181112790588652,1182.9645627948755,329.56175081209534,1.3655316619942468,1.3655316619942468,0.1553951930892516,0.8882240836112444,0.0,21.0,0.0,0.0,200.0,0.0,0.0,0.0,198.43797606881708,21.0,22.785139063512716
hpc,3025,balanced_affinity,0.9988825933671134,4.81961102966449,2.584842866817389,13.954761768296319,8.0,1.5952624361767127,124.99695665685323,0.42582136150664995,0.6768789395622057,0.6400879277301796,91.42841178472736,0.3261945612610107,0.3261945612610107,2.4394446040513134,0.5064386562283509,5.258150248200702,1.123904309498621,0.2821452128452952,0.2821452128452952,0.7685049448120003,0.9988825933671134,0.0,86.0,0.0,0.0,200.0,0.0,0.0,0.0,18285.682356945472,86.0,83.75977385145305
hpc,3025,dynamic_leiden,0.9573186807433627,37.34587882677357,8.616021534055323,533.0267645218809,8.0,1999.3005758875024,533.0267645218809,3.190554124260921,0.47614168584234906,0.4164944520521213,3.6385275756765623,1.254655452723596,1.254655452723596,18.875719758923637,0.5078071258220593,247.72631318679723,68.57644881332465,1.3088923388681264,1.3088923388681264,0.25585475809677605,0.9573186807433627,0.0,0.0,14.0,0.0,200.0,1416.0,1008.0,1008.0,727.7055151353125,80.0,87.7832436238664
hpc,3025,domain_heuristic,1.0000000000000002,4.210758978910734,2.0755488708450076,0.0,8.0,1.075192315165223,124.99695665685323,0.3740689371925807,0.678280164139021,0.6416486976796025,108.35844402376097,0.31297645029584087,0.31297645029584087,2.284928793599744,0.5079277055783668,5.135252688937299,1.0928331411860608,0.23251855670643948,0.23251855670643948,0.811794934469653,1.0000000000000002,0.0,82.0,0.0,0.0,200.0,40320.0,0.0,0.0,21671.688804752193,82.0,76.19461535129494
hpc,3025,work_stealing,0.9998007398819829,4.876600945422437,2.7128889794792492,2.488465161220975,8.0,1.2332040798946364,123.11810679141578,0.4306655043460755,0.7532308800281909,0.7251334059719948,0.5926435306901112,0.35141011451565246,0.35141011451565246,2.473704906335752,0.5068080724736197,5.210031486156736,1.0900814732223727,0.2973407889913833,0.2973407889913833,0.7576210252357424,0.9998007398819829,0.0,90.0,0.0,0.0,200.0,0.0,0.0,1440.0,118.52870613802224,90.0,98.28555051976822
hpc,3025,parmetis_adaptive,0.979667880201593,44.53963279921517,9.016123268811208,253.9182063902708,8.0,54.88866191125688,341.3668062391707,3.802023211918458,0.47111521598964723,0.4108956613746069,29.443503219808917,0.3692554074198889,0.3692554074198889,6.7728696678457245,0.5196293314897983,62.21447937557345,17.03543154340914,0.2695309132078794,0.2695309132078794,0.22184611064252566,0.979667880201593,0.0,0.0,21.0,0.0,200.0,22.0,0.0,0.0,5888.7006439617835,680.0,745.3859153525116
hpc,3025,c_kam,0.9999482894947871,3.871770579261075,1.790222971519456,0.6457879879408476,7.0,0.9078383570227602,128.44685822331763,0.3452549232223598,0.4121747450981738,0.3452441467677679,14.859894595429068,0.1651952785712948,0.1651952785712948,1.962377535182718,0.6503612819009896,4.525877082132051,0.9715006214319765,0.17338753396422205,0.17338753396422205,0.8360476359123247,0.9999482894947871,16.0,14.0,0.0,15.0,200.0,22515.0,6333.0,6182.0,2971.9789190858137,14.0,28.157013257661855
hpc,3025,d_kam,0.9999999999999997,3.9450891459905413,1.8258512117576564,0.0,3.0,1.1169856698949066,128.300077480456,0.35148700139436434,0.3960873470878427,0.3273250153206168,9.286256705381675,0.2606952863304713,0.2606952863304713,2.028780924807687,0.7360506931271261,4.804903368682073,1.0031213940772472,0.19143616895431229,0.19143616895431229,0.8330192354920777,0.9999999999999997,5.0,5.0,0.0,0.0,200.0,14336.0,6393.0,6393.0,1857.251341076335,5.0,7.3203028350822645
hpc,3026,static,0.9245968807345203,84.85114957102303,9.391164843121569,949.5995857557105,8.0,1244.2144661953935,949.5995857557105,7.221715367468878,0.6426520043441336,0.6019638662249013,0.0,1.2075110379463618,1.2075110379463618,28.521132455544866,0.5085576357892061,667.6265464270482,185.76353716577196,1.166785643569747,1.166785643569747,0.1938830087101414,0.9245968807345203,0.0,0.0,0.0,0.0,200.0,0.0,0.0,0.0,0.0,0.0,0.0
hpc,3026,greedy_load,0.9995042116655622,3.283524658500031,2.342734584637986,6.243778793119356,8.0,1.28045200509976,64.59472978114478,0.2884672499044242,0.7488231639507038,0.7202238212322193,89.86486885056365,0.33284488791036637,0.33284488791036637,1.9179631050577053,0.5101683293398658,2.535471389848806,0.3483820016027495,0.25155915664446893,0.25155915664446893,0.792999580681246,0.9995042116655622,0.0,90.0,0.0,0.0,200.0,0.0,0.0,0.0,17972.97377011273,90.0,102.39459898959863
hpc,3026,affinity_greedy,0.9136007507534809,70.1230353109729,9.126467245109987,1088.0808657959537,8.0,2005.7561696564135,1088.0808657959537,5.969825655364619,0.44511362620674155,0.3819334945372121,0.9802744306216482,1.2493584218522091,1.2493584218522091,25.828185627863682,0.5244185823815566,554.6264642670254,154.2399461550369,1.1590132798452522,1.1590132798452522,0.2163823045411258,0.9136007507534809,0.0,23.0,0.0,0.0,200.0,0.0,0.0,0.0,196.05488612432964,23.0,24.875706804061245
hpc,3026,balanced_affinity,0.999954331139712,3.2515626061949767,2.285284247273062,0.5751370929277648,8.0,1.2119700441590702,64.59472978114478,0.2857504754584946,0.7006616439018916,0.6665785637521069,91.26780243925168,0.3602756187364332,0.3602756187364332,1.9285644251276386,0.5105594337374653,2.5916053140513338,0.3649558457582679,0.2540972330917276,0.2540972330917276,0.7978828593572644,0.999954331139712,0.0,83.0,0.0,0.0,200.0,0.0,0.0,0.0,18253.560487850336,83.0,87.04915333087177
hpc,3026,dynamic_leiden,0.9253535169472561,67.35132017952196,9.11623690195864,940.0707832183616,8.0,1784.026526365278,940.0707832183616,5.734229869191288,0.47284233672697745,0.4128194344731185,2.9320563093642704,1.6195024758334302,1.6195024758334302,33.50534517154447,0.5115650360249439,801.9521571482543,223.16765969766388,1.5459849185545187,1.5459849185545187,0.21725188370899026,0.9253535169472561,0.0,0.0,14.0,0.0,200.0,1150.0,1008.0,1008.0,586.4112618728541,55.0,59.66837483844143
hpc,3026,domain_heuristic,0.9999799147459315,3.2986446379569934,2.317114364819397,0.2529464182549982,8.0,1.1165793786992375,64.59472978114478,0.289752448158266,0.7034870138314144,0.6697256342181594,107.52504067044356,0.3556411075756843,0.3556411075756843,1.9371695564477989,0.5112104062810063,2.600284413497665,0.3679214247785951,0.2557300341843012,0.2557300341843012,0.7951772993658258,0.9999799147459315,0.0,85.0,0.0,0.0,200.0,40320.0,0.0,0.0,21505.00813408871,85.0,89.85348218349114
hpc,3026,work_stealing,0.9992999107228523,3.8347686985353135,2.784260264241325,8.816670902323091,8.0,1.3203416992264465,64.91361104074528,0.3353229933074233,0.7285485098034944,0.6976406668603281,0.597511374799069,0.4055468528804144,0.4055468528804144,2.2058158726577504,0.5087270235093068,2.8667017393931142,0.4245109150409961,0.33273704729621373,0.33273704729621373,0.755469897914962,0.9992999107228523,0.0,90.0,0.0,0.0,200.0,0.0,0.0,1440.0,119.5022749598138,90.0,100.94811916598586
hpc,3026,parmetis_adaptive,0.9797146263687143,39.28896795474298,8.674360501437778,255.46665157641348,8.0,51.945474170278956,306.04780777877977,3.3489299300850752,0.46761113966749845,0.4069926060652829,30.00823930517072,0.3812437321114058,0.3812437321114058,5.916566604252519,0.5186204230095561,49.22877763294205,13.407931095731964,0.2562820598587192,0.2562820598587192,0.2548113777532634,0.9797146263687143,0.0,0.0,22.0,0.0,200.0,22.0,0.0,0.0,6001.647861034144,644.0,697.3684796872863
hpc,3026,c_kam,1.0000000000000007,1.767711350175384,1.2040354717492203,0.0,7.0,0.8955796935715394,64.22430560257408,0.1596231186968292,0.3529113810725699,0.27923297396697144,13.434082964377012,0.14394619306973194,0.14394619306973194,1.490953825857816,0.6758856712802586,1.9057179396630437,0.24907354328485196,0.14962910789274184,0.14962910789274184,0.8897890052767908,1.0000000000000007,15.0,14.0,0.0,14.0,200.0,20142.0,6332.0,6147.0,2686.8165928754024,14.0,26.439859582828614
hpc,3026,d_kam,1.0000000000000002,3.0277543403317124,2.057490122687163,0.0,2.0,1.1389212336637085,64.56339712820795,0.26672677286011715,0.34073196924352606,0.26566679742471966,7.516842590703163,0.21567791309718207,0.21567791309718207,1.680827752686552,0.7769338299103713,2.3955847998374526,0.3413650146958031,0.2102142206093328,0.2102142206093328,0.8172453599470657,1.0000000000000002,6.0,1.0,0.0,0.0,200.0,11781.0,6301.0,6301.0,1503.3685181406327,1.0,4.4460410339459
hpc,3027,static,0.8749401006891819,143.60078592609412,10.232409067337725,1526.3976906351263,8.0,5385.43393988353,1526.3976906351263,12.226382571197178,0.6392157845302574,0.5981363936599403,0.0,1.5135583725011843,1.5135583725011843,62.68453309845723,0.5093436849972459,2401.7764742959994,669.706974131998,1.503013286308576,1.503013286308576,0.11617052532621472,0.8749401006891819,0.0,0.0,0.0,0.0,200.0,0.0,0.0,0.0,0.0,0.0,0.0
hpc,3027,greedy_load,0.9999985842758661,6.8585011526078565,2.995959990094075,0.017279384210576676,8.0,1.1173055833541712,167.3055031987449,0.6032883654508462,0.7898774364372261,0.7659525900909696,90.00520090616192,0.31858398324203435,0.31858398324203435,2.7767110769938355,0.5080817546040755,8.7344686468544,2.0768579530593296,0.27771015349613326,0.27771015349613326,0.7312686968919249,0.9999985842758661,0.0,90.0,0.0,0.0,200.0,0.0,0.0,0.0,18001.040181232383,90.0,88.67567359902871
hpc,3027,affinity_greedy,0.8736260717590384,131.22465537940064,10.127296089746263,1542.4358510322882,8.0,5599.373723463017,1542.4358510322882,11.174411474728236,0.4391825167428767,0.37532706072845184,1.0643001856806222,1.5887610880010556,1.5887610880010556,52.90056913308201,0.5117253400723564,2039.3890868961673,568.570339834237,1.5052755779839735,1.5052755779839735,0.1251051284214889,0.8736260717590384,0.0,37.0,0.0,0.0,200.0,0.0,0.0,0.0,212.86003713612445,37.0,35.38843988521775
hpc,3027,balanced_affinity,0.9999999999999996,7.009327521161144,3.0773065333895078,0.0,8.0,1.0431340089160828,167.3055031987449,0.6161086067778756,0.6949440784715207,0.660209988396496,90.31886050783214,0.33866900230579505,0.33866900230579505,2.8109633433468506,0.5073745721086586,8.773044237306227,2.098798777179245,0.285003741842927,0.285003741842927,0.724354240711813,0.9999999999999996,0.0,80.0,0.0,0.0,200.0,0.0,0.0,0.0,18063.77210156643,80.0,72.20077001635741
hpc,3027,dynamic_leiden,0.945447117504126,69.56905324284786,9.65626229554398,665.836085892231,8.0,1082.798765522121,665.836085892231,5.933685293121246,0.4576733251376227,0.3959232581978471,2.6269496779423207,1.3262921673477817,1.3262921673477817,29.91139451834094,0.5090668405657662,539.1209806554514,149.89266438962022,1.3962404690137262,1.3962404690137262,0.16514300092868311,0.945447117504126,0.0,0.0,12.0,0.0,200.0,1020.0,864.0,864.0,525.3899355884641,53.0,55.652078792816695
hpc,3027,domain_heuristic,0.9999999999999996,7.026652292605131,3.093378136090117,0.0,8.0,1.0385113512759137,167.3055031987449,0.6175812123506145,0.6936249858525539,0.6587407020634884,107.80474838975351,0.3393507212307432,0.3393507212307432,2.815011085605249,0.5072822904126597,8.774538814305242,2.099179275879434,0.28705491615222933,0.28705491615222933,0.7229881544822614,0.9999999999999996,0.0,81.0,0.0,0.0,200.0,40320.0,0.0,0.0,21560.949677950703,81.0,74.24713774046934
hpc,3027,work_stealing,0.9993323088557117,6.8338940947138305,3.2256075245763074,8.149392621582694,8.0,1.5209631978834,159.41782494595185,0.601196765529854,0.7995935448575103,0.7767749880838605,0.588391655619489,0.3522075956768388,0.3522075956768388,2.818768384583893,0.507402922590557,8.405075211186839,1.9741694218565362,0.3154935633086227,0.3154935633086227,0.7117486564609352,0.9993323088557117,0.0,90.0,0.0,0.0,200.0,0.0,0.0,1440.0,117.6783311238978,90.0,90.1032183181624
hpc,3027,parmetis_adaptive,0.9849561151394294,46.59620357255903,9.108997920989346,183.6156212814788,8.0,29.729747055827573,371.76202352545045,3.9809930711466963,0.4532963634280924,0.39104792956099393,30.044254984823056,0.3896699442565568,0.3896699442565568,7.530762057835009,0.5232275818822463,72.16598252919434,19.81095466689665,0.32039914455395996,0.32039914455395996,0.21166047276582678,0.9849561151394294,0.0,0.0,22.0,0.0,200.0,22.0,0.0,0.0,6008.850996964611,604.0,625.6139144626381
hpc,3027,c_kam,1.0000000000000002,6.290455152684405,2.542601471320011,0.0,3.0,0.9171807868082776,172.07642813963264,0.5550044554573529,0.37895859827128575,0.30824596342098665,8.230594601336634,0.1663591088331996,0.1663591088331996,2.298605441171816,0.7328802859783682,7.733534049600311,1.8493573527278055,0.18297225577979018,0.18297225577979018,0.7698041709877204,1.0000000000000002,11.0,34.0,0.0,6.0,200.0,12616.0,6308.0,6033.0,1646.1189202673268,34.0,40.023965759361104
hpc,3027,d_kam,0.9995874799495498,8.203868797059304,3.8430670542576006,5.034944501146462,2.0,1.1663405706599625,164.2657143778812,0.7176446152292192,0.3368633330993843,0.26135767300673995,5.443492735212203,0.2557227745473353,0.2557227745473353,2.6585082302223437,0.8463294486440597,8.645764213601979,2.056509944447205,0.2950359440304673,0.2950359440304673,0.6592645964380253,0.9995874799495498,6.0,8.0,0.0,0.0,200.0,8406.0,6342.0,6342.0,1088.6985470424406,8.0,10.847197194342678
hpc,3028,static,0.928658217859392,102.83837624435442,10.0577929077923,886.306830980208,8.0,2385.717817023851,887.0902851024757,8.763913649003767,0.6822132116412613,0.6460295674221967,0.0,1.4274960146594784,1.4274960146594784,42.60322339703054,0.5076159198132476,1243.7712207445934,346.506849329811,1.4753640323967259,1.4753640323967259,0.12978371654688364,0.928658217859392,0.0,0.0,0.0,0.0,200.0,0.0,0.0,0.0,0.0,0.0,0.0
hpc,3028,greedy_load,0.999915678404737,9.905287689199463,3.623432674553783,1.0475601202872848,8.0,1.0619714005209886,202.70077723085285,0.8646011218155972,0.8464507813166054,0.828967454436813,91.48447146479157,0.2752513437335719,0.2752513437335719,3.0463351787425723,0.5055150239028294,12.695231416303418,3.1857882146137673,0.23133706394264508,0.23133706394264508,0.6767043363721575,0.999915678404737,0.0,90.0,0.0,0.0,200.0,0.0,0.0,0.0,18296.894292958314,90.0,96.21711248466403
hpc,3028,affinity_greedy,0.8975261857429156,123.39214955795144,10.14394469559758,1273.0722284684,8.0,4957.028858653391,1273.0722284684,10.510984380659515,0.47535403686001115,0.41561712026486397,1.0043308256717864,1.5229627292217203,1.5229627292217203,52.34371959908787,0.5120942603360947,2020.5542172622254,563.3255226046382,1.561189116599759,1.561189116599759,0.12246081458343472,0.8975261857429156,0.0,20.0,0.0,0.0,200.0,0.0,0.0,0.0,200.8661651343573,20.0,22.96637485721707
hpc,3028,balanced_affinity,0.9999032484382446,10.168023059769569,3.778569901530517,1.2019824501013454,8.0,1.0470633162648917,202.70077723085285,0.886933628314056,0.7735208641787259,0.7477336358426403,91.11726831586566,0.3115182095807385,0.3115182095807385,3.1074904464806843,0.5052659849672684,12.823121283272437,3.2245212845825306,0.2510965387111325,0.2510965387111325,0.6635176720791353,0.9999032484382446,0.0,83.0,0.0,0.0,200.0,0.0,0.0,0.0,18223.45366317313,83.0,76.68091074349545
hpc,3028,dynamic_leiden,0.9470278241262925,82.73389925562445,9.832305798706328,658.0940357814299,8.0,493.3530756793235,717.9761539499385,7.055033104961722,0.5244221616241527,0.47027220972987294,4.319701146450825,1.292352692647657,1.292352692647657,26.98863900605579,0.5090799253970286,577.0018678639703,160.46403967449373,1.2246147306153035,1.2246147306153035,0.14895012081919126,0.9470278241262925,0.0,0.0,18.0,0.0,200.0,1719.0,1296.0,1296.0,863.940229290165,86.0,88.58470537867498
hpc,3028,domain_heuristic,0.9995513768428577,10.727496387467331,4.264444326679062,5.573420747005918,8.0,1.2136448114744534,202.70077723085285,0.9344888611683659,0.7805021625177803,0.7555098344876265,108.58811653364683,0.343630619264096,0.343630619264096,3.3047188735425923,0.5054420607431185,12.980713390384444,3.257865240353029,0.3083702945790123,0.3083702945790123,0.6222183459415089,0.9995513768428577,0.0,90.0,0.0,0.0,200.0,40320.0,0.0,0.0,21717.623306729365,90.0,90.74934576116358
hpc,3028,work_stealing,0.9998701997465499,10.47668029014092,4.168686424523324,1.6125592583035275,8.0,1.0994834049680482,197.82714237929613,0.9131694928956209,0.8084445450893929,0.7866337754708584,0.5945426698599476,0.33588054826181346,0.33588054826181346,3.2293357027248586,0.5065866752760725,12.675201884563245,3.169701576843602,0.29287278455877297,0.29287278455877297,0.6303577676247466,0.9998701997465499,0.0,90.0,0.0,0.0,200.0,0.0,0.0,1440.0,118.90853397198953,90.0,92.17808090828655
hpc,3028,parmetis_adaptive,0.9765188425391175,47.36782124295288,9.162909784428471,291.71559263664705,8.0,85.55410183485581,389.4318351656283,4.0489164738846375,0.48523182056155584,0.4266196021106438,30.070753558684373,0.41329309174112944,0.41329309174112944,7.203098641641555,0.5173647490487159,72.72793546990573,19.95728565108996,0.2920000193313871,0.2920000193313871,0.205848782032809,0.9765188425391175,0.0,0.0,22.0,0.0,200.0,22.0,0.0,0.0,6014.150711736875,624.0,657.7781318952327
hpc,3028,c_kam,0.9999213071809862,9.068885802109293,3.2323601478865798,0.9776316339215105,3.0,0.912471528546017,201.7458601499102,0.7935069614129325,0.40189294838683937,0.3337916504308855,11.574606015346944,0.1953870084118652,0.1953870084118652,2.6846055589880793,0.687853352021126,11.469363672408805,2.892947707138957,0.18035184890716316,0.18035184890716316,0.7099455011388699,0.9999213071809862,15.0,20.0,0.0,10.0,200.0,17511.0,6772.0,6105.0,2314.921203069389,20.0,30.806091456974393
hpc,3028,d_kam,0.9995999103061707,10.62259136414207,3.7116720012370092,4.970470571456561,2.0,1.098750810347735,220.90770075708514,0.9255719341857184,0.320756278022738,0.24341664631245571,4.961940739449346,0.2907078116447201,0.2907078116447201,2.977512124950936,0.8522389288124586,13.683500257592032,3.453748247230613,0.24183610855435636,0.24183610855435636,0.6692039936040834,0.9995999103061707,6.0,10.0,0.0,0.0,200.0,7586.0,6336.0,6336.0,992.3881478898693,10.0,15.398683274811765
hpc,3029,static,0.8684624785183046,123.65836961699497,9.947625312711068,1610.3134692886745,8.0,11126.71617298916,1610.3134692886745,10.527068898940865,0.6033568360587698,0.5581944956100159,0.0,1.5084884891583854,1.5084884891583854,63.94536068085745,0.5158774906986398,2937.4683076072224,819.2325910600927,1.615735357326643,1.615735357326643,0.14233592034399636,0.8684624785183046,0.0,0.0,0.0,0.0,200.0,0.0,0.0,0.0,0.0,0.0,0.0
hpc,3029,greedy_load,0.9999796817769403,4.593819209051291,2.34219376289046,0.24874049546556176,8.0,1.2270544419421086,131.5393436911135,0.40658211426565166,0.8049506131472038,0.7827420195946578,89.89738473959733,0.2820321670138699,0.2820321670138699,2.141302752951829,0.5038867542058392,4.66485541812262,0.9495274340153631,0.2365480301214096,0.2365480301214096,0.788797602078748,0.9999796817769403,0.0,90.0,0.0,0.0,200.0,0.0,0.0,0.0,17979.476947919466,90.0,91.15285622158935
hpc,3029,affinity_greedy,0.8788812161241986,133.8064380286712,10.019077911771875,1482.7648176889873,8.0,8084.23215519084,1482.7648176889873,11.389654713933345,0.4205178678641335,0.35453722905658425,0.9495730945491232,1.2301392281128516,1.2301392281128516,53.15732286651918,0.5176625921730653,2199.312660608662,613.3091006551559,1.2668966557192736,1.2668966557192736,0.1362624494238276,0.8788812161241986,0.0,19.0,0.0,0.0,200.0,0.0,0.0,0.0,189.91461890982464,19.0,21.025310240642963
hpc,3029,balanced_affinity,0.9984324477800876,6.2322262120842185,3.5637913744472107,19.19034527262111,8.0,2.186160969644632,131.5393436911135,0.5458467095234506,0.7600562911828247,0.7327359679016613,90.04975179108442,0.3700681435296885,0.3700681435296885,2.544423493311767,0.5041782468813867,5.131830620951996,1.0631835491684187,0.348242562307974,0.348242562307974,0.6849618050964242,0.9984324477800876,0.0,90.0,0.0,0.0,200.0,0.0,0.0,0.0,18009.950358216884,90.0,91.1268192660726
hpc,3029,dynamic_leiden,0.94595664559665,58.501808005999266,9.22649375312428,661.6115351798395,8.0,1461.2924647988923,661.6115351798395,4.98876116200623,0.42249599016290756,0.3567405831022486,2.6799588359426707,1.0460947955352367,1.0460947955352367,21.06212693503002,0.5074021479292181,373.38449762989666,103.71708968099674,1.0570983447609223,1.0570983447609223,0.20363210290887315,0.94595664559665,0.0,0.0,14.0,0.0,200.0,1015.0,1008.0,1008.0,535.9917671885341,73.0,79.26385871835222
hpc,3029,domain_heuristic,0.9983471234602469,5.841904631260972,3.2574810104498155,20.23490579002056,8.0,2.366359888225437,131.5393436911135,0.5126693751534747,0.7544314457517076,0.7264706697729417,107.02991857935558,0.34644908526802526,0.34644908526802526,2.4339289471444583,0.5037921792257288,5.011587850314538,1.0375249301253107,0.31864352154916303,0.31864352154916303,0.7109981860362029,0.9983471234602469,0.0,88.0,0.0,0.0,200.0,40320.0,0.0,0.0,21405.983715871116,88.0,81.26114565818318
hpc,3029,work_stealing,0.9997733049708389,6.520191964275868,3.2935502119602678,2.775254199464421,8.0,1.2196809183171833,137.99418030826067,0.5703237984597408,0.7669960510185677,0.7404658984117709,0.5870308238081634,0.33483627964948015,0.33483627964948015,2.413937431080202,0.5065837313382848,5.79608731631829,1.2566155301515018,0.2982982773457832,0.2982982773457832,0.7079323039078145,0.9997733049708389,0.0,90.0,0.0,0.0,200.0,0.0,0.0,1440.0,117.40616476163268,90.0,88.29561350835206
hpc,3029,parmetis_adaptive,0.9721709837409072,45.748274715524374,9.067321893312343,340.68940340576495,8.0,87.8241529296243,366.29847858426723,3.904710832315865,0.45064466585815977,0.38809430603012834,30.310405920026824,0.3367405045127295,0.3367405045127295,6.419928045448375,0.5179372421363939,63.90756364882089,17.52031986384767,0.23106666137280846,0.23106666137280846,0.21716171099288809,0.9721709837409072,0.0,0.0,22.0,0.0,200.0,22.0,0.0,0.0,6062.081184005365,767.0,816.2601128330124
hpc,3029,c_kam,1.0000000000000004,3.617053471197707,1.6972633444990108,0.0,2.0,0.9457323853089141,131.2007401781146,0.3235570265480971,0.3813078623821726,0.3108627179999447,10.049183609517058,0.12841164434149094,0.12841164434149094,1.6544417689148339,0.7132266253675236,3.4699804209673277,0.6751840938304815,0.13173744279338867,0.13173744279338867,0.843616687642021,1.0000000000000004,14.0,18.0,0.0,8.0,200.0,15194.0,6425.0,6070.0,2009.8367219034117,18.0,27.961258456114805
hpc,3029,d_kam,0.99905562367247,6.512964167613282,3.101578122675134,11.561278509498957,2.0,1.2815604617159306,146.0333799960704,0.5697094357434209,0.373492424192292,0.3021574031844837,5.357546946470393,0.2520447573875942,0.2520447573875942,2.1460016826979174,0.7998282245812594,5.41910324021055,1.1632292889501956,0.25174947381523255,0.25174947381523255,0.7242499314970507,0.99905562367247,6.0,12.0,0.0,0.0,200.0,8156.0,6388.0,6388.0,1071.5093892940786,12.0,16.084844265648552
hpc,3030,static,0.9332335094663811,80.35127529597345,9.69046436741225,845.1656078522067,8.0,3650.6681602766953,845.1656078522067,6.846453521566881,0.6424408612971455,0.6017286821379096,0.0,1.3942290926330647,1.3942290926330647,38.63999277548094,0.5087113953884892,1145.6985427143986,319.14882291514806,1.462937217256374,1.462937217256374,0.16391078563868788,0.9332335094663811,0.0,0.0,0.0,0.0,200.0,0.0,0.0,0.0,0.0,0.0,0.0
hpc,3030,greedy_load,0.9999999999999996,5.277626044752124,2.723710077150809,0.0,8.0,1.0424130863155412,139.43560088712928,0.46519333521306855,0.7199264311784939,0.6880368664116887,90.38651239097817,0.2850561383163835,0.2850561383163835,2.08253372318359,0.5047898345915247,4.483377791762094,0.9118291849483099,0.24037999336320262,0.24037999336320262,0.7560849003109104,0.9999999999999996,0.0,90.0,0.0,0.0,200.0,0.0,0.0,0.0,18077.302478195634,90.0,100.94149763921358
hpc,3030,affinity_greedy,0.8794248292062544,113.76124587032403,9.816214675736985,1526.304388643398,8.0,4114.313075819818,1526.304388643398,9.68630102038668,0.45397463107512837,0.3918034257024944,0.9801171350409277,0.9957707758167964,0.9957707758167964,29.137030358720086,0.5124173005781142,1174.645524091528,327.36968593780966,0.9978260906831938,0.9978260906831938,0.15322200943108544,0.8794248292062544,0.0,19.0,0.0,0.0,200.0,0.0,0.0,0.0,196.02342700818554,19.0,19.971828585535192
hpc,3030,balanced_affinity,0.9997000844389116,5.092776550203454,2.5994329823865288,3.7964900575914533,8.0,1.1655037865311095,139.43560088712928,0.44948112817643154,0.6750838218949073,0.6380884154770007,90.49896277108928,0.2809715443224608,0.2809715443224608,2.0329818443307164,0.5044925237831418,4.386039101865981,0.8937099693614619,0.22804656599283413,0.22804656599283413,0.7666484533658742,0.9997000844389116,0.0,88.0,0.0,0.0,200.0,0.0,0.0,0.0,18099.792554217856,88.0,90.93650772959226
hpc,3030,dynamic_leiden,0.9318313560408752,58.57825636161858,8.865126844067365,862.914808726754,8.0,1620.5980339796567,862.914808726754,4.995746912146717,0.44122721186293906,0.3776045676691153,1.7504109338915441,1.115456928882577,1.115456928882577,24.258271143998208,0.5052650376478248,509.8131602248437,141.7748214638995,1.0829378390477231,1.0829378390477231,0.2340644751230032,0.9318313560408752,0.0,0.0,9.0,0.0,200.0,659.0,648.0,648.0,350.0821867783088,39.0,40.95181124341111
hpc,3030,domain_heuristic,0.9999999999999996,5.47833662512818,2.8633707009256826,0.0,8.0,1.0043141169469783,139.43560088712928,0.48225373454503334,0.6797248843118797,0.6432579156939252,107.47846739017405,0.31557865290873727,0.31557865290873727,2.1154034419559617,0.5041923163986428,4.532619420191309,0.92457511802923,0.24787890510429958,0.24787890510429958,0.7442137472900461,0.9999999999999996,0.0,80.0,0.0,0.0,200.0,40320.0,0.0,0.0,21495.69347803481,80.0,87.87709898635026
hpc,3030,work_stealing,0.9999999999999999,5.6956988842403975,2.9934321634506604,0.0,8.0,1.0923401733846734,139.43560088712928,0.5007295265695719,0.7332200901287079,0.7028441597968282,0.5951849090342876,0.31196956395674774,0.31196956395674774,2.1693556052688803,0.504113220878888,4.700090906174658,0.9627026505525049,0.2661739324585352,0.2661739324585352,0.733158522975423,0.9999999999999999,0.0,90.0,0.0,0.0,200.0,0.0,0.0,1440.0,119.03698180685751,90.0,106.07562771048617
hpc,3030,parmetis_adaptive,0.9771936272364475,42.42798144230157,8.943826514905457,288.6951485027729,8.0,63.92873672853114,353.55736846828154,3.6229735440047715,0.4654678395395318,0.40460526681383496,29.996982445154572,0.3164428944174712,0.3164428944174712,6.051202912725574,0.5172096760323086,55.42756247207413,15.157111567425348,0.23020554426162454,0.23020554426162454,0.22737500310176537,0.9771936272364475,0.0,0.0,22.0,0.0,200.0,22.0,0.0,0.0,5999.396489030914,719.0,776.3318930997232
hpc,3030,c_kam,0.9999999999999997,4.344650889060159,1.9409075003744785,0.0,3.0,0.9871084062442108,140.19876995568117,0.3858904469792515,0.4201800958636872,0.3541609978679684,10.792161930003203,0.12223494549066066,0.12223494549066066,1.661612653631932,0.6967551474482679,3.829518361615788,0.7752002499004276,0.12631007233338123,0.12631007233338123,0.8226231193368986,0.9999999999999997,16.0,21.0,0.0,11.0,200.0,16572.0,6722.0,6091.0,2158.4323860006407,21.0,32.72133555139415
hpc,3030,d_kam,1.0000000000000002,4.85019165374007,2.2351497484434955,0.0,2.0,1.0785502530161815,140.57021674420798,0.4288614119770439,0.33283326557084064,0.25686873640316404,6.3728119306324515,0.1610569877013606,0.1610569877013606,1.830609768860971,0.8090467710953646,4.354973874357738,0.8959834059743653,0.19517468487724568,0.19517468487724568,0.7976125282510321,1.0000000000000002,6.0,10.0,0.0,0.0,200.0,9553.0,6405.0,6405.0,1274.5623861264903,10.0,14.87918487606412
hpc,3031,static,0.9104100789137827,105.21486706734765,9.894773771408724,1087.5548741023367,8.0,4153.4097611683,1087.5548741023367,8.959036026813385,0.596643602070101,0.5507168834939244,0.0,1.5144498281927492,1.5144498281927492,45.00393202001808,0.5042680244108989,1608.4491235495595,448.2850427797852,1.4664149780001114,1.4664149780001114,0.14715930559664778,0.9104100789137827,0.0,0.0,0.0,0.0,200.0,0.0,0.0,0.0,0.0,0.0,0.0
hpc,3031,greedy_load,0.9984433646714699,5.534684682187894,2.9453994944319626,18.89639278857766,8.0,1.889863726977906,123.82162757850232,0.486220524074805,0.7061139398971392,0.6726516657270115,89.16696930362377,0.337274525933441,0.337274525933441,2.295446876789118,0.5044542540405543,5.384754921648588,1.150867363344863,0.2780303902350377,0.2780303902350377,0.7378561191396724,0.9984433646714699,0.0,90.0,0.0,0.0,200.0,0.0,0.0,0.0,17833.393860724755,90.0,110.65407242213374
hpc,3031,affinity_greedy,0.9198806823019436,85.95694212810065,9.62709660883689,972.5888070424904,8.0,1866.1664132231565,972.5888070424904,7.322112406977389,0.4721612151054282,0.4120607593996106,1.070766819466371,1.3991468075629512,1.3991468075629512,27.576243628263782,0.5075908862308914,733.6547083789826,204.16779673620096,1.2254817542279806,1.2254817542279806,0.16991186441525358,0.9198806823019436,0.0,38.0,0.0,0.0,200.0,0.0,0.0,0.0,214.15336389327422,38.0,36.50458617475531
hpc,3031,balanced_affinity,0.9999287288569254,5.02898919404092,2.567900381318118,0.8651785613092555,8.0,1.1553597531991064,123.82162757850232,0.44323640758231214,0.6510374511880567,0.6113040916698652,89.98137371920166,0.3384875177632467,0.3384875177632467,2.1556482232804104,0.50688463808868,5.19707982303877,1.107754777415278,0.2380878952648558,0.2380878952648558,0.7699435437543493,0.9999287288569254,0.0,78.0,0.0,0.0,200.0,0.0,0.0,0.0,17996.27474384033,78.0,81.41040602291775
hpc,3031,dynamic_leiden,0.9490154082405515,58.21348770741413,9.214171662796128,618.9149471260823,8.0,608.7225933149987,618.9149471260823,4.963918781219035,0.4343882454461532,0.36998690705635867,3.760111408337252,1.067130754041398,1.067130754041398,19.69198190891727,0.5100288946095896,321.9643626392354,89.35623102615074,1.0937313836007607,1.0937313836007607,0.20501048482871848,0.9490154082405515,0.0,0.0,16.0,0.0,200.0,1494.0,1152.0,1152.0,752.0222816674504,90.0,96.30989418843492
hpc,3031,domain_heuristic,0.9985542623703909,5.505940498635751,2.9248628010467557,17.550177371411166,8.0,1.891458106528315,123.82162757850232,0.4837772684728728,0.6364927792679489,0.5951033432440027,106.05741033519735,0.3431878134802641,0.3431878134802641,2.2604549033758,0.5059839822007521,5.295517109944826,1.1363863937848067,0.2698140762263097,0.2698140762263097,0.739601738077415,0.9985542623703909,0.0,82.0,0.0,0.0,200.0,40320.0,0.0,0.0,21211.48206703947,82.0,88.61163581061452
hpc,3031,work_stealing,1.0000000000000002,5.1713788667170135,2.5968600964788786,0.0,8.0,1.131796301336323,124.86990471692114,0.45533952975978004,0.721286907370205,0.6895522483083966,0.5813778945594095,0.31545502017357274,0.31545502017357274,2.180989079161102,0.5045184174498176,5.405551815149259,1.1601089047523483,0.24214141507153175,0.24214141507153175,0.7674819679656847,1.0000000000000002,0.0,90.0,0.0,0.0,200.0,0.0,0.0,1440.0,116.2755789118819,90.0,110.37445315320595
hpc,3031,parmetis_adaptive,0.9744326721726386,55.51056088164781,9.34282898387428,310.3683054889624,8.0,83.23738077360697,405.8993153914862,4.7341700010288985,0.45694363046366854,0.3951104794768585,29.304362801776733,0.3495640485298084,0.3495640485298084,7.126428744470514,0.5147466187520454,93.03462912864063,25.64776628625173,0.22755413447142583,0.22755413447142583,0.19407461253707545,0.9744326721726386,0.0,0.0,22.0,0.0,200.0,22.0,0.0,0.0,5860.872560355347,711.0,766.5543569097237
hpc,3031,c_kam,0.9999888847836957,4.285281760181101,2.0839588911056883,0.13493044218736128,8.0,0.8530299962475413,122.620572123708,0.3800212757042275,0.41474376823784354,0.3481056824431426,16.288955105555942,0.18571142778558852,0.18571142778558852,1.8342410277394046,0.6206499382254915,4.46174122548852,0.9551688213907255,0.17498792292716842,0.17498792292716842,0.8110785704224058,0.9999888847836957,16.0,26.0,0.0,16.0,200.0,24980.0,6392.0,6218.0,3257.7910211111885,26.0,37.08568534393156
hpc,3031,d_kam,0.9999999999999997,4.559571487738443,2.105447665195058,0.0,2.0,1.096927611291899,131.96397926601625,0.4033359025466015,0.25609387051128746,0.1713916874506915,4.8418830150330905,0.3255841399683596,0.3255841399683596,2.0436537206327374,0.8360185072892407,5.147026780789851,1.0766829175635722,0.20750363977317893,0.20750363977317893,0.8092520246248094,0.9999999999999997,6.0,4.0,0.0,0.0,200.0,7555.0,6273.0,6273.0,968.3766030066181,4.0,8.445471996977291
hpc,3032,static,0.9236674966954058,88.55985263049492,9.74740489997966,914.5544433445442,8.0,2366.351178319038,914.5544433445442,7.543569570575324,0.6311555769268254,0.5891584396462165,0.0,1.3353008341213535,1.3353008341213535,36.58278167309198,0.5050626646274505,967.5931576089845,269.4561219006004,1.3601383744962714,1.3601383744962714,0.15958626399881326,0.9236674966954058,0.0,0.0,0.0,0.0,200.0,0.0,0.0,0.0,0.0,0.0,0.0
hpc,3032,greedy_load,0.9998510761124194,4.86946989182954,2.4058245226212116,1.7842858181053067,8.0,1.0916512641255085,122.93061730110172,0.4298870377887662,0.7917012535219422,0.7679840695170145,90.55642322040512,0.275799987287715,0.275799987287715,2.174136966278862,0.506782332234907,5.03227194912278,1.0549565786376434,0.23112551217369373,0.23112551217369373,0.7836205960742814,0.9998510761124194,0.0,90.0,0.0,0.0,200.0,0.0,0.0,0.0,18111.284644081024,90.0,95.39325116296716
hpc,3032,affinity_greedy,0.898685690318384,107.05754863390925,9.85657474537219,1213.8662834621132,8.0,4797.100297827891,1213.8662834621132,9.115873730865541,0.4329010387659284,0.36833036496204896,1.0043135451269336,1.6177881704503079,1.6177881704503079,50.88684544404752,0.5093024420579705,1797.0569581958168,500.92518132072496,1.578762716267521,1.578762716267521,0.1503068271404483,0.898685690318384,0.0,24.0,0.0,0.0,200.0,0.0,0.0,0.0,200.86270902538672,24.0,26.223250981434415
hpc,3032,balanced_affinity,0.9999167013820044,4.92944224343913,2.449484729786274,0.9980168069266149,8.0,1.121752886660905,122.93061730110172,0.43498468767558135,0.7766774668555618,0.7512496536757496,90.80166693573119,0.293116449712107,0.293116449712107,2.1919101734516686,0.5060076527270465,5.052528071894351,1.0595558664563351,0.23464449872591892,0.23464449872591892,0.7799094784652512,0.9999167013820044,0.0,80.0,0.0,0.0,200.0,0.0,0.0,0.0,18160.33338714624,80.0,73.4277251943353
hpc,3032,dynamic_leiden,0.9660487360356388,42.663449060989294,8.698525042308276,406.7766412935315,8.0,348.30031016695307,406.7766412935315,3.642375267167345,0.4774160571106285,0.4179139249994625,3.4089844838308636,1.047515014524938,1.047515014524938,13.491726547083042,0.5086708186934791,157.04073337060427,43.32226121284591,0.947818299129243,0.947818299129243,0.24874105190088097,0.9660487360356388,0.0,0.0,18.0,0.0,200.0,1349.0,1296.0,1296.0,681.7968967661727,69.0,73.65738438173341
hpc,3032,domain_heuristic,0.9996179772901568,5.137047292826578,2.599375262990562,4.5770877623497395,8.0,1.143812290675951,122.93061730110172,0.4526311168735143,0.7486967641314252,0.72008302935431,106.76434499924653,0.29860993199731134,0.29860993199731134,2.2612461488384734,0.5066227967311877,5.127941798151912,1.0833425153572132,0.25328557419136954,0.25328557419136954,0.7671687831428868,0.9996179772901568,0.0,83.0,0.0,0.0,200.0,40320.0,0.0,0.0,21352.868999849306,83.0,79.50714087126475
hpc,3032,work_stealing,0.9997468164049969,5.225739647124805,2.737241004573466,3.0334414799438765,8.0,1.2400939876029446,121.7852255220463,0.46016996698886375,0.8034462661415254,0.7810663855536792,0.5912396950589027,0.3134915200538922,0.3134915200538922,2.3046402907522956,0.5053207556221473,5.1838589768069285,1.0853549221482033,0.27433558358125126,0.27433558358125126,0.7554501951083398,0.9997468164049969,0.0,90.0,0.0,0.0,200.0,0.0,0.0,1440.0,118.24793901178055,90.0,94.97195402691983
hpc,3032,parmetis_adaptive,0.9695530460336652,55.165845508144955,9.347549788920936,364.790827376711,8.0,143.9248815288085,420.54997441913366,4.705078965175576,0.4512091220917442,0.3887230320328834,29.614287009317195,0.3556855234612339,0.3556855234612339,7.667496527209621,0.5172836429874311,94.07406316600634,25.935789058410165,0.2620700498891029,0.2620700498891029,0.19357394843880488,0.9695530460336652,0.0,0.0,22.0,0.0,200.0,22.0,0.0,0.0,5922.857401863439,775.0,835.8631577812711
hpc,3032,c_kam,0.9998020921532453,4.227508696940829,1.9533074169980897,2.371172079870432,7.0,0.9665531498715997,122.60477664242066,0.3753203362232258,0.48568756444188793,0.4271272376209147,16.770348974241642,0.16383700034476406,0.16383700034476406,1.8820735627553722,0.63037519121919,4.358983178066429,0.9183733182820039,0.16377136200789574,0.16377136200789574,0.8220845500522469,0.9998020921532453,11.0,23.0,0.0,10.0,200.0,25472.0,6360.0,6227.0,3354.0697948483285,23.0,31.619168549252876
hpc,3032,d_kam,0.9998029097320883,4.552869745683445,2.1174949308643085,2.361376510071251,2.0,1.0495540848863019,124.38803944635944,0.40297602536634824,0.30846994454345483,0.22973137387266,7.355859829840483,0.23664440604942388,0.23664440604942388,1.9777629945288586,0.8158820295778885,4.762009432161789,0.9907914518181477,0.2018279386644312,0.2018279386644312,0.8081286113736182,0.9998029097320883,6.0,5.0,0.0,0.0,200.0,11729.0,6332.0,6332.0,1471.1719659680966,5.0,7.877643494199918
hpc,3033,static,0.9094760899875912,103.80861430293932,9.960046985335723,1100.233815169453,8.0,2922.100525766931,1100.233815169453,8.84020885883003,0.6243425652849584,0.5815696890550278,0.0,1.2384502443927468,1.2384502443927468,33.69007135265626,0.5119476601243079,1042.515545330719,290.3944389905698,1.2342890100725952,1.2342890100725952,0.14106831016209542,0.9094760899875912,0.0,0.0,0.0,0.0,200.0,0.0,0.0,0.0,0.0,0.0,0.0
hpc,3033,greedy_load,0.9991727598039816,6.5772822991845095,3.5380177784215414,10.054334117935106,8.0,1.8263254574148027,146.7314147484353,0.5755456385108717,0.7112357677348089,0.6783566719818416,89.21865633019479,0.421920386153285,0.421920386153285,2.709315361113021,0.5047505606209255,6.12612364774258,1.3337881235200637,0.3523326753472799,0.3523326753472799,0.686940792749801,0.9991727598039816,0.0,90.0,0.0,0.0,200.0,0.0,0.0,0.0,17843.731266038958,90.0,100.8332734907559
hpc,3033,affinity_greedy,0.8968279793938109,103.74893136131313,9.910228460619564,1253.9598193972038,8.0,3923.57967931254,1253.9598193972038,8.835135808791804,0.42803437001086736,0.3629095705566591,1.0233311001502443,1.2643940335529944,1.2643940335529944,37.636374805285215,0.5146815842026915,1046.94217711036,291.65436301042917,1.257585034081407,1.257585034081407,0.14530288476296896,0.8968279793938109,0.0,31.0,0.0,0.0,200.0,0.0,0.0,0.0,204.66622003004886,31.0,29.622196132728902
hpc,3033,balanced_affinity,0.9985713667776738,7.282643741157761,3.985092833979918,17.36370623476273,8.0,1.8119092218252375,146.7314147484353,0.6355013610785982,0.705559494614903,0.6720340905364018,89.82582906028256,0.4403597371154783,0.4403597371154783,2.8051852126873045,0.5047765148443,6.325289251072421,1.3856485490554584,0.3700592348508731,0.3700592348508731,0.6489394130273389,0.9985713667776738,0.0,90.0,0.0,0.0,200.0,0.0,0.0,0.0,17965.16581205651,90.0,92.32592739274767
hpc,3033,dynamic_leiden,0.949008409870124,50.374244885415145,9.020242695926916,619.7552861167751,8.0,1216.3480443163935,619.7552861167751,4.298287458340475,0.43548991945124044,0.3712140191907382,3.9251725855865516,1.0479767322568834,1.0479767322568834,16.860550517492513,0.509853227480138,256.56524577694927,71.10730596513231,1.01222234894841,1.01222234894841,0.22095167476184407,0.949008409870124,0.0,0.0,17.0,0.0,200.0,1574.0,1224.0,1224.0,785.0345171173103,106.0,111.42195644975737
hpc,3033,domain_heuristic,0.9985713667776738,7.282643741157761,3.985092833979918,17.36370623476273,8.0,1.8119092218252375,146.7314147484353,0.6355013610785982,0.705559494614903,0.6720340905364018,106.647161009314,0.4403597371154783,0.4403597371154783,2.8051852126873045,0.5047765148443,6.325289251072421,1.3856485490554584,0.3700592348508731,0.3700592348508731,0.6489394130273389,0.9985713667776738,0.0,90.0,0.0,0.0,200.0,40320.0,0.0,0.0,21329.4322018628,90.0,92.32592739274767
hpc,3033,work_stealing,0.9999618115152504,5.6793370454008985,2.9094444508736697,0.4641454646035743,8.0,1.1058738513707775,146.7314147484353,0.4992202919392649,0.7688530701015117,0.7425343602615847,0.5827718347427435,0.34101506373053675,0.34101506373053675,2.412597812437363,0.5052489761641192,5.667071810737099,1.2183927155869176,0.27256302894195383,0.27256302894195383,0.74036952559137,0.9999618115152504,0.0,90.0,0.0,0.0,200.0,0.0,0.0,1440.0,116.5543669485487,90.0,96.43298038043586
hpc,3033,parmetis_adaptive,0.9714092809691267,49.767892973872,9.216558057112572,347.49356135260825,8.0,113.76457508151178,395.9284566571539,4.246747545859308,0.4538548603807748,0.39167001775086296,29.86172245873604,0.3560423010978333,0.3560423010978333,7.1120871449153125,0.5198588101593711,76.72788886505936,21.09298074868048,0.2596582080594405,0.2596582080594405,0.20426486906106348,0.9714092809691267,0.0,0.0,22.0,0.0,200.0,22.0,0.0,0.0,5972.344491747208,757.0,796.3201320408796
hpc,3033,c_kam,0.9999431287289245,4.390274005411091,2.054305519311435,0.691217331856379,4.0,0.9222827267501,146.47698272554985,0.38964993354013117,0.4546849465153452,0.39259461864333006,14.74789383733878,0.16137284008288005,0.16137284008288005,1.9260481077754974,0.6501877799092162,4.680964323275308,1.0085189426125094,0.16398069551171227,0.16398069551171227,0.81305633477416,0.9999431287289245,16.0,27.0,0.0,12.0,200.0,22626.0,6998.0,6180.0,2949.578767467756,27.0,37.83501598844277
hpc,3033,d_kam,0.9995237767994714,6.996486698532581,2.996626810388771,5.788049463581103,2.0,1.0589114867304243,166.14858556323682,0.6111780124554579,0.3488644834314351,0.27472529095085596,5.313785520847887,0.2852224441961543,0.2852224441961543,2.391611642582222,0.8035248881642655,7.034117907301773,1.6078408506524542,0.24382900341063504,0.24382900341063504,0.7329590250325865,0.9995237767994714,6.0,13.0,0.0,0.0,200.0,8258.0,6401.0,6401.0,1062.7571041695774,13.0,16.89077976454719
hpc,3034,static,0.8735455965381058,142.39765155991907,10.112433345376777,1675.6220552139948,8.0,10815.640696049812,1675.6220552139948,12.118395284955781,0.5740544103538372,0.5255556550970958,0.0,1.5454365219557158,1.5454365219557158,80.37731549277832,0.5110584924412452,3500.8484939311656,976.4767181937561,1.558882199426554,1.558882199426554,0.12923413403358774,0.8735455965381058,0.0,0.0,0.0,0.0,200.0,0.0,0.0,0.0,0.0,0.0,0.0
hpc,3034,greedy_load,0.9999633587954803,4.7178228113913505,2.3284302635425753,0.4855252861296988,8.0,1.1274765863064458,125.27660152816628,0.41560984133092277,0.7696784340908448,0.7434537013388123,89.24617277007201,0.27692483895048414,0.27692483895048414,2.443873381960118,0.5057118843895634,5.731656675628431,1.2540093508974974,0.25630366244339214,0.25630366244339214,0.7908743959894948,0.9999633587954803,0.0,90.0,0.0,0.0,200.0,0.0,0.0,0.0,17849.2345540144,90.0,99.43883061216857
hpc,3034,affinity_greedy,0.8613863543109257,153.4112451381641,10.14913479285042,1836.741746523852,8.0,11202.466650239458,1836.741746523852,13.054550739106608,0.4384116979826564,0.374468475475731,0.9633939992636442,1.4110062688386216,1.4110062688386216,80.53445332772579,0.5109887342589784,3617.211591769765,1009.0154362511921,1.473208189541519,1.473208189541519,0.1261145109983282,0.8613863543109257,0.0,14.0,0.0,0.0,200.0,0.0,0.0,0.0,192.67879985272884,14.0,14.244363779893911
hpc,3034,balanced_affinity,1.0000000000000002,4.711312345520934,2.3289891985372293,0.0,8.0,1.0189177351607979,125.27660152816628,0.4150564517319374,0.7096097289622209,0.6765454901806914,90.34535015554866,0.2829758082650421,0.2829758082650421,2.444878244357336,0.5055241706265546,5.693882021660911,1.2527719789018863,0.25865700094373983,0.25865700094373983,0.7908268865149495,1.0000000000000002,0.0,84.0,0.0,0.0,200.0,0.0,0.0,0.0,18069.07003110973,84.0,76.98993465217592
hpc,3034,dynamic_leiden,0.9538018959721828,70.96232307403892,9.528974757570637,612.1618535918193,8.0,556.5635662086859,675.2964307370657,6.046392363655966,0.4380418574875273,0.3740565244291765,2.963070340338163,0.8810213275167719,0.8810213275167719,17.01845447044465,0.5081226790659596,300.16588066790644,83.32408422166809,0.8500777433028172,0.8500777433028172,0.17882811399710966,0.9538018959721828,0.0,0.0,17.0,0.0,200.0,1152.0,1224.0,1224.0,592.6140680676326,79.0,80.45178578522867
hpc,3034,domain_heuristic,0.9999724004117619,4.930022176118919,2.5036974291810776,0.3657166338216449,8.0,1.0670897781455762,125.27660152816628,0.43364678733276607,0.7027541828676536,0.6689093621050597,106.69574370171176,0.3147125609472177,0.3147125609472177,2.512101124575363,0.5060286440617274,5.769008553542566,1.2660755538990853,0.2793778692826994,0.2793778692826994,0.7759766869102223,0.9999724004117619,0.0,80.0,0.0,0.0,200.0,40320.0,0.0,0.0,21339.148740342353,80.0,74.27315425358046
hpc,3034,work_stealing,1.0000000000000002,5.908479067324528,2.8718441743899157,0.0,8.0,1.0230971101333644,141.3282725964179,0.5168156230852429,0.7332599799548754,0.7028885915338959,0.582444940082496,0.344043865402892,0.344043865402892,2.6565754213876533,0.507290982908331,7.18830672707669,1.647960546025042,0.31535087675759177,0.31535087675759177,0.7446842135674708,1.0000000000000002,0.0,90.0,0.0,0.0,200.0,0.0,0.0,1440.0,116.4889880164992,90.0,93.66545312715604
hpc,3034,parmetis_adaptive,0.9743118229356533,47.72202598633899,9.124067095880301,340.3889059524397,8.0,87.83545404344437,384.6498402133619,4.0709671112014725,0.44302403557000203,0.3796059802141112,30.140531825018115,0.33368329649644124,0.33368329649644124,7.167238600784833,0.5210110550563474,71.60643573747137,19.671261670888633,0.2826543999332936,0.2826543999332936,0.21324526524078824,0.9743118229356533,0.0,0.0,22.0,0.0,200.0,22.0,0.0,0.0,6028.106365003623,782.0,828.6348545658481
hpc,3034,c_kam,1.0000000000000002,4.204337699282246,1.9721043896021848,0.0,6.0,0.8903988432316077,126.64829407566941,0.3719636068016489,0.33810908905918113,0.26274527246690965,10.460959564370569,0.16275882943300757,0.16275882943300757,1.9017489979843123,0.6912061439053013,4.515865084257179,0.9705321285771528,0.17554454769819866,0.17554454769819866,0.8211620952744281,1.0000000000000002,18.0,20.0,0.0,16.0,200.0,16507.0,6220.0,6093.0,2092.1919128741138,20.0,34.42832722979174
hpc,3034,d_kam,0.9991567806866282,6.3578502220741875,3.390244044952532,11.173330783173906,2.0,1.517663599163506,135.03316231226984,0.5550121712389638,0.3542315612926557,0.280703471736869,5.109366935648723,0.28332959431759924,0.28332959431759924,2.329167232823956,0.7844972433394131,5.632392170689161,1.2214085395625418,0.2998856586163026,0.2998856586163026,0.7006202245696486,0.9991567806866282,6.0,13.0,0.0,0.0,200.0,8062.0,6352.0,6352.0,1021.8733871297445,13.0,16.881549602303902
hpc,3035,static,0.9252015963082728,78.03826771697119,9.367961683667867,885.8917051391766,8.0,2352.310532766407,885.8917051391766,6.642395637283362,0.6378676650524455,0.5966347754297043,0.0,1.2264418208623449,1.2264418208623449,29.846577408149482,0.5097674236170286,643.0216769939768,178.8911152221446,1.2277992169497933,1.2277992169497933,0.19571704418649108,0.9252015963082728,0.0,0.0,0.0,0.0,200.0,0.0,0.0,0.0,0.0,0.0,0.0
hpc,3035,greedy_load,0.999947944331369,5.076198738931852,3.320859941548267,0.6165330109944118,8.0,1.1354088324690184,74.63581110340812,0.44061977415001863,0.7163271943709135,0.6840278155121563,90.37028588441899,0.35917603882384985,0.35917603882384985,2.2282190121634318,0.5072718233768654,3.420519263231853,0.5947226862368629,0.32007732453103804,0.32007732453103804,0.7097206922666569,0.999947944331369,0.0,90.0,0.0,0.0,200.0,0.0,0.0,0.0,18074.057176883798,90.0,93.76879258971522
hpc,3035,affinity_greedy,0.8449356316281391,138.2688997080691,9.751379461844666,1836.5396976843542,8.0,6085.011059450165,1836.5396976843542,11.761999356526685,0.4723338901535006,0.41225309546800804,0.9961175854550675,1.124626383999957,1.124626383999957,41.9545988755951,0.5235121728448212,1921.0590736739186,535.6633222535938,1.0991434647489233,1.0991434647489233,0.1631265330414631,0.8449356316281391,0.0,27.0,0.0,0.0,200.0,0.0,0.0,0.0,199.2235170910135,27.0,28.506414730092523
hpc,3035,balanced_affinity,0.9997675928989563,4.805504308834065,3.116743471865943,2.7525657349477144,8.0,1.173421419200752,74.63581110340812,0.4176107475917067,0.7105599591274605,0.6776039148696963,91.47561111079995,0.3636886199957889,0.3636886199957889,2.194376624367956,0.5070417830094942,3.4353327394242728,0.598733126949236,0.3182131111280006,0.3182131111280006,0.7270705921896545,0.9997675928989563,0.0,90.0,0.0,0.0,200.0,0.0,0.0,0.0,18295.12222215999,90.0,89.98484490042742
hpc,3035,dynamic_leiden,0.9398508349896253,73.87836270265323,9.257279287801913,712.3901543855052,8.0,686.7709623420313,740.5724854010056,6.288803711066337,0.4321007389431579,0.3674389418921314,1.9985817593988031,1.1334470503631293,1.1334470503631293,22.16511407332242,0.5082681274017135,462.78799239404674,128.64497059395845,1.0574953829287295,1.0574953829287295,0.20512504783509708,0.9398508349896253,0.0,0.0,12.0,0.0,200.0,752.0,864.0,864.0,399.7163518797606,55.0,58.36574214577212
hpc,3035,domain_heuristic,0.999954891960619,4.844392484654681,3.208620324208434,0.5342472024887222,8.0,1.120969035945386,74.63581110340812,0.42091624253645904,0.7089389596054448,0.6757983460951738,108.12291570138768,0.36074771913511855,0.36074771913511855,2.201844211186313,0.50750201460251,3.339841771531539,0.5730235125934864,0.3233211582671363,0.3233211582671363,0.7192610597405428,0.999954891960619,0.0,90.0,0.0,0.0,200.0,40320.0,0.0,0.0,21624.583140277537,90.0,91.16115543985721
hpc,3035,work_stealing,0.9999572487509454,3.207440881557243,2.1382668881507807,0.5063340265662335,8.0,1.1816802266910094,74.63581110340812,0.28177535627317674,0.7488201068017512,0.7202204159920494,0.5881827411940321,0.3182499687292944,0.3182499687292944,1.8483994034819096,0.507774591388973,2.812406000410165,0.4305169769366332,0.24064457706563508,0.24064457706563508,0.8102411018054434,0.9999572487509454,0.0,90.0,0.0,0.0,200.0,0.0,0.0,1440.0,117.63654823880643,90.0,90.06506537044426
hpc,3035,parmetis_adaptive,0.9747526223087901,42.6253346607063,8.777167477024852,299.02299205929523,8.0,84.39557413693018,347.2478546300782,3.6322963275008466,0.4731317169991999,0.4131417639842574,29.850801994325593,0.3619679362168073,0.3619679362168073,6.292198182124139,0.5207418848498514,59.71247138838398,16.33693357795523,0.264528379329856,0.264528379329856,0.24593455175114742,0.9747526223087901,0.0,0.0,22.0,0.0,200.0,22.0,0.0,0.0,5970.160398865119,729.0,774.5863064450817
hpc,3035,c_kam,0.9999249971124998,2.5320300348681584,1.5507023981725978,0.8883135550785148,5.0,0.8925958304389737,75.4552449574415,0.2243654343046046,0.3477824660466747,0.2735200735668406,8.3830862546165,0.1464495477228522,0.1464495477228522,1.535261816327457,0.7340154683952494,2.3751809945881943,0.36415968534324217,0.1630481905247943,0.1630481905247943,0.8601840834535889,0.9999249971124998,16.0,22.0,0.0,13.0,200.0,12604.0,6219.0,6035.0,1676.6172509233002,22.0,34.31026407142513
hpc,3035,d_kam,0.9999999999999997,2.514351554098932,1.4633564412543107,0.0,2.0,1.0643519348805959,80.635122765309,0.22286276343922037,0.30953199100922074,0.23091434642116176,5.346156124433037,0.1982218451067208,0.1982218451067208,1.6302690843048495,0.8302501604982094,2.7405670136005376,0.43315674837434914,0.18645273809045712,0.18645273809045712,0.8676084897916434,0.9999999999999997,6.0,6.0,0.0,0.0,200.0,7993.0,6285.0,6285.0,1069.2312248866074,6.0,8.752233459556372
hpc,3036,static,0.8845856389192607,145.89261315033053,10.401419560593778,1439.894809438614,8.0,5112.409580822317,1439.894809438614,12.431689403308047,0.6263898305615019,0.5838500587937522,0.0,1.587967284761782,1.587967284761782,79.95536801765124,0.5128807850917544,2855.7490510998236,796.3982612149665,1.8366822508786678,1.8366822508786678,0.09726771195832795,0.8845856389192607,0.0,0.0,0.0,0.0,200.0,0.0,0.0,0.0,0.0,0.0,0.0
hpc,3036,greedy_load,0.9999999999999996,13.6442307207521,4.688966253914679,0.0,8.0,1.1110591504536136,256.6705528913741,1.1905768967938792,0.7556662770729967,0.7278461007001201,89.31771061557811,0.3923807733474514,0.3923807733474514,5.287898149240029,0.5050249877340929,31.660088675653537,8.461973138300596,0.4124093762370525,0.4124093762370525,0.5828262430260512,0.9999999999999996,0.0,90.0,0.0,0.0,200.0,0.0,0.0,0.0,17863.54212311562,90.0,103.65529721429695
hpc,3036,affinity_greedy,0.8565300656608129,181.46030927512794,10.513937485202902,1789.9125536117544,8.0,6047.2920371128,1789.9125536117544,15.454943573915825,0.44794767972792376,0.3850902373207072,0.9444530087057501,1.3700805824515743,1.3700805824515743,80.14662414042961,0.5171745096640811,3172.4528274702475,884.8844722962161,1.5709844481500845,1.5709844481500845,0.08770368836655226,0.8565300656608129,0.0,16.0,0.0,0.0,200.0,0.0,0.0,0.0,188.89060174115002,16.0,15.180020615586683
hpc,3036,balanced_affinity,0.9987705629019651,14.330057924278963,5.110390385751693,15.338300012364636,8.0,1.6594741169266298,256.6705528913741,1.2488722090936626,0.7441942634568646,0.7150678677118542,90.02373308074311,0.4211794867705482,0.4211794867705482,5.421617479300326,0.5055066694105083,31.90348223940923,8.52405139097945,0.44400188430693516,0.44400188430693516,0.5470051918199053,0.9987705629019651,0.0,90.0,0.0,0.0,200.0,0.0,0.0,0.0,18004.746616148623,90.0,96.87360742642026
hpc,3036,dynamic_leiden,0.9548465459244365,80.53672982914608,9.906149048101204,563.3287187384517,8.0,291.76920110022695,586.393249077274,6.876439321007369,0.4388548612839361,0.37496209796478036,4.078870145021938,1.1637049978294478,1.1637049978294478,26.167663499970953,0.5097860111547231,457.53564722099907,127.16899717514174,1.1842522494577228,1.1842522494577228,0.13936570552019673,0.9548465459244365,0.0,0.0,22.0,0.0,200.0,1629.0,1584.0,1584.0,815.7740290043876,88.0,99.74752629931962
hpc,3036,domain_heuristic,0.9997166841987984,13.322801670170556,4.433423622456167,3.534611704832271,8.0,1.1812765393439808,256.6705528913741,1.163255427494448,0.7343611850610269,0.7041151813798566,106.43850172389648,0.37275169200563874,0.37275169200563874,5.201173548414324,0.5051048732961172,31.569277212311327,8.446111467045647,0.3917862985783636,0.3917862985783636,0.6045473667000251,0.9997166841987984,0.0,89.0,0.0,0.0,200.0,40320.0,0.0,0.0,21287.700344779296,89.0,88.01050794193966
hpc,3036,work_stealing,0.9996957186744581,13.220898217312591,4.51147294965776,3.7961749053891714,8.0,1.2197799914240905,255.4643886669434,1.1545936340015208,0.7924044943972831,0.7687673823732112,0.5790679996425752,0.356839507821729,0.356839507821729,5.128080331117371,0.5071165915225113,31.316416068318325,8.369409301423314,0.38229027278886113,0.38229027278886113,0.5979131738878896,0.9996957186744581,0.0,90.0,0.0,0.0,200.0,0.0,0.0,1440.0,115.81359992851503,90.0,98.16302622208217
hpc,3036,parmetis_adaptive,0.9701564136797689,63.53250483338646,9.649333667585786,372.3247664774775,8.0,96.44994876109462,440.6304412046047,5.4310801963678,0.44014926595567005,0.37640388534666214,29.96018884019577,0.4349445429177357,0.4349445429177357,10.553665927236034,0.5232073833759333,139.35323110074117,38.55476580621373,0.37174332263322024,0.37174332263322024,0.16119501286400734,0.9701564136797689,0.0,0.0,22.0,0.0,200.0,22.0,0.0,0.0,5992.037768039154,604.0,653.331307691599
hpc,3036,c_kam,0.9999999999999999,12.489549791065285,3.8569695847015844,0.0,3.0,0.918948201315121,262.23490873370383,1.0924290177704998,0.4511764407886065,0.38868662959126965,15.12036274492857,0.22623207930416075,0.22623207930416075,3.922772246270721,0.6491046183066402,25.637105317823785,6.840738052130259,0.2602086032851691,0.2602086032851691,0.6535459599091644,0.9999999999999999,16.0,31.0,0.0,11.0,200.0,22940.0,6351.0,6184.0,3024.072548985714,31.0,41.12468135446592
hpc,3036,d_kam,0.9999999999999997,14.301420744523947,4.335349277365657,0.0,2.0,1.0855086420312532,284.8135268790912,1.2464380488144857,0.30161750857595526,0.22209871004747495,4.281393911951454,0.26542708556632366,0.26542708556632366,4.210206703336341,0.8775495903983075,28.52311452387827,7.599283732038141,0.29297984489928725,0.29297984489928725,0.6128836860327183,0.9999999999999997,6.0,9.0,0.0,0.0,200.0,6822.0,6318.0,6318.0,856.2787823902909,9.0,12.453047771954637
hpc,3037,static,0.9011365080425895,116.31187067988864,10.125827717792063,1278.216213462111,8.0,2986.9806160414537,1278.216213462111,9.908469160749489,0.6268797143962472,0.5843957214809684,0.0,1.1818567817028023,1.1818567817028023,33.309343484687034,0.506251872271031,1007.8367284589737,280.7319524715438,1.1544394432088076,1.1544394432088076,0.1247870884562741,0.9011365080425895,0.0,0.0,0.0,0.0,200.0,0.0,0.0,0.0,0.0,0.0,0.0
hpc,3037,greedy_load,0.999083446193873,7.519805444835629,3.5212990340508448,11.85021803605857,8.0,1.47466639357097,184.88492051705884,0.6611436157699841,0.7320359362532918,0.7015251765197558,88.8949135641451,0.36454497589379975,0.36454497589379975,2.9776198013006434,0.5056059631541423,9.312351953260126,2.2358865227007407,0.3233707806731536,0.3233707806731536,0.6861720265742778,0.999083446193873,0.0,90.0,0.0,0.0,200.0,0.0,0.0,0.0,17778.98271282902,90.0,94.37463460535477
hpc,3037,affinity_greedy,0.9166957397229824,96.8857940139618,9.95377652431385,1077.0493134353737,8.0,2013.1548165874094,1077.0493134353737,8.257252644145709,0.4629257157572557,0.401773693293973,0.9717714754515328,1.1691795336863018,1.1691795336863018,27.7852948657829,0.5205633618056135,677.4605527374448,188.54550186532072,1.1509703042225845,1.1509703042225845,0.13941143990192234,0.9166957397229824,0.0,22.0,0.0,0.0,200.0,0.0,0.0,0.0,194.35429509030655,22.0,22.037821624749995
hpc,3037,balanced_affinity,0.9995673769201112,7.114009113272597,3.2270160850131013,5.593428110645255,8.0,1.1852296951311037,184.88492051705884,0.6266509275871265,0.7017215759732821,0.6677591811583586,90.035622985597,0.34699979316373153,0.34699979316373153,2.8938941498965756,0.5054896236503649,9.18219870101912,2.2099481855994325,0.3044564870270328,0.3044564870270328,0.7111860772424861,0.9995673769201112,0.0,85.0,0.0,0.0,200.0,0.0,0.0,0.0,18007.1245971194,85.0,82.20048239451027
hpc,3037,dynamic_leiden,0.94888831376812,67.1976424636291,9.558274470019297,660.8282263297166,8.0,671.3284436872594,660.8282263297166,5.733759762367429,0.43836127689547366,0.37441231337367126,2.4193972747889347,1.1233211192468955,1.1233211192468955,20.33361931952316,0.5115105921868992,318.47134507211393,88.36506304648985,1.0410767911969487,1.0410767911969487,0.17302911451695951,0.94888831376812,0.0,0.0,8.0,0.0,200.0,969.0,576.0,576.0,483.87945495778695,43.0,49.40881202126637
hpc,3037,domain_heuristic,0.999060822504383,7.30676397948794,3.375188348968561,12.142722034679029,8.0,1.4468832156199987,184.88492051705884,0.6430350912154307,0.7041942272695719,0.6705133719586815,106.1128578853095,0.36699007773426323,0.36699007773426323,2.94600258470898,0.5050405830674547,9.244066468723753,2.2213711814878745,0.3172865149149026,0.3172865149149026,0.6985914348062721,0.999060822504383,0.0,86.0,0.0,0.0,200.0,40320.0,0.0,0.0,21222.5715770619,86.0,82.62460968052376
hpc,3037,work_stealing,0.9996035250850898,6.474076019449392,2.8263795102452516,5.126064783225086,8.0,1.2850422152077192,182.11612400401685,0.572256614612154,0.7485435278370519,0.7199123453630527,0.5891785844869446,0.31107401758097863,0.31107401758097863,2.733213235641053,0.5055823283952955,8.774897609731312,2.097822442683926,0.25998299274141706,0.25998299274141706,0.7452401860977532,0.9996035250850898,0.0,90.0,0.0,0.0,200.0,0.0,0.0,1440.0,117.83571689738892,90.0,92.81839373745096
hpc,3037,parmetis_adaptive,0.9715516615618933,56.365945474054456,9.435964896077149,367.81148144463396,8.0,117.98582401636519,419.88870092421683,4.813065518253584,0.4346069209975646,0.37023048130916847,29.932393366179895,0.393903671050022,0.393903671050022,8.20594346029888,0.5182916622056201,98.90763289994939,27.277862350304616,0.2851913074220998,0.2851913074220998,0.18342542830204217,0.9715516615618933,0.0,0.0,22.0,0.0,200.0,22.0,0.0,0.0,5986.478673235979,716.0,790.5114197312754
hpc,3037,c_kam,0.9999385545603835,5.742119386571387,2.332061535645367,0.7944343822612114,8.0,0.8580635789070621,184.0294371683064,0.5100403008175236,0.4349448371407078,0.37060687305276857,18.13496052607661,0.21183653855427714,0.21183653855427714,2.354230243039019,0.6185155971315751,7.836266997934572,1.8870727979845643,0.19127737237427364,0.19127737237427364,0.7872572139387434,0.9999385545603835,18.0,24.0,0.0,18.0,200.0,27069.0,6862.0,6249.0,3626.992105215322,24.0,38.90352817219733
hpc,3037,d_kam,0.9988978750670351,7.072700669415109,3.1997920426647397,14.249486141798787,2.0,1.4619695902334553,184.19778082441945,0.62313970985924,0.36902467926802757,0.2971809546302287,5.019923661602661,0.31599971589855685,0.31599971589855685,2.634573444503734,0.7859104950455178,8.794908371774245,2.092200853539652,0.2880481525308866,0.2880481525308866,0.7135001208420968,0.9988978750670351,6.0,10.0,0.0,0.0,200.0,7809.0,6336.0,6336.0,1003.9847323205322,10.0,13.337960633844787
hpc,3038,static,0.9096879373853841,92.08295967001902,9.873464699519124,1125.5055843927678,8.0,4306.305412716684,1125.5055843927678,7.847149179269829,0.6669040263018846,0.6289772570194261,0.0,1.3014636832902642,1.3014636832902642,39.35165129992408,0.516010313204764,1171.6738560896747,326.41879141201105,1.3592765178754656,1.3592765178754656,0.14662632936933193,0.9096879373853841,0.0,0.0,0.0,0.0,200.0,0.0,0.0,0.0,0.0,0.0,0.0
hpc,3038,greedy_load,0.9992307285404908,6.915200766274757,3.398427877503868,9.586973196328987,8.0,1.5376321212250967,144.74706488614862,0.6078896724515667,0.8144425471603444,0.7933147183716706,90.2276333932241,0.3870129899917432,0.3870129899917432,2.7752401422180424,0.5077546991269626,7.5636098132378695,1.7266536111935056,0.3336994525204996,0.3336994525204996,0.6970044592406286,0.9992307285404908,0.0,90.0,0.0,0.0,200.0,0.0,0.0,0.0,18045.52667864482,90.0,103.59806674636565
hpc,3038,affinity_greedy,0.8957736477767149,102.46502340456257,9.92999621617214,1298.9111096794952,8.0,3676.48066155316,1298.9111096794952,8.729624596706033,0.4388075501364308,0.3749093999044403,1.0896976005460601,1.2784063244529866,1.2784063244529866,36.16429957610145,0.5143004872921333,1071.2599339082374,298.43619481955955,1.3216205682523547,1.3216205682523547,0.14182115045382557,0.8957736477767149,0.0,43.0,0.0,0.0,200.0,0.0,0.0,0.0,217.93952010921203,43.0,45.79031297062448
hpc,3038,balanced_affinity,0.9998804440158973,6.650131902537842,3.1814173779054444,1.4899552048668396,8.0,1.2072669090231969,144.74706488614862,0.5853588190339287,0.7983450367326879,0.7753843230933404,90.86467483663,0.36900401496534757,0.36900401496534757,2.7292374515631765,0.5075006009788484,7.5054323825795235,1.7191180849819612,0.31965175774729565,0.31965175774729565,0.7154503517064947,0.9998804440158973,0.0,85.0,0.0,0.0,200.0,0.0,0.0,0.0,18172.934967326,85.0,80.09617977207391
hpc,3038,dynamic_leiden,0.9636826189371189,49.99419443470476,9.175762565785941,452.60194500505054,8.0,520.1680353995157,453.23307233296106,4.269604134268117,0.45470351451683255,0.39261530082320456,3.460487540141912,1.0702534331174016,1.0702534331174016,16.805504237385097,0.5094791994479967,216.55526036158574,59.931005316500084,1.0776382714845048,1.0776382714845048,0.20593101073665246,0.9636826189371189,0.0,0.0,15.0,0.0,200.0,1379.0,1080.0,1080.0,692.0975080283824,72.0,76.93371214081863
hpc,3038,domain_heuristic,0.9995250654013925,6.46616869106616,3.0435708166253517,5.918827756531556,8.0,1.280427518385562,144.74706488614862,0.5697219460588359,0.7851653065666215,0.7607039305816329,107.95426543496433,0.35032775337809624,0.35032775337809624,2.6827051085584426,0.5073050865741926,7.425795528008287,1.7040708335334551,0.3076038217980972,0.3076038217980972,0.7271673094153024,0.9995250654013925,0.0,86.0,0.0,0.0,200.0,40320.0,0.0,0.0,21590.853086992865,86.0,85.52154823512312
hpc,3038,work_stealing,0.9999672346063215,7.570325735867584,3.82118671045039,0.4083356363788887,8.0,1.1754783431211262,144.38027701025243,0.663575294866957,0.7444292902752931,0.7153296550096087,0.5961846315767616,0.4527170679731223,0.4527170679731223,2.9475620091536485,0.5070933378308841,7.814378120323049,1.7907842052651346,0.37502208683097893,0.37502208683097893,0.6610699584401742,0.9999672346063215,0.0,90.0,0.0,0.0,200.0,0.0,0.0,1440.0,119.23692631535232,90.0,91.18956990427978
hpc,3038,parmetis_adaptive,0.9829328667657002,47.705255921950624,9.161493880893207,212.69754237316135,8.0,40.297023011584415,377.8501778377199,4.075044360684017,0.46588686552290726,0.40507200367650553,29.67468062066473,0.37907271043327867,0.37907271043327867,7.0784388931985776,0.5186648712778422,71.64655211315996,19.667670611983,0.27800576281499956,0.27800576281499956,0.20714384895253482,0.9829328667657002,0.0,0.0,22.0,0.0,200.0,22.0,0.0,0.0,5934.936124132946,622.0,691.0563799564873
hpc,3038,c_kam,1.0,5.009085377436208,2.064710961306965,0.0,4.0,0.9042246130488496,144.09359614170808,0.4458698644002901,0.40210105971078447,0.3340234575986461,11.790973954484798,0.1563991194379561,0.1563991194379561,2.0568181687826663,0.6777247017303215,5.9595561035904545,1.368388116945794,0.16352463542813464,0.16352463542813464,0.8103703971173654,1.0,15.0,20.0,0.0,11.0,200.0,18332.0,6359.0,6118.0,2358.1947908969596,20.0,31.16764000141296
hpc,3038,d_kam,0.999101600721696,7.099680757100002,2.996991825070596,11.196216490607176,2.0,1.2176113402999875,172.9245245350105,0.6235704716717124,0.25633299301886103,0.1716580367784343,4.651100930641405,0.20127526834020032,0.20127526834020032,2.3938440642121734,0.8787509582732068,8.047343942765263,1.9093228686152073,0.2585907720612746,0.2585907720612746,0.7311265236974569,0.999101600721696,6.0,5.0,0.0,0.0,200.0,7265.0,6287.0,6287.0,930.2201861282811,5.0,9.793387644603971
hpc,3039,static,0.874204495726234,162.95684387013344,10.464258145444589,1633.9458527179374,8.0,8801.332965593965,1633.9458527179374,13.883770742689833,0.641056340836512,0.600186518258491,0.0,1.7062699373468257,1.7062699373468257,80.77468698190307,0.5091343386100995,3481.086716554685,970.9053886403212,1.8114429683407132,1.8114429683407132,0.09123231316688528,0.874204495726234,0.0,0.0,0.0,0.0,200.0,0.0,0.0,0.0,0.0,0.0,0.0
hpc,3039,greedy_load,0.9989640843325351,12.610089521222445,4.4128096863303705,13.455410178547398,8.0,1.672594892439534,268.78706277317906,1.1042966230323954,0.8035546938955497,0.7811871590420728,89.81000897387275,0.4265453580831737,0.4265453580831737,5.009362825573664,0.5032051693811002,29.701355471586776,7.897791699767787,0.4268001678226966,0.4268001678226966,0.6056054321915938,0.9989640843325351,0.0,90.0,0.0,0.0,200.0,0.0,0.0,0.0,17962.00179477455,90.0,115.50285482397713
hpc,3039,affinity_greedy,0.8806209452253548,132.15861900136156,10.323486401236947,1550.6031998243552,8.0,7867.457678037669,1550.6031998243552,11.265921628844216,0.46836019571392784,0.4078269506714543,0.9861617909336928,2.047519832609721,2.047519832609721,81.05226143866,0.5169111560695048,2999.310929924098,836.3653943125593,2.0879311146031254,2.0879311146031254,0.10319791142453492,0.8806209452253548,0.0,23.0,0.0,0.0,200.0,0.0,0.0,0.0,197.23235818673857,23.0,24.899172223040566
hpc,3039,balanced_affinity,0.9987270207408048,12.506004855237377,4.31597312179349,16.53460664724189,8.0,1.8366720834403496,268.78706277317906,1.0954494264236643,0.7704439597496203,0.7443063908102207,89.85531380414614,0.41252858130204906,0.41252858130204906,4.935567908221847,0.5036336818767593,29.64064160970783,7.890852517874927,0.40963800867259875,0.40963800867259875,0.6138365401772288,0.9987270207408048,0.0,88.0,0.0,0.0,200.0,0.0,0.0,0.0,17971.062760829227,88.0,96.08267545524987
hpc,3039,dynamic_leiden,0.9625492697373632,47.774939754576565,9.199382622106038,486.4439770496253,8.0,558.6770859718446,486.4439770496253,4.093308892867495,0.44019165016570183,0.37645109548159866,2.9454463797446806,1.1504683410669478,1.1504683410669478,18.703195389855615,0.5103800439148313,219.58234841602862,60.75574112799173,1.1408526288366365,1.1408526288366365,0.19874673265066214,0.9625492697373632,0.0,0.0,14.0,0.0,200.0,1144.0,1008.0,1008.0,589.0892759489361,77.0,87.14164700821216
hpc,3039,domain_heuristic,0.9995513670097069,11.869387582478407,3.813835930289818,5.8272512846476126,8.0,1.1421841570174591,268.78706277317906,1.0413369582391518,0.7817950478277769,0.7569499295111376,107.16705983111751,0.3751566730924384,0.3751566730924384,4.80048878017567,0.5032826114505605,29.485627542849112,7.856590604585888,0.36689534872213103,0.36689534872213103,0.6565182014550409,0.9995513670097069,0.0,80.0,0.0,0.0,200.0,40320.0,0.0,0.0,21433.411966223503,80.0,82.88758200782723
hpc,3039,work_stealing,0.9996139178787528,11.5133941645713,3.7591298704134606,5.014783989798422,8.0,1.178429816781029,265.5459998438612,1.011077517717048,0.7922602090401774,0.7686066684853461,0.5725335153692868,0.37102159367144094,0.37102159367144094,4.696762331543168,0.5055794432960306,28.895818468130724,7.68965187921335,0.3537877850810521,0.3537877850810521,0.6611682165445313,0.9996139178787528,0.0,89.0,0.0,0.0,200.0,0.0,0.0,1424.0,114.50670307385735,89.0,109.94842240319646
hpc,3039,parmetis_adaptive,0.9724063080985497,54.693810305984286,9.456609497617675,358.4118423296751,8.0,112.00309922414783,446.0051997075102,4.681412889737151,0.45437149743056,0.39224547981126734,30.3038134551025,0.4798724387308883,0.4798724387308883,9.377689318750031,0.5218763490212109,108.76510503405494,30.001053705874245,0.3851475547863171,0.3851475547863171,0.17688244823217303,0.9724063080985497,0.0,0.0,21.0,0.0,200.0,22.0,0.0,0.0,6060.7626910205,685.0,800.3293028789976
hpc,3039,c_kam,0.9992693670055408,11.47551857966609,3.497003817376971,9.49012254490491,4.0,1.020566629419712,272.89760372214744,1.007858093000105,0.36118041067925943,0.2884435267466998,10.852179255452938,0.24361635287788988,0.24361635287788988,3.7655906334775766,0.700959928399312,24.580467458385122,6.541953410742061,0.26664435844724743,0.26664435844724743,0.6834489310526329,0.9992693670055408,13.0,27.0,0.0,9.0,200.0,16639.0,6318.0,6093.0,2170.4358510905877,27.0,40.94268767890138
hpc,3039,d_kam,0.9996825573195085,11.786646660073377,3.47334387344122,4.123232815517588,2.0,1.1176663132893676,282.3614424257545,1.0343039798347242,0.30898856091358357,0.23030904062156585,4.401870150031755,0.2621518670462223,0.2621518670462223,3.8023224708635848,0.8700427676743574,25.570062184401937,6.776800514725067,0.2801171336640426,0.2801171336640426,0.6854600262871716,0.9996825573195085,6.0,7.0,0.0,0.0,200.0,6927.0,6299.0,6299.0,880.374030006351,7.0,11.243596399673304
hpc,3040,static,0.7901959745898212,245.09196716454863,10.709501909916451,2442.765696369537,8.0,24165.370290531308,2442.765696369537,20.87041599414222,0.6663260873602824,0.6283335131488296,0.0,1.6412868874170032,1.6412868874170032,109.42033764039938,0.5290554458502479,7784.977136182732,2172.1973955560507,1.602469952042357,1.602469952042357,0.06891894251502106,0.7901959745898212,0.0,0.0,0.0,0.0,200.0,0.0,0.0,0.0,0.0,0.0,0.0
hpc,3040,greedy_load,0.9999192084173122,21.79158335782331,5.7257227437022,0.9406631086402868,8.0,1.1312843596344597,290.94058775005556,1.8898833705705662,0.8053677890634962,0.7832066957390427,89.8020803106192,0.41665243152555403,0.41665243152555403,5.625465935884218,0.506977947095525,46.199311230791515,12.504908922225189,0.3884916501770617,0.3884916501770617,0.49254017164323244,0.9999192084173122,0.0,90.0,0.0,0.0,200.0,0.0,0.0,0.0,17960.41606212384,90.0,102.12471027501039
hpc,3040,affinity_greedy,0.7890986534629628,243.56117598151863,10.698131565418842,2455.5418974045283,8.0,18827.26060794384,2455.5418974045283,20.74029874358467,0.5638274972782545,0.5141642915228082,0.9993155158008449,1.5145849340802335,1.5145849340802335,96.10718866040162,0.5329763850312577,6281.222282531837,1752.5269940273547,1.4564231885800003,1.4564231885800003,0.0698854217973179,0.7890986534629628,0.0,30.0,0.0,0.0,200.0,0.0,0.0,0.0,199.86310316016898,30.0,29.678087735347027
hpc,3040,balanced_affinity,0.9985403744081416,22.240866837906122,6.165014917373492,16.994542017797812,8.0,2.358840283880355,290.94058775005556,1.9280724663776057,0.7774178410008551,0.7520743278474872,90.44557622430148,0.43196602803405243,0.43196602803405243,5.6762631606419225,0.5075379221881401,45.904934693137996,12.423394408573927,0.4101140581124048,0.4101140581124048,0.4552003368811725,0.9985403744081416,0.0,90.0,0.0,0.0,200.0,0.0,0.0,0.0,18089.115244860295,90.0,94.06218875995819
hpc,3040,dynamic_leiden,0.8940239289585049,134.48449163541594,10.315833232353485,1233.8881986180797,8.0,3102.743078407318,1246.1909365981403,11.46878057416594,0.44245884706524835,0.3789764385627765,3.3299650240223855,1.045202182413115,1.045202182413115,37.411151624872936,0.5098815496993911,1353.9934653242099,377.4170122561008,1.054173785274101,1.054173785274101,0.1023807801078731,0.8940239289585049,0.0,0.0,11.0,0.0,200.0,1314.0,792.0,792.0,665.9930048044771,73.0,79.58479727553512
hpc,3040,domain_heuristic,0.9993728644864174,22.331049925970436,6.0247256599127565,7.30179088109092,8.0,1.1981189454922514,290.94058775005556,1.9357380288630721,0.7700553318291901,0.7438735131760782,107.72041981050279,0.43248919890537557,0.43248919890537557,5.7190022217983305,0.5068746227676482,46.47891310190041,12.58488109686668,0.4085063927844391,0.4085063927844391,0.4671249237653352,0.9993728644864174,0.0,90.0,0.0,0.0,200.0,40292.0,0.0,0.0,21544.083962100558,90.0,93.87720136133545
hpc,3040,work_stealing,0.9998158801261287,21.645618243495264,5.7731638092736715,2.1437229864076093,8.0,1.1118390333862869,288.5815455066288,1.8774763358526823,0.819932091957979,0.799429310349234,0.598769459174946,0.40138559045035704,0.40138559045035704,5.468674149229673,0.5087043106553879,47.0032964356057,12.73093057600767,0.39101249291890966,0.39101249291890966,0.48850768106965736,0.9998158801261287,0.0,90.0,0.0,0.0,200.0,0.0,0.0,1440.0,119.75389183498919,90.0,96.52014632416181
hpc,3040,parmetis_adaptive,0.9555602365658743,81.64641267699923,9.973494947430387,517.4158572955298,8.0,277.6232921155167,569.143662135633,6.97754386270052,0.4542953984977812,0.39216071614851855,29.31629513957887,0.3942163400535644,0.3942163400535644,10.643702251810769,0.5209870442596184,204.79718455868647,56.83027692412854,0.27527213544864165,0.27527213544864165,0.1314795343263364,0.9555602365658743,0.0,0.0,22.0,0.0,200.0,22.0,0.0,0.0,5863.259027915774,763.0,830.933076200315
hpc,3040,c_kam,0.9998815317197299,20.186819189280197,5.122247447815785,1.3793360284077665,4.0,0.9188971507483439,300.79933082148887,1.7534784162444013,0.4101696823416344,0.34301078478647395,11.713658898224821,0.21698286834565875,0.21698286834565875,3.8815477707412533,0.6812708710659657,33.13053938497195,8.933014639966872,0.21313258695118636,0.21313258695118636,0.5438355717935777,0.9998815317197299,14.0,34.0,0.0,10.0,200.0,17944.0,6268.0,6113.0,2342.7317796449643,34.0,44.53718702833278
hpc,3040,d_kam,0.9999634464580441,21.681093131281703,5.546953109528109,0.4255959255190269,2.0,1.1426131899373333,309.1981455087434,1.8804917013145295,0.43130675886774483,0.36655455814476523,4.519941749313148,0.2612350841006074,0.2612350841006074,4.1479889369071525,0.8011004312576365,36.125428091520256,9.721370376239543,0.2627291937784584,0.2627291937784584,0.5077355905480301,0.9999634464580441,6.0,17.0,0.0,0.0,200.0,6862.0,6401.0,6401.0,903.9883498626295,17.0,22.124020610375325
hpc,3041,static,0.8463790709322904,168.438050048271,10.32319964933215,1955.3941082755562,8.0,10486.83451166607,1955.3941082755562,14.336824065358964,0.6184598712364193,0.5750171833078928,0.0,1.516291923971649,1.516291923971649,66.28100754482548,0.5174380384282441,3251.0541546559753,906.7542188810606,1.5083524498658365,1.5083524498658365,0.10852162404576347,0.8463790709322904,0.0,0.0,0.0,0.0,200.0,0.0,0.0,0.0,0.0,0.0,0.0
hpc,3041,greedy_load,0.9999121233362226,6.722020407521129,3.1250662773931905,1.118555340390784,8.0,1.1285710712766237,167.14855524007135,0.5909615458952203,0.7539526468627037,0.7259373541787539,90.10186581101152,0.38128990197814405,0.38128990197814405,3.3266665393950494,0.5079242281179509,11.360071364642017,2.798409640004441,0.3473089612761294,0.3473089612761294,0.720362960660575,0.9999121233362226,0.0,90.0,0.0,0.0,200.0,0.0,0.0,0.0,18020.373162202304,90.0,89.55424185670773
hpc,3041,affinity_greedy,0.8692152415730846,144.09456895633548,10.229947212513363,1664.7194339484572,8.0,6770.188971851652,1664.7194339484572,12.267628172544441,0.4513182359250872,0.3888445697185377,0.9344355286157224,1.5550373256858279,1.5550373256858279,56.58254368690492,0.5211667546274176,2200.549206685227,613.5576094820694,1.4447707546920736,1.4447707546920736,0.11644808117536036,0.8692152415730846,0.0,14.0,0.0,0.0,200.0,0.0,0.0,0.0,186.8871057231445,14.0,13.22193162080973
hpc,3041,balanced_affinity,0.9996019713086425,7.917870131847665,3.9144895928083465,5.066386219176677,8.0,1.2572400849855312,167.14855524007135,0.6926087724629758,0.7162979402923788,0.6839952305236894,90.49670382461045,0.42946553988751945,0.42946553988751945,3.567239292126292,0.5088019593410239,11.733227106721142,2.895430015038682,0.40743359082281416,0.40743359082281416,0.6532619788502868,0.9996019713086425,0.0,90.0,0.0,0.0,200.0,0.0,0.0,0.0,18099.34076492209,90.0,89.68081827880022
hpc,3041,dynamic_leiden,0.9119015663822124,85.35962134213817,9.665525669359829,1121.3781812802272,8.0,2521.790649646234,1121.3781812802272,7.275157625337669,0.43080135430311683,0.3659916075158479,1.7565631393517833,1.2645339388004175,1.2645339388004175,26.775575700654205,0.5128060908850793,711.8696303902647,198.13028475942264,1.27865602076564,1.27865602076564,0.16442391234341072,0.9119015663822124,0.0,0.0,10.0,0.0,200.0,662.0,720.0,720.0,351.31262787035666,36.0,33.39939925117026
hpc,3041,domain_heuristic,0.9999523198372899,6.993792594678502,3.3038228295005747,0.6069062972809673,8.0,1.1080912886363334,167.14855524007135,0.6140621818035971,0.7174089759775947,0.6852327702720733,107.31605470049544,0.396691119430198,0.396691119430198,3.3816997061471765,0.5082613721954585,11.430387007452588,2.8201403070852678,0.3607701949931998,0.3607701949931998,0.7051686537314474,0.9999523198372899,0.0,84.0,0.0,0.0,200.0,40320.0,0.0,0.0,21463.21094009909,84.0,81.89004609186385
hpc,3041,work_stealing,0.9999483786588492,7.117705427849662,3.4284350293016046,0.6570723596021595,8.0,1.1424345834263427,166.96128980080508,0.6245947726231457,0.766985574146766,0.7404542286288234,0.5929613106127363,0.39656805261937983,0.39656805261937983,3.4142375828439127,0.5096587073108484,11.526721317857948,2.8378164554483636,0.37162629430912875,0.37162629430912875,0.6945766167483598,0.9999483786588492,0.0,90.0,0.0,0.0,200.0,0.0,0.0,1440.0,118.59226212254725,90.0,100.87445571835369
hpc,3041,parmetis_adaptive,0.9727337395253801,48.680799815120885,9.161471590277792,347.06394115919863,8.0,113.5313255889208,429.7833022267266,4.1574577955412,0.453188691763176,0.39092799825106234,29.521127449261257,0.44288167378781423,0.44288167378781423,7.587718342761386,0.5207280200707193,80.55453134495286,22.137938908221795,0.32343268286500204,0.32343268286500204,0.20726850906538397,0.9727337395253801,0.0,0.0,22.0,0.0,200.0,22.0,0.0,0.0,5904.2254898522515,669.0,703.8193122456886
hpc,3041,c_kam,0.999990554525562,5.626680974932011,2.355483037789583,0.12022857287579308,4.0,0.8503577733540715,166.76321688310406,0.49785769412514536,0.3488526361977681,0.2747120947747416,12.795657089154702,0.23602781988974084,0.23602781988974084,2.6153108911792873,0.6709470288882184,9.493196024758255,2.343122713932489,0.23328521828468052,0.23328521828468052,0.7857775360268816,0.999990554525562,15.0,24.0,0.0,11.0,200.0,19746.0,6293.0,6139.0,2559.1314178309403,24.0,33.04036600569091
hpc,3041,d_kam,0.9999792623945596,6.22802934405646,2.4063299125187476,0.26396267582579014,2.0,1.2095832221782108,179.09819783158645,0.5489723055007234,0.2623951023760168,0.1784103863099197,4.4873676091083325,0.2813734549899691,0.2813734549899691,2.74089097129133,0.8605181323186016,10.504117085740022,2.576675093306767,0.2367469011065806,0.2367469011065806,0.7814555516749025,0.9999792623945596,6.0,4.0,0.0,0.0,200.0,7060.0,6262.0,6262.0,897.4735218216665,4.0,6.221124891354981
hpc,3042,static,0.8971073538871344,132.27254890297377,10.175286162550073,1281.3896365495073,8.0,4732.072492826392,1281.3896365495073,11.263953838131368,0.6338507942908527,0.5921605381952566,0.0,1.234358997587001,1.234358997587001,54.88385963867115,0.5080867778012269,2108.7746460554145,588.0047195649572,1.4087802872258919,1.4087802872258919,0.12060913378715486,0.8971073538871344,0.0,0.0,0.0,0.0,200.0,0.0,0.0,0.0,0.0,0.0,0.0
hpc,3042,greedy_load,0.9996494884231858,7.224819805701421,3.6081204681773897,4.365150659339001,8.0,1.1501942356359924,159.9766761962572,0.6348968648632167,0.7451798166479372,0.7161656373553755,89.8483825205767,0.3513322592950873,0.3513322592950873,2.7954160028403727,0.5049377837488614,7.388034528529403,1.7003316564515762,0.32522459623436,0.32522459623436,0.678818217808833,0.9996494884231858,0.0,90.0,0.0,0.0,200.0,0.0,0.0,0.0,17969.67650411534,90.0,95.77726726593995
hpc,3042,affinity_greedy,0.8284277211015799,172.06405760267563,10.311056002105506,2136.7021687677866,8.0,8746.850242647968,2136.7021687677866,14.646232077606022,0.4472048568926252,0.3842628356477261,1.0026045101403724,1.3084138865904817,1.3084138865904817,55.205706239830434,0.5194819388959523,3131.8895393868506,873.579212702709,1.3267919195424434,1.3267919195424434,0.10906869742494302,0.8284277211015799,0.0,24.0,0.0,0.0,200.0,0.0,0.0,0.0,200.5209020280745,24.0,27.586727896026748
hpc,3042,balanced_affinity,0.9994324629799449,6.598912096247838,3.2777993891222907,7.06791090841957,8.0,1.206567670541629,159.9766761962572,0.5816947095596621,0.7136923554498433,0.6810929701792809,89.96267095426447,0.341052664590233,0.341052664590233,2.6916447195154647,0.504673206989592,7.078514005428238,1.622199885990354,0.30940743470611665,0.30940743470611665,0.7068955095285163,0.9994324629799449,0.0,90.0,0.0,0.0,200.0,0.0,0.0,0.0,17992.534190852894,90.0,90.34172117517046
hpc,3042,dynamic_leiden,0.9338421902205666,82.40830201941844,9.655165873030299,823.9066155922236,8.0,1482.661575181922,823.9066155922236,7.025492853029164,0.47306711772848176,0.4130698093510316,3.5378295846749097,1.2821796249925097,1.2821796249925097,36.43465794788294,0.5065263152249065,880.3636425954137,245.1490245345254,1.4172405190044381,1.4172405190044381,0.16481935839633569,0.9338421902205666,0.0,0.0,14.0,0.0,200.0,1412.0,1008.0,1008.0,707.5659169349819,82.0,90.25793030823232
hpc,3042,domain_heuristic,0.9994947958955293,7.056096690101937,3.3786938882843214,6.291638209996547,8.0,1.3001263834040802,165.61073655526798,0.6205554000372606,0.7116403053933464,0.6788072708589253,107.58951334893936,0.3288505149271534,0.3288505149271534,2.721548536707077,0.5057837622383426,7.48133636346831,1.7388007242721406,0.297622272035304,0.297622272035304,0.6983194770997437,0.9994947958955293,0.0,79.0,0.0,0.0,200.0,40320.0,0.0,0.0,21517.902669787873,79.0,74.64676980824994
hpc,3042,work_stealing,0.9997017863457366,5.943458345462584,2.7922770921180033,3.713850313770112,8.0,1.180567074609917,158.0341578912309,0.5259811407429155,0.7857033785854611,0.7613032682263801,0.5923076502222102,0.28980902316268226,0.28980902316268226,2.4677377686453643,0.506552285412334,6.890818595419933,1.5715241066855583,0.2570429894050501,0.2570429894050501,0.7481649047738808,0.9997017863457366,0.0,90.0,0.0,0.0,200.0,0.0,0.0,1440.0,118.46153004444204,90.0,88.3175289043289
hpc,3042,parmetis_adaptive,0.9704260955016043,51.902805985278576,9.294956007329976,368.30323806602286,8.0,120.8921861936773,416.10544356922617,4.432525690127275,0.45144509213053213,0.38898586994737483,30.354220794251887,0.3734061604690727,0.3734061604690727,7.627575107128376,0.5217655436629046,85.68397725247235,23.588388178534277,0.28193364618082756,0.28193364618082756,0.19543719698086315,0.9704260955016043,0.0,0.0,21.0,0.0,200.0,22.0,0.0,0.0,6070.844158850377,742.0,775.4444942782998
hpc,3042,c_kam,0.9996880953109296,5.448416719512765,2.2869487991448594,3.8843537537862947,4.0,0.8972080836736973,167.0045942798484,0.483902602537181,0.4104582554571715,0.3433322152369484,13.939599491131958,0.1565584614111606,0.1565584614111606,2.087847005065281,0.6671165799304258,6.117019699384573,1.413825648595419,0.17775197613363716,0.17775197613363716,0.791117809676598,0.9996880953109296,15.0,20.0,0.0,11.0,200.0,21132.0,6307.0,6160.0,2787.9198982263915,20.0,30.227295989223464
hpc,3042,d_kam,0.9993555934597649,8.200827982074106,3.20582270722619,8.025217482280697,2.0,1.1437033473134337,202.7296476037261,0.717857559854895,0.3543586808484268,0.28084506530146564,4.873856775811873,0.23270598608191803,0.23270598608191803,2.714810620968015,0.8248803802103498,9.953460688006018,2.4307484634382894,0.25518483132554226,0.25518483132554226,0.7130135274896849,0.9993555934597649,6.0,13.0,0.0,0.0,200.0,7261.0,6337.0,6337.0,974.7713551623747,13.0,16.49483136525076
hpc,3043,static,0.8944259581288762,91.5220002816408,9.475660013357455,1349.2096366336266,8.0,7729.682474382837,1349.2096366336266,7.788956359118423,0.6031967165811062,0.5580161447066777,0.0,1.655708948952203,1.655708948952203,48.52229280940842,0.5148954827371338,1850.4174292994367,515.7788061984124,1.6903390085510293,1.6903390085510293,0.1866370974769014,0.8944259581288762,0.0,0.0,0.0,0.0,200.0,0.0,0.0,0.0,0.0,0.0,0.0
hpc,3043,greedy_load,0.9988670552134309,3.113229708337471,2.0751035699199867,14.478748721945067,8.0,1.6508452928080768,76.63106291648968,0.2742108603876383,0.7428027452640606,0.7135179093287805,89.87683974017273,0.31360248002846935,0.31360248002846935,1.7189424042548591,0.5133713063087167,2.306895340176891,0.29031482325452407,0.19711098811129368,0.19711098811129368,0.8156843951690861,0.9988670552134309,0.0,90.0,0.0,0.0,200.0,0.0,0.0,0.0,17975.367948034545,90.0,93.6089473863524
hpc,3043,affinity_greedy,0.8882683100998605,95.90582963306497,9.36647157043935,1427.9028259110382,8.0,4790.5648386308985,1427.9028259110382,8.161581853989476,0.4327995321705263,0.3682173006849921,0.9872810188971926,1.3849217028343304,1.3849217028343304,33.70313626646572,0.5188366261979696,1242.5232855562936,346.20843447922334,1.3370929181460292,1.3370929181460292,0.19591811512494026,0.8882683100998605,0.0,25.0,0.0,0.0,200.0,0.0,0.0,0.0,197.4562037794385,25.0,25.81616418881236
hpc,3043,balanced_affinity,0.9997925492541432,2.5677400086501603,1.630072368153745,2.651168227308064,8.0,1.073335095211823,76.63106291648968,0.22784423591421685,0.6508438593136882,0.6110884571563358,89.63617274072021,0.27256153781483244,0.27256153781483244,1.5892381070600283,0.5144484410797037,2.1140802921621487,0.26363946485083095,0.15482300640185817,0.15482300640185817,0.8535120473192167,0.9997925492541432,0.0,85.0,0.0,0.0,200.0,0.0,0.0,0.0,17927.234548144042,85.0,73.39111295781133
hpc,3043,dynamic_leiden,0.9279123520303448,58.12209003726228,8.588424764632977,921.2619655278459,8.0,2482.6091954435474,921.2619655278459,4.949963988346248,0.48451628915356904,0.425822599304718,2.223702054761816,1.3866832287812416,1.3866832287812416,27.832293155921974,0.5152408100723985,668.8487219113003,186.07859454140734,1.2732363238634163,1.2732363238634163,0.26205209361848203,0.9279123520303448,0.0,0.0,7.0,0.0,200.0,884.0,504.0,504.0,444.74041095236316,30.0,28.938783824848272
hpc,3043,domain_heuristic,0.9991908481307945,3.1974760057985523,2.1430913056124083,10.34075687624623,8.0,1.3049756801737684,76.9315408927579,0.2813717956718302,0.6583816084628858,0.6194844648720264,107.41620951448567,0.3095579046792826,0.3095579046792826,1.754850890090149,0.5139771406289004,2.2688018069018567,0.2950106550324972,0.20458387801996414,0.20458387801996414,0.8099054376352303,0.9991908481307945,0.0,87.0,0.0,0.0,200.0,40320.0,0.0,0.0,21483.241902897134,87.0,86.65513099296358
hpc,3043,work_stealing,0.9994705922232638,3.262840213031604,2.1514906606653854,6.76569790662196,8.0,1.2925052040469467,76.63106291648968,0.2869277532866396,0.6771129256308447,0.6403485557769311,0.5884127899480518,0.29349910635839654,0.29349910635839654,1.7569416256596406,0.516145934472436,2.315478875461073,0.3086002093818042,0.20292258763868123,0.20292258763868123,0.8091914924557273,0.9994705922232638,0.0,90.0,0.0,0.0,200.0,0.0,0.0,1440.0,117.68255798961036,90.0,91.30544669033802
hpc,3043,parmetis_adaptive,0.9700842869731213,44.140818744102354,8.893122303636757,382.3152698075246,8.0,127.30569694823829,397.8794176004488,3.761555928427653,0.4439254416212976,0.38061002160788104,30.127988404710777,0.3529776745525014,0.3529776745525014,6.140057732244961,0.5261608515409624,60.335071008056474,16.517056330275867,0.22034744584901897,0.22034744584901897,0.23615280280316076,0.9700842869731213,0.0,0.0,22.0,0.0,200.0,22.0,0.0,0.0,6025.597680942155,814.0,839.8225242776261
hpc,3043,c_kam,0.9997564730774272,2.5550630940947126,1.6313616997161497,3.1122126698121573,6.0,0.9185373954967684,76.14927012141776,0.22676669817700382,0.4743860133944244,0.41453887630567066,15.480148848873796,0.11469591022802597,0.11469591022802597,1.4683725265529448,0.6349093665780711,1.890162953552594,0.2433126750479045,0.13360392618719635,0.13360392618719635,0.8534024541364125,0.9997564730774272,12.0,33.0,0.0,10.0,200.0,23515.0,6929.0,6196.0,3096.029769774759,33.0,40.70167219769016
hpc,3043,d_kam,0.9998178432852647,2.841792119082425,1.6887919006442822,2.327916886972229,2.0,1.0994705698746894,77.96602300190712,0.2511386653009594,0.2939959285593212,0.21360932636558055,5.425482367136283,0.18244036502817046,0.18244036502817046,1.4921404875869695,0.8240729506136429,2.24901227623395,0.304679702137075,0.14005895829738468,0.14005895829738468,0.848520887057521,0.9998178432852647,6.0,4.0,0.0,0.0,200.0,8239.0,6282.0,6282.0,1085.0964734272566,4.0,7.594598407801301
hpc,3044,static,0.9291695229529334,85.47410641620307,9.728407433214537,898.4999012117114,8.0,1602.5418316501018,898.4999012117114,7.280680932374728,0.6586419994461703,0.6197745043336056,0.0,1.0712847059775295,1.0712847059775295,24.937329478882702,0.506542938143827,579.5660591476009,161.22038163803617,1.1035512849557667,1.1035512849557667,0.16143900269288874,0.9291695229529334,0.0,0.0,0.0,0.0,200.0,0.0,0.0,0.0,0.0,0.0,0.0
hpc,3044,greedy_load,0.9978299128629599,6.478580589918774,3.506827643489441,27.528024087085075,8.0,2.5584064672274582,128.22874737392388,0.5660612371405628,0.7846462029356465,0.7601257210916853,89.84816649011918,0.3639919769011689,0.3639919769011689,2.4759236922928136,0.504869289480364,5.66382856502696,1.2090381859753137,0.3232784137691845,0.3232784137691845,0.6902732848195217,0.9978299128629599,0.0,90.0,0.0,0.0,200.0,0.0,0.0,0.0,17969.633298023837,90.0,95.91102180559578
hpc,3044,affinity_greedy,0.8317395245446375,157.4361981679653,10.103445750306449,2134.4204765699797,8.0,7464.745301061992,2134.4204765699797,13.397458731274517,0.4157246075393505,0.34919820146709823,0.958407246216666,1.1868311705640986,1.1868311705640986,41.1786005957276,0.5240927148143123,2309.519927519155,644.0808558371631,1.1707428554198045,1.1707428554198045,0.12956074574007634,0.8317395245446375,0.0,20.0,0.0,0.0,200.0,0.0,0.0,0.0,191.6814492433332,20.0,21.463613447697057
hpc,3044,balanced_affinity,0.9996114221237575,5.679206854012938,2.994402912950838,4.9291942956245345,8.0,1.3272065900479495,128.22874737392388,0.49811446958856664,0.758331130193578,0.7308143776908664,89.7381285004667,0.35910805977579924,0.35910805977579924,2.3296138654810794,0.5043447149545477,5.429586491842181,1.1497435182689626,0.2908428163212073,0.2908428163212073,0.733829386915303,0.9996114221237575,0.0,87.0,0.0,0.0,200.0,0.0,0.0,0.0,17947.62570009334,87.0,86.8336960505386
hpc,3044,dynamic_leiden,0.9627071325720227,52.418930075636865,9.205990198466408,473.0680788394769,8.0,883.041244012792,473.0680788394769,4.4709909434266,0.48551163805792713,0.4269312800150178,2.142489006073447,1.0859292328217465,1.0859292328217465,17.173230138104017,0.5061034749746928,232.80990970538534,64.45968676884314,1.0691292165132458,1.0691292165132458,0.2058444676464797,0.9627071325720227,0.0,0.0,18.0,0.0,200.0,810.0,1296.0,1296.0,428.4978012146894,42.0,45.63031481194881
hpc,3044,domain_heuristic,0.9993672565229127,5.53028346204041,2.893379125144958,8.026487683800188,8.0,1.267668396410893,128.22874737392388,0.4854559812709017,0.7669202737873215,0.7403814930799372,106.59555360572995,0.3330349178339347,0.3330349178339347,2.3072850913733847,0.5041127097570751,5.363449414891559,1.1370719906874316,0.28291753047889,0.28291753047889,0.7424164088788029,0.9993672565229127,0.0,88.0,0.0,0.0,200.0,40320.0,0.0,0.0,21319.11072114599,88.0,88.49083820320153
hpc,3044,work_stealing,0.9987314040120334,5.477883313564526,2.8988093738104936,16.09241413280244,8.0,1.8030660441592605,125.19865381355503,0.4810019686504515,0.8025906614481664,0.7801133605239476,0.5864999251207337,0.33082122206647296,0.33082122206647296,2.2956511755258235,0.5049626481266232,5.2856057976243855,1.1094834133718867,0.28744646060756535,0.28744646060756535,0.7419548377422324,0.9987314040120334,0.0,90.0,0.0,0.0,200.0,0.0,0.0,1440.0,117.29998502414674,90.0,95.77664907237605
hpc,3044,parmetis_adaptive,0.9718196044619859,49.06867828124052,9.174779676132752,357.4744045587547,8.0,100.66553972311974,388.6077384233119,4.186219540902911,0.44993890536837866,0.387308186672699,30.48865507938899,0.35266713965556223,0.35266713965556223,7.2272811589513815,0.5224358233194717,77.55247067515174,21.324213272513816,0.2902987317651663,0.2902987317651663,0.20849736204484037,0.9718196044619859,0.0,0.0,22.0,0.0,200.0,22.0,0.0,0.0,6097.731015877798,732.0,789.1811354142218
hpc,3044,c_kam,0.9996398697545287,4.320574904551363,1.9752342170750428,4.568329954411186,3.0,0.9549475211368883,130.297067247278,0.38263075388433265,0.3663589248124374,0.29421167367721995,9.348592694004765,0.15132879601647187,0.15132879601647187,1.7911449800791857,0.702297228739036,4.454434282540535,0.9489088579756882,0.15446339272514475,0.15446339272514475,0.8204587260647458,0.9996398697545287,12.0,27.0,0.0,7.0,200.0,14786.0,6259.0,6065.0,1869.718538800953,27.0,33.53471161297299
hpc,3044,d_kam,0.9998905415318817,5.1106721832831905,2.616145384348403,1.3885043118526421,2.0,1.1529274560357528,126.5134621420152,0.4497890225765379,0.38606016668744486,0.31615612626076783,4.665591158554889,0.2810041639822406,0.2810041639822406,2.0538814447133924,0.7868164958609433,5.044411838650095,1.0520573869725693,0.259034215150352,0.259034215150352,0.7659812768465102,0.9998905415318817,6.0,8.0,0.0,0.0,200.0,7382.0,6301.0,6301.0,933.1182317109779,8.0,13.567081381977797
hpc,3045,static,0.832423028593654,187.7539766248637,10.440201666313989,2022.6470514900386,8.0,9616.93925581395,2022.6470514900386,15.98483581506221,0.6438803429667991,0.6033320651857909,0.0,1.3848387530714237,1.3848387530714237,61.20626387028476,0.513833238781297,3560.030000289799,993.0276749768469,1.3530321857783347,1.3530321857783347,0.0960241660146902,0.832423028593654,0.0,0.0,0.0,0.0,200.0,0.0,0.0,0.0,0.0,0.0,0.0
hpc,3045,greedy_load,0.9989569931456359,9.85586069007185,4.079041633230382,12.58904920502393,8.0,1.7313956588753503,192.13636456863816,0.8634959606049019,0.7403801697067725,0.710819495960514,89.73718973444193,0.3927002718350731,0.3927002718350731,3.4875375109073445,0.5084220710925178,13.553750010433005,3.409764625095093,0.3483676830045564,0.3483676830045564,0.6367227688267968,0.9989569931456359,0.0,90.0,0.0,0.0,200.0,0.0,0.0,0.0,17947.437946888385,90.0,96.46057330938332
hpc,3045,affinity_greedy,0.8742057217688453,147.8946939668626,10.277746914341092,1518.3316885563847,8.0,4230.293878019269,1518.3316885563847,12.596796789132114,0.4817577904770378,0.42275001414521535,0.9832936699967831,1.447318598942926,1.447318598942926,52.358161051593925,0.5060343205858389,2082.0387307866245,580.508558231694,1.4213157069404234,1.4213157069404234,0.1098328199323863,0.8742057217688453,0.0,22.0,0.0,0.0,200.0,0.0,0.0,0.0,196.65873399935663,22.0,20.779688483659825
hpc,3045,balanced_affinity,0.9997329081441552,9.787682243453904,4.041036347559155,3.2237875536650797,8.0,1.158711888451592,192.13636456863816,0.8577007926423762,0.7424592962830393,0.713135354770712,89.84524118102854,0.3811041571867044,0.3811041571867044,3.470957147880827,0.5065796994898907,13.49693818181506,3.3975753260532127,0.3382877474581541,0.3382877474581541,0.639953218108851,0.9997329081441552,0.0,90.0,0.0,0.0,200.0,0.0,0.0,0.0,17969.04823620571,90.0,87.46118332345888
hpc,3045,dynamic_leiden,0.894037661796346,122.3522554219437,9.991363085475278,1278.9610000583543,8.0,4176.871706544065,1278.9610000583543,10.425689512814007,0.46057930034212624,0.3991601117672198,2.5944165054534096,1.4650207517992921,1.4650207517992921,50.912508724034986,0.5060230161193181,1986.869201832854,553.9435611972572,1.4989015977560036,1.4989015977560036,0.13417544538598036,0.894037661796346,0.0,0.0,7.0,0.0,200.0,1030.0,504.0,504.0,518.8833010906819,47.0,49.7977885024961
hpc,3045,domain_heuristic,0.9980121959909769,10.529522234701746,4.504221197589743,23.992711433132836,8.0,2.4639660300877253,192.13636456863816,0.920757191898443,0.7395168535289952,0.7098578814060591,107.1755300150835,0.4135573853120079,0.4135573853120079,3.608894648015911,0.5067175278894587,13.76934210154927,3.465180856627732,0.36730157975223465,0.36730157975223465,0.6005825058562511,0.9980121959909769,0.0,90.0,0.0,0.0,200.0,40320.0,0.0,0.0,21435.1060030167,90.0,87.37626282388518
hpc,3045,work_stealing,0.9993245036600101,8.986396259038973,3.5168015534391293,8.153212633605204,8.0,1.3227618322225543,189.02837170997367,0.7895914839671069,0.7896761316981508,0.7657283645152669,0.5870641309593339,0.3315810360350339,0.3315810360350339,3.1896887471801847,0.5069678431152351,12.94845081831877,3.2493170375632463,0.2751530285001844,0.2751530285001844,0.6845131756090532,0.9993245036600101,0.0,90.0,0.0,0.0,200.0,0.0,0.0,1440.0,117.41282619186677,90.0,107.74119174649135
hpc,3045,parmetis_adaptive,0.9698002823615681,58.966841486336854,9.51936721033555,364.50933159001386,8.0,129.09656224318715,404.1059403863702,5.037929328287428,0.4428584862897544,0.3794215812633402,30.119371870387113,0.4017594176136423,0.4017594176136423,8.414804712801905,0.5210087358432577,108.76526335466633,30.025427460559985,0.2846120042156091,0.2846120042156091,0.17429509477285723,0.9698002823615681,0.0,0.0,21.0,0.0,200.0,22.0,0.0,0.0,6023.8743740774225,669.0,719.7344939121402
hpc,3045,c_kam,0.9999530159250903,8.134327664501374,2.921018077151798,0.5670958234015784,3.0,0.9000078794417978,191.42217233832295,0.7171656534314113,0.35558644622056135,0.28221262574072425,10.86234233880532,0.18336399531570746,0.18336399531570746,2.664048650193174,0.6962717542872882,11.462599659895066,2.8996781909826312,0.19515178140923797,0.19515178140923797,0.7351547710934763,0.9999530159250903,12.0,24.0,0.0,7.0,200.0,16622.0,6489.0,6092.0,2172.468467761064,24.0,33.992809804414705
hpc,3045,d_kam,0.9988332305508149,9.83104623234655,3.593528315607702,14.082858559606139,2.0,1.3261112931885979,217.20305229312095,0.8613867316982511,0.31817444898944364,0.24054084664665748,4.980212529771961,0.3437246882554069,0.3437246882554069,3.127522391332284,0.8370424663414154,13.512057034854042,3.395720835742224,0.27609816337942794,0.27609816337942794,0.6779914008247246,0.9988332305508149,6.0,8.0,0.0,0.0,200.0,7680.0,6320.0,6320.0,996.0425059543923,8.0,11.951506901514337
hpc,3046,static,0.8999723513436956,116.18752103889334,10.08978689980338,1278.7207013827879,8.0,4663.288383753593,1278.7207013827879,9.894024606103967,0.6569090269716543,0.617844213211001,0.0,1.3064241049990355,1.3064241049990355,46.40799929173906,0.5145869753569494,1514.3508334706723,422.0659838858026,1.3266109884300683,1.3266109884300683,0.12935893200446377,0.8999723513436956,0.0,0.0,0.0,0.0,200.0,0.0,0.0,0.0,0.0,0.0,0.0
hpc,3046,greedy_load,0.9991116633439737,7.0114808294902105,3.216395657263279,11.356204880508798,8.0,1.6009857044987599,163.54416558710204,0.6140611883047028,0.7629550301568616,0.735964761313336,89.82785649961443,0.3151500602438,0.3151500602438,2.4590183462988824,0.5067563089072487,7.170940730556761,1.6460808824090432,0.2620146238398654,0.2620146238398654,0.7135971876203725,0.9991116633439737,0.0,90.0,0.0,0.0,200.0,0.0,0.0,0.0,17965.571299922885,90.0,102.8775309706792
hpc,3046,affinity_greedy,0.9091812722558944,98.87974943793097,9.919472115169265,1160.99687236141,8.0,3457.478119632121,1160.99687236141,8.422864020022166,0.47868222018217166,0.41932425515340904,1.0139537202485371,1.198404139025326,1.198404139025326,31.84637727438093,0.5093610987060683,941.7252786034513,262.29814573182404,1.197722936281356,1.197722936281356,0.14383568869836372,0.9091812722558944,0.0,26.0,0.0,0.0,200.0,0.0,0.0,0.0,202.79074404970743,26.0,28.761379023927383
hpc,3046,balanced_affinity,0.9997793832130791,6.548437373921723,2.8282031592905845,2.8202927520185614,8.0,1.151032665534624,163.54416558710204,0.5747024945813815,0.713363625127102,0.6807268101663265,90.07129917939892,0.29001350332024556,0.29001350332024556,2.3321659460447073,0.5066095865869706,7.038439671725177,1.6252564339832136,0.22124156129028477,0.22124156129028477,0.7465935499480514,0.9997793832130791,0.0,76.0,0.0,0.0,200.0,0.0,0.0,0.0,18014.259835879784,76.0,80.93912534158304
hpc,3046,dynamic_leiden,0.9519284375185738,80.6042760177138,9.704426749744803,614.5311113332941,8.0,1165.4538150144822,668.9290978094564,6.869448779303707,0.4756200893647156,0.4159134658765397,3.4442464404855855,1.0337491502615648,1.0337491502615648,23.71814166514299,0.5100430466037836,468.92338490773574,130.37763095781895,1.0047318620865229,1.0047318620865229,0.1621145447594429,0.9519284375185738,0.0,0.0,13.0,0.0,200.0,1356.0,936.0,936.0,688.8492880971171,68.0,75.41506846513094
hpc,3046,domain_heuristic,0.9997480395092746,6.730496026261426,2.9092097891789623,3.2209803963953867,8.0,1.1858007479437314,165.13104267540805,0.5901774800302562,0.7246025034983364,0.6932453628075528,107.09133998476318,0.29210295527529273,0.29210295527529273,2.40343020007184,0.5063982204744617,7.267983358443859,1.686844352534091,0.2421912844362408,0.2421912844362408,0.7397079864075393,0.9997480395092746,0.0,80.0,0.0,0.0,200.0,40320.0,0.0,0.0,21418.267996952636,80.0,81.17447350425958
hpc,3046,work_stealing,0.9997120863755836,6.699652981296764,2.9874471996176273,3.680593482857627,8.0,1.214891406929435,163.54416558710204,0.5875558212082601,0.7524070251320868,0.7242157458154432,0.587770441052271,0.30122862876495177,0.30122862876495177,2.398927079090587,0.5062576589123836,7.188901883141281,1.6571423856226466,0.25144573169424,0.25144573169424,0.7330578065202528,0.9997120863755836,0.0,89.0,0.0,0.0,200.0,0.0,0.0,1424.0,117.55408821045421,89.0,92.41341085905306
hpc,3046,parmetis_adaptive,0.9796510543958316,50.514073201140036,9.246310701610808,260.13425632716013,8.0,61.40370609720542,414.9375957423701,4.311781539894938,0.4654702505853813,0.40460795238470676,30.19591381045757,0.355030647973084,0.355030647973084,7.054129362847074,0.5187517750562325,78.79967290647183,21.671052083081477,0.25406029302938554,0.25406029302938554,0.20105440885083245,0.9796510543958316,0.0,0.0,22.0,0.0,200.0,22.0,0.0,0.0,6039.182762091514,660.0,721.4724033424918
hpc,3046,c_kam,0.9997473641570442,6.132168549335747,2.5354474284325756,3.2296138781421755,4.0,0.8988745867891375,164.4280181158764,0.5393196444915734,0.3487849646858168,0.2746367180906375,12.856472829444101,0.1589939527899496,0.1589939527899496,2.056555189311841,0.6662681429405342,6.378141204450651,1.4960769507287057,0.1714162795678421,0.1714162795678421,0.7714777870709822,0.9997473641570442,17.0,28.0,0.0,13.0,200.0,19432.0,6317.0,6134.0,2571.29456588882,28.0,44.169439931883595
hpc,3046,d_kam,0.9995129566760799,6.843440507510055,2.7186287220288765,6.226202346375941,2.0,1.1826791066240525,178.99805472412868,0.5997777609363896,0.3369529968480215,0.26145754599408333,5.897394529165467,0.210710961826696,0.210710961826696,2.231350905341984,0.8488908632408153,7.46125326033531,1.7376898927294155,0.21576480962355202,0.21576480962355202,0.7559073771152965,0.9995129566760799,6.0,7.0,0.0,0.0,200.0,8783.0,6336.0,6336.0,1179.4789058330934,7.0,10.255370086847089
hpc,3047,static,0.8917225142792696,113.7071862889444,10.053343262396448,1268.596308333467,8.0,6467.156884015662,1268.596308333467,9.683964342984527,0.6452517919578333,0.6048596692599628,0.0,1.1934519807581692,1.1934519807581692,43.84912681776196,0.5071410399540933,1495.2622198162142,416.7735373795842,1.2468259154247894,1.2468259154247894,0.13204298681191556,0.8917225142792696,0.0,0.0,0.0,0.0,200.0,0.0,0.0,0.0,0.0,0.0,0.0
hpc,3047,greedy_load,0.9999999999999996,5.585357280870063,2.49664718037192,0.0,8.0,1.0932331760255012,143.95098811046338,0.49360887729820624,0.7902220649810526,0.7663364585184992,89.68296075545368,0.27460223436389286,0.27460223436389286,2.29760568226403,0.5037326602493016,6.613116089671238,1.4977259543868686,0.24671568296350452,0.24671568296350452,0.7743621537840005,0.9999999999999996,0.0,89.0,0.0,0.0,200.0,0.0,0.0,0.0,17936.592151090736,89.0,92.52114181895085
hpc,3047,affinity_greedy,0.9180485100352466,91.60953555157894,9.881715596050613,960.1567393230387,8.0,3174.509822696586,960.1567393230387,7.805664030308463,0.4601494352204651,0.3986813016069536,0.9881458144809585,1.0922069550818132,1.0922069550818132,25.53452086621175,0.5083517332303241,729.7585638606396,203.1679412453708,1.082750373165397,1.082750373165397,0.14663133845131135,0.9180485100352466,0.0,22.0,0.0,0.0,200.0,0.0,0.0,0.0,197.6291628961917,22.0,22.84115173387844
hpc,3047,balanced_affinity,0.9998256074264115,6.153879605616445,2.979269227452504,2.043211232528618,8.0,1.164021345051202,143.95098811046338,0.5419332749016487,0.7486206608579867,0.7199982608566684,89.70089419090073,0.33216972537812794,0.33216972537812794,2.4267918237985286,0.504587300277421,6.727606044390208,1.520732160466977,0.29165128036394217,0.29165128036394217,0.7333392797821507,0.9998256074264115,0.0,88.0,0.0,0.0,200.0,0.0,0.0,0.0,17940.178838180145,88.0,87.69550459913197
hpc,3047,dynamic_leiden,0.9641828194069881,41.95313053351129,8.832679488169575,419.639805752427,8.0,722.8545203428531,419.639805752427,3.584869603772711,0.47564640145389253,0.41594277389666245,2.667849305580603,1.3176864904021128,1.3176864904021128,16.33125654080157,0.5068513070289883,202.46295680784888,55.92594009143245,1.2375426201797848,1.2375426201797848,0.23579940762119972,0.9641828194069881,0.0,0.0,11.0,0.0,200.0,1056.0,792.0,792.0,533.5698611161206,45.0,46.49324405660366
hpc,3047,domain_heuristic,0.9999471423150282,5.690312003532232,2.5835949567674605,0.6192890754293432,8.0,1.1331293811323646,143.95098811046338,0.5025300287244906,0.7457462851564096,0.7167966047534268,106.43224759973236,0.31318696984469907,0.31318696984469907,2.3197074073027064,0.5047283819496667,6.6390735019175535,1.5022255246451401,0.25470735228300545,0.25470735228300545,0.7669715927903793,0.9999471423150282,0.0,81.0,0.0,0.0,200.0,40320.0,0.0,0.0,21286.449519946473,81.0,74.84288535566873
hpc,3047,work_stealing,0.9999205883802001,6.022352556057743,2.775469640205316,0.9303992150027652,8.0,1.0713756016412568,143.9356566522974,0.530753475689159,0.7742348886377894,0.7485289601163498,0.5827873991802335,0.28472737096603035,0.28472737096603035,2.3594692051002997,0.5048231146564,6.780166439761622,1.5437352241680296,0.2617557844544119,0.2617557844544119,0.7506622446981618,0.9999205883802001,0.0,90.0,0.0,0.0,200.0,0.0,0.0,1440.0,116.5574798360467,90.0,97.83063198184769
hpc,3047,parmetis_adaptive,0.9885198759066806,37.1096436566682,8.676171442350679,134.50296658677274,8.0,21.37368100592304,312.0802180836397,3.1731732192410482,0.4501252020926574,0.3875156954002371,30.28943516066647,0.33673470530176636,0.33673470530176636,5.737530301491156,0.514145377702548,45.402912903613704,12.356966957152922,0.26210167236053494,0.26210167236053494,0.24910259151580608,0.9885198759066806,0.0,0.0,21.0,0.0,200.0,22.0,0.0,0.0,6057.887032133294,582.0,629.6385953858196
hpc,3047,c_kam,0.9999603273269112,4.899319234283665,2.127602049472729,0.46481137133237344,7.0,0.8706053740239628,143.58375919904464,0.4352956433383624,0.5025264120706618,0.4458833797816778,19.5116364043497,0.16710522159983474,0.16710522159983474,1.9283414793262998,0.595008905415995,5.430348252550955,1.2228716657437628,0.1722978638901371,0.1722978638901371,0.8057309899104317,0.9999603273269112,11.0,32.0,0.0,10.0,200.0,29185.0,6521.0,6278.0,3902.3272808699403,32.0,39.17796933999379
hpc,3047,d_kam,1.0000000000000007,5.839722275560308,2.327970418394124,0.0,2.0,1.1141076301396513,149.51783230317042,0.5152299018468771,0.36289704760795877,0.29035562233559775,6.746102215402061,0.2481148994731684,0.2481148994731684,2.2336024332949616,0.8103447333016193,7.108502451885659,1.6349110120921821,0.2155761422442034,0.2155761422442034,0.788699678552113,1.0000000000000007,6.0,11.0,0.0,0.0,200.0,10339.0,6404.0,6404.0,1349.2204430804122,11.0,13.353562486149228
hpc,3048,static,0.8149763186672732,182.25213561744812,10.430385718184665,2369.5564210603775,8.0,26519.656146211644,2369.5564210603775,15.519377237609719,0.646181477807645,0.6058952104293076,0.0,1.5778608632863866,1.5778608632863866,88.48552550693543,0.5134614453946327,6446.2470582809,1798.5620624155317,1.600004886799294,1.600004886799294,0.09607187883943186,0.8149763186672732,0.0,0.0,0.0,0.0,200.0,0.0,0.0,0.0,0.0,0.0,0.0
hpc,3048,greedy_load,0.9998776160948885,11.581097341004748,3.967822366392281,1.5673429806499735,8.0,1.175633145774888,226.82493893734576,1.012338984112031,0.8223039212817101,0.8020711994474496,90.38989009524812,0.2796267017756398,0.2796267017756398,3.2271275229698597,0.5049966019224947,15.37702983103941,3.9376866805061623,0.26407305023292843,0.26407305023292843,0.6453897637417845,0.9998776160948885,0.0,90.0,0.0,0.0,200.0,0.0,0.0,0.0,18077.978019049624,90.0,91.55528524224255
hpc,3048,affinity_greedy,0.8587484198097013,140.5221950115629,10.257944048347296,1808.9770261513195,8.0,16570.01979017478,1808.9770261513195,11.972332286109472,0.4788306408179146,0.4194895751684693,1.0449875646736473,1.6106960561635801,1.6106960561635801,74.2847667242586,0.5079892073557712,3953.3784978611156,1102.783190399431,1.5908867204476855,1.5908867204476855,0.1107294207756081,0.8587484198097013,0.0,32.0,0.0,0.0,200.0,0.0,0.0,0.0,208.99751293472946,32.0,32.34830911166617
hpc,3048,balanced_affinity,0.9999897027821365,11.713255108644697,4.088997317640684,0.13187413918923907,8.0,1.1224398090579806,226.82493893734576,1.0235723943614263,0.8177411149444146,0.7969888656559074,90.45670957464608,0.29708385801746934,0.29708385801746934,3.2560062552039786,0.5047460261058161,15.397358464450342,3.9398671255484228,0.27336924923603284,0.27336924923603284,0.63508989288567,0.9999897027821365,0.0,85.0,0.0,0.0,200.0,0.0,0.0,0.0,18091.341914929217,85.0,79.86751128404617
hpc,3048,dynamic_leiden,0.9342357897515511,69.48523656935167,9.624590026288544,842.2273600207097,8.0,1794.3573388758005,842.2273600207097,5.93419081852152,0.45094617684025434,0.38843014747058036,4.010639545012964,1.0548058482853346,1.0548058482853346,22.239917436024825,0.5122696109206964,460.8326808781887,128.11702871672563,1.067643461808982,1.067643461808982,0.16456451265060185,0.9342357897515511,0.0,0.0,17.0,0.0,200.0,1604.0,1224.0,1224.0,802.1279090025928,71.0,70.81848355318303
hpc,3048,domain_heuristic,0.9993612978568799,12.518468761787194,4.652976373433467,8.179713826212597,8.0,1.3771736404336314,226.82493893734576,1.0920155548785386,0.8204924831661066,0.8000535084770988,108.21997118997388,0.3335510895910545,0.3335510895910545,3.423316556060205,0.5045232953320355,15.63782959248632,3.9963469185838147,0.316177716031719,0.316177716031719,0.5871516731432836,0.9993612978568799,0.0,90.0,0.0,0.0,200.0,40320.0,0.0,0.0,21643.994237994775,90.0,85.69094837668334
hpc,3048,work_stealing,0.9989177042477777,14.140833941155492,4.709654684976291,13.860716804957306,8.0,1.7221581842617593,250.4597208164445,1.2299165951248443,0.833557475543858,0.8146060989968714,0.5990317545365542,0.2976862477091366,0.2976862477091366,3.32466700978372,0.5045417185123107,17.913153626299902,4.639190039055299,0.2824250570123295,0.2824250570123295,0.5823340166621435,0.9989177042477777,0.0,90.0,0.0,0.0,200.0,0.0,0.0,1440.0,119.80635090731084,90.0,89.12829574413573
hpc,3048,parmetis_adaptive,0.9669018612721424,73.87128290055719,9.795722429535298,423.8803734896236,8.0,162.40495036448937,597.3844857557309,6.307004756673989,0.44887359271761257,0.3861215760468457,30.821727189904777,0.33324464221236355,0.33324464221236355,9.698423889838352,0.5195566973806882,164.34103356248602,45.55688940842196,0.2311697423553858,0.2311697423553858,0.15001825837462793,0.9669018612721424,0.0,0.0,21.0,0.0,200.0,22.0,0.0,0.0,6164.3454379809555,755.0,749.3136290703637
hpc,3048,c_kam,0.9999687990962004,9.669778264053068,3.4033530509185206,0.39958291505587684,5.0,0.8511486231068328,224.3018038010918,0.849876862571138,0.41263681614760783,0.34575882986738493,14.719255609816173,0.14118960529904456,0.14118960529904456,2.354189539760266,0.6429961108691004,9.945381398991636,2.4924349956492886,0.15884757598669538,0.15884757598669538,0.6933696555570539,0.9999687990962004,16.0,37.0,0.0,13.0,200.0,22181.0,6389.0,6175.0,2943.8511219632346,37.0,48.00338470345256
hpc,3048,d_kam,0.9999999999999994,12.291392121116425,3.8539288482256655,0.0,2.0,1.0982430351530716,250.4487801146239,1.0727140404215234,0.36397501883588995,0.2915563328617586,6.347422640828881,0.19268674351917794,0.19268674351917794,2.773541985024139,0.7902483072137678,14.461101920605579,3.7079696177859223,0.1811251250974731,0.1811251250974731,0.6550707127859465,0.9999999999999994,6.0,9.0,0.0,0.0,200.0,9727.0,6373.0,6373.0,1269.4845281657763,9.0,11.451172838086277
hpc,3049,static,0.865463418821509,156.16497901792977,10.335033799851706,1616.8620811788403,8.0,7062.151021818881,1616.8620811788403,13.300012322229568,0.6015185545236335,0.5561469047911758,0.0,1.2961779079425906,1.2961779079425906,57.614646271395834,0.5118713695633571,2830.96646449379,789.5669019838169,1.4287896274552623,1.4287896274552623,0.10519723694025186,0.865463418821509,0.0,0.0,0.0,0.0,200.0,0.0,0.0,0.0,0.0,0.0,0.0
hpc,3049,greedy_load,0.9999074264046743,8.033229511622213,3.258238893177561,1.112550465382261,8.0,1.1075976272674082,170.81288347526174,0.7088136141934237,0.774211813124548,0.7485032571931848,89.81324250038597,0.2955626273040631,0.2955626273040631,2.8010248123606107,0.5044048757400713,9.433285102208023,2.2816907259405115,0.27129458013955016,0.27129458013955016,0.7067248040075543,0.9999074264046743,0.0,90.0,0.0,0.0,200.0,0.0,0.0,0.0,17962.648500077194,90.0,100.46553264771418
hpc,3049,affinity_greedy,0.8690429685360881,143.16602361148458,10.256341532985637,1573.843014167473,8.0,7231.171252556325,1573.843014167473,12.195101112681725,0.39236490671887253,0.32317873273141745,1.0142242498113774,1.2922980076823776,1.2922980076823776,47.90497415888143,0.5139212188355806,2181.596113195923,608.3524986120964,1.342665003538143,1.342665003538143,0.11188607962386797,0.8690429685360881,0.0,32.0,0.0,0.0,200.0,0.0,0.0,0.0,202.84484996227548,32.0,33.7034684365984
hpc,3049,balanced_affinity,0.9996560013172595,8.203759300322323,3.4707080816836386,4.134179873059557,8.0,1.1767718383236847,170.81288347526174,0.7233086462329329,0.745436936421215,0.7164520331424424,89.84036135327187,0.3167576480573508,0.3167576480573508,2.82676355867756,0.5049963832013398,9.34448182736945,2.2562411498246937,0.2903454883351932,0.2903454883351932,0.6886649229845377,0.9996560013172595,0.0,88.0,0.0,0.0,200.0,0.0,0.0,0.0,17968.072270654375,88.0,87.48626178375055
hpc,3049,dynamic_leiden,0.9657119311657965,55.61832099758309,9.399374192242167,412.07438043428823,8.0,598.8876544708363,455.112289647054,4.753546390500097,0.4594726874442766,0.3979274983909022,3.385027885233285,1.0192837263615113,1.0192837263615113,17.598060451216135,0.5093568826148777,226.41073976321007,62.69540363651006,1.0447125580290177,1.0447125580290177,0.184728303587063,0.9657119311657965,0.0,0.0,17.0,0.0,200.0,1332.0,1224.0,1224.0,677.005577046657,76.0,79.34596550434878
hpc,3049,domain_heuristic,0.99879469791646,8.509931375702918,3.7019689319048084,14.485333417648455,8.0,1.4564521759466469,170.81288347526174,0.7493332726402838,0.731042178905405,0.7004182685827532,107.05241937524988,0.33316555760818306,0.33316555760818306,2.8878190777967125,0.5053144997521074,9.419278676847343,2.27483871203196,0.3082581146838975,0.3082581146838975,0.6690077507157384,0.99879469791646,0.0,87.0,0.0,0.0,200.0,40320.0,0.0,0.0,21410.483875049977,87.0,89.75062827702112
hpc,3049,work_stealing,0.9998438282162476,7.895108239541457,3.154860924042995,1.8768741786561658,8.0,1.1341510805120563,170.81288347526174,0.6970733060665596,0.8095278345524477,0.787840409773766,0.5878405482508242,0.2743212786857962,0.2743212786857962,2.7447725150956437,0.5049134459211231,9.419857791585702,2.2778554310266768,0.25971134689248015,0.25971134689248015,0.7155119313839926,0.9998438282162476,0.0,90.0,0.0,0.0,200.0,0.0,0.0,1440.0,117.56810965016484,90.0,98.85000612730306
hpc,3049,parmetis_adaptive,0.9760643654148067,55.77182145230317,9.435479982228172,287.6587141634511,8.0,77.55452927262694,401.0885512464041,4.766593929151305,0.43747840702335794,0.37342891871413625,30.34944713508594,0.32916045650353126,0.32916045650353126,7.68025159724295,0.5220116575969143,94.0807140135513,25.947348090194634,0.2421468133919597,0.2421468133919597,0.1816593114382525,0.9760643654148067,0.0,0.0,22.0,0.0,200.0,22.0,0.0,0.0,6069.889427017188,692.0,721.9023805668463
hpc,3049,c_kam,0.999843240758755,7.120009685621296,2.7503042316764557,1.8839342491321127,7.0,0.980506592483845,169.95057789606352,0.6311899289833458,0.5062350058950609,0.45001423923954803,18.39880833402276,0.16463873500458462,0.16463873500458462,2.296358147930515,0.619886796808059,7.914960015360337,1.9099678017180763,0.1819290866240015,0.1819290866240015,0.7498992502351485,0.999843240758755,15.0,28.0,0.0,14.0,200.0,27571.0,6499.0,6255.0,3679.761666804552,28.0,41.5927339401952
hpc,3049,d_kam,0.9997559554888003,7.743717600567546,2.932329707339351,2.9329295632557244,2.0,1.2059084819495276,172.6451724366263,0.6842051017537771,0.44091328220338855,0.3772548935433783,4.970777906128205,0.20737151512509752,0.20737151512509752,2.479072341469718,0.7880468881348743,9.038837248855724,2.178033025743301,0.21181953106194623,0.21181953106194623,0.7344270848038024,0.9997559554888003,6.0,13.0,0.0,0.0,200.0,7664.0,6373.0,6373.0,994.1555812256411,13.0,17.63175657212899
hpc,3050,static,0.8200667458934556,199.68277289447468,10.525081794970525,2230.9817606395254,8.0,17889.561408400128,2230.9817606395254,17.00012842585841,0.6345621839925459,0.5929529277144695,0.0,1.4137531746173537,1.4137531746173537,84.26790737080385,0.5109216480639462,5124.7385135182585,1429.75668073942,1.4140997257166383,1.4140997257166383,0.08784154946872996,0.8200667458934556,0.0,0.0,0.0,0.0,200.0,0.0,0.0,0.0,0.0,0.0,0.0
hpc,3050,greedy_load,0.9999685554923149,9.927447459730072,3.7764186943068734,0.3898785883856257,8.0,1.151135164912497,214.0028141093534,0.8709257639051171,0.7664554961180485,0.7398637951809949,89.96697663504165,0.36730185202689286,0.36730185202689286,3.422724749546437,0.5069015357466398,14.457816929347464,3.6648073202211706,0.3278913580852459,0.3278913580852459,0.6614779130251404,0.9999685554923149,0.0,90.0,0.0,0.0,200.0,0.0,0.0,0.0,17993.39532700833,90.0,106.15752475486755
hpc,3050,affinity_greedy,0.8786292549143851,142.6270541359708,10.341739192256721,1504.868679810015,8.0,9752.42363696695,1504.868679810015,12.15039233138558,0.5094398060668057,0.4535839424011449,1.0078976802469697,1.6251262696805342,1.6251262696805342,72.18612613421847,0.5083523944995929,3079.0329219157493,858.730459565294,1.5678545650895137,1.5678545650895137,0.10342567069940321,0.8786292549143851,0.0,21.0,0.0,0.0,200.0,0.0,0.0,0.0,201.57953604939394,21.0,22.081640827033187
hpc,3050,balanced_affinity,0.9992620634528812,10.367889542537876,4.127121820400544,9.14963154145324,8.0,1.383616844058159,214.0028141093534,0.9083633409437808,0.7594459472489512,0.7320561293614556,90.74438337920583,0.39927340829735897,0.39927340829735897,3.569136245962417,0.505941768764534,14.619811502511695,3.702987380214699,0.37171403926400204,0.37171403926400204,0.6316681473071782,0.9992620634528812,0.0,90.0,0.0,0.0,200.0,0.0,0.0,0.0,18148.876675841166,90.0,97.325362311237
hpc,3050,dynamic_leiden,0.9109080504605229,96.9077066012683,9.949743375799567,1104.6458056313372,8.0,8539.141947211714,1104.6458056313372,8.264247790935865,0.4415777729558012,0.3779950441339369,2.7533476053213235,1.6683021989221176,1.6683021989221176,57.08794769713781,0.510174461566413,2018.5231654525319,562.7239395732424,1.6903145544883857,1.6903145544883857,0.13674531509826135,0.9109080504605229,0.0,0.0,15.0,0.0,200.0,1046.0,1080.0,1080.0,550.6695210642647,55.0,60.40100497754393
hpc,3050,domain_heuristic,0.9992620611074994,10.368846665356813,4.12786511373345,9.149660621702703,8.0,1.3836179036502474,214.0028141093534,0.9084446963833902,0.7593485232076376,0.7319476124837544,108.1082303749281,0.39951552883986685,0.39951552883986685,3.5695119065897583,0.505941768764534,14.62028606023166,3.7030687742653017,0.3718248002110026,0.3718248002110026,0.6316049673738814,0.9992620611074994,0.0,90.0,0.0,0.0,200.0,40320.0,0.0,0.0,21621.64607498562,90.0,97.325362311237
hpc,3050,work_stealing,0.9984365745246144,10.760706976775884,4.258655694231865,19.384819871249853,8.0,2.0140636956203983,214.47397321096867,0.9417528228540111,0.7735103552221153,0.747721930321663,0.5918589141219854,0.39450807712258446,0.39450807712258446,3.471669314072672,0.5057473401483961,15.484088870180193,3.9432615041489982,0.3681183832159938,0.3681183832159938,0.6204877680315161,0.9984365745246144,0.0,90.0,0.0,0.0,200.0,0.0,0.0,1440.0,118.37178282439709,90.0,98.56860443585302
hpc,3050,parmetis_adaptive,0.9792972509863958,56.261164205739014,9.44948890183763,256.69215884406947,8.0,55.93629808560433,470.09216915919603,4.809291687315877,0.44693292939040363,0.3839599461031724,30.086039715388324,0.378783473123341,0.378783473123341,7.8083641875585545,0.5213696470086753,98.2359612844421,27.092300897216028,0.2585285462798334,0.2585285462798334,0.17926694538502594,0.9792972509863958,0.0,0.0,22.0,0.0,200.0,22.0,0.0,0.0,6017.207943077665,664.0,713.3612527518294
hpc,3050,c_kam,0.9999813982843119,8.579366879978844,2.9204074350987175,0.23064157108151606,4.0,0.9769539760144171,213.36889856981207,0.7563389146262627,0.4003544496877993,0.33207797613740025,5.954712723614648,0.15834205555803677,0.15834205555803677,2.442853350696185,0.7746973787151218,11.278565393764543,2.8266967489349013,0.16723133189391465,0.16723133189391465,0.7342388700578336,0.9999813982843119,8.0,22.0,0.0,4.0,200.0,9061.0,6161.0,5982.0,1190.9425447229296,22.0,27.577513131298588
hpc,3050,d_kam,0.9999485443922476,11.227416273351254,4.241172551651554,0.6379950329163886,2.0,1.0825477320003314,228.02109493928901,0.9814231130629179,0.3837954976663233,0.3136335988857562,7.6362613556557335,0.24850905243301022,0.24850905243301022,2.8876628068137378,0.7933541590944954,13.255954761239616,3.351724892188609,0.2810719128392812,0.2810719128392812,0.6219738351508425,0.9999485443922476,6.0,13.0,0.0,0.0,200.0,11746.0,6457.0,6457.0,1527.2522711311467,13.0,16.552186254248152
