scenario,proposed_method,baseline,metric,direction,n_pairs,mean_improvement,median_improvement,sd_improvement,effect_size_dz,paired_t_p,wilcoxon_p,paired_t_p_holm,wilcoxon_p_holm
edge,c_kam,affinity_greedy,completion_ratio,higher,50,0.13559223786073607,0.13104406806908697,0.040792573506664515,3.323944193875966,2.466567336246613e-28,1.7763568394002505e-15,2.466567336246613e-27,2.1316282072803006e-14
edge,c_kam,affinity_greedy,disturbance_backlog_auc_mean,lower,50,106.0804796350218,99.13959407535049,31.714454928157995,3.3448621417370537,1.8586401288961937e-28,1.7763568394002505e-15,1.724946071753428e-27,2.1316282072803006e-14
edge,c_kam,affinity_greedy,disturbance_service_loss_auc_mean,lower,50,6.737072616338311,6.7815610752723305,0.2794606526723546,24.10741029878361,1.249430928939607e-69,1.7763568394002505e-15,1.3743740218335676e-68,2.1316282072803006e-14
edge,c_kam,affinity_greedy,mean_service_ratio,higher,50,0.7073926247155226,0.7120639129035947,0.029343368530597234,24.107410298783606,1.2494309289396425e-69,1.7763568394002505e-15,1.3743740218336067e-68,2.1316282072803006e-14
edge,c_kam,affinity_greedy,mean_backlog_to_capacity,lower,50,11.138450361677288,10.4096573779118,3.3300177674565887,3.3448621417370537,1.8586401288961937e-28,1.7763568394002505e-15,1.724946071753403e-27,2.1316282072803006e-14
edge,c_kam,affinity_greedy,mean_raw_load_imbalance,lower,50,1.296900498662653,1.2596394128684905,0.30021465939549313,4.319910630860161,1.4705672945612162e-33,1.7763568394002505e-15,1.3235105651050946e-32,2.1316282072803006e-14
edge,c_kam,affinity_greedy,mean_kam_capacity_mismatch,lower,50,1.3281184839084275,1.2587303684384756,0.29953913688549616,4.433872974722909,4.363298553065012e-34,1.7763568394002505e-15,3.0543089871455086e-33,2.1316282072803006e-14
edge,c_kam,affinity_greedy,mean_makespan_proxy,lower,50,58.50810928239028,55.24329730328857,23.842740385233775,2.453917139433577,1.457243192821057e-22,1.7763568394002505e-15,1.457243192821057e-21,2.1316282072803006e-14
edge,c_kam,affinity_greedy,mean_cross_communication_ratio,lower,50,0.35214299395181675,0.3557458327453481,0.09494822387112616,3.7087896918407104,1.695662445164575e-30,1.7763568394002505e-15,3.39132489032915e-30,2.1316282072803006e-14
edge,c_kam,affinity_greedy,mean_coordination_cost_normalized,lower,50,0.2982858301709506,0.30133764656076545,0.08042673080848335,3.708789691840709,1.695662445164623e-30,1.7763568394002505e-15,3.391324890329246e-30,2.1316282072803006e-14
edge,c_kam,balanced_affinity,completion_ratio,higher,50,7.084621718706608e-05,4.4464934941479406e-05,0.00017478864360677225,0.40532505845431893,0.00610785272362985,0.002049094724295486,0.0244314108945194,0.006147284172886458
edge,c_kam,balanced_affinity,disturbance_backlog_auc_mean,lower,50,1.5626768249732559,1.4928726301929784,0.943133616975235,1.6568986587340455,8.118425652015968e-16,5.329070518200751e-15,4.871055391209581e-15,2.6645352591003757e-14
edge,c_kam,balanced_affinity,disturbance_service_loss_auc_mean,lower,50,0.5404741908709537,0.5454851526296393,0.19243199973775493,2.8086502848149393,4.38220174884409e-25,1.7763568394002505e-15,2.629321049306454e-24,2.1316282072803006e-14
edge,c_kam,balanced_affinity,mean_service_ratio,higher,50,0.05674979004145014,0.057275941026112165,0.020205359972464264,2.8086502848149397,4.382201748844028e-25,1.7763568394002505e-15,2.629321049306417e-24,2.1316282072803006e-14
edge,c_kam,balanced_affinity,mean_backlog_to_capacity,lower,50,0.16408106662219185,0.15675162617026286,0.09902902978239965,1.6568986587340457,8.11842565201591e-16,5.329070518200751e-15,4.871055391209546e-15,2.6645352591003757e-14
edge,c_kam,balanced_affinity,mean_raw_load_imbalance,lower,50,0.13251081227298156,0.13445691949273528,0.03539152987988767,3.7441391407124485,1.0977865339311085e-30,1.7763568394002505e-15,6.58671920358665e-30,2.1316282072803006e-14
edge,c_kam,balanced_affinity,mean_kam_capacity_mismatch,lower,50,0.15499818164694673,0.15562598874850284,0.03240497658476887,4.783159810082988,1.2476696390773215e-35,1.7763568394002505e-15,9.981357112618572e-35,2.1316282072803006e-14
edge,c_kam,balanced_affinity,mean_makespan_proxy,lower,50,0.9425654055862371,0.923092024052343,0.4365046213931756,2.159348055875986,2.935809260043753e-20,1.7763568394002505e-15,1.7614855560262515e-19,2.1316282072803006e-14
edge,c_kam,balanced_affinity,mean_cross_communication_ratio,lower,50,0.4751701870279708,0.48292413364811854,0.09294564508007856,5.112344818507436,5.4110883303253155e-37,1.7763568394002505e-15,1.9048489202618697e-36,2.1316282072803006e-14
edge,c_kam,balanced_affinity,mean_coordination_cost_normalized,lower,50,0.40249709960016344,0.40906514850193565,0.07873042877371363,5.112344818507434,5.411088330325472e-37,1.7763568394002505e-15,1.9048489202618964e-36,2.1316282072803006e-14
edge,c_kam,domain_heuristic,completion_ratio,higher,50,0.00019111461263596308,0.0001761822421791348,0.0002635506775674644,0.7251531826816915,4.986782107711075e-06,1.2841054282120012e-06,2.9920692646266448e-05,7.704632569272007e-06
edge,c_kam,domain_heuristic,disturbance_backlog_auc_mean,lower,50,1.7174834301042412,1.6102541636696976,0.9090318610394,1.8893544920861696,5.882307900856003e-18,3.552713678800501e-15,4.705846320684802e-17,2.1316282072803006e-14
edge,c_kam,domain_heuristic,disturbance_service_loss_auc_mean,lower,50,0.6801854625163655,0.667539554577536,0.1742260404300717,3.9040401815787598,1.6047289810449393e-31,1.7763568394002505e-15,1.2837831848359514e-30,2.1316282072803006e-14
edge,c_kam,domain_heuristic,mean_service_ratio,higher,50,0.07141947356421836,0.07009165323064126,0.018293734245157525,3.9040401815787598,1.6047289810449163e-31,1.7763568394002505e-15,1.283783184835933e-30,2.1316282072803006e-14
edge,c_kam,domain_heuristic,mean_backlog_to_capacity,lower,50,0.1803357601609453,0.16907668718531815,0.095448345409137,1.8893544920861693,5.882307900856087e-18,3.552713678800501e-15,4.7058463206848695e-17,2.1316282072803006e-14
edge,c_kam,domain_heuristic,mean_raw_load_imbalance,lower,50,0.15586360888787681,0.15341647484775153,0.029492780238366028,5.284805556755202,1.1258565188434647e-37,1.7763568394002505e-15,1.3510278226121576e-36,2.1316282072803006e-14
edge,c_kam,domain_heuristic,mean_kam_capacity_mismatch,lower,50,0.1769536776852664,0.17432121999747957,0.02684834494940429,6.590859809747514,3.011473146369353e-42,1.7763568394002505e-15,3.613767775643223e-41,2.1316282072803006e-14
edge,c_kam,domain_heuristic,mean_makespan_proxy,lower,50,1.0141499050605411,0.9564644577165616,0.41688785321815885,2.4326683956652317,2.1038484334597759e-22,1.7763568394002505e-15,1.6830787467678207e-21,2.1316282072803006e-14
edge,c_kam,domain_heuristic,mean_cross_communication_ratio,lower,50,0.48840722690910465,0.494273801060529,0.0952770125167119,5.12618116382938,4.762122300654674e-37,1.7763568394002505e-15,1.9048489202618697e-36,2.1316282072803006e-14
edge,c_kam,domain_heuristic,mean_coordination_cost_normalized,lower,50,0.4137096510288886,0.4186789844277422,0.08070523413180303,5.12618116382938,4.762122300654741e-37,1.7763568394002505e-15,1.9048489202618964e-36,2.1316282072803006e-14
edge,c_kam,dynamic_leiden,completion_ratio,higher,50,0.007942482458154466,0.004868676354890744,0.00796301213276571,0.9974218707357271,5.494567884444709e-09,1.7763568394002505e-15,4.395654307555767e-08,2.1316282072803006e-14
edge,c_kam,dynamic_leiden,disturbance_backlog_auc_mean,lower,50,8.82887970680769,7.097229418491999,6.135752569285541,1.43892368655859,1.129206189186788e-13,1.7763568394002505e-15,5.64603094593394e-13,2.1316282072803006e-14
edge,c_kam,dynamic_leiden,disturbance_service_loss_auc_mean,lower,50,3.1893003746652373,2.913190722731212,1.1894222361649074,2.6813862039006446,3.2888002039616766e-24,1.7763568394002505e-15,1.6444001019808382e-23,2.1316282072803006e-14
edge,c_kam,dynamic_leiden,mean_service_ratio,higher,50,0.33487653933984995,0.30588502588677724,0.12488933479731527,2.681386203900645,3.2888002039616296e-24,1.7763568394002505e-15,1.6444001019808147e-23,2.1316282072803006e-14
edge,c_kam,dynamic_leiden,mean_backlog_to_capacity,lower,50,0.9270323692148075,0.7452090889416596,0.6442540197749818,1.43892368655859,1.129206189186788e-13,1.7763568394002505e-15,5.64603094593394e-13,2.1316282072803006e-14
edge,c_kam,dynamic_leiden,mean_raw_load_imbalance,lower,50,0.5040498795021318,0.4448650878711456,0.22931660736478648,2.1980522269820257,1.4227131618158893e-20,1.7763568394002505e-15,5.690852647263557e-20,2.1316282072803006e-14
edge,c_kam,dynamic_leiden,mean_kam_capacity_mismatch,lower,50,0.5649625601077755,0.522193057499233,0.23929938022930078,2.360902730155083,7.398906146844036e-22,1.7763568394002505e-15,1.4797812293688072e-21,2.1316282072803006e-14
edge,c_kam,dynamic_leiden,mean_makespan_proxy,lower,50,3.7781177139055004,2.567968059075304,3.049992565959427,1.2387301385821672,1.3513320138810427e-11,1.7763568394002505e-15,2.7026640277620853e-11,2.1316282072803006e-14
edge,c_kam,dynamic_leiden,mean_cross_communication_ratio,lower,50,0.32352375227487257,0.3330045472276779,0.09897494100001876,3.268744078107723,5.242659900026715e-28,1.7763568394002505e-15,5.242659900026715e-28,2.1316282072803006e-14
edge,c_kam,dynamic_leiden,mean_coordination_cost_normalized,lower,50,0.27404364898577444,0.28207444000462123,0.08383759708236883,3.268744078107723,5.242659900026715e-28,1.7763568394002505e-15,5.242659900026715e-28,2.1316282072803006e-14
edge,c_kam,greedy_load,completion_ratio,higher,50,7.574371095158793e-05,5.164710377097981e-05,0.00017787010925284356,0.4258372093532463,0.004107384770494489,0.0011471783973160399,0.020536923852472445,0.005735891986580199
edge,c_kam,greedy_load,disturbance_backlog_auc_mean,lower,50,1.570817194347145,1.478150744756564,0.9344969855394376,1.6809226981512326,4.800936704061245e-16,5.329070518200751e-15,3.3606556928428717e-15,2.6645352591003757e-14
edge,c_kam,greedy_load,disturbance_service_loss_auc_mean,lower,50,0.5487336580503513,0.561248355014481,0.18530491234112018,2.961247228245143,4.287637039014151e-26,1.7763568394002505e-15,3.001345927309906e-25,2.1316282072803006e-14
edge,c_kam,greedy_load,mean_service_ratio,higher,50,0.05761703409528691,0.05893107727652047,0.01945701579581763,2.961247228245142,4.2876370390142126e-26,1.7763568394002505e-15,3.0013459273099487e-25,2.1316282072803006e-14
edge,c_kam,greedy_load,mean_backlog_to_capacity,lower,50,0.16493580540645028,0.15520582819943912,0.09812218348164094,1.6809226981512335,4.800936704061142e-16,5.329070518200751e-15,3.360655692842799e-15,2.6645352591003757e-14
edge,c_kam,greedy_load,mean_raw_load_imbalance,lower,50,0.13213190458338728,0.13309017058308048,0.03467836903542534,3.8102110410212564,4.917265859839445e-31,1.7763568394002505e-15,3.4420861018876115e-30,2.1316282072803006e-14
edge,c_kam,greedy_load,mean_kam_capacity_mismatch,lower,50,0.15412705627037443,0.15489453535297298,0.0318494538628412,4.839237022214521,7.210068754183897e-36,1.7763568394002505e-15,6.489061878765508e-35,2.1316282072803006e-14
edge,c_kam,greedy_load,mean_makespan_proxy,lower,50,0.9431587410880171,0.8961246729407865,0.434432450071949,2.1710135624809217,2.3578251459573814e-20,1.7763568394002505e-15,1.650477602170167e-19,2.1316282072803006e-14
edge,c_kam,greedy_load,mean_cross_communication_ratio,lower,50,0.487827568017169,0.49154332739251416,0.0938120144501278,5.200054288105147,2.4204945061481764e-37,1.7763568394002505e-15,1.2102472530740882e-36,2.1316282072803006e-14
edge,c_kam,greedy_load,mean_coordination_cost_normalized,lower,50,0.41321864584983736,0.41636611261483547,0.07946429459304943,5.2000542881051475,2.4204945061481764e-37,1.7763568394002505e-15,1.2102472530740882e-36,2.1316282072803006e-14
edge,c_kam,static,completion_ratio,higher,50,0.15149821059989566,0.149047071252973,0.04013746379608488,3.7744838928929343,7.57992948123602e-31,1.7763568394002505e-15,9.095915377483224e-30,2.1316282072803006e-14
edge,c_kam,static,disturbance_backlog_auc_mean,lower,50,124.80643289450724,121.389486387523,32.69833271856441,3.816905099373726,4.53608900773297e-31,1.7763568394002505e-15,4.9896979085062675e-30,2.1316282072803006e-14
edge,c_kam,static,disturbance_service_loss_auc_mean,lower,50,6.836335695828925,6.887614834357112,0.26775663203420136,25.53190053180718,7.532179351968082e-71,1.7763568394002505e-15,9.038615222361698e-70,2.1316282072803006e-14
edge,c_kam,static,mean_service_ratio,higher,50,0.7178152480620372,0.7231995576074968,0.02811444636359117,25.53190053180716,7.532179351968296e-71,1.7763568394002505e-15,9.038615222361955e-70,2.1316282072803006e-14
edge,c_kam,static,mean_backlog_to_capacity,lower,50,13.10467545392326,12.745896070689913,3.4333249354492628,3.8169050993737264,4.53608900773297e-31,1.7763568394002505e-15,4.9896979085062675e-30,2.1316282072803006e-14
edge,c_kam,static,mean_raw_load_imbalance,lower,50,1.245179951856387,1.1951490908337656,0.24951735799612795,4.990354025292741,1.6927533276527795e-36,1.7763568394002505e-15,1.8620286604180573e-35,2.1316282072803006e-14
edge,c_kam,static,mean_kam_capacity_mismatch,lower,50,1.2652104632972978,1.210221058079174,0.25236648098750747,5.013385527057881,1.3621576373434077e-36,1.7763568394002505e-15,1.4983734010777485e-35,2.1316282072803006e-14
edge,c_kam,static,mean_makespan_proxy,lower,50,61.576926864167675,55.367115357304364,22.938903911587293,2.6843883692743873,3.1334482680595175e-24,1.7763568394002505e-15,3.760137921671421e-23,2.1316282072803006e-14
edge,c_kam,static,mean_cross_communication_ratio,lower,50,0.5078291340924905,0.5111558140224469,0.0937279753610595,5.4181169724004805,3.455702641031516e-38,1.7763568394002505e-15,2.0734215846189096e-37,2.1316282072803006e-14
edge,c_kam,static,mean_coordination_cost_normalized,lower,50,0.4301611488783449,0.43297904246607277,0.07939310854113278,5.418116972400478,3.4557026410316146e-38,1.7763568394002505e-15,2.073421584618969e-37,2.1316282072803006e-14
edge,d_kam,affinity_greedy,completion_ratio,higher,50,0.13552149331827082,0.13094310174061669,0.040800800257924104,3.3215400791544667,2.5483515314249323e-28,1.7763568394002505e-15,2.466567336246613e-27,2.1316282072803006e-14
edge,d_kam,affinity_greedy,disturbance_backlog_auc_mean,lower,50,105.36952533587508,98.12467048537115,31.44984733534409,3.3503986271328667,1.724946071753428e-28,1.7763568394002505e-15,1.724946071753428e-27,2.1316282072803006e-14
edge,d_kam,affinity_greedy,disturbance_service_loss_auc_mean,lower,50,6.519629810125873,6.561097894920437,0.32056892155049205,20.337685196033522,5.107451143200922e-66,1.7763568394002505e-15,4.59670602888083e-65,2.1316282072803006e-14
edge,d_kam,affinity_greedy,mean_service_ratio,higher,50,0.6845611300632164,0.6889152789666457,0.033659736762801665,20.33768519603351,5.107451143201066e-66,1.7763568394002505e-15,4.59670602888096e-65,2.1316282072803006e-14
edge,d_kam,affinity_greedy,mean_backlog_to_capacity,lower,50,11.063800160266883,10.30309040096397,3.302233970211129,3.3503986271328667,1.724946071753403e-28,1.7763568394002505e-15,1.724946071753403e-27,2.1316282072803006e-14
edge,d_kam,affinity_greedy,mean_raw_load_imbalance,lower,50,1.2447146136197476,1.2200109616322847,0.2895760562134858,4.2984030858618345,1.8555728287829824e-33,1.7763568394002505e-15,1.484458263026386e-32,2.1316282072803006e-14
edge,d_kam,affinity_greedy,mean_kam_capacity_mismatch,lower,50,1.2640740675657272,1.2047727878593846,0.28945191110541996,4.3671298031448975,8.858089573082166e-34,1.7763568394002505e-15,5.3148537438493e-33,2.1316282072803006e-14
edge,d_kam,affinity_greedy,mean_makespan_proxy,lower,50,58.25488000839053,55.02526665003535,23.79316293749493,2.4483873859657566,1.6030200805457744e-22,1.7763568394002505e-15,1.457243192821057e-21,2.1316282072803006e-14
edge,d_kam,affinity_greedy,mean_cross_communication_ratio,lower,50,0.4284394827169685,0.43631762677661945,0.0696075175291202,6.155074881642367,7.958258217814981e-41,1.7763568394002505e-15,6.3666065742519845e-40,2.1316282072803006e-14
edge,d_kam,affinity_greedy,mean_coordination_cost_normalized,lower,50,0.36291344418378507,0.3695866956225484,0.05896166190701944,6.15507488164237,7.958258217814754e-41,1.7763568394002505e-15,6.366606574251803e-40,2.1316282072803006e-14
edge,d_kam,balanced_affinity,completion_ratio,higher,50,1.0167472182409654e-07,4.058285382085858e-05,0.00024476379203930827,0.0004153993569758386,0.9976682895886055,0.13549845162767582,1.0,0.27099690325535164
edge,d_kam,balanced_affinity,disturbance_backlog_auc_mean,lower,50,0.8517225258265442,0.8661988609922531,0.7902608981719812,1.0777738437985924,7.286421456519669e-10,2.3344064459251967e-09,7.286421456519669e-10,2.3344064459251967e-09
edge,d_kam,balanced_affinity,disturbance_service_loss_auc_mean,lower,50,0.32303138465851594,0.3302600671093904,0.20074366910276165,1.609173460375254,2.330746342233848e-15,1.2434497875801753e-13,2.330746342233848e-15,1.2434497875801753e-13
edge,d_kam,balanced_affinity,mean_service_ratio,higher,50,0.03391829538914418,0.03467730704648592,0.021078085255789993,1.609173460375253,2.3307463422338893e-15,1.2434497875801753e-13,2.3307463422338893e-15,1.2434497875801753e-13
edge,d_kam,balanced_affinity,mean_backlog_to_capacity,lower,50,0.08943086521178716,0.09095088040418661,0.082977394308058,1.0777738437985929,7.286421456519591e-10,2.3344064459251967e-09,7.286421456519591e-10,2.3344064459251967e-09
edge,d_kam,balanced_affinity,mean_raw_load_imbalance,lower,50,0.0803249272300762,0.07850210164110258,0.038122457843995476,2.107023832481669,7.92535499071157e-20,3.552713678800501e-15,1.585070998142314e-19,2.1316282072803006e-14
edge,d_kam,balanced_affinity,mean_kam_capacity_mismatch,lower,50,0.09095376530424615,0.08853719968378904,0.037888627285438556,2.400555834842866,3.6808956752193853e-22,1.7763568394002505e-15,1.1042687025658156e-21,2.1316282072803006e-14
edge,d_kam,balanced_affinity,mean_makespan_proxy,lower,50,0.6893361315864773,0.6684741399710805,0.37661190505211734,1.8303620314155595,1.9880120749698398e-17,3.552713678800501e-15,6.057431568614184e-17,2.1316282072803006e-14
edge,d_kam,balanced_affinity,mean_cross_communication_ratio,lower,50,0.5514666757931226,0.5713115609261548,0.06589676997718621,8.368645018322493,3.0521325129641314e-47,1.7763568394002505e-15,3.0521325129641315e-46,2.1316282072803006e-14
edge,d_kam,balanced_affinity,mean_coordination_cost_normalized,lower,50,0.4671247136129979,0.48393449866686045,0.0558184404512636,8.368645018322495,3.0521325129641314e-47,1.7763568394002505e-15,3.0521325129641315e-46,2.1316282072803006e-14
edge,d_kam,domain_heuristic,completion_ratio,higher,50,0.0001203700701707211,0.00014304628046657442,0.00031694559339205637,0.3797814914619284,0.009857810585459115,0.0014315119741414861,0.029573431756377347,0.005735891986580199
edge,d_kam,domain_heuristic,disturbance_backlog_auc_mean,lower,50,1.0065291309575293,0.9810133993398393,0.7531340360591965,1.3364541804858967,1.271415385391353e-12,2.239985974483716e-12,5.085661541565412e-12,6.7199579234511475e-12
edge,d_kam,domain_heuristic,disturbance_service_loss_auc_mean,lower,50,0.46274265630392764,0.4656300269000764,0.1786715981449294,2.5899060684987782,1.4660493050218835e-23,1.7763568394002505e-15,5.864197220087534e-23,2.1316282072803006e-14
edge,d_kam,domain_heuristic,mean_service_ratio,higher,50,0.04858797891191241,0.04889115282450801,0.01876051780521761,2.589906068498775,1.4660493050219673e-23,1.7763568394002505e-15,5.864197220087869e-23,2.1316282072803006e-14
edge,d_kam,domain_heuristic,mean_backlog_to_capacity,lower,50,0.10568555875054056,0.10300640693068319,0.0790790737862156,1.336454180485897,1.2714153853913391e-12,2.239985974483716e-12,5.0856615415653565e-12,6.7199579234511475e-12
edge,d_kam,domain_heuristic,mean_raw_load_imbalance,lower,50,0.10367772384497145,0.10116636734314848,0.03451955389200125,3.0034491224695485,2.2929152185383138e-26,1.7763568394002505e-15,1.1464576092691569e-25,2.1316282072803006e-14
edge,d_kam,domain_heuristic,mean_kam_capacity_mismatch,lower,50,0.11290926134256582,0.10761903494049019,0.03328138950858817,3.3925645235884723,9.802540116204655e-29,1.7763568394002505e-15,4.901270058102327e-28,2.1316282072803006e-14
edge,d_kam,domain_heuristic,mean_makespan_proxy,lower,50,0.7609206310607814,0.724561538622722,0.3551607112829481,2.142468485075687,4.037434541942237e-20,1.7763568394002505e-15,2.0187172709711185e-19,2.1316282072803006e-14
edge,d_kam,domain_heuristic,mean_cross_communication_ratio,lower,50,0.5647037156742564,0.5854273702179515,0.06760626050278241,8.352831697458186,3.3443149450753937e-47,1.7763568394002505e-15,3.0521325129641315e-46,2.1316282072803006e-14
edge,d_kam,domain_heuristic,mean_coordination_cost_normalized,lower,50,0.478337265041723,0.49589141947873555,0.05726647948470981,8.352831697458186,3.3443149450753937e-47,1.7763568394002505e-15,3.0521325129641315e-46,2.1316282072803006e-14
edge,d_kam,dynamic_leiden,completion_ratio,higher,50,0.007871737915689226,0.0048098879216909585,0.007950655720837297,0.9900740507551797,6.61292652197949e-09,1.7763568394002505e-15,4.629048565385643e-08,2.1316282072803006e-14
edge,d_kam,dynamic_leiden,disturbance_backlog_auc_mean,lower,50,8.117925407660978,6.426994926009216,6.101953890889632,1.3303813094656847,1.470382315675273e-12,1.7763568394002505e-15,5.085661541565412e-12,2.1316282072803006e-14
edge,d_kam,dynamic_leiden,disturbance_service_loss_auc_mean,lower,50,2.971857568452799,2.7645314939909422,1.2192848861606318,2.4373775170877323,1.9390250556604527e-22,1.7763568394002505e-15,5.817075166981358e-22,2.1316282072803006e-14
edge,d_kam,dynamic_leiden,mean_service_ratio,higher,50,0.31204504468754396,0.29027580686904897,0.12802491304686633,2.4373775170877328,1.9390250556604527e-22,1.7763568394002505e-15,5.817075166981358e-22,2.1316282072803006e-14
edge,d_kam,dynamic_leiden,mean_backlog_to_capacity,lower,50,0.8523821678044027,0.6748344672309675,0.6407051585434113,1.330381309465685,1.470382315675273e-12,1.7763568394002505e-15,5.0856615415653565e-12,2.1316282072803006e-14
edge,d_kam,dynamic_leiden,mean_raw_load_imbalance,lower,50,0.45186399445922637,0.39633085622040426,0.2288733212424948,1.9742973624281424,1.0584091420898644e-18,1.7763568394002505e-15,1.0584091420898644e-18,2.1316282072803006e-14
edge,d_kam,dynamic_leiden,mean_kam_capacity_mismatch,lower,50,0.5009181437650748,0.4652007369338934,0.24144077116378057,2.0747040417017164,1.4753679367851243e-19,1.7763568394002505e-15,1.4753679367851243e-19,2.1316282072803006e-14
edge,d_kam,dynamic_leiden,mean_makespan_proxy,lower,50,3.524888439905741,2.3429442711806736,3.0405939996036295,1.159276259956194,9.553297374293176e-11,1.7763568394002505e-15,9.553297374293176e-11,2.1316282072803006e-14
edge,d_kam,dynamic_leiden,mean_cross_communication_ratio,lower,50,0.39982024104002434,0.4131133131740008,0.07221578490185011,5.536466045247972,1.2387131860045716e-38,1.7763568394002505e-15,8.670992302032002e-38,2.1316282072803006e-14
edge,d_kam,dynamic_leiden,mean_coordination_cost_normalized,lower,50,0.33867126299860884,0.3499312770415065,0.06117101779921424,5.53646604524797,1.2387131860045894e-38,1.7763568394002505e-15,8.670992302032126e-38,2.1316282072803006e-14
edge,d_kam,greedy_load,completion_ratio,higher,50,4.999168486345962e-06,3.466732993984145e-05,0.0002561612131460793,0.019515712097659062,0.8908083832272691,0.19424543320598409,1.0,0.27099690325535164
edge,d_kam,greedy_load,disturbance_backlog_auc_mean,lower,50,0.8598628952004336,0.8205329005327102,0.7775133116995298,1.105914049652603,3.604082702431275e-10,5.318447904301138e-10,7.20816540486255e-10,1.0636895808602276e-09
edge,d_kam,greedy_load,disturbance_service_loss_auc_mean,lower,50,0.3312908518379136,0.35348737007734127,0.18473989526919618,1.793282665637375,4.322619534141613e-17,5.329070518200751e-15,8.645239068283226e-17,2.1316282072803006e-14
edge,d_kam,greedy_load,mean_service_ratio,higher,50,0.034785539442980955,0.03711617385812088,0.01939768900326562,1.7932826656373744,4.322619534141675e-17,5.329070518200751e-15,8.64523906828335e-17,2.1316282072803006e-14
edge,d_kam,greedy_load,mean_backlog_to_capacity,lower,50,0.09028560399604553,0.08615595455593442,0.08163889772845061,1.1059140496526034,3.604082702431249e-10,5.318447904301138e-10,7.208165404862498e-10,1.0636895808602276e-09
edge,d_kam,greedy_load,mean_raw_load_imbalance,lower,50,0.07994601954048194,0.0682357142777533,0.0368298952769815,2.170682781996608,2.3725032498536447e-20,1.7763568394002505e-15,7.117509749560934e-20,2.1316282072803006e-14
edge,d_kam,greedy_load,mean_kam_capacity_mismatch,lower,50,0.09008263992767382,0.07927889359709142,0.036554568844996894,2.4643332632277275,1.2182029187941193e-22,1.7763568394002505e-15,4.872811675176477e-22,2.1316282072803006e-14
edge,d_kam,greedy_load,mean_makespan_proxy,lower,50,0.6899294670882574,0.6345276623958565,0.3742592362915823,1.843453414602543,1.514357892153546e-17,1.7763568394002505e-15,6.057431568614184e-17,2.1316282072803006e-14
edge,d_kam,greedy_load,mean_cross_communication_ratio,lower,50,0.5641240567823208,0.5898258204843763,0.06660764513326826,8.469358970034506,1.711721207915005e-47,1.7763568394002505e-15,1.8828933287065054e-46,2.1316282072803006e-14
edge,d_kam,greedy_load,mean_coordination_cost_normalized,lower,50,0.4778462598626716,0.49961716558676594,0.05642059352465079,8.4693589700345,1.7117212079151022e-47,1.7763568394002505e-15,1.8828933287066123e-46,2.1316282072803006e-14
edge,d_kam,static,completion_ratio,higher,50,0.1514274660574304,0.14875182904389928,0.04014571384572397,3.771946032379727,7.817620873398276e-31,1.7763568394002505e-15,9.095915377483224e-30,2.1316282072803006e-14
edge,d_kam,static,disturbance_backlog_auc_mean,lower,50,124.09547859536053,121.16556854153345,32.4106696517242,3.8288464857053284,3.9292009879428245e-31,1.7763568394002505e-15,4.715041185531389e-30,2.1316282072803006e-14
edge,d_kam,static,disturbance_service_loss_auc_mean,lower,50,6.618892889616489,6.702661921968367,0.30642776187691484,21.600173721450048,2.687647242279774e-67,1.7763568394002505e-15,2.6876472422797736e-66,2.1316282072803006e-14
edge,d_kam,static,mean_service_ratio,higher,50,0.6949837534097312,0.7037795018066785,0.03217491499707606,21.60017372145004,2.6876472422798503e-67,1.7763568394002505e-15,2.6876472422798506e-66,2.1316282072803006e-14
edge,d_kam,static,mean_backlog_to_capacity,lower,50,13.030025252512853,12.722384696861013,3.403120313431041,3.8288464857053275,3.9292009879428245e-31,1.7763568394002505e-15,4.715041185531389e-30,2.1316282072803006e-14
edge,d_kam,static,mean_raw_load_imbalance,lower,50,1.192994066813482,1.1484616133831864,0.2396241025876847,4.9786063001610374,1.8918325827194956e-36,1.7763568394002505e-15,1.8918325827194957e-35,2.1316282072803006e-14
edge,d_kam,static,mean_kam_capacity_mismatch,lower,50,1.201166046954597,1.1406903136556386,0.2427613688907906,4.94792912250778,2.5320958311268926e-36,1.7763568394002505e-15,2.5320958311268926e-35,2.1316282072803006e-14
edge,d_kam,static,mean_makespan_proxy,lower,50,61.323697590167924,55.11963162818638,22.884502261997138,2.6797042333756305,3.379240077724982e-24,1.7763568394002505e-15,3.760137921671421e-23,2.1316282072803006e-14
edge,d_kam,static,mean_cross_communication_ratio,lower,50,0.5841256228576421,0.6057090215595792,0.06658741079399703,8.772313202938085,3.1265487746099634e-48,1.7763568394002505e-15,3.751858529531956e-47,2.1316282072803006e-14
edge,d_kam,static,mean_coordination_cost_normalized,lower,50,0.4947887628911792,0.5130711712034082,0.05640345384903279,8.772313202938083,3.1265487746099634e-48,1.7763568394002505e-15,3.751858529531956e-47,2.1316282072803006e-14
enterprise,c_kam,affinity_greedy,completion_ratio,higher,50,0.06437105136126572,0.06619573339971019,0.022791797998558683,2.824307734095241,3.436717256832366e-25,1.7763568394002505e-15,4.124060708198839e-24,2.1316282072803006e-14
enterprise,c_kam,affinity_greedy,disturbance_backlog_auc_mean,lower,50,68.66908421989594,68.97453059730164,24.463232589592547,2.8070323072965424,4.493922950188518e-25,1.7763568394002505e-15,5.392707540226222e-24,2.1316282072803006e-14
enterprise,c_kam,affinity_greedy,disturbance_service_loss_auc_mean,lower,50,10.000682432447256,10.162631867454852,0.7326857672329072,13.649347209536042,1.460341881912838e-57,1.7763568394002505e-15,1.7524102582954058e-56,2.1316282072803006e-14
enterprise,c_kam,affinity_greedy,mean_service_ratio,higher,50,0.7000477702713078,0.7113842307218398,0.05128800370630352,13.649347209536035,1.4603418819128795e-57,1.7763568394002505e-15,1.7524102582954553e-56,2.1316282072803006e-14
enterprise,c_kam,affinity_greedy,mean_backlog_to_capacity,lower,50,4.806835895392714,4.828217141811114,1.7124262812714781,2.807032307296542,4.493922950188549e-25,1.7763568394002505e-15,5.392707540226259e-24,2.1316282072803006e-14
enterprise,c_kam,affinity_greedy,mean_raw_load_imbalance,lower,50,1.0240493769871661,0.9544915660701991,0.2614505136823696,3.9168000191090115,1.38058530671192e-31,1.7763568394002505e-15,1.656702368054304e-30,2.1316282072803006e-14
enterprise,c_kam,affinity_greedy,mean_kam_capacity_mismatch,lower,50,1.0803525669059042,1.009497487138922,0.2848666607111362,3.792485102359577,6.092236374182541e-31,1.7763568394002505e-15,7.31068364901905e-30,2.1316282072803006e-14
enterprise,c_kam,affinity_greedy,mean_makespan_proxy,lower,50,22.13851634899431,20.041756024740856,12.237825482552239,1.809023701192481,3.105120029592207e-17,1.7763568394002505e-15,3.726144035510648e-16,2.1316282072803006e-14
enterprise,c_kam,affinity_greedy,mean_cross_communication_ratio,lower,50,0.11588549426787338,0.11743946679607348,0.14554377558860312,0.7962243235700961,8.645630564521674e-07,2.670359481982132e-06,1.7291261129043349e-06,5.340718963964264e-06
enterprise,c_kam,affinity_greedy,mean_coordination_cost_normalized,lower,50,0.07319083848497267,0.07417229481857274,0.09192238458227567,0.796224323570096,8.645630564521674e-07,2.670359481982132e-06,1.7291261129043349e-06,5.340718963964264e-06
enterprise,c_kam,balanced_affinity,completion_ratio,higher,50,0.0008001904174804597,8.881784197001252e-16,0.002295149069038732,0.34864420279925445,0.017241124690447276,0.00016986420650439565,0.0689644987617891,0.0008493210325219783
enterprise,c_kam,balanced_affinity,disturbance_backlog_auc_mean,lower,50,1.1930089464673561,0.16908580767390305,3.138469284902874,0.380124461375532,0.00979580339785376,3.552713678800501e-15,0.04561389789019596,2.4868995751603507e-14
enterprise,c_kam,balanced_affinity,disturbance_service_loss_auc_mean,lower,50,0.7293371779293836,0.15612463820870812,1.6333310081265837,0.44653360176265,0.002723237992236426,1.7763568394002505e-15,0.01171787887936616,2.1316282072803006e-14
enterprise,c_kam,balanced_affinity,mean_service_ratio,higher,50,0.05105360245505684,0.01092872467460948,0.11433317056886085,0.44653360176265,0.0027232379922364314,1.7763568394002505e-15,0.011717878879366215,2.1316282072803006e-14
enterprise,c_kam,balanced_affinity,mean_backlog_to_capacity,lower,50,0.08351062625271492,0.011836006537173205,0.21969284994320118,0.380124461375532,0.00979580339785376,3.552713678800501e-15,0.04561389789019596,2.4868995751603507e-14
enterprise,c_kam,balanced_affinity,mean_raw_load_imbalance,lower,50,0.335789544909244,0.0486235394800725,0.8197337593366769,0.40963244600413024,0.005624586244741437,8.881784197001252e-15,0.02165271266619886,5.3290705182007514e-14
enterprise,c_kam,balanced_affinity,mean_kam_capacity_mismatch,lower,50,0.37538615287929666,0.07811030449363546,0.8548122870159721,0.4391445450435864,0.0031573548801098945,1.7763568394002505e-15,0.014543397326866239,2.1316282072803006e-14
enterprise,c_kam,balanced_affinity,mean_makespan_proxy,lower,50,4.106730427106859,0.14424276326665397,12.639636569353245,0.32490890102522907,0.025903559092757364,1.7763568394002505e-15,0.10325359046810492,2.1316282072803006e-14
enterprise,c_kam,balanced_affinity,mean_cross_communication_ratio,lower,50,0.33237272785542993,0.3344530309383149,0.12467642475785093,2.665882732047947,4.2252078141109415e-24,1.7763568394002505e-15,4.647728595522036e-23,2.1316282072803006e-14
enterprise,c_kam,balanced_affinity,mean_coordination_cost_normalized,lower,50,0.2099196175929031,0.21123349322419893,0.07874300511022164,2.6658827320479466,4.2252078141109716e-24,1.7763568394002505e-15,4.647728595522069e-23,2.1316282072803006e-14
enterprise,c_kam,domain_heuristic,completion_ratio,higher,50,0.0008005632749001856,3.885780586188048e-16,0.0022999192611673435,0.348083208144382,0.017411189979908606,0.0008909460083033841,0.0689644987617891,0.0035637840332135365
enterprise,c_kam,domain_heuristic,disturbance_backlog_auc_mean,lower,50,1.203079526540045,0.16722854193532627,3.1331732615072183,0.38398116737447885,0.009122779578039192,3.552713678800501e-15,0.04561389789019596,2.4868995751603507e-14
enterprise,c_kam,domain_heuristic,disturbance_service_loss_auc_mean,lower,50,0.7404489668101393,0.14907894313454334,1.6310560351386825,0.45396905493021994,0.002343575775873232,3.552713678800501e-15,0.01171787887936616,2.1316282072803006e-14
enterprise,c_kam,domain_heuristic,mean_service_ratio,higher,50,0.05183142767670974,0.010435526019417996,0.11417392245970777,0.4539690549302199,0.002343575775873243,3.552713678800501e-15,0.011717878879366215,2.1316282072803006e-14
enterprise,c_kam,domain_heuristic,mean_backlog_to_capacity,lower,50,0.08421556685780315,0.011705997935472836,0.21932212830550532,0.3839811673744788,0.009122779578039192,3.552713678800501e-15,0.04561389789019596,2.4868995751603507e-14
enterprise,c_kam,domain_heuristic,mean_raw_load_imbalance,lower,50,0.337310844819068,0.04818932878260146,0.8194596474116995,0.41162593653571544,0.005413178166549715,3.552713678800501e-15,0.02165271266619886,2.4868995751603507e-14
enterprise,c_kam,domain_heuristic,mean_kam_capacity_mismatch,lower,50,0.3815071176968881,0.08268636014457809,0.8607028221506927,0.4432506875527515,0.0029086794653732477,1.7763568394002505e-15,0.014543397326866239,2.1316282072803006e-14
enterprise,c_kam,domain_heuristic,mean_makespan_proxy,lower,50,4.108488089688163,0.14893679635940593,12.636971707867755,0.32511650612703563,0.02581339761702623,1.7763568394002505e-15,0.10325359046810492,2.1316282072803006e-14
enterprise,c_kam,domain_heuristic,mean_cross_communication_ratio,lower,50,0.31920630659315746,0.3310193925421573,0.12361342593535207,2.5822947966841197,1.6631503019922567e-23,1.7763568394002505e-15,1.6631503019922567e-22,2.1316282072803006e-14
enterprise,c_kam,domain_heuristic,mean_coordination_cost_normalized,lower,50,0.20160398311146788,0.20906487950030977,0.07807163743285396,2.582294796684119,1.6631503019922567e-23,1.7763568394002505e-15,1.6631503019922567e-22,2.1316282072803006e-14
enterprise,c_kam,dynamic_leiden,completion_ratio,higher,50,0.004310663945918944,0.0018967071738558716,0.006003299422374364,0.7180491330905554,5.929711361569741e-06,2.7012176190962593e-09,4.7437690892557926e-05,2.1609740952770075e-08
enterprise,c_kam,dynamic_leiden,disturbance_backlog_auc_mean,lower,50,7.614405457498037,5.42947054077872,7.619816229513629,0.9992899078071419,5.24181943833722e-09,1.7763568394002505e-15,4.193455550669776e-08,2.1316282072803006e-14
enterprise,c_kam,dynamic_leiden,disturbance_service_loss_auc_mean,lower,50,3.8635248329758274,3.57510068721739,2.3052793815876624,1.6759464661133567,5.351187712959625e-16,1.7763568394002505e-15,4.2809501703677e-15,2.1316282072803006e-14
enterprise,c_kam,dynamic_leiden,mean_service_ratio,higher,50,0.27044673830830795,0.2502570481052174,0.16136955671113637,1.675946466113357,5.351187712959587e-16,1.7763568394002505e-15,4.280950170367669e-15,2.1316282072803006e-14
enterprise,c_kam,dynamic_leiden,mean_backlog_to_capacity,lower,50,0.5330083820248626,0.3800629378545104,0.5333871360659539,0.999289907807142,5.24181943833722e-09,1.7763568394002505e-15,4.193455550669776e-08,2.1316282072803006e-14
enterprise,c_kam,dynamic_leiden,mean_raw_load_imbalance,lower,50,0.8884630586812169,0.42221780865865555,0.9306231050870278,0.9546969700458185,1.6143918598687813e-08,1.7763568394002505e-15,1.291513487895025e-07,2.1316282072803006e-14
enterprise,c_kam,dynamic_leiden,mean_kam_capacity_mismatch,lower,50,0.9759949882865923,0.4694726610019326,0.9706003306453842,1.0055580628512881,4.475797505167506e-09,1.7763568394002505e-15,3.580638004134005e-08,2.1316282072803006e-14
enterprise,c_kam,dynamic_leiden,mean_makespan_proxy,lower,50,11.432899144000789,1.983667821296686,17.980383602480632,0.6358540171758887,4.246320167935518e-05,1.7763568394002505e-15,0.00033970561343484143,2.1316282072803006e-14
enterprise,c_kam,dynamic_leiden,mean_cross_communication_ratio,lower,50,0.24352028730518246,0.24148965608888195,0.11674332766178672,2.085946085164517,1.187739501174924e-19,3.552713678800501e-15,8.314176508224468e-19,2.1316282072803006e-14
enterprise,c_kam,dynamic_leiden,mean_coordination_cost_normalized,lower,50,0.15380228671906263,0.15251978279297812,0.07373262799691795,2.0859460851645166,1.187739501174924e-19,3.552713678800501e-15,8.314176508224468e-19,2.1316282072803006e-14
enterprise,c_kam,greedy_load,completion_ratio,higher,50,0.0015497518836610057,3.885780586188048e-16,0.003587887197794386,0.4319399686293645,0.003642568757243213,0.00012523244688405789,0.02185541254345928,0.0007513946813043473
enterprise,c_kam,greedy_load,disturbance_backlog_auc_mean,lower,50,1.7757115717718452,0.11465402437486066,3.96252750296167,0.44812599292866584,0.0026373525214776583,3.8819791825517314e-10,0.01582411512886595,1.5527916730206925e-09
enterprise,c_kam,greedy_load,disturbance_service_loss_auc_mean,lower,50,1.001706052510918,0.08411234481691982,1.917671101789017,0.5223555027639595,0.0005565098459907706,4.057499225496031e-09,0.003339059075944623,1.6229996901984123e-08
enterprise,c_kam,greedy_load,mean_service_ratio,higher,50,0.07011942367576426,0.005887864137184395,0.13423697712523117,0.5223555027639596,0.0005565098459907691,4.057499225496031e-09,0.003339059075944615,1.6229996901984123e-08
enterprise,c_kam,greedy_load,mean_backlog_to_capacity,lower,50,0.12429981002402918,0.008025781706240263,0.2773769252073169,0.4481259929286659,0.0026373525214776583,3.8819791825517314e-10,0.01582411512886595,1.5527916730206925e-09
enterprise,c_kam,greedy_load,mean_raw_load_imbalance,lower,50,0.4695882782775756,0.003511340919977582,0.9528943140806295,0.49280205720467885,0.001048426727698543,0.039015525521861605,0.0062905603661912585,0.15606210208744642
enterprise,c_kam,greedy_load,mean_kam_capacity_mismatch,lower,50,0.5215615048808971,0.044606498507990894,1.0075508830193842,0.5176527693746886,0.000616229067418187,3.8819791825517314e-10,0.0036973744045091217,1.5527916730206925e-09
enterprise,c_kam,greedy_load,mean_makespan_proxy,lower,50,6.416325003548103,0.10043473101278244,14.514635153444232,0.4420589932655351,0.0029788855787895936,1.8094681308866711e-10,0.017873313472737563,7.237872523546685e-10
enterprise,c_kam,greedy_load,mean_cross_communication_ratio,lower,50,0.3784467776124729,0.376284902332369,0.11653351020538873,3.247536068770825,7.024138254385433e-28,1.7763568394002505e-15,8.42896590526252e-27,2.1316282072803006e-14
enterprise,c_kam,greedy_load,mean_coordination_cost_normalized,lower,50,0.23901901743945664,0.2376536225257066,0.07360011170866658,3.2475360687708252,7.024138254385433e-28,1.7763568394002505e-15,8.42896590526252e-27,2.1316282072803006e-14
enterprise,c_kam,static,completion_ratio,higher,50,0.02771768289968097,0.028638899320989564,0.017444608554399738,1.5888968109112565,3.6645416886508316e-15,3.552713678800501e-15,3.6645416886508316e-14,3.552713678800501e-14
enterprise,c_kam,static,disturbance_backlog_auc_mean,lower,50,36.19615676716487,34.04354224323292,21.557065726923852,1.679085513106611,4.997073915650557e-16,1.7763568394002505e-15,4.997073915650558e-15,2.1316282072803006e-14
enterprise,c_kam,static,disturbance_service_loss_auc_mean,lower,50,8.478876385999564,9.28907785941075,2.0858454702969893,4.064959033035326,2.482415389990509e-32,1.7763568394002505e-15,2.482415389990509e-31,2.1316282072803006e-14
enterprise,c_kam,static,mean_service_ratio,higher,50,0.5935213470199695,0.6502354501587524,0.1460091829207893,4.064959033035325,2.482415389990509e-32,1.7763568394002505e-15,2.482415389990509e-31,2.1316282072803006e-14
enterprise,c_kam,static,mean_backlog_to_capacity,lower,50,2.5337309737015405,2.3830479570263043,1.5089946008846697,1.6790855131066105,4.997073915650594e-16,1.7763568394002505e-15,4.997073915650594e-15,2.1316282072803006e-14
enterprise,c_kam,static,mean_raw_load_imbalance,lower,50,1.2443958685607701,1.222916851924262,0.47844393567961085,2.600923066969497,1.2219862365612157e-23,1.7763568394002505e-15,1.2219862365612157e-22,2.1316282072803006e-14
enterprise,c_kam,static,mean_kam_capacity_mismatch,lower,50,1.2900579740458098,1.2758823162891493,0.49544670649904704,2.6038279337079238,1.1648139654889987e-23,1.7763568394002505e-15,1.1648139654889987e-22,2.1316282072803006e-14
enterprise,c_kam,static,mean_makespan_proxy,lower,50,18.14729674018689,15.146043244936148,13.85286556188338,1.3100030935202156,2.398604049008709e-12,1.7763568394002505e-15,2.398604049008709e-11,2.1316282072803006e-14
enterprise,c_kam,static,mean_cross_communication_ratio,lower,50,0.2637523515155687,0.2524786952542245,0.11623402139872811,2.2691493277238948,3.843960728076453e-21,1.7763568394002505e-15,3.0751685824611626e-20,2.1316282072803006e-14
enterprise,c_kam,static,mean_coordination_cost_normalized,lower,50,0.16658043253614863,0.15946022858161546,0.07341096088340723,2.2691493277238943,3.843960728076508e-21,1.7763568394002505e-15,3.0751685824612066e-20,2.1316282072803006e-14
enterprise,d_kam,affinity_greedy,completion_ratio,higher,50,0.06432866460624656,0.06612929515695037,0.022802888335169046,2.8210752804955868,3.613236811258855e-25,1.7763568394002505e-15,4.124060708198839e-24,2.1316282072803006e-14
enterprise,d_kam,affinity_greedy,disturbance_backlog_auc_mean,lower,50,68.30256925118626,68.77729797367303,24.53509882471,2.783871780552878,6.451679572009334e-25,1.7763568394002505e-15,7.096847529210268e-24,2.1316282072803006e-14
enterprise,d_kam,affinity_greedy,disturbance_service_loss_auc_mean,lower,50,9.678949010268555,9.922856536659115,0.909626387519601,10.64057633229114,2.6820676625419433e-52,1.7763568394002505e-15,2.950274428796138e-51,2.1316282072803006e-14
enterprise,d_kam,affinity_greedy,mean_service_ratio,higher,50,0.6775264307187989,0.6945999575661382,0.06367384712637209,10.640576332291138,2.6820676625419433e-52,1.7763568394002505e-15,2.950274428796138e-51,2.1316282072803006e-14
enterprise,d_kam,affinity_greedy,mean_backlog_to_capacity,lower,50,4.781179847583038,4.814410858157112,1.7174569177296999,2.7838717805528788,6.451679572009288e-25,1.7763568394002505e-15,7.096847529210217e-24,2.1316282072803006e-14
enterprise,d_kam,affinity_greedy,mean_raw_load_imbalance,lower,50,0.9633443291580426,0.9265787263833878,0.2719642717138001,3.542172370978979,1.383275100458947e-29,1.7763568394002505e-15,1.5216026105048417e-28,2.1316282072803006e-14
enterprise,d_kam,affinity_greedy,mean_kam_capacity_mismatch,lower,50,0.9958157982092614,0.9519142682936712,0.2966310663005425,3.3570853202554134,1.5764516349858563e-28,1.7763568394002505e-15,1.7340967984844418e-27,2.1316282072803006e-14
enterprise,d_kam,affinity_greedy,mean_makespan_proxy,lower,50,21.96415266995838,20.00056320899867,12.19939532690811,1.8004296181395336,3.7190454146815554e-17,1.7763568394002505e-15,4.090949956149711e-16,2.1316282072803006e-14
enterprise,d_kam,affinity_greedy,mean_cross_communication_ratio,lower,50,0.0936492200613956,0.08480461333809794,0.16798130445345447,0.5574978737431143,0.0002564923294999097,0.0005734773907004609,0.0002564923294999097,0.0005734773907004609
enterprise,d_kam,affinity_greedy,mean_coordination_cost_normalized,lower,50,0.05914687582824982,0.053560808424061856,0.10609345544428708,0.5574978737431137,0.0002564923294999128,0.0005734773907004609,0.0002564923294999128,0.0005734773907004609
enterprise,d_kam,balanced_affinity,completion_ratio,higher,50,0.0007578036624613072,2.220446049250313e-16,0.0023029831474501794,0.3290530646306871,0.02415591952697417,0.08129266706265487,0.0689644987617891,0.16258533412530973
enterprise,d_kam,balanced_affinity,disturbance_backlog_auc_mean,lower,50,0.8264939777576863,-0.005277005145803815,3.1707489456321896,0.2606620681515037,0.07135871543959596,0.7594325529338448,0.13520230344475098,1.0
enterprise,d_kam,balanced_affinity,disturbance_service_loss_auc_mean,lower,50,0.4076037557506818,-0.001760381497936503,1.6729928498854572,0.2436374762621303,0.09123538823506898,0.9771032283055696,0.1648863836112044,1.0
enterprise,d_kam,balanced_affinity,mean_service_ratio,higher,50,0.028532262902547713,-0.0001232267048554836,0.117109499491982,0.2436374762621302,0.0912353882350691,0.9771032283055696,0.1648863836112045,1.0
enterprise,d_kam,balanced_affinity,mean_backlog_to_capacity,lower,50,0.05785457844303803,-0.0003693903602063203,0.22195242619425323,0.26066206815150367,0.07135871543959596,0.7594325529338448,0.13520230344475104,1.0
enterprise,d_kam,balanced_affinity,mean_raw_load_imbalance,lower,50,0.2750844970801205,0.011830739682742078,0.8126719648725785,0.3384938929488627,0.02056220337065521,0.3724861917482851,0.03974294246762077,1.0
enterprise,d_kam,balanced_affinity,mean_kam_capacity_mismatch,lower,50,0.2908493841826536,0.013951370876421829,0.850503942648537,0.34197299929842234,0.01936408486496606,0.2260100302518655,0.03565773331788392,0.452020060503731
enterprise,d_kam,balanced_affinity,mean_makespan_proxy,lower,50,3.9323667480709332,0.059754620181077134,12.573990809309178,0.31273815988155473,0.031704606531151834,0.09513333936720869,0.10325359046810492,0.24164500306368097
enterprise,d_kam,balanced_affinity,mean_cross_communication_ratio,lower,50,0.31013645364895204,0.32843971240138314,0.14967519050136802,2.072063196379345,1.5526408797708552e-19,1.7763568394002505e-15,9.315845278625132e-19,2.1316282072803006e-14
enterprise,d_kam,balanced_affinity,mean_coordination_cost_normalized,lower,50,0.19587565493618023,0.20743560783245252,0.09453169926402193,2.0720631963793448,1.5526408797708665e-19,1.7763568394002505e-15,9.3158452786252e-19,2.1316282072803006e-14
enterprise,d_kam,domain_heuristic,completion_ratio,higher,50,0.000758176519881033,0.0,0.002307716739885363,0.3285396802723266,0.024366546612209272,0.3909993676763005,0.0689644987617891,0.3909993676763005
enterprise,d_kam,domain_heuristic,disturbance_backlog_auc_mean,lower,50,0.8365645578303752,0.0016036278820083516,3.1649533708899416,0.26432129001481774,0.06760115172237549,0.878334307774896,0.13520230344475098,1.0
enterprise,d_kam,domain_heuristic,disturbance_service_loss_auc_mean,lower,50,0.4187155446314374,0.016854705605857667,1.6699114553438419,0.25074116552198994,0.0824431918056022,0.7594325529338448,0.1648863836112044,1.0
enterprise,d_kam,domain_heuristic,mean_service_ratio,higher,50,0.02931008812420061,0.00117982939241007,0.11689380187406893,0.2507411655219899,0.08244319180560225,0.7594325529338448,0.1648863836112045,1.0
enterprise,d_kam,domain_heuristic,mean_backlog_to_capacity,lower,50,0.05855951904812626,0.00011225395174058878,0.22154673596229593,0.2643212900148177,0.06760115172237552,0.878334307774896,0.13520230344475104,1.0
enterprise,d_kam,domain_heuristic,mean_raw_load_imbalance,lower,50,0.27660579698994453,0.017616884025397767,0.8124075564669107,0.34047664228146635,0.019871471233810386,0.3422827758111566,0.03974294246762077,1.0
enterprise,d_kam,domain_heuristic,mean_kam_capacity_mismatch,lower,50,0.29697034900024516,0.021303265723182835,0.8564982659999478,0.3467261532088884,0.01782886665894196,0.06780369678404519,0.03565773331788392,0.20341109035213556
enterprise,d_kam,domain_heuristic,mean_makespan_proxy,lower,50,3.9341244106522364,0.06838324973880794,12.571310474916991,0.31294465429851803,0.03159730332108213,0.08054833435456032,0.10325359046810492,0.24164500306368097
enterprise,d_kam,domain_heuristic,mean_cross_communication_ratio,lower,50,0.2969700323866797,0.30285139598859,0.15028264476686193,1.9760766976611197,1.0215442055227536e-18,1.7763568394002505e-15,5.107721027613768e-18,2.1316282072803006e-14
enterprise,d_kam,domain_heuristic,mean_coordination_cost_normalized,lower,50,0.18756002045474507,0.19127456588753056,0.09491535458959702,1.9760766976611197,1.0215442055227754e-18,1.7763568394002505e-15,5.107721027613877e-18,2.1316282072803006e-14
enterprise,d_kam,dynamic_leiden,completion_ratio,higher,50,0.004268277190899792,0.0018967071738557606,0.006017167722575149,0.7093498781637932,7.326310049250598e-06,1.5581270819808626e-08,5.1284170344754184e-05,1.0906889573866037e-07
enterprise,d_kam,dynamic_leiden,disturbance_backlog_auc_mean,lower,50,7.247890488788366,4.982881003025997,7.716622846719261,0.9392568009034966,2.383525703096024e-08,5.861977570020827e-14,1.6684679921672166e-07,2.9309887850104133e-13
enterprise,d_kam,dynamic_leiden,disturbance_service_loss_auc_mean,lower,50,3.541791410797127,3.2719755540332147,2.430193635529371,1.4574111951476723,7.344386028574882e-14,5.861977570020827e-14,5.141070220002417e-13,2.9309887850104133e-13
enterprise,d_kam,dynamic_leiden,mean_service_ratio,higher,50,0.2479253987557989,0.22903828878232502,0.17011355448705595,1.4574111951476723,7.344386028574857e-14,5.861977570020827e-14,5.1410702200024e-13,2.9309887850104133e-13
enterprise,d_kam,dynamic_leiden,mean_backlog_to_capacity,lower,50,0.5073523342151857,0.3488016702118198,0.5401635992703483,0.9392568009034966,2.383525703096024e-08,5.861977570020827e-14,1.6684679921672166e-07,2.9309887850104133e-13
enterprise,d_kam,dynamic_leiden,mean_raw_load_imbalance,lower,50,0.8277580108520936,0.3628405492623648,0.9359333672879329,0.8844198099814514,9.497023692138756e-08,2.4868995751603507e-14,6.647916584497129e-07,1.2434497875801753e-13
enterprise,d_kam,dynamic_leiden,mean_kam_capacity_mismatch,lower,50,0.8914582195899492,0.39179276049334466,0.9748815565277764,0.9144272077164378,4.458989597951544e-08,2.4868995751603507e-14,3.1212927185660805e-07,1.2434497875801753e-13
enterprise,d_kam,dynamic_leiden,mean_makespan_proxy,lower,50,11.258535464964863,1.7732710782394834,17.950926901760663,0.6271840739243723,5.2033150414893304e-05,1.2434497875801753e-14,0.0003642320529042531,6.217248937900877e-14
enterprise,d_kam,dynamic_leiden,mean_cross_communication_ratio,lower,50,0.22128401309870468,0.21344795199250863,0.13958362400380409,1.5853150015124555,3.9705832437569786e-15,1.7763568394002505e-15,1.1911749731270936e-14,2.1316282072803006e-14
enterprise,d_kam,dynamic_leiden,mean_coordination_cost_normalized,lower,50,0.13975832406233976,0.1348092328373739,0.08815807831819208,1.5853150015124544,3.970583243757077e-15,1.7763568394002505e-15,1.1911749731271232e-14,2.1316282072803006e-14
enterprise,d_kam,greedy_load,completion_ratio,higher,50,0.0015073651286418533,4.440892098500626e-16,0.0035988206343534946,0.4188497515694171,0.00470749014761647,0.029446173138623133,0.02353745073808235,0.0883385194158694
enterprise,d_kam,greedy_load,disturbance_backlog_auc_mean,lower,50,1.4091966030621756,-0.04162673153133256,4.0068268649099865,0.3516989005447914,0.01634117464144283,0.9618478594751583,0.04902352392432849,1.0
enterprise,d_kam,greedy_load,disturbance_service_loss_auc_mean,lower,50,0.6799726303322163,-0.05595867562446688,1.9752582330863697,0.3442449290641605,0.018616003101501157,0.8332778036429911,0.05584800930450347,1.0
enterprise,d_kam,greedy_load,mean_service_ratio,higher,50,0.04759808412325514,-0.003917107293712752,0.13826807631604587,0.3442449290641605,0.018616003101501157,0.8332778036429911,0.05584800930450347,1.0
enterprise,d_kam,greedy_load,mean_backlog_to_capacity,lower,50,0.09864376221435231,-0.0029138712071932853,0.28047788054369904,0.35169890054479147,0.0163411746414428,0.9618478594751583,0.049023523924328405,1.0
enterprise,d_kam,greedy_load,mean_raw_load_imbalance,lower,50,0.40888323044845193,-0.0320700065900137,0.9527911086203101,0.4291425756906313,0.003849155465032521,0.6736344940466168,0.019245777325162604,1.0
enterprise,d_kam,greedy_load,mean_kam_capacity_mismatch,lower,50,0.437024736184254,-0.028106813867670694,1.0125771153765553,0.43159649724232024,0.0036673625619822524,0.7376605378038441,0.014543397326866239,0.7376605378038441
enterprise,d_kam,greedy_load,mean_makespan_proxy,lower,50,6.241961324512178,0.003700418382789561,14.47401814157101,0.4312528327282223,0.0036923285155455216,0.2373529877703877,0.01846164257772761,0.24164500306368097
enterprise,d_kam,greedy_load,mean_cross_communication_ratio,lower,50,0.3562105034059951,0.3693671396542606,0.1435951575445795,2.480658188598098,9.209732269027983e-23,1.7763568394002505e-15,8.288759042125184e-22,2.1316282072803006e-14
enterprise,d_kam,greedy_load,mean_coordination_cost_normalized,lower,50,0.22497505478273375,0.23328450925532251,0.09069167844920811,2.480658188598098,9.209732269027983e-23,1.7763568394002505e-15,8.288759042125184e-22,2.1316282072803006e-14
enterprise,d_kam,static,completion_ratio,higher,50,0.027675296144661816,0.028638899320989286,0.01747453995775665,1.5837496272614162,4.1123442553566055e-15,3.552713678800501e-15,3.701109829820945e-14,3.552713678800501e-14
enterprise,d_kam,static,disturbance_backlog_auc_mean,lower,50,35.82964179845519,33.936634824168635,21.6746348729725,1.653067837517922,8.83082053894137e-16,1.7763568394002505e-15,7.947738485047233e-15,2.1316282072803006e-14
enterprise,d_kam,static,disturbance_service_loss_auc_mean,lower,50,8.157142963820862,8.845718141516794,2.2842597654932666,3.5710224760971507,9.55997024393242e-30,1.7763568394002505e-15,8.603973219539177e-29,2.1316282072803006e-14
enterprise,d_kam,static,mean_service_ratio,higher,50,0.5710000074674604,0.6192002699061758,0.15989818358452867,3.5710224760971507,9.55997024393242e-30,1.7763568394002505e-15,8.603973219539177e-29,2.1316282072803006e-14
enterprise,d_kam,static,mean_backlog_to_capacity,lower,50,2.5080749258918633,2.3755644376918044,1.5172244411080753,1.6530678375179217,8.830820538941435e-16,1.7763568394002505e-15,7.947738485047292e-15,2.1316282072803006e-14
enterprise,d_kam,static,mean_raw_load_imbalance,lower,50,1.1836908207316466,1.1679150605329913,0.49088537583496816,2.411338530340725,3.048743012421106e-22,1.7763568394002505e-15,2.7438687111789956e-21,2.1316282072803006e-14
enterprise,d_kam,static,mean_kam_capacity_mismatch,lower,50,1.2055212053491668,1.1693947203428376,0.5069343338391643,2.3780618610292117,5.464066601767145e-22,1.7763568394002505e-15,4.917659941590431e-21,2.1316282072803006e-14
enterprise,d_kam,static,mean_makespan_proxy,lower,50,17.972933061150957,15.057261059407137,13.837860775459077,1.2988230878160933,3.140312439061332e-12,1.7763568394002505e-15,2.8262811951551985e-11,2.1316282072803006e-14
enterprise,d_kam,static,mean_cross_communication_ratio,lower,50,0.24151607730909094,0.243079835362222,0.13971517989788418,1.7286316167334972,1.7102216299864006e-16,1.7763568394002505e-15,6.840886519945602e-16,2.1316282072803006e-14
enterprise,d_kam,static,mean_coordination_cost_normalized,lower,50,0.15253646987942582,0.1535241065445614,0.08824116625129531,1.7286316167334959,1.7102216299864497e-16,1.7763568394002505e-15,6.840886519945799e-16,2.1316282072803006e-14
hpc,c_kam,affinity_greedy,completion_ratio,higher,50,0.12781681579175527,0.1212354636228643,0.032149513149808726,3.975699886843099,6.932250109386082e-32,1.7763568394002505e-15,9.705150153140514e-31,2.842170943040401e-14
hpc,c_kam,affinity_greedy,disturbance_backlog_auc_mean,lower,50,130.721446607443,127.56179239209487,34.011945118906496,3.8433981399898767,3.3000625184451766e-31,1.7763568394002505e-15,4.620087525823247e-30,2.842170943040401e-14
hpc,c_kam,affinity_greedy,disturbance_service_loss_auc_mean,lower,50,7.317969697933517,7.524587509520192,0.7661431293860917,9.551700481602419,5.061246063447445e-50,1.7763568394002505e-15,7.591869095171168e-49,2.842170943040401e-14
hpc,c_kam,affinity_greedy,mean_service_ratio,higher,50,0.622027424324349,0.6395899383092163,0.0651221659978178,9.55170048160242,5.061246063447445e-50,1.7763568394002505e-15,7.591869095171168e-49,2.842170943040401e-14
hpc,c_kam,affinity_greedy,mean_backlog_to_capacity,lower,50,11.111322961632657,10.842752353328066,2.8910153351070518,3.8433981399898784,3.3000625184451298e-31,1.7763568394002505e-15,4.620087525823182e-30,2.842170943040401e-14
hpc,c_kam,affinity_greedy,mean_raw_load_imbalance,lower,50,1.2194989380846641,1.1619543377665753,0.23941927083816122,5.093570512580006,6.4386314134313375e-37,1.7763568394002505e-15,9.014083978803872e-36,2.842170943040401e-14
hpc,c_kam,affinity_greedy,mean_kam_capacity_mismatch,lower,50,1.2572636591620012,1.1883323616769177,0.2537429822910805,4.954870664047508,2.370121541312712e-36,1.7763568394002505e-15,2.5428606770693623e-35,2.842170943040401e-14
hpc,c_kam,affinity_greedy,mean_makespan_proxy,lower,50,53.31519910385372,49.1685563399497,24.419329535316493,2.183319530814576,1.87255744533462e-20,1.7763568394002505e-15,1.310790211734234e-19,2.842170943040401e-14
hpc,c_kam,affinity_greedy,mean_cross_communication_ratio,lower,50,0.0655459587404986,0.06430803155604078,0.06554211676119562,1.0000586184806477,5.1412250694732404e-09,1.0642100534141719e-08,1.542367520841972e-08,3.1926301602425156e-08
hpc,c_kam,affinity_greedy,mean_coordination_cost_normalized,lower,50,0.05884570518035872,0.05773432166364553,0.058842255936717845,1.0000586184806475,5.141225069473295e-09,1.0642100534141719e-08,1.5423675208419887e-08,3.1926301602425156e-08
hpc,c_kam,balanced_affinity,completion_ratio,higher,50,0.0003038809010309906,0.00012112101551869925,0.0004442635054642228,0.6840104966836232,1.3512663911629503e-05,2.7691264507336206e-06,9.458864738140652e-05,1.9383885155135346e-05
hpc,c_kam,balanced_affinity,disturbance_backlog_auc_mean,lower,50,1.3390683024854737,1.2926411162106803,0.6396451701411339,2.0934548793513383,1.0280115437982935e-19,5.329070518200751e-15,8.224092350386348e-19,4.263256414560601e-14
hpc,c_kam,balanced_affinity,disturbance_service_loss_auc_mean,lower,50,0.841965617231049,0.8343500725307733,0.40403774439876056,2.083878620013482,1.235995189147275e-19,3.552713678800501e-15,7.415971134883651e-19,2.842170943040401e-14
hpc,c_kam,balanced_affinity,mean_service_ratio,higher,50,0.07156707746463918,0.0709197561651157,0.03434320827389464,2.0838786200134822,1.2359951891472577e-19,3.552713678800501e-15,7.415971134883547e-19,2.842170943040401e-14
hpc,c_kam,balanced_affinity,mean_backlog_to_capacity,lower,50,0.1138208057112653,0.10987449487790768,0.054369839461996416,2.0934548793513374,1.0280115437983228e-19,5.329070518200751e-15,8.224092350386583e-19,4.263256414560601e-14
hpc,c_kam,balanced_affinity,mean_raw_load_imbalance,lower,50,0.12284385579930714,0.11710342830555112,0.042302565393999556,2.903933949517209,1.0148606532440817e-25,1.7763568394002505e-15,6.08916391946449e-25,2.842170943040401e-14
hpc,c_kam,balanced_affinity,mean_kam_capacity_mismatch,lower,50,0.17449329326980847,0.16861900059404117,0.03540835112993645,4.928026516385307,3.0619791712582855e-36,1.7763568394002505e-15,2.755781254132457e-35,2.842170943040401e-14
hpc,c_kam,balanced_affinity,mean_makespan_proxy,lower,50,0.7310273556430831,0.6324756654254057,0.3415269702588357,2.1404674280600844,4.193315218470542e-20,1.7763568394002505e-15,2.0966576092352708e-19,2.842170943040401e-14
hpc,c_kam,balanced_affinity,mean_cross_communication_ratio,lower,50,0.36444952665546715,0.37817089440019624,0.06993745736554102,5.211077731216399,2.189687581973034e-37,1.7763568394002505e-15,1.9707188237757303e-36,2.842170943040401e-14
hpc,c_kam,balanced_affinity,mean_coordination_cost_normalized,lower,50,0.3271946861529083,0.33951342519484295,0.06278829505706349,5.2110777312164,2.189687581973034e-37,1.7763568394002505e-15,1.9707188237757303e-36,2.842170943040401e-14
hpc,c_kam,domain_heuristic,completion_ratio,higher,50,0.0003635709276505383,0.0001554506172186665,0.0005350205074726713,0.6795457792225085,1.5041980037832074e-05,8.774451350369374e-06,9.458864738140652e-05,5.264670810221625e-05
hpc,c_kam,domain_heuristic,disturbance_backlog_auc_mean,lower,50,1.3856174549235611,1.3785166549140562,0.6865045769492147,2.0183659387693558,4.423886516566153e-19,9.769962616701378e-14,3.0967205615963074e-18,4.884981308350689e-13
hpc,c_kam,domain_heuristic,disturbance_service_loss_auc_mean,lower,50,0.8669306299323323,0.9165392273736359,0.4035709157564159,2.148149423274068,3.626215857162151e-20,3.552713678800501e-15,2.9009726857297206e-19,2.842170943040401e-14
hpc,c_kam,domain_heuristic,mean_service_ratio,higher,50,0.07368910354424824,0.07790583432675913,0.034303527839295335,2.1481494232740688,3.626215857162099e-20,3.552713678800501e-15,2.900972685729679e-19,2.842170943040401e-14
hpc,c_kam,domain_heuristic,mean_backlog_to_capacity,lower,50,0.11777748366850277,0.11717391566769486,0.058352889040683295,2.0183659387693553,4.423886516566153e-19,9.769962616701378e-14,3.0967205615963074e-18,4.884981308350689e-13
hpc,c_kam,domain_heuristic,mean_raw_load_imbalance,lower,50,0.1258716906622028,0.12690700238420766,0.03894682061245687,3.231886163820613,8.725377932950617e-28,1.7763568394002505e-15,6.980302346360493e-27,2.842170943040401e-14
hpc,c_kam,domain_heuristic,mean_kam_capacity_mismatch,lower,50,0.1780390700590988,0.17943803303325478,0.03591311762458958,4.9574941368274885,2.3116915246085113e-36,1.7763568394002505e-15,2.5428606770693623e-35,2.842170943040401e-14
hpc,c_kam,domain_heuristic,mean_makespan_proxy,lower,50,0.7453573383396024,0.6469570822645321,0.32758179786209923,2.275331972667701,3.435052318392574e-21,1.7763568394002505e-15,3.7785575502318317e-20,2.842170943040401e-14
hpc,c_kam,domain_heuristic,mean_cross_communication_ratio,lower,50,0.36028575010661357,0.3733208031389674,0.0708795547037394,5.083070169000455,7.098032744066543e-37,1.7763568394002505e-15,5.678426195253235e-36,2.842170943040401e-14
hpc,c_kam,domain_heuristic,mean_coordination_cost_normalized,lower,50,0.32345654009571534,0.33515912104031753,0.06363408911180161,5.083070169000453,7.0980327440666445e-37,1.7763568394002505e-15,5.6784261952533156e-36,2.842170943040401e-14
hpc,c_kam,dynamic_leiden,completion_ratio,higher,50,0.053027096036471905,0.05095409770097237,0.01898904613562829,2.792509726804,5.636136133453777e-25,1.7763568394002505e-15,5.636136133453777e-24,2.842170943040401e-14
hpc,c_kam,dynamic_leiden,disturbance_backlog_auc_mean,lower,50,59.36696782797662,56.67686804625302,18.041081388771147,3.2906546203448146,3.881711343421769e-28,1.7763568394002505e-15,3.881711343421769e-27,2.842170943040401e-14
hpc,c_kam,dynamic_leiden,disturbance_service_loss_auc_mean,lower,50,6.604658706658704,6.875008953114376,0.7801796953190332,8.465560878199872,1.749251324718699e-47,1.7763568394002505e-15,2.4489518546061788e-46,2.842170943040401e-14
hpc,c_kam,dynamic_leiden,mean_service_ratio,higher,50,0.5613959900659898,0.584375761014722,0.06631527410211782,8.465560878199874,1.749251324718699e-47,1.7763568394002505e-15,2.4489518546061788e-46,2.842170943040401e-14
hpc,c_kam,dynamic_leiden,mean_backlog_to_capacity,lower,50,5.046192265378013,4.817533783931506,1.5334919180455475,3.290654620344815,3.881711343421769e-28,1.7763568394002505e-15,3.881711343421769e-27,2.842170943040401e-14
hpc,c_kam,dynamic_leiden,mean_raw_load_imbalance,lower,50,0.9529740130432539,0.9153255656985771,0.17668616584264785,5.39359722080306,4.285378681995724e-38,1.7763568394002505e-15,6.428068022993586e-37,2.842170943040401e-14
hpc,c_kam,dynamic_leiden,mean_kam_capacity_mismatch,lower,50,0.9866526115191627,0.9360366776652809,0.1672941076572058,5.897712868291001,6.113957377108759e-40,1.7763568394002505e-15,9.170936065663138e-39,2.842170943040401e-14
hpc,c_kam,dynamic_leiden,mean_makespan_proxy,lower,50,21.29386270947345,18.65187745840749,8.953732281964685,2.3782107884066663,5.44974664599615e-22,1.7763568394002505e-15,7.084670639794996e-21,2.842170943040401e-14
hpc,c_kam,dynamic_leiden,mean_cross_communication_ratio,lower,50,0.05688118197419758,0.05047562712995998,0.05882731649298949,0.9669178430224021,1.1859897231753466e-08,2.434094703573919e-08,2.371979446350693e-08,4.868189407147838e-08
hpc,c_kam,dynamic_leiden,mean_coordination_cost_normalized,lower,50,0.05106666115016849,0.045315896356675156,0.05281385747370612,0.966917843022402,1.1859897231753466e-08,2.434094703573919e-08,2.371979446350693e-08,4.868189407147838e-08
hpc,c_kam,greedy_load,completion_ratio,higher,50,0.00038190926131856704,8.561033574078225e-05,0.000520240436695025,0.734101454598097,4.007116059283169e-06,1.1989022485563904e-05,3.205692847426535e-05,5.994511242781952e-05
hpc,c_kam,greedy_load,disturbance_backlog_auc_mean,lower,50,1.3489086897479752,1.222826309523946,0.6917859950619714,1.9498930296025112,1.7245475325292238e-18,2.4868995751603507e-14,1.0347285195175343e-17,1.7408297026122455e-13
hpc,c_kam,greedy_load,disturbance_service_loss_auc_mean,lower,50,0.8334640992152927,0.7725772367415991,0.4324874280254187,1.927140640875016,2.727622030305542e-18,1.7763568394002505e-15,1.363811015152771e-17,2.842170943040401e-14
hpc,c_kam,greedy_load,mean_service_ratio,higher,50,0.0708444484332999,0.06566906512303589,0.036761431382160585,1.9271406408750167,2.727622030305542e-18,1.7763568394002505e-15,1.363811015152771e-17,2.842170943040401e-14
hpc,c_kam,greedy_load,mean_backlog_to_capacity,lower,50,0.11465723862857796,0.10394023630953547,0.058801809580267574,1.949893029602512,1.7245475325291866e-18,2.4868995751603507e-14,1.034728519517512e-17,1.7408297026122455e-13
hpc,c_kam,greedy_load,mean_raw_load_imbalance,lower,50,0.12149837714804919,0.11249646396281945,0.04167806227117328,2.915163770271628,8.563018536860922e-26,1.7763568394002505e-15,5.994112975802645e-25,2.842170943040401e-14
hpc,c_kam,greedy_load,mean_kam_capacity_mismatch,lower,50,0.16973190382227252,0.1603315096742206,0.04622982782061852,3.671480336912958,2.6936138138372e-30,1.7763568394002505e-15,1.61616828830232e-29,2.842170943040401e-14
hpc,c_kam,greedy_load,mean_makespan_proxy,lower,50,0.7338310772050075,0.678582556280154,0.3319429446980311,2.2107144885172194,1.1245929013477389e-20,1.7763568394002505e-15,8.996743210781911e-20,2.842170943040401e-14
hpc,c_kam,greedy_load,mean_cross_communication_ratio,lower,50,0.40306772273129954,0.4091467804944552,0.06855666427561297,5.879336852080172,7.09482431582014e-40,1.7763568394002505e-15,7.804306747402154e-39,2.842170943040401e-14
hpc,c_kam,greedy_load,mean_coordination_cost_normalized,lower,50,0.3618652444076556,0.36732288737724406,0.061548649705216986,5.879336852080171,7.094824315820239e-40,1.7763568394002505e-15,7.804306747402264e-39,2.842170943040401e-14
hpc,c_kam,parmetis_adaptive,completion_ratio,higher,50,0.02550017573934024,0.025820776652052402,0.005680834806020088,4.488807826680195,2.4537547941356354e-34,1.7763568394002505e-15,3.9260076706170166e-33,2.842170943040401e-14
hpc,c_kam,parmetis_adaptive,disturbance_backlog_auc_mean,lower,50,45.84864417001652,44.20429900692979,7.399177019734203,6.196451855082596,5.777535645910126e-41,1.7763568394002505e-15,9.244057033456201e-40,2.842170943040401e-14
hpc,c_kam,parmetis_adaptive,disturbance_service_loss_auc_mean,lower,50,6.485754907006165,6.698019511864974,0.801698010125247,8.090022458697277,1.5670654611219591e-46,1.7763568394002505e-15,1.880478553346351e-45,2.842170943040401e-14
hpc,c_kam,parmetis_adaptive,mean_service_ratio,higher,50,0.5512891670955241,0.5693316585085229,0.068144330860646,8.090022458697277,1.5670654611219371e-46,1.7763568394002505e-15,1.8804785533463245e-45,2.842170943040401e-14
hpc,c_kam,parmetis_adaptive,mean_backlog_to_capacity,lower,50,3.897134754451405,3.757365415589032,0.6289300466774072,6.196451855082598,5.777535645909961e-41,1.7763568394002505e-15,9.244057033455937e-40,2.842170943040401e-14
hpc,c_kam,parmetis_adaptive,mean_raw_load_imbalance,lower,50,0.09494946780370896,0.09437588888016381,0.01990480587823594,4.770178035623417,1.4177488207646512e-35,1.7763568394002505e-15,1.5595237028411164e-34,2.842170943040401e-14
hpc,c_kam,parmetis_adaptive,mean_kam_capacity_mismatch,lower,50,0.20237759792310203,0.20300395514573738,0.019594264815303256,10.3284098602691,1.1392813066987922e-51,1.7763568394002505e-15,1.8228500907180675e-50,2.842170943040401e-14
hpc,c_kam,parmetis_adaptive,mean_makespan_proxy,lower,50,5.36649229343733,5.278838659765816,0.7708602894930515,6.96169249679024,2.1767421610898502e-43,1.7763568394002505e-15,3.4827874577437603e-42,2.842170943040401e-14
hpc,c_kam,parmetis_adaptive,mean_cross_communication_ratio,lower,50,0.051257888050770764,0.051670183393791036,0.059254805303920334,0.8650418778336533,1.5461327308970462e-07,5.215646012857178e-07,1.5461327308970462e-07,5.215646012857178e-07
hpc,c_kam,parmetis_adaptive,mean_coordination_cost_normalized,lower,50,0.0460181928278031,0.04638834242464793,0.053197647428408476,0.8650418778336536,1.5461327308970462e-07,5.215646012857178e-07,1.5461327308970462e-07,5.215646012857178e-07
hpc,c_kam,static,completion_ratio,higher,50,0.1254559922180804,0.1250327219176267,0.0390179103169838,3.2153437023886857,1.098401001297748e-27,1.7763568394002505e-15,1.3180812015572977e-26,2.842170943040401e-14
hpc,c_kam,static,disturbance_backlog_auc_mean,lower,50,134.84124805128357,135.35669706633746,40.3268574116516,3.343708305232929,1.8878065044885397e-28,1.7763568394002505e-15,2.2653678053862476e-27,2.842170943040401e-14
hpc,c_kam,static,disturbance_service_loss_auc_mean,lower,50,7.353465314068265,7.673333287235415,0.7489885682863994,9.817860546112415,1.3344935461513994e-50,1.7763568394002505e-15,2.135189673842239e-49,2.842170943040401e-14
hpc,c_kam,static,mean_service_ratio,higher,50,0.6250445516958024,0.6522333294150102,0.06366402830434395,9.817860546112414,1.3344935461513994e-50,1.7763568394002505e-15,2.135189673842239e-49,2.842170943040401e-14
hpc,c_kam,static,mean_backlog_to_capacity,lower,50,11.461506084359108,11.505319250638685,3.4277828799903864,3.3437083052329304,1.8878065044885264e-28,1.7763568394002505e-15,2.2653678053862318e-27,2.842170943040401e-14
hpc,c_kam,static,mean_raw_load_imbalance,lower,50,1.2506077314182016,1.228335004818407,0.22974565830932422,5.443444462112152,2.769618761097382e-38,1.7763568394002505e-15,4.431390017755811e-37,2.842170943040401e-14
hpc,c_kam,static,mean_kam_capacity_mismatch,lower,50,1.2341521225361558,1.206929759345458,0.21407410474991967,5.765069642486121,1.8075891254252846e-39,1.7763568394002505e-15,2.5306247755953985e-38,2.842170943040401e-14
hpc,c_kam,static,mean_makespan_proxy,lower,50,57.01091463412389,49.23962622741607,25.321160340685697,2.251512721655158,5.304199733274637e-21,1.7763568394002505e-15,5.304199733274637e-20,2.842170943040401e-14
hpc,c_kam,static,mean_cross_communication_ratio,lower,50,0.25629157221831944,0.2587532888806599,0.061328192536141156,4.179017212471816,6.87839775616397e-33,1.7763568394002505e-15,4.8148784293147787e-32,2.842170943040401e-14
hpc,c_kam,static,mean_coordination_cost_normalized,lower,50,0.2300928781693356,0.23230295268397025,0.05505908841022451,4.179017212471814,6.878397756164068e-33,1.7763568394002505e-15,4.8148784293148477e-32,2.842170943040401e-14
hpc,c_kam,work_stealing,completion_ratio,higher,50,0.0003092530673062543,9.373798424611168e-05,0.0004833208688873843,0.6398504331463318,3.865341637853323e-05,9.630476297357385e-07,0.00019326708189266616,7.704381037885908e-06
hpc,c_kam,work_stealing,disturbance_backlog_auc_mean,lower,50,1.3371400057472826,1.254266180408922,0.905408319052277,1.476836447832636,4.6843005788082e-14,2.4868995751603507e-14,2.3421502894041e-13,1.7408297026122455e-13
hpc,c_kam,work_stealing,disturbance_service_loss_auc_mean,lower,50,0.820774826051753,0.7561221295323787,0.384298778049345,2.135772666824258,4.58348560826061e-20,1.7763568394002505e-15,3.2084399257824272e-19,2.842170943040401e-14
hpc,c_kam,work_stealing,mean_service_ratio,higher,50,0.06976586021439901,0.06427038101025223,0.0326653961341943,2.135772666824259,4.583485608260478e-20,1.7763568394002505e-15,3.208439925782335e-19,2.842170943040401e-14
hpc,c_kam,work_stealing,mean_backlog_to_capacity,lower,50,0.11365690048851905,0.10661262533475821,0.07695970711944357,1.4768364478326357,4.6843005788082e-14,2.4868995751603507e-14,2.3421502894041e-13,1.7408297026122455e-13
hpc,c_kam,work_stealing,mean_raw_load_imbalance,lower,50,0.11986809767432634,0.11542009255925953,0.03633925244635745,3.2985845774144864,3.4830611437778317e-28,1.7763568394002505e-15,3.1347550294000486e-27,2.842170943040401e-14
hpc,c_kam,work_stealing,mean_kam_capacity_mismatch,lower,50,0.1668664548997354,0.16305410828222916,0.040151291279318393,4.155942426332051,8.894963837827866e-33,1.7763568394002505e-15,6.226474686479507e-32,2.842170943040401e-14
hpc,c_kam,work_stealing,mean_makespan_proxy,lower,50,0.6929653928650283,0.6559503808262714,0.2779499300484338,2.4931303013613872,7.444510385297258e-23,1.7763568394002505e-15,1.0422314539416161e-21,2.842170943040401e-14
hpc,c_kam,work_stealing,mean_cross_communication_ratio,lower,50,0.4127161482085738,0.423510560191364,0.06641876408569093,6.213848659937473,5.052803948343993e-41,1.7763568394002505e-15,6.063364738012792e-40,2.842170943040401e-14
hpc,c_kam,work_stealing,mean_coordination_cost_normalized,lower,50,0.3705273863916974,0.38021836959402444,0.05962929042359809,6.213848659937474,5.052803948343922e-41,1.7763568394002505e-15,6.063364738012706e-40,2.842170943040401e-14
hpc,d_kam,affinity_greedy,completion_ratio,higher,50,0.1275612943281529,0.1209472301358041,0.03214667281489932,3.9681025486728094,7.572594951188245e-32,1.7763568394002505e-15,9.844373436544718e-31,2.842170943040401e-14
hpc,d_kam,affinity_greedy,disturbance_backlog_auc_mean,lower,50,129.2422692817535,125.63330581075493,33.843714059748756,3.818796868853848,4.4339243265619525e-31,1.7763568394002505e-15,5.7641016245305384e-30,2.842170943040401e-14
hpc,d_kam,affinity_greedy,disturbance_service_loss_auc_mean,lower,50,6.76809060326422,6.826433069732936,0.8393473968890479,8.063515331493765,1.836174593813649e-46,1.7763568394002505e-15,2.0197920531950142e-45,2.842170943040401e-14
hpc,d_kam,affinity_greedy,mean_service_ratio,higher,50,0.5752877012774585,0.5802468109272994,0.07134452873556911,8.06351533149376,1.8361745938137013e-46,1.7763568394002505e-15,2.0197920531950714e-45,2.842170943040401e-14
hpc,d_kam,affinity_greedy,mean_backlog_to_capacity,lower,50,10.985592888949048,10.678830993914168,2.876715695078644,3.8187968688538487,4.433924326561889e-31,1.7763568394002505e-15,5.764101624530455e-30,2.842170943040401e-14
hpc,d_kam,affinity_greedy,mean_raw_load_imbalance,lower,50,1.1573189800634798,1.1202170740110116,0.24528652021374778,4.718233105736784,2.371765562211601e-35,1.7763568394002505e-15,2.371765562211601e-34,2.842170943040401e-14
hpc,d_kam,affinity_greedy,mean_kam_capacity_mismatch,lower,50,1.1736800654981316,1.0942602016223997,0.2613351662105717,4.491091201068727,2.3960773241625116e-34,1.7763568394002505e-15,1.9168618593300093e-33,2.842170943040401e-14
hpc,d_kam,affinity_greedy,mean_makespan_proxy,lower,50,52.99731905361457,49.04440011889889,24.39562485928016,2.1724108055979654,2.2968348760361637e-20,1.7763568394002505e-15,1.3781009256216984e-19,2.842170943040401e-14
hpc,d_kam,affinity_greedy,mean_cross_communication_ratio,lower,50,0.13779370793363688,0.14417030757987512,0.061118123616817926,2.254547420296131,5.017696347725236e-21,2.4868995751603507e-14,3.010617808635142e-20,9.947598300641403e-14
hpc,d_kam,affinity_greedy,mean_coordination_cost_normalized,lower,50,0.12370812890042067,0.12943289836059896,0.05487049320265431,2.254547420296131,5.017696347725165e-21,2.4868995751603507e-14,3.010617808635099e-20,9.947598300641403e-14
hpc,d_kam,balanced_affinity,completion_ratio,higher,50,4.835943742862892e-05,6.15462447870474e-05,0.0006072616917339411,0.07963525130417182,0.5759302871293471,0.27372721377670217,1.0,0.8211816413301065
hpc,d_kam,balanced_affinity,disturbance_backlog_auc_mean,lower,50,-0.14010902320403815,0.14315269623609916,1.3069204719791216,-0.10720546981092544,0.4520473928768002,0.9313837099567692,1.0,1.0
hpc,d_kam,balanced_affinity,disturbance_service_loss_auc_mean,lower,50,0.2920865225617521,0.256727732145682,0.5309578466711515,0.5501124512859036,0.0003023846198358523,5.374574670646837e-05,0.0009071538595075569,0.00021498298682587347
hpc,d_kam,balanced_affinity,mean_service_ratio,higher,50,0.024827354417748942,0.02182185723238289,0.04513141696704789,0.5501124512859038,0.00030238461983585094,5.374574670646837e-05,0.0009071538595075528,0.00021498298682587347
hpc,d_kam,balanced_affinity,mean_backlog_to_capacity,lower,50,-0.011909266972343258,0.012167979180068345,0.11108824011822542,-0.10720546981092549,0.4520473928768002,0.9313837099567692,1.0,1.0
hpc,d_kam,balanced_affinity,mean_raw_load_imbalance,lower,50,0.0606638977781227,0.05276718476638925,0.04825369949315327,1.25718646270283,8.615165677639228e-12,1.7687185049908294e-11,2.5845497032917683e-11,6.179590172905591e-11
hpc,d_kam,balanced_affinity,mean_kam_capacity_mismatch,lower,50,0.0909096996059391,0.09531043806841961,0.05122312613264262,1.7747784344619624,6.390216843161804e-17,3.552713678800501e-15,1.9170650529485412e-16,2.842170943040401e-14
hpc,d_kam,balanced_affinity,mean_makespan_proxy,lower,50,0.4131473054039317,0.33941407194977313,0.3457194747219304,1.1950362522569344,3.948015644205703e-11,5.453415496958769e-13,1.0409836431762282e-10,1.6360246490876307e-12
hpc,d_kam,balanced_affinity,mean_cross_communication_ratio,lower,50,0.4366972758486054,0.43035934023353317,0.06262092187840163,6.973664116548646,2.004255032310832e-43,1.7763568394002505e-15,2.6055315420040818e-42,2.842170943040401e-14
hpc,d_kam,balanced_affinity,mean_coordination_cost_normalized,lower,50,0.39205710987297027,0.38636705212077194,0.05621967208638723,6.9736641165486475,2.004255032310804e-43,1.7763568394002505e-15,2.605531542004045e-42,2.842170943040401e-14
hpc,d_kam,domain_heuristic,completion_ratio,higher,50,0.00010804946404817662,3.6025298325137456e-05,0.0005802955014660115,0.18619731460128366,0.19409324601921815,0.07556206690378708,0.7763729840768726,0.30224826761514834
hpc,d_kam,domain_heuristic,disturbance_backlog_auc_mean,lower,50,-0.09355987076595057,0.1658746726682967,1.323964764297166,-0.07066643560987618,0.6195318766417728,0.8258163298101913,1.0,1.0
hpc,d_kam,domain_heuristic,disturbance_service_loss_auc_mean,lower,50,0.3170515352630353,0.30886289882257656,0.5199020571508843,0.6098293532449356,7.79259510279352e-05,5.9166993136017254e-05,0.0003117038041117408,0.00021498298682587347
hpc,d_kam,domain_heuristic,mean_service_ratio,higher,50,0.026949380497358004,0.026253346399918998,0.044191674857825186,0.6098293532449354,7.792595102793541e-05,5.9166993136017254e-05,0.00031170380411174164,0.00021498298682587347
hpc,d_kam,domain_heuristic,mean_backlog_to_capacity,lower,50,-0.007952589015105772,0.014099347176805138,0.11253700496525917,-0.0706664356098759,0.6195318766417741,0.8258163298101913,1.0,1.0
hpc,d_kam,domain_heuristic,mean_raw_load_imbalance,lower,50,0.06369173264101835,0.05750732834009234,0.04268160018854237,1.4922526887386014,3.2837174823685056e-14,3.6770586575585185e-13,1.6418587411842527e-13,1.8385293287792592e-12
hpc,d_kam,domain_heuristic,mean_kam_capacity_mismatch,lower,50,0.09445547639522946,0.09245002155707668,0.04598873242544093,2.0538830146789775,2.2089639016585933e-19,1.7763568394002505e-15,8.835855606634373e-19,2.842170943040401e-14
hpc,d_kam,domain_heuristic,mean_makespan_proxy,lower,50,0.42747728810045116,0.315607634244945,0.3257732469131608,1.3121927357478833,2.275491158093607e-12,3.375077994860476e-14,9.101964632374429e-12,1.3500311979441904e-13
hpc,d_kam,domain_heuristic,mean_cross_communication_ratio,lower,50,0.43253349929975193,0.4271085866472743,0.061707360922989514,7.009431173690148,1.5674187127461177e-43,1.7763568394002505e-15,2.1943861978445648e-42,2.842170943040401e-14
hpc,d_kam,domain_heuristic,mean_coordination_cost_normalized,lower,50,0.3883189638157772,0.3834485977899974,0.05539949736197281,7.009431173690145,1.567418712746162e-43,1.7763568394002505e-15,2.194386197844627e-42,2.842170943040401e-14
hpc,d_kam,dynamic_leiden,completion_ratio,higher,50,0.05277157457286954,0.05026246411413121,0.01904780521443411,2.7704805870694287,7.960529604698303e-25,1.7763568394002505e-15,7.164476644228473e-24,2.842170943040401e-14
hpc,d_kam,dynamic_leiden,disturbance_backlog_auc_mean,lower,50,57.887790502287125,55.58806083442863,18.010981256679507,3.2140275800253253,1.1187509877743296e-27,1.7763568394002505e-15,1.0068758889968966e-26,2.842170943040401e-14
hpc,d_kam,dynamic_leiden,disturbance_service_loss_auc_mean,lower,50,6.0547796119894075,6.131823171533626,0.8448164570433535,7.166976402400615,5.383347038447997e-44,1.7763568394002505e-15,5.383347038447997e-43,2.842170943040401e-14
hpc,d_kam,dynamic_leiden,mean_service_ratio,higher,50,0.5146562670190997,0.5212049695803582,0.07180939884868506,7.166976402400615,5.383347038447997e-44,1.7763568394002505e-15,5.383347038447997e-43,2.842170943040401e-14
hpc,d_kam,dynamic_leiden,mean_backlog_to_capacity,lower,50,4.920462192694405,4.724985170926433,1.5309334068177578,3.2140275800253253,1.1187509877743138e-27,1.7763568394002505e-15,1.0068758889968824e-26,2.842170943040401e-14
hpc,d_kam,dynamic_leiden,mean_raw_load_imbalance,lower,50,0.8907940550220694,0.8636219707747499,0.179092340464372,4.9739372030781,1.9774445634741585e-36,1.7763568394002505e-15,2.3729334761689902e-35,2.842170943040401e-14
hpc,d_kam,dynamic_leiden,mean_kam_capacity_mismatch,lower,50,0.903069017855293,0.8749631267584803,0.16815705784779048,5.37039021384828,5.257821220429088e-38,1.7763568394002505e-15,6.835167586557814e-37,2.842170943040401e-14
hpc,d_kam,dynamic_leiden,mean_makespan_proxy,lower,50,20.9759826592343,18.17753961043244,8.931408352547486,2.348563835764084,9.209915973299634e-22,1.7763568394002505e-15,1.105189916795956e-20,2.842170943040401e-14
hpc,d_kam,dynamic_leiden,mean_cross_communication_ratio,lower,50,0.12912893116733587,0.13535685875935638,0.06259846717710732,2.0628129887269697,1.8572542795707238e-19,1.2434497875801753e-14,7.429017118282895e-19,7.460698725481052e-14
hpc,d_kam,dynamic_leiden,mean_coordination_cost_normalized,lower,50,0.11592908487023042,0.12152037986395545,0.05619951275455856,2.06281298872697,1.8572542795707108e-19,1.2434497875801753e-14,7.429017118282843e-19,7.460698725481052e-14
hpc,d_kam,greedy_load,completion_ratio,higher,50,0.00012638779771620534,4.41346874041626e-06,0.0006891862488115945,0.18338699870193792,0.2007934307785888,0.4042577575813002,0.7763729840768726,0.8211816413301065
hpc,d_kam,greedy_load,disturbance_backlog_auc_mean,lower,50,-0.1302686359415364,-0.1061337848516164,1.4422991214542797,-0.09032012430971023,0.5260184050568901,0.6118509675549912,1.0,1.0
hpc,d_kam,greedy_load,disturbance_service_loss_auc_mean,lower,50,0.2835850045459958,0.3037601260002374,0.6109296452650892,0.46418602656439284,0.0019027173210926693,0.0009871220775430345,0.003036810947918613,0.0011021655204466185
hpc,d_kam,greedy_load,mean_service_ratio,higher,50,0.024104725386409655,0.025819610710020258,0.0519290198475326,0.46418602656439295,0.0019027173210926656,0.0009871220775430345,0.003036810947918613,0.0011021655204466185
hpc,d_kam,greedy_load,mean_backlog_to_capacity,lower,50,-0.011072834055030588,-0.009021371712387483,0.12259542532361385,-0.09032012430971012,0.5260184050568906,0.6118509675549912,1.0,1.0
hpc,d_kam,greedy_load,mean_raw_load_imbalance,lower,50,0.05931841912686476,0.057874467517470635,0.05162899599166642,1.1489361353538525,1.23463876218502e-10,1.616786704516926e-10,2.46927752437004e-10,3.233573409033852e-10
hpc,d_kam,greedy_load,mean_kam_capacity_mismatch,lower,50,0.08614831015840316,0.08756553521771371,0.06146498405003116,1.40158354370157,2.7091979320501223e-13,1.3535839116229909e-12,2.7091979320501223e-13,1.3535839116229909e-12
hpc,d_kam,greedy_load,mean_makespan_proxy,lower,50,0.41595102696585634,0.358592545785688,0.35277092181815634,1.179096692046142,5.850008045745905e-11,3.6148861681795097e-12,1.0409836431762282e-10,7.229772336359019e-12
hpc,d_kam,greedy_load,mean_cross_communication_ratio,lower,50,0.47531547192443774,0.47524402575107705,0.06280578228121807,7.568020883748785,3.913371614068863e-45,1.7763568394002505e-15,5.870057421103295e-44,2.842170943040401e-14
hpc,d_kam,greedy_load,mean_coordination_cost_normalized,lower,50,0.4267276681277174,0.42666352534096696,0.0563856356480269,7.568020883748782,3.913371614068863e-45,1.7763568394002505e-15,5.870057421103295e-44,2.842170943040401e-14
hpc,d_kam,parmetis_adaptive,completion_ratio,higher,50,0.025244654275737875,0.025407352759285295,0.005737254441973315,4.400128063181216,6.234040960149331e-34,1.7763568394002505e-15,9.351061440223996e-33,2.842170943040401e-14
hpc,d_kam,parmetis_adaptive,disturbance_backlog_auc_mean,lower,50,44.36946684432701,42.89190784544848,7.472368880315146,5.937804671449214,4.42586815291778e-40,1.7763568394002505e-15,6.638802229376671e-39,2.842170943040401e-14
hpc,d_kam,parmetis_adaptive,disturbance_service_loss_auc_mean,lower,50,5.935875812336868,5.974504697406832,0.8899804134088067,6.669670166786314,1.7030813177260275e-42,1.7763568394002505e-15,1.5327731859534248e-41,2.842170943040401e-14
hpc,d_kam,parmetis_adaptive,mean_service_ratio,higher,50,0.5045494440486338,0.5078328992795806,0.07564833513974857,6.669670166786314,1.7030813177260275e-42,1.7763568394002505e-15,1.5327731859534248e-41,2.842170943040401e-14
hpc,d_kam,parmetis_adaptive,mean_backlog_to_capacity,lower,50,3.7714046817677964,3.645812166863121,0.6351513548267874,5.937804671449215,4.42586815291778e-40,1.7763568394002505e-15,6.638802229376671e-39,2.842170943040401e-14
hpc,d_kam,parmetis_adaptive,mean_raw_load_imbalance,lower,50,0.03276950978252453,0.0357363822831583,0.03436281263159353,0.9536329326079641,1.65832698920647e-08,3.348859145546612e-08,1.65832698920647e-08,3.348859145546612e-08
hpc,d_kam,parmetis_adaptive,mean_kam_capacity_mismatch,lower,50,0.11879400425923263,0.12268494749304801,0.043770489085661876,2.7140204905351766,1.947874046425691e-24,1.7763568394002505e-15,9.739370232128455e-24,2.842170943040401e-14
hpc,d_kam,parmetis_adaptive,mean_makespan_proxy,lower,50,5.0486122431981775,4.914840435877725,0.7807490694938898,6.466369849753229,7.509845651439211e-42,1.7763568394002505e-15,1.1264768477158816e-40,2.842170943040401e-14
hpc,d_kam,parmetis_adaptive,mean_cross_communication_ratio,lower,50,0.12350563724390906,0.1379703661801563,0.05903840686933318,2.09195409891832,1.0580906889279748e-19,1.7763568394002505e-14,5.290453444639874e-19,8.881784197001252e-14
hpc,d_kam,parmetis_adaptive,mean_coordination_cost_normalized,lower,50,0.11088061654786506,0.12386672874840693,0.053003369722690236,2.091954098918321,1.0580906889279671e-19,1.7763568394002505e-14,5.290453444639835e-19,8.881784197001252e-14
hpc,d_kam,static,completion_ratio,higher,50,0.12520047075447802,0.12467867541175365,0.038959710244413324,3.2135883447036493,1.125627608575326e-27,1.7763568394002505e-15,1.3180812015572977e-26,2.842170943040401e-14
hpc,d_kam,static,disturbance_backlog_auc_mean,lower,50,133.36207072559407,133.49405476742072,40.01687834669409,3.3326455294734774,2.1922589106937343e-28,1.7763568394002505e-15,2.411484801763108e-27,2.842170943040401e-14
hpc,d_kam,static,disturbance_service_loss_auc_mean,lower,50,6.803586219398967,6.9012542747879255,0.8197457366852864,8.299629891226838,4.554326359094399e-47,1.7763568394002505e-15,5.920624266822719e-46,2.842170943040401e-14
hpc,d_kam,static,mean_service_ratio,higher,50,0.5783048286489122,0.5866066133569738,0.06967838761824935,8.299629891226836,4.554326359094528e-47,1.7763568394002505e-15,5.920624266822886e-46,2.842170943040401e-14
hpc,d_kam,static,mean_backlog_to_capacity,lower,50,11.335776011675495,11.346994655230759,3.401434659468998,3.332645529473477,2.1922589106937343e-28,1.7763568394002505e-15,2.411484801763108e-27,2.842170943040401e-14
hpc,d_kam,static,mean_raw_load_imbalance,lower,50,1.1884277733970172,1.1559529458660949,0.23553223482361677,5.045711786698734,1.005664749541574e-36,1.7763568394002505e-15,1.3073641744040463e-35,2.842170943040401e-14
hpc,d_kam,static,mean_kam_capacity_mismatch,lower,50,1.1505685288722864,1.0994224215109967,0.22328674259867753,5.152874351077129,3.725224783508928e-37,1.7763568394002505e-15,4.4702697402107137e-36,2.842170943040401e-14
hpc,d_kam,static,mean_makespan_proxy,lower,50,56.693034583884746,48.9770261417904,25.293382614285566,2.241417664391983,6.382652447194197e-21,1.7763568394002505e-15,5.744387202474777e-20,2.842170943040401e-14
hpc,d_kam,static,mean_cross_communication_ratio,lower,50,0.3285393214114577,0.3446333820379214,0.06283455570340313,5.228640796988463,1.8673161724588708e-37,1.7763568394002505e-15,1.8673161724588707e-36,2.842170943040401e-14
hpc,d_kam,static,mean_coordination_cost_normalized,lower,50,0.29495530188939756,0.3094041918740449,0.056411467787055226,5.228640796988465,1.8673161724588445e-37,1.7763568394002505e-15,1.8673161724588443e-36,2.842170943040401e-14
hpc,d_kam,work_stealing,completion_ratio,higher,50,5.3731603703892626e-05,5.025827657489934e-05,0.000680265946724148,0.07898617292639687,0.579035135375727,0.5086300594933544,1.0,0.8211816413301065
hpc,d_kam,work_stealing,disturbance_backlog_auc_mean,lower,50,-0.14203731994222935,0.13208070916109715,1.4822767369483194,-0.09582375301568372,0.5012273465071793,0.9010179923007229,1.0,1.0
hpc,d_kam,work_stealing,disturbance_service_loss_auc_mean,lower,50,0.2708957313824561,0.27452210144887856,0.5701628588523756,0.47511991911875023,0.0015184054739593065,0.0005510827602233093,0.003036810947918613,0.0011021655204466185
hpc,d_kam,work_stealing,mean_service_ratio,higher,50,0.02302613716750877,0.023334378623154683,0.04846384300245191,0.4751199191187504,0.0015184054739593065,0.0005510827602233093,0.003036810947918613,0.0011021655204466185
hpc,d_kam,work_stealing,mean_backlog_to_capacity,lower,50,-0.012073172195089492,0.011226860278693185,0.1259935226406072,-0.09582375301568366,0.5012273465071797,0.9010179923007229,1.0,1.0
hpc,d_kam,work_stealing,mean_raw_load_imbalance,lower,50,0.057688139653141894,0.05044498242479005,0.04300292325194773,1.3414934448794484,1.127092263061382e-12,1.5448975432263978e-11,4.508369052245528e-12,6.179590172905591e-11
hpc,d_kam,work_stealing,mean_kam_capacity_mismatch,lower,50,0.083282861235866,0.08280446864867982,0.05416072330643604,1.5376984676637306,1.1623322045122849e-14,2.4868995751603507e-14,2.3246644090245697e-14,4.973799150320701e-14
hpc,d_kam,work_stealing,mean_makespan_proxy,lower,50,0.3750853426258771,0.33307701248580324,0.3124987275806933,1.200277983624822,3.469945477254094e-11,8.060396794462577e-11,1.0409836431762282e-10,8.060396794462577e-11
hpc,d_kam,work_stealing,mean_cross_communication_ratio,lower,50,0.4849638974017121,0.49396988370867756,0.05717009564808682,8.482824663910481,1.585154240468637e-47,1.7763568394002505e-15,2.5362467847498193e-46,2.842170943040401e-14
hpc,d_kam,work_stealing,mean_coordination_cost_normalized,lower,50,0.43538981011175926,0.44347518448512374,0.051326041426282394,8.48282466391048,1.585154240468637e-47,1.7763568394002505e-15,2.5362467847498193e-46,2.842170943040401e-14
warehouse,c_kam,affinity_greedy,completion_ratio,higher,50,0.13633613662701216,0.13494502706918826,0.03389272526965225,4.0225781651465,4.0322014322992904e-32,1.7763568394002505e-15,4.838641718759149e-31,2.1316282072803006e-14
warehouse,c_kam,affinity_greedy,disturbance_backlog_auc_mean,lower,50,128.49333626213084,125.7955428583414,37.49265501284844,3.4271602322667514,6.192786790594607e-29,1.7763568394002505e-15,7.431344148713528e-28,2.1316282072803006e-14
warehouse,c_kam,affinity_greedy,disturbance_service_loss_auc_mean,lower,50,7.701028883305697,7.759509658977933,0.26867798155001027,28.662672091245664,2.6224792030927976e-73,1.7763568394002505e-15,2.884727123402077e-72,2.1316282072803006e-14
warehouse,c_kam,affinity_greedy,mean_service_ratio,higher,50,0.7315977439140413,0.7371534176029036,0.025524408247250968,28.66267209124568,2.6224792030927976e-73,1.7763568394002505e-15,2.884727123402077e-72,2.1316282072803006e-14
warehouse,c_kam,affinity_greedy,mean_backlog_to_capacity,lower,50,12.206866944902432,11.950576571542433,3.5618022262206015,3.4271602322667523,6.192786790594518e-29,1.7763568394002505e-15,7.431344148713422e-28,2.1316282072803006e-14
warehouse,c_kam,affinity_greedy,mean_raw_load_imbalance,lower,50,1.1001422562905085,1.0716500171708403,0.17354721431828946,6.339152492951129,1.9444134532604752e-41,1.7763568394002505e-15,2.3332961439125705e-40,2.1316282072803006e-14
warehouse,c_kam,affinity_greedy,mean_kam_capacity_mismatch,lower,50,1.1284927506885516,1.1126366796360012,0.17359989845529367,6.500538080551739,5.834269914642942e-42,1.7763568394002505e-15,7.00112389757153e-41,2.1316282072803006e-14
warehouse,c_kam,affinity_greedy,mean_makespan_proxy,lower,50,52.17470028467207,50.39113603439229,18.482595761237935,2.822909777321099,3.5119544674686373e-25,1.7763568394002505e-15,4.214345360962365e-24,2.1316282072803006e-14
warehouse,c_kam,affinity_greedy,mean_cross_communication_ratio,lower,50,0.2873850142935825,0.28582489223303975,0.10532534229473235,2.728545742480397,1.5452161756613028e-24,3.552713678800501e-15,1.5452161756613028e-24,2.1316282072803006e-14
warehouse,c_kam,affinity_greedy,mean_coordination_cost_normalized,lower,50,0.20639469208357286,0.20527424078554665,0.07564274582985323,2.7285457424803976,1.5452161756613028e-24,3.552713678800501e-15,1.5452161756613028e-24,2.1316282072803006e-14
warehouse,c_kam,balanced_affinity,completion_ratio,higher,50,0.00021707874843106988,6.106226635438361e-16,0.0015031940650733306,0.1444116587970164,0.3122012267564589,0.36154130454131983,1.0,1.0
warehouse,c_kam,balanced_affinity,disturbance_backlog_auc_mean,lower,50,0.5094320974861986,0.19495253595938844,1.794068496311944,0.2839535383032672,0.050188900528938256,2.0232171493717033e-10,0.25094450264469126,1.0116085746858516e-09
warehouse,c_kam,balanced_affinity,disturbance_service_loss_auc_mean,lower,50,0.2924495487472851,0.16484805785399836,0.671487867538479,0.43552469506163727,0.0033930118934257284,1.7763568394002505e-15,0.016965059467128642,2.1316282072803006e-14
warehouse,c_kam,balanced_affinity,mean_service_ratio,higher,50,0.02778270713099207,0.015660565496129875,0.06379134741615548,0.43552469506163716,0.0033930118934257405,1.7763568394002505e-15,0.0169650594671287,2.1316282072803006e-14
warehouse,c_kam,balanced_affinity,mean_backlog_to_capacity,lower,50,0.04839604926118888,0.01852049091614197,0.17043650714963465,0.2839535383032673,0.05018890052893815,2.0232171493717033e-10,0.25094450264469076,1.0116085746858516e-09
warehouse,c_kam,balanced_affinity,mean_raw_load_imbalance,lower,50,0.11231024823060787,0.05244639819874937,0.3782811683649426,0.29689621800643745,0.040957818215392856,1.7763568394002505e-15,0.20478909107696427,2.1316282072803006e-14
warehouse,c_kam,balanced_affinity,mean_kam_capacity_mismatch,lower,50,0.15985416604360572,0.10106572596475576,0.38114091136831835,0.4194096232538245,0.004656544346433681,1.7763568394002505e-15,0.0232827217321684,2.1316282072803006e-14
warehouse,c_kam,balanced_affinity,mean_makespan_proxy,lower,50,1.196020337205377,0.2730866956636293,6.135910306723253,0.19492141791819725,0.17437108130105003,1.7763568394002505e-15,1.0,2.1316282072803006e-14
warehouse,c_kam,balanced_affinity,mean_cross_communication_ratio,lower,50,0.5010639570706846,0.5033517323886951,0.08840230179904669,5.667996724900753,4.056545609787686e-39,1.7763568394002505e-15,3.245236487830149e-38,2.1316282072803006e-14
warehouse,c_kam,balanced_affinity,mean_coordination_cost_normalized,lower,50,0.35985502371440076,0.36149806235188114,0.06348892583749717,5.667996724900753,4.0565456097876294e-39,1.7763568394002505e-15,3.2452364878301035e-38,2.1316282072803006e-14
warehouse,c_kam,domain_heuristic,completion_ratio,higher,50,0.0002042220580884857,2.220446049250313e-16,0.0014812779351671527,0.1378688315271776,0.334408263661901,0.8613799293842965,1.0,1.0
warehouse,c_kam,domain_heuristic,disturbance_backlog_auc_mean,lower,50,0.5493582707334295,0.22668778973212733,1.8098263811859538,0.3035419731109471,0.03682160342231265,8.060396794462577e-11,0.2209296205338759,4.836238076677546e-10
warehouse,c_kam,domain_heuristic,disturbance_service_loss_auc_mean,lower,50,0.3214519859217846,0.18702402716486854,0.6769008895600689,0.47488781722639267,0.0015257371140553477,1.7763568394002505e-15,0.009154422684332086,2.1316282072803006e-14
warehouse,c_kam,domain_heuristic,mean_service_ratio,higher,50,0.03053793866256952,0.017767282580662402,0.06430558450820655,0.4748878172263924,0.0015257371140553555,1.7763568394002505e-15,0.009154422684332133,2.1316282072803006e-14
warehouse,c_kam,domain_heuristic,mean_backlog_to_capacity,lower,50,0.0521890357196758,0.021535340024552124,0.17193350621266562,0.30354197311094705,0.03682160342231266,8.060396794462577e-11,0.22092962053387594,4.836238076677546e-10
warehouse,c_kam,domain_heuristic,mean_raw_load_imbalance,lower,50,0.11627243275436751,0.05425035673921769,0.37581192237961486,0.30938995234142275,0.033489971062852834,1.7763568394002505e-15,0.200939826377117,2.1316282072803006e-14
warehouse,c_kam,domain_heuristic,mean_kam_capacity_mismatch,lower,50,0.1669830407547971,0.10684663972194482,0.3730088987600673,0.44766503241577243,0.0026619483409108437,1.7763568394002505e-15,0.015971690045465062,2.1316282072803006e-14
warehouse,c_kam,domain_heuristic,mean_makespan_proxy,lower,50,1.2082286380367255,0.2921698499038927,6.135850407766927,0.19691298805253085,0.17009273517896856,1.7763568394002505e-15,1.0,2.1316282072803006e-14
warehouse,c_kam,domain_heuristic,mean_cross_communication_ratio,lower,50,0.4959004503236136,0.49646882485918414,0.08807640280018812,5.630344048548658,5.569951262247545e-39,1.7763568394002505e-15,3.898965883573282e-38,2.1316282072803006e-14
warehouse,c_kam,domain_heuristic,mean_coordination_cost_normalized,lower,50,0.3561466870505954,0.3565548833079594,0.0632548711019533,5.63034404854866,5.569951262247387e-39,1.7763568394002505e-15,3.898965883573171e-38,2.1316282072803006e-14
warehouse,c_kam,dynamic_leiden,completion_ratio,higher,50,0.046321860397510975,0.04134843709261393,0.028258265927354906,1.6392322344404697,1.197497464607648e-15,1.7763568394002505e-15,9.579979716861185e-15,2.1316282072803006e-14
warehouse,c_kam,dynamic_leiden,disturbance_backlog_auc_mean,lower,50,50.44923809019103,45.57666423000171,27.272930749346326,1.8497915956978768,1.3279334883595437e-17,1.7763568394002505e-15,1.0623467906876349e-16,2.1316282072803006e-14
warehouse,c_kam,dynamic_leiden,disturbance_service_loss_auc_mean,lower,50,6.7112574081572225,6.832705012439359,0.5488781329141882,12.227226784431696,3.107700701762364e-55,1.7763568394002505e-15,2.4861605614098912e-54,2.1316282072803006e-14
warehouse,c_kam,dynamic_leiden,mean_service_ratio,higher,50,0.6375694537749361,0.6491069761817393,0.05214342262684785,12.227226784431702,3.1077007017622315e-55,1.7763568394002505e-15,2.4861605614097852e-54,2.1316282072803006e-14
warehouse,c_kam,dynamic_leiden,mean_backlog_to_capacity,lower,50,4.792677618568147,4.329783101850163,2.5909284211879005,1.849791595697877,1.3279334883595435e-17,1.7763568394002505e-15,1.0623467906876348e-16,2.1316282072803006e-14
warehouse,c_kam,dynamic_leiden,mean_raw_load_imbalance,lower,50,0.8618013477574243,0.7900769146579131,0.2514327111731792,3.427562562310525,6.159942597240626e-29,1.7763568394002505e-15,4.927954077792501e-28,2.1316282072803006e-14
warehouse,c_kam,dynamic_leiden,mean_kam_capacity_mismatch,lower,50,0.9153965599324628,0.8347651495288055,0.264743626737525,3.4576717529068803,4.143751445223073e-29,1.7763568394002505e-15,3.3150011561784584e-28,2.1316282072803006e-14
warehouse,c_kam,dynamic_leiden,mean_makespan_proxy,lower,50,18.140586576375565,15.076861987782952,11.045948185668793,1.6422842359437717,1.1195673212036848e-15,1.7763568394002505e-15,8.956538569629479e-15,2.1316282072803006e-14
warehouse,c_kam,dynamic_leiden,mean_cross_communication_ratio,lower,50,0.34860157636128614,0.3483501819254767,0.09509062075838519,3.6659932765298104,2.884330709922058e-30,1.7763568394002505e-15,8.652992129766174e-30,2.1316282072803006e-14
warehouse,c_kam,dynamic_leiden,mean_coordination_cost_normalized,lower,50,0.2503593139321964,0.25017876701920594,0.06829235490829483,3.66599327652981,2.884330709922058e-30,1.7763568394002505e-15,8.652992129766174e-30,2.1316282072803006e-14
warehouse,c_kam,greedy_load,completion_ratio,higher,50,0.0002077927208665309,8.326672684688674e-16,0.0014654159043733662,0.14179777921503192,0.320950022796534,0.034986867304037356,1.0,0.16416058981045895
warehouse,c_kam,greedy_load,disturbance_backlog_auc_mean,lower,50,0.45354681964159177,0.14382813035148923,1.7845672186594834,0.2541494738328116,0.07848285533381343,5.7649630846867694e-08,0.3139314213352537,2.3059852338747078e-07
warehouse,c_kam,greedy_load,disturbance_service_loss_auc_mean,lower,50,0.24252077440873976,0.13214122979231668,0.6745453844878798,0.3595321826905145,0.014224586169310273,6.616929226765933e-12,0.05689834467724109,2.6467716907063732e-11
warehouse,c_kam,greedy_load,mean_service_ratio,higher,50,0.023039473568830272,0.012553416830270114,0.06408181152634856,0.3595321826905145,0.014224586169310273,6.616929226765933e-12,0.05689834467724109,2.6467716907063732e-11
warehouse,c_kam,greedy_load,mean_backlog_to_capacity,lower,50,0.04308694786595121,0.013663672383391515,0.16953388577265097,0.2541494738328115,0.07848285533381354,5.7649630846867694e-08,0.31393142133525415,2.3059852338747078e-07
warehouse,c_kam,greedy_load,mean_raw_load_imbalance,lower,50,0.10410765231999547,0.04333498575542884,0.38220048545147106,0.27239016244843123,0.05990504176814009,1.7763568394002505e-15,0.23962016707256037,2.1316282072803006e-14
warehouse,c_kam,greedy_load,mean_kam_capacity_mismatch,lower,50,0.1501215763162393,0.09053668997524993,0.3835275527882125,0.39142318517892205,0.007942876447167957,1.7763568394002505e-15,0.03177150578867183,2.1316282072803006e-14
warehouse,c_kam,greedy_load,mean_makespan_proxy,lower,50,1.1716459708571287,0.2427748694666525,6.143793712567176,0.19070398937069097,0.18370389943370882,1.7763568394002505e-15,1.0,2.1316282072803006e-14
warehouse,c_kam,greedy_load,mean_cross_communication_ratio,lower,50,0.5285080610609836,0.5373077992178265,0.08603942293230218,6.142626752353116,8.766623707709294e-41,1.7763568394002505e-15,7.889961336938364e-40,2.1316282072803006e-14
warehouse,c_kam,greedy_load,mean_coordination_cost_normalized,lower,50,0.3795648802165246,0.38588469216552995,0.06179194919683523,6.142626752353115,8.766623707709417e-41,1.7763568394002505e-15,7.889961336938475e-40,2.1316282072803006e-14
warehouse,c_kam,static,completion_ratio,higher,50,0.10078164975999769,0.09724458285136839,0.032704464830996254,3.0815868805925253,7.330737539647226e-27,1.7763568394002505e-15,7.330737539647226e-26,2.1316282072803006e-14
warehouse,c_kam,static,disturbance_backlog_auc_mean,lower,50,104.6534250702958,97.62013097134962,36.57367620739385,2.8614412310332296,1.9393290321180702e-25,1.7763568394002505e-15,1.9393290321180702e-24,2.1316282072803006e-14
warehouse,c_kam,static,disturbance_service_loss_auc_mean,lower,50,7.5762506624216925,7.601859941604518,0.25889528119043986,29.263764977039905,9.49630556748029e-74,1.7763568394002505e-15,1.1395566680976347e-72,2.1316282072803006e-14
warehouse,c_kam,static,mean_service_ratio,higher,50,0.7197438129300608,0.7221766944524293,0.02459505171309179,29.263764977039905,9.49630556748029e-74,1.7763568394002505e-15,1.1395566680976347e-72,2.1316282072803006e-14
warehouse,c_kam,static,mean_backlog_to_capacity,lower,50,9.942075381678102,9.273912442278213,3.474499239702416,2.8614412310332296,1.9393290321180424e-25,1.7763568394002505e-15,1.9393290321180423e-24,2.1316282072803006e-14
warehouse,c_kam,static,mean_raw_load_imbalance,lower,50,1.2083371980603994,1.1514742748223536,0.2230281675601751,5.417868116296918,3.463242052201722e-38,1.7763568394002505e-15,3.463242052201722e-37,2.1316282072803006e-14
warehouse,c_kam,static,mean_kam_capacity_mismatch,lower,50,1.2260350802634696,1.1682188436927206,0.23666578050165157,5.180449314069356,2.894141528422498e-37,1.7763568394002505e-15,2.894141528422498e-36,2.1316282072803006e-14
warehouse,c_kam,static,mean_makespan_proxy,lower,50,47.180831730716044,39.0007327720876,20.866751441228885,2.261053037584727,4.455348631408552e-21,1.7763568394002505e-15,4.4553486314085515e-20,2.1316282072803006e-14
warehouse,c_kam,static,mean_cross_communication_ratio,lower,50,0.40191212634119305,0.4216340347927414,0.0903373436975497,4.449014215945941,3.7207841917422334e-34,1.7763568394002505e-15,1.8603920958711166e-33,2.1316282072803006e-14
warehouse,c_kam,static,mean_coordination_cost_normalized,lower,50,0.2886459816450387,0.302809897714787,0.06487863774642208,4.449014215945939,3.720784191742287e-34,1.7763568394002505e-15,1.8603920958711433e-33,2.1316282072803006e-14
warehouse,d_kam,affinity_greedy,completion_ratio,higher,50,0.13627603631567686,0.13494502706918843,0.03389944335528267,4.020008083538058,4.153182224996726e-32,1.7763568394002505e-15,4.838641718759149e-31,2.1316282072803006e-14
warehouse,d_kam,affinity_greedy,disturbance_backlog_auc_mean,lower,50,128.04273550908502,125.4943181634347,37.518783357712735,3.4127635293579766,7.493387938203837e-29,1.7763568394002505e-15,8.242726732024221e-28,2.1316282072803006e-14
warehouse,d_kam,affinity_greedy,disturbance_service_loss_auc_mean,lower,50,7.47025761474377,7.582505202248557,0.40736063876848233,18.33819201906099,8.032317363937914e-64,1.7763568394002505e-15,7.229085627544123e-63,2.1316282072803006e-14
warehouse,d_kam,affinity_greedy,mean_service_ratio,higher,50,0.7096744734006581,0.7203379942136129,0.03869926068300582,18.338192019060994,8.032317363937914e-64,1.7763568394002505e-15,7.229085627544123e-63,2.1316282072803006e-14
warehouse,d_kam,affinity_greedy,mean_backlog_to_capacity,lower,50,12.164059873363078,11.921960225526295,3.5642844189827096,3.412763529357977,7.493387938203837e-29,1.7763568394002505e-15,8.242726732024221e-28,2.1316282072803006e-14
warehouse,d_kam,affinity_greedy,mean_raw_load_imbalance,lower,50,1.0445051727115537,1.0266856695646576,0.179881997209792,5.8066131625911,1.2839914096970048e-39,1.7763568394002505e-15,1.4123905506667053e-38,2.1316282072803006e-14
warehouse,d_kam,affinity_greedy,mean_kam_capacity_mismatch,lower,50,1.0604407117152308,1.033350757049532,0.18346975362275614,5.779921162894624,1.5991265190729046e-39,1.7763568394002505e-15,1.759039170980195e-38,2.1316282072803006e-14
warehouse,d_kam,affinity_greedy,mean_makespan_proxy,lower,50,52.02514444082236,50.23402412147199,18.47324606656744,2.81624270327761,3.894516374658533e-25,1.7763568394002505e-15,4.283968012124386e-24,2.1316282072803006e-14
warehouse,d_kam,affinity_greedy,mean_cross_communication_ratio,lower,50,0.33984663663838893,0.35056883559097224,0.09614497292755127,3.534731211526532,1.5222119277802182e-29,1.7763568394002505e-15,3.0444238555604363e-29,2.1316282072803006e-14
warehouse,d_kam,affinity_greedy,mean_coordination_cost_normalized,lower,50,0.24407167540393396,0.25177216374260736,0.06904957146615047,3.5347312115265326,1.5222119277802182e-29,1.7763568394002505e-15,3.0444238555604363e-29,2.1316282072803006e-14
warehouse,d_kam,balanced_affinity,completion_ratio,higher,50,0.00015697843709578275,6.661338147750939e-16,0.0015524850213415832,0.10111430058122525,0.4780105454466691,0.03283211796209179,1.0,0.16416058981045895
warehouse,d_kam,balanced_affinity,disturbance_backlog_auc_mean,lower,50,0.058831344440374946,-0.21512204328461348,1.9123112207508122,0.030764523996923768,0.8286924027925437,0.0362699414949752,1.0,0.0725398829899504
warehouse,d_kam,balanced_affinity,disturbance_service_loss_auc_mean,lower,50,0.06167828018535697,0.016069743575343076,0.7733832923938727,0.07975124468288246,0.5753762904900491,0.7813934753886187,1.0,0.8998638215632191
warehouse,d_kam,balanced_affinity,mean_service_ratio,higher,50,0.0058594366176089145,0.0015266256396575528,0.07347141277741792,0.07975124468288247,0.5753762904900491,0.7813934753886187,1.0,0.8998638215632191
warehouse,d_kam,balanced_affinity,mean_backlog_to_capacity,lower,50,0.005588977721835623,-0.020436594112038298,0.18166956597132713,0.03076452399692379,0.8286924027925436,0.0362699414949752,1.0,0.0725398829899504
warehouse,d_kam,balanced_affinity,mean_raw_load_imbalance,lower,50,0.056673164651652945,-0.00019240950591319084,0.38465339309959357,0.1473356680802222,0.30260806374035043,0.5984627102635613,0.8026398030774349,0.9806524969277497
warehouse,d_kam,balanced_affinity,mean_kam_capacity_mismatch,lower,50,0.09180212707028479,0.036989775226689406,0.38385683862087255,0.23915720089842102,0.09717029595696154,6.354784893858323e-07,0.205881100839843,1.2709569787716646e-06
warehouse,d_kam,balanced_affinity,mean_makespan_proxy,lower,50,1.0464644933556588,0.1276531202726947,6.137230021177231,0.1705108802741156,0.233725512849716,1.370373858833318e-08,1.0,4.111121576499954e-08
warehouse,d_kam,balanced_affinity,mean_cross_communication_ratio,lower,50,0.5535255794154912,0.5698895675302332,0.08480238982096003,6.527240335845819,4.793830934430421e-42,1.7763568394002505e-15,4.79383093443042e-41,2.1316282072803006e-14
warehouse,d_kam,balanced_affinity,mean_coordination_cost_normalized,lower,50,0.3975320070347619,0.40928432577171303,0.06090353450778039,6.527240335845819,4.793830934430421e-42,1.7763568394002505e-15,4.79383093443042e-41,2.1316282072803006e-14
warehouse,d_kam,domain_heuristic,completion_ratio,higher,50,0.00014412174675319854,1.1102230246251565e-16,0.0015294812767488516,0.09422916706738088,0.5083439225675626,0.4663077469544751,1.0,1.0
warehouse,d_kam,domain_heuristic,disturbance_backlog_auc_mean,lower,50,0.0987575176876058,-0.1628885459927446,1.9266809566588046,0.051257846996561524,0.7185761426709107,0.07395602411280144,1.0,0.07395602411280144
warehouse,d_kam,domain_heuristic,disturbance_service_loss_auc_mean,lower,50,0.09068071735985646,0.057508814617294846,0.7806579892737776,0.11615934071745551,0.41541378042636623,0.2999546071877397,1.0,0.8998638215632191
warehouse,d_kam,domain_heuristic,mean_service_ratio,higher,50,0.008614668149186364,0.00546333738864313,0.07416250898100887,0.11615934071745551,0.41541378042636623,0.2999546071877397,1.0,0.8998638215632191
warehouse,d_kam,domain_heuristic,mean_backlog_to_capacity,lower,50,0.009381964180322548,-0.015474411869310728,0.18303469088258645,0.05125784699656151,0.718576142670911,0.07395602411280144,1.0,0.07395602411280144
warehouse,d_kam,domain_heuristic,mean_raw_load_imbalance,lower,50,0.06063534917541255,0.005708078059373511,0.3823108243045498,0.1586022297059271,0.2675466010258116,0.2999546071877397,0.8026398030774349,0.8998638215632191
warehouse,d_kam,domain_heuristic,mean_kam_capacity_mismatch,lower,50,0.0989310017814762,0.050370738097416046,0.3757270604383163,0.263305500716571,0.068627033613281,3.623269506647375e-08,0.205881100839843,1.0869808519942126e-07
warehouse,d_kam,domain_heuristic,mean_makespan_proxy,lower,50,1.058672794187007,0.13983199549380543,6.137259273679541,0.17249927809425739,0.22839666385735719,1.4895306321704993e-08,1.0,4.111121576499954e-08
warehouse,d_kam,domain_heuristic,mean_cross_communication_ratio,lower,50,0.5483620726684202,0.5674557999349457,0.08360271862617596,6.559141636534393,3.7949508886166634e-42,1.7763568394002505e-15,4.1744459774783295e-41,2.1316282072803006e-14
warehouse,d_kam,domain_heuristic,mean_coordination_cost_normalized,lower,50,0.39382367037095634,0.4075364381350973,0.06004195246789004,6.55914163653439,3.794950888616771e-42,1.7763568394002505e-15,4.1744459774784483e-41,2.1316282072803006e-14
warehouse,d_kam,dynamic_leiden,completion_ratio,higher,50,0.0462617600861757,0.041359529223849,0.028311216122718155,1.6340435495829246,1.3428226409510932e-15,1.7763568394002505e-15,9.579979716861185e-15,2.1316282072803006e-14
warehouse,d_kam,dynamic_leiden,disturbance_backlog_auc_mean,lower,50,49.99863733714521,45.23663306792943,27.312039566086813,1.830644585006687,1.9763465548726797e-17,1.7763568394002505e-15,1.3834425884108757e-16,2.1316282072803006e-14
warehouse,d_kam,dynamic_leiden,disturbance_service_loss_auc_mean,lower,50,6.4804861395952935,6.589546537090703,0.6361401732207952,10.187198376081822,2.2229862226004574e-51,1.7763568394002505e-15,1.5560903558203202e-50,2.1316282072803006e-14
warehouse,d_kam,dynamic_leiden,mean_service_ratio,higher,50,0.6156461832615528,0.6260069210236168,0.06043331645597552,10.187198376081824,2.2229862226004574e-51,1.7763568394002505e-15,1.5560903558203202e-50,2.1316282072803006e-14
warehouse,d_kam,dynamic_leiden,mean_backlog_to_capacity,lower,50,4.749870547028794,4.2974801414532955,2.594643758778247,1.830644585006687,1.9763465548726797e-17,1.7763568394002505e-15,1.3834425884108757e-16,2.1316282072803006e-14
warehouse,d_kam,dynamic_leiden,mean_raw_load_imbalance,lower,50,0.8061642641784696,0.7443097217616533,0.25584345593524555,3.151005997911908,2.7145307912912545e-27,1.7763568394002505e-15,1.900171553903878e-26,2.1316282072803006e-14
warehouse,d_kam,dynamic_leiden,mean_kam_capacity_mismatch,lower,50,0.8473445209591418,0.7821007578891215,0.26420366578804133,3.2071641338955836,1.2312698811363715e-27,1.7763568394002505e-15,8.618889167954601e-27,2.1316282072803006e-14
warehouse,d_kam,dynamic_leiden,mean_makespan_proxy,lower,50,17.991030732525843,14.793039094999834,11.038588984450426,1.6298306566055694,1.4738837361191882e-15,1.7763568394002505e-15,1.0317186152834318e-14,2.1316282072803006e-14
warehouse,d_kam,dynamic_leiden,mean_cross_communication_ratio,lower,50,0.4010631987060927,0.41641586449660195,0.09945107347479652,4.03276892539257,3.586792039639499e-32,1.7763568394002505e-15,1.4347168158557996e-31,2.1316282072803006e-14
warehouse,d_kam,dynamic_leiden,mean_coordination_cost_normalized,lower,50,0.28803629725255747,0.29906230268392325,0.07142395276826294,4.032768925392571,3.586792039639499e-32,1.7763568394002505e-15,1.4347168158557996e-31,2.1316282072803006e-14
warehouse,d_kam,greedy_load,completion_ratio,higher,50,0.00014769240953124374,2.720561315672221e-06,0.0015152976711584215,0.09746758827810723,0.4939482929662419,0.005424778564244401,1.0,0.03254867138546641
warehouse,d_kam,greedy_load,disturbance_backlog_auc_mean,lower,50,0.0029460665957681,-0.2817795517396733,1.8984358343513341,0.001551838909938573,0.9912894180144032,0.004757046552823496,1.0,0.014271139658470489
warehouse,d_kam,greedy_load,disturbance_service_loss_auc_mean,lower,50,0.011749505846811597,-0.04599792008823517,0.7710264916890162,0.015238783587154114,0.9146304714957578,0.3044806608698192,1.0,0.8998638215632191
warehouse,d_kam,greedy_load,mean_service_ratio,higher,50,0.001116203055447107,-0.004369802408382362,0.07324751671045653,0.015238783587154189,0.9146304714957574,0.3044806608698192,1.0,0.8998638215632191
warehouse,d_kam,greedy_load,mean_backlog_to_capacity,lower,50,0.0002798763265979576,-0.02676905741526893,0.18035140426337679,0.0015518389099385068,0.9912894180144035,0.004757046552823496,1.0,0.014271139658470489
warehouse,d_kam,greedy_load,mean_raw_load_imbalance,lower,50,0.04847056874104053,-0.0051385798742405175,0.3886483235183882,0.12471575408390315,0.3821508507334991,0.49032624846387485,0.8026398030774349,0.9806524969277497
warehouse,d_kam,greedy_load,mean_kam_capacity_mismatch,lower,50,0.08206953734291837,0.02641925227869847,0.3863313052103013,0.21243304965473464,0.13948148663171409,0.00012454807471407037,0.205881100839843,0.00012454807471407037
warehouse,d_kam,greedy_load,mean_makespan_proxy,lower,50,1.0220901270074105,0.09157889430589039,6.145115474302351,0.16632561768474294,0.24523750243030246,5.572207957271758e-07,1.0,5.572207957271758e-07
warehouse,d_kam,greedy_load,mean_cross_communication_ratio,lower,50,0.5809696834057901,0.5954047349216693,0.08528946746275211,6.811740073995808,6.194261224363329e-43,1.7763568394002505e-15,7.433113469235995e-42,2.1316282072803006e-14
warehouse,d_kam,greedy_load,mean_coordination_cost_normalized,lower,50,0.41724186353688564,0.4276088550801079,0.06125334481415833,6.811740073995808,6.194261224363329e-43,1.7763568394002505e-15,7.433113469235995e-42,2.1316282072803006e-14
warehouse,d_kam,static,completion_ratio,higher,50,0.10072154944866242,0.09726032626198383,0.032693837117603576,3.0807503287654847,7.41985389212336e-27,1.7763568394002505e-15,7.330737539647226e-26,2.1316282072803006e-14
warehouse,d_kam,static,disturbance_backlog_auc_mean,lower,50,104.20282431724996,97.0162468248283,36.5800674177051,2.8486230800880046,2.361238531487766e-25,1.7763568394002505e-15,2.1251146783389894e-24,2.1316282072803006e-14
warehouse,d_kam,static,disturbance_service_loss_auc_mean,lower,50,7.345479393859765,7.352864103032697,0.39939070424414075,18.391713467045538,6.966247166219888e-64,1.7763568394002505e-15,6.966247166219888e-63,2.1316282072803006e-14
warehouse,d_kam,static,mean_service_ratio,higher,50,0.6978205424166777,0.6985220897881064,0.037942116903193386,18.39171346704553,6.966247166219888e-64,1.7763568394002505e-15,6.966247166219888e-63,2.1316282072803006e-14
warehouse,d_kam,static,mean_backlog_to_capacity,lower,50,9.899268310138748,9.216543448358689,3.4751064046819846,2.848623080088005,2.3612385314877653e-25,1.7763568394002505e-15,2.1251146783389887e-24,2.1316282072803006e-14
warehouse,d_kam,static,mean_raw_load_imbalance,lower,50,1.1527001144814446,1.1023560713779579,0.22853223957256275,5.043927791708545,1.0225982329445472e-36,1.7763568394002505e-15,9.203384096500925e-36,2.1316282072803006e-14
warehouse,d_kam,static,mean_kam_capacity_mismatch,lower,50,1.1579830412901488,1.1211321333338107,0.2439192661934468,4.747402939347066,1.7754303078016235e-35,1.7763568394002505e-15,1.597887277021461e-34,2.1316282072803006e-14
warehouse,d_kam,static,mean_makespan_proxy,lower,50,47.03127588686632,38.88222044076449,20.843515990489824,2.256398388272164,4.8507221637595815e-21,1.7763568394002505e-15,4.4553486314085515e-20,2.1316282072803006e-14
warehouse,d_kam,static,mean_cross_communication_ratio,lower,50,0.45437374868599956,0.4598757465691594,0.0854375362841126,5.318198164973208,8.353553742031736e-38,1.7763568394002505e-15,5.012132245219042e-37,2.1316282072803006e-14
warehouse,d_kam,static,mean_coordination_cost_normalized,lower,50,0.3263229649653997,0.33027439980876,0.06135968514949906,5.318198164973207,8.353553742031736e-38,1.7763568394002505e-15,5.012132245219042e-37,2.1316282072803006e-14
