accepted_event_count,accepted_operation_count,actual_worsening_fraction,actual_worsening_operation_count,analysis_method,completion_ratio,condition,disturbance_backlog_auc_mean,disturbance_service_loss_auc_mean,dkam_observation_delay,experiment_block,experimental_initial_n_units,experimental_n_agents,final_backlog,final_n_units,final_objective,max_backlog,mean_abs_delta_estimation_error,mean_backlog_to_capacity,mean_coordination_cost_normalized,mean_cross_communication_ratio,mean_decision_time_ms,mean_delta_estimation_error,mean_kam_capacity_mismatch,mean_kam_load_cv,mean_makespan_proxy,mean_management_overhead_normalized,mean_objective,mean_observation_lag_on_search_steps,mean_overload_penalty,mean_positive_underestimate_error,mean_raw_load_cv,mean_raw_load_imbalance,mean_service_ratio,mean_throughput_ratio,merge_count,method,move_count,p95_positive_underestimate_error,proposal_acceptance_fraction,repartition_count,scenario,seed,split_count,steps,total_candidate_evaluations,total_control_message_hops,total_control_messages,total_decision_time_ms,total_moved_agents,total_proposals,total_rejected_proposals,total_reorganization_cost,wall_elapsed_seconds,scale_n_agents,ablation_variant,reference_source
80.0,80.0,0.0,0.0,c_kam_move_only,0.9999174194274312,move_only,7.516500002939801,2.717343191099522,,A1,8.0,64.0,0.87411688801901,8.0,1.1346266096487008,215.94894986381516,5.10702591327572e-16,0.7568720905931866,0.8796185697455473,0.8323802869874711,235.11461769987363,-1.3322676295501878e-16,0.33403246703282685,0.33403246703282685,3.366584279609344,0.5233021878496861,15.963296396203532,0.0,4.073262206064263,1.887379141862766e-16,0.34925133896623456,0.34925133896623456,0.7170919208536698,0.9999174194274312,0.0,c_kam,80.0,9.32587340685129e-16,0.8888888888888888,0.0,warehouse,3001,0.0,200.0,40320.0,12240.0,6480.0,47022.92353997473,80.0,90.0,0.0,30.847244372478233,48.72537438798463,,move_only,
45.0,45.0,0.0,0.0,c_kam_move_merge,1.0000000000000002,move_merge,6.1204050519903275,1.9236325139975294,,A1,8.0,64.0,0.0,2.0,1.099507020605872,216.00388624376046,4.9343245538895844e-17,0.6242430702529866,0.44570979151087586,0.22820350716704238,42.565048146643676,-3.947459643111668e-17,0.1678701113581101,0.1678701113581101,2.3974722426467268,0.8275300130591211,12.321132441066213,0.0,3.0933832382245163,4.934324553889585e-18,0.17445805804747347,0.17445805804747347,0.7924944351783592,1.0000000000000002,6.0,c_kam,39.0,0.0,0.5,0.0,warehouse,3001,0.0,200.0,7455.0,6100.0,5959.0,8513.009629328735,39.0,90.0,0.0,17.906779542919416,9.883098384016193,,move_merge,
81.0,81.0,0.0,0.0,c_kam_move_split,0.999831955384526,move_split,7.531677851438755,2.7328389893019547,,A1,8.0,64.0,1.7787553628734596,9.0,1.1339288899402016,215.94894986381516,4.96173746807786e-16,0.7583139862005872,0.8791067416780478,0.8316676149947503,256.21357527852524,-1.398058623602049e-16,0.33466876302809084,0.33466876302809084,3.3698478641610405,0.5204525142464633,15.961631432637263,0.0,4.073444131885244,1.7818394222379056e-16,0.3509759857245471,0.3509759857245471,0.7156198200244387,0.999831955384526,0.0,c_kam,80.0,8.881784197001252e-16,0.9,0.0,warehouse,3001,1.0,200.0,41259.0,12249.0,6489.0,51242.71505570505,80.0,90.0,0.0,31.569443871950334,52.5814563530148,,move_split,
73.0,73.0,0.0,0.0,c_kam_move_only,0.9999999999999997,move_only,9.362030500206268,2.7838915883009148,,A1,8.0,64.0,0.0,8.0,1.054897607534572,314.9831684157503,1.4752278546389067e-15,0.9379157748126279,0.9014422677875717,0.8627677146409226,221.61254601727705,-8.48636229781969e-16,0.25375292539234506,0.25375292539234506,3.1081784078140333,0.5086103034492696,18.406158791266936,0.0,4.778130413584356,3.1329581242846885e-16,0.2684954603888603,0.2684954603888603,0.7091141380444292,0.9999999999999997,0.0,c_kam,73.0,6.217248937900839e-16,0.8111111111111111,0.0,warehouse,3002,0.0,200.0,40320.0,12240.0,6480.0,44322.50920345541,73.0,90.0,0.0,27.988739877651774,45.51052710501244,,move_only,
39.0,39.0,0.0,0.0,c_kam_move_merge,0.9999999999999999,move_merge,8.120999357967357,2.2649085133068976,,A1,8.0,64.0,0.0,2.0,1.1382069676117228,309.4781506135233,2.7328566760003855e-16,0.8200178162999316,0.5340762939750816,0.35124547262353134,41.157691281987354,2.391249591500337e-16,0.13259665335099616,0.13259665335099616,2.4876238793660175,0.8154912437879145,14.464869636631182,0.0,3.69030848823889,2.562053133750361e-16,0.1619115046562504,0.1619115046562504,0.758417530168861,0.9999999999999999,6.0,c_kam,33.0,3.7747582837255543e-16,0.43333333333333335,0.0,warehouse,3002,0.0,200.0,7187.0,6157.0,5955.0,8231.53825639747,33.0,90.0,0.0,14.589204209291337,9.305347480985802,,move_merge,
84.0,84.0,0.0,0.0,c_kam_move_split,0.9988015459616382,move_split,10.57193228184634,3.6661035177759076,,A1,8.0,64.0,14.280041935522275,12.0,5.811670208876352,314.9831684157503,1.2820432546266688e-15,1.052856444068435,0.9148497374244527,0.8814363432492379,213.8912726266426,-7.903730580069566e-16,0.6338758437389541,0.6338758437389541,6.541619831675157,0.4763218831747908,21.89294336103625,0.0,5.651622769035808,2.458350983098561e-16,0.6590092345535769,0.6590092345535769,0.625304004744305,0.9988015459616382,0.0,c_kam,80.0,4.1078251911130666e-16,0.9333333333333333,0.0,warehouse,3002,4.0,200.0,48954.0,12385.0,6625.0,42778.25452532852,80.0,90.0,0.0,33.81037954401145,43.722557893022895,,move_split,
71.0,71.0,0.0,0.0,c_kam_move_only,0.9999627494922532,move_only,2.0668201940984474,1.1897670944039689,,A1,8.0,64.0,0.4321294899785603,8.0,1.1149212213145445,94.24306754980843,2.5019110414088036e-16,0.21779352536094435,0.8752034849457877,0.8262327005574258,134.2952035428607,-2.0640766091622628e-16,0.2262677869938925,0.2262677869938925,1.8411713326411185,0.5051717401580497,3.5745123021408904,0.0,0.6511199763489093,2.189172161232703e-17,0.23736209722112783,0.23736209722112783,0.870992267302696,0.9999627494922532,0.0,c_kam,71.0,2.220446049250313e-16,0.7888888888888889,0.0,warehouse,3003,0.0,200.0,40320.0,12240.0,6480.0,26859.040708572138,71.0,90.0,0.0,27.22181905932815,27.69801076600561,,move_only,
32.0,32.0,0.0,0.0,c_kam_move_merge,1.0,move_merge,1.6641018746059062,0.8202481202665164,,A1,8.0,64.0,0.0,2.0,1.109912983109999,94.33413462068475,2.0816681711721685e-17,0.1795352850091529,0.460489578289277,0.24878295711165158,27.53976388135925,-6.938893903907228e-18,0.1292989624743367,0.1292989624743367,1.5269486843395952,0.8379672301556458,3.2819657965576954,0.0,0.576087371160625,6.938893903907228e-18,0.14551192501695634,0.14551192501695634,0.9060965698457539,1.0,6.0,c_kam,26.0,0.0,0.35555555555555557,0.0,warehouse,3003,0.0,200.0,7857.0,7098.0,5965.0,5507.95277627185,26.0,90.0,0.0,11.975201289643365,6.201599258987699,,move_merge,
68.0,68.0,0.0,0.0,c_kam_move_split,0.9999999999999997,move_split,1.9884572033503,1.1526824873377464,,A1,8.0,64.0,0.0,9.0,1.1033696699300308,94.24306754980843,2.3510605227356256e-16,0.21034904123987036,0.8778419295948097,0.8299064842459373,148.83413213508902,-2.0245243390223442e-16,0.2358920245409463,0.2358920245409463,1.8429342941238855,0.48650290942409874,3.5293018266811544,0.0,0.6404635247176761,1.6326809185664067e-17,0.2387669652586929,0.2387669652586929,0.8745153049739871,0.9999999999999997,0.0,c_kam,67.0,2.220446049250313e-16,0.7555555555555555,0.0,warehouse,3003,1.0,200.0,45231.0,12311.0,6551.0,29766.826427017804,67.0,90.0,0.0,26.263767644648958,30.492407523968723,,move_split,
83.0,83.0,0.0,0.0,c_kam_move_only,0.9999398861543408,move_only,3.4889507827899715,1.6465504238932782,,A1,8.0,64.0,0.688073100906923,8.0,1.1081729163275946,136.66861751926754,2.487969669641917e-16,0.3578446454006093,0.857109905067102,0.8010391083212816,138.5148340795422,1.2573610158405388e-16,0.26870864484729123,0.26870864484729123,2.182202489084418,0.5095326671570585,5.79732323046412,0.0,1.2614872755739914,1.872665342741228e-16,0.2740024679622382,0.2740024679622382,0.8252187738668616,0.9999398861543408,0.0,c_kam,83.0,4.440892098500626e-16,0.9222222222222223,0.0,warehouse,3004,0.0,200.0,40320.0,12240.0,6480.0,27702.96681590844,83.0,90.0,0.0,28.6672889766173,28.602277208003215,,move_only,
52.0,52.0,0.0,0.0,c_kam_move_merge,1.0000000000000002,move_merge,2.873173919536472,1.1773191795305844,,A1,8.0,64.0,0.0,2.0,1.1513496470721645,137.08282876528858,1.3664283380001927e-16,0.2993458433915268,0.5835911969895632,0.42019027428926536,19.82939812063705,-3.416070845000482e-17,0.15116768056524926,0.15116768056524926,1.751783258220296,0.8081824319813821,5.083613232837614,0.0,1.060137943608926,5.124106267500723e-17,0.15606434950586195,0.15606434950586195,0.8697957420813175,1.0000000000000002,6.0,c_kam,46.0,3.2196467714129445e-16,0.5777777777777777,0.0,warehouse,3004,0.0,200.0,7187.0,6103.0,5955.0,3965.8796241274104,46.0,90.0,0.0,19.380336650054424,4.618942421046086,,move_merge,
73.0,73.0,0.0,0.0,c_kam_move_split,1.0000000000000016,move_split,3.3961281910825556,1.5586142064019404,,A1,8.0,64.0,0.0,9.0,1.06879484819636,136.66861751926754,2.6767020867675006e-16,0.34902649918840484,0.8567029504269388,0.8004724626197881,145.17323540931102,1.5816875967262503e-16,0.2643180289975929,0.2643180289975929,2.1595642976196157,0.4949744783336733,5.7675377963463434,0.0,1.258529254822176,2.1291948417468754e-16,0.2637906770009782,0.2637906770009782,0.8335727145285386,1.0000000000000016,0.0,c_kam,72.0,9.769962616701264e-16,0.8111111111111111,0.0,warehouse,3004,1.0,200.0,44069.0,12292.0,6532.0,29034.647081862204,72.0,90.0,0.0,26.093305727016013,29.861266863998026,,move_split,
81.0,81.0,0.0,0.0,c_kam_move_only,0.9999611007504702,move_only,3.0859891747656114,1.595529838587725,,A1,8.0,64.0,0.42875786657835824,8.0,1.0916801079026923,137.52485119154045,2.0833814783089356e-16,0.31917960784611304,0.8951045818265757,0.8539430886192825,109.5841782935895,6.579099405186112e-17,0.2426565115762061,0.2426565115762061,2.2590212085857138,0.5184248059469694,4.510469232271187,0.0,0.9008032716636458,1.3706457094137734e-16,0.2489783708072082,0.2489783708072082,0.8303750689458059,0.9999611007504702,0.0,c_kam,81.0,4.440892098500626e-16,0.9,0.0,warehouse,3005,0.0,200.0,39802.0,12240.0,6480.0,21916.8356587179,81.0,90.0,0.0,28.365724718555484,22.68606863101013,,move_only,
53.0,53.0,0.0,0.0,c_kam_move_merge,1.0,move_merge,2.521440892120182,1.093055593227309,,A1,8.0,64.0,0.0,2.0,1.077563166829302,137.71351401498717,6.70323335622736e-17,0.2655475209947972,0.5654720310155195,0.39496105584439417,16.826682803221047,2.51371250858526e-17,0.1338477409408372,0.1338477409408372,1.8811622511246633,0.7913560738848967,4.163814431899676,0.0,0.8157562758686848,4.6084729324063104e-17,0.13824902628881283,0.13824902628881283,0.8781101222550454,1.0,6.0,c_kam,47.0,2.220446049250313e-16,0.5888888888888889,0.0,warehouse,3005,0.0,200.0,7857.0,6219.0,5965.0,3365.3365606442094,47.0,90.0,0.0,19.25514799133406,3.8340190650196746,,move_merge,
74.0,74.0,0.0,0.0,c_kam_move_split,0.9996916940597972,move_split,3.123662259139362,1.6309270066645616,,A1,8.0,64.0,3.3982300114332498,10.0,1.448040387332402,137.52485119154045,2.1904400215577413e-16,0.32275855086161925,0.9033276392819708,0.8653929154559086,105.5704013662762,6.901386369291513e-17,0.2571760575315003,0.2571760575315003,2.426852667919482,0.510082255334869,4.547649267529863,0.0,0.9081099525508634,1.4402893292434464e-16,0.26675865904065016,0.26675865904065016,0.8270123379785065,0.9996916940597972,0.0,c_kam,72.0,4.440892098500626e-16,0.8222222222222222,0.0,warehouse,3005,2.0,200.0,42525.0,12286.0,6526.0,21114.08027325524,72.0,90.0,0.0,26.705383069808025,21.790412489965092,,move_split,
81.0,81.0,0.0,0.0,c_kam_move_only,0.9999795997346499,move_only,6.09779080529201,2.315920527220178,,A1,8.0,64.0,0.2482359430132684,8.0,1.1152639274080842,212.14552051531248,3.2347238742165055e-16,0.6214346403003077,0.8942811154524507,0.8527964898705008,111.33385755383642,-1.75442650804963e-16,0.3072418494495183,0.3072418494495183,2.954464440326175,0.520275365384757,13.554201789880711,0.0,3.4068477146317697,7.401486830834377e-17,0.32976006176486466,0.32976006176486466,0.7557286991355288,0.9999795997346499,0.0,c_kam,81.0,2.220446049250313e-16,0.9,0.0,warehouse,3006,0.0,200.0,40096.0,12240.0,6480.0,22266.771510767285,81.0,90.0,0.0,30.559872238749715,23.06593778898241,,move_only,
32.0,32.0,0.0,0.0,c_kam_move_merge,1.0,move_merge,5.301941906975205,1.6779903415702313,,A1,8.0,64.0,0.0,2.0,1.1660373034081262,212.29121863522806,9.020562075079397e-17,0.5458289949602112,0.5289047687773462,0.34404461475326675,18.780585853673983,4.85722573273506e-17,0.15911951229367882,0.15911951229367882,2.2651011146864053,0.8223019560383364,11.290414111982454,0.0,2.7959905685321242,6.938893903907228e-17,0.19074692822641406,0.19074692822641406,0.8163320667722738,1.0,6.0,c_kam,26.0,2.220446049250313e-16,0.35555555555555557,0.0,warehouse,3006,0.0,200.0,7187.0,6058.0,5955.0,3756.1171707347967,26.0,90.0,0.0,12.908830204764016,4.446004503988661,,move_merge,
80.0,80.0,0.0,0.0,c_kam_move_split,0.9999573819298341,move_split,6.112444829914,2.3296736979783486,,A1,8.0,64.0,0.5185881975385764,10.0,1.071949933601687,212.14552051531248,3.219646771412954e-16,0.6228267726393968,0.8987156299118644,0.8589711302570262,107.73894851998193,-1.7763568394002506e-16,0.31205396102253175,0.31205396102253175,2.9439503973339827,0.5082743264773883,13.550638357694027,0.0,3.406984789861678,7.216449660063518e-17,0.3302715779068488,0.3302715779068488,0.7544221479135027,0.9999573819298341,0.0,c_kam,78.0,2.3314683517128224e-16,0.8888888888888888,0.0,warehouse,3006,2.0,200.0,43022.0,12282.0,6522.0,21547.789703996386,78.0,90.0,0.0,31.444450022337953,22.216024978028145,,move_split,
72.0,72.0,0.0,0.0,c_kam_move_only,0.9999243418809554,move_only,2.860048555082104,1.5866087855549191,,A1,8.0,64.0,0.7943210663909706,8.0,1.1051566976828293,119.96165309172827,1.4186183092432555e-16,0.29796950714949694,0.8968652678009289,0.8563946766848377,94.66860157321207,8.018277400070575e-17,0.270429922295767,0.270429922295767,2.2564167949643976,0.5305490235638259,4.272588226307224,0.0,0.8231436699077121,1.1102230246251565e-16,0.26066568034852433,0.26066568034852433,0.8311867118295124,0.9999243418809554,0.0,c_kam,72.0,2.220446049250313e-16,0.8,0.0,warehouse,3007,0.0,200.0,39704.0,12240.0,6480.0,18933.720314642414,72.0,90.0,0.0,26.280386859667473,19.51540535996901,,move_only,
41.0,41.0,0.0,0.0,c_kam_move_merge,0.9999999999999998,move_merge,2.0799297761143305,0.9606280750816854,,A1,8.0,64.0,0.0,2.0,1.124119062229028,119.91902537109947,7.582010899879118e-17,0.22385822314755846,0.5293700306689333,0.3446924477668692,19.33321788208559,2.166288828536891e-17,0.13680272094822882,0.13680272094822882,1.8293773129041355,0.8226641317351959,3.709991690734841,0.0,0.6859094121148914,4.8741498642080043e-17,0.13212348747205582,0.13212348747205582,0.8906548793244695,0.9999999999999998,6.0,c_kam,35.0,2.220446049250313e-16,0.45555555555555555,0.0,warehouse,3007,0.0,200.0,7927.0,7214.0,5966.0,3866.6435764171183,35.0,90.0,0.0,16.06562714757127,4.588014159991872,,move_merge,
77.0,77.0,0.0,0.0,c_kam_move_split,0.9999874273430004,move_split,2.870947682912535,1.5981740728967324,,A1,8.0,64.0,0.13199807821672027,10.0,1.0569713233503226,119.96165309172827,1.4418480839287747e-16,0.2990049242933878,0.9017408126055463,0.8631834099570898,97.14436672977172,7.497610036429629e-17,0.2715894261743199,0.2715894261743199,2.274384534569827,0.5140508632551254,4.262146748335754,0.0,0.8234004719995148,1.0958045437858688e-16,0.26304225716963797,0.26304225716963797,0.8300880095320402,0.9999874273430004,0.0,c_kam,75.0,2.220446049250313e-16,0.8555555555555555,0.0,warehouse,3007,2.0,200.0,43381.0,12293.0,6533.0,19428.873345954344,75.0,90.0,0.0,29.161359909709386,19.954249755013734,,move_split,
73.0,73.0,0.0,0.0,c_kam_move_only,0.9999811524805275,move_only,3.908473312208728,1.6108316805687546,,A1,8.0,64.0,0.19810662444742644,8.0,1.0993827870649633,148.0477130620766,3.0417069167812506e-16,0.4067180018654831,0.8710756002752993,0.820485013041556,85.11177648964804,1.0341803517056252e-16,0.20696695204119972,0.20696695204119972,1.9623653560070111,0.5176211021815772,5.837853288791407,0.0,1.2854982540618856,2.037943634243438e-16,0.2309539181857946,0.2309539181857946,0.8253524672730677,0.9999811524805275,0.0,c_kam,73.0,6.217248937900839e-16,0.8111111111111111,0.0,warehouse,3008,0.0,200.0,40278.0,12240.0,6480.0,17022.355297929607,73.0,90.0,0.0,26.52253846170872,17.58896276599262,,move_only,
54.0,54.0,0.0,0.0,c_kam_move_merge,1.0,move_merge,3.445304330716025,1.3222870101472624,,A1,8.0,64.0,0.0,2.0,1.1606109338453703,150.24082286394102,1.7681329651437678e-16,0.36271694862367626,0.5541232064840405,0.37915889510436007,20.702424449264072,1.5214167374492887e-16,0.1297704179932569,0.1297704179932569,1.660440777964427,0.7786223986493839,4.845959208547353,0.0,1.012573312324493,1.644774851296528e-16,0.13804794700048637,0.13804794700048637,0.8527642109631095,1.0,6.0,c_kam,48.0,2.220446049250313e-16,0.6,0.0,warehouse,3008,0.0,200.0,10537.0,6178.0,6005.0,4140.484889852814,48.0,90.0,0.0,20.572321605239527,4.57685431704158,,move_merge,
78.0,78.0,0.0,0.0,c_kam_move_split,0.9999999999999997,move_split,4.089801845641693,1.7692752641621625,,A1,8.0,64.0,0.0,11.0,1.0474930066101058,148.0477130620766,2.7043894189587144e-16,0.42394421254161474,0.875712888081085,0.8269419960622705,113.07131010544254,9.394194823751324e-17,0.24841020070171071,0.24841020070171071,2.131014880859869,0.4858566143991901,5.918128994994903,0.0,1.3040751175367584,1.8219044506669235e-16,0.2597709904177754,0.2597709904177754,0.810300326831694,0.9999999999999997,0.0,c_kam,75.0,5.107025913275682e-16,0.8666666666666667,0.0,warehouse,3008,3.0,200.0,47812.0,12357.0,6597.0,22614.262021088507,75.0,90.0,0.0,28.795592244846958,23.125157488975674,,move_split,
68.0,68.0,0.0,0.0,c_kam_move_only,0.9999657858677656,move_only,2.6179578123801153,1.2951455800858316,,A1,8.0,64.0,0.3628793852396279,8.0,1.142602409275282,109.3424884851218,1.4041055899671097e-16,0.27017821726749797,0.9065638435549414,0.8698990226714374,97.30642759328475,1.0122621695111721e-16,0.190438483939027,0.190438483939027,1.7397718384645222,0.5121666563814646,3.696677237932058,0.0,0.6881467334470763,1.2081838797391408e-16,0.21297556408603768,0.21297556408603768,0.8612333447672679,0.9999657858677656,0.0,c_kam,68.0,4.440892098500626e-16,0.7555555555555555,0.0,warehouse,3009,0.0,200.0,40320.0,12240.0,6480.0,19461.28551865695,68.0,90.0,0.0,24.41720726035672,19.990290445042774,,move_only,
34.0,34.0,0.0,0.0,c_kam_move_merge,0.9999999999999997,move_merge,2.1734990425641807,0.9621122143092703,,A1,8.0,64.0,0.0,2.0,1.1510826492191688,109.38121689837368,6.530723674265627e-17,0.22795463413498415,0.5607171459635398,0.38834032982265043,14.441411051666364,-1.3061447348531253e-17,0.09441898523073017,0.09441898523073017,1.4473397086795063,0.8094103984434028,3.1132885819619065,0.0,0.5297473168015367,2.6122894697062506e-17,0.13044058801403616,0.13044058801403616,0.8928715145160413,0.9999999999999997,6.0,c_kam,28.0,2.220446049250313e-16,0.37777777777777777,0.0,warehouse,3009,0.0,200.0,7187.0,6130.0,5955.0,2888.282210333273,28.0,90.0,0.0,12.888536151206086,3.3461929660406895,,move_merge,
68.0,68.0,0.0,0.0,c_kam_move_split,0.9999657858677656,move_split,2.6179578123801153,1.2951455800858316,,A1,8.0,64.0,0.3628793852396279,8.0,1.142602409275282,109.3424884851218,1.4041055899671097e-16,0.27017821726749797,0.9065638435549414,0.8698990226714374,102.24648316623643,1.0122621695111721e-16,0.190438483939027,0.190438483939027,1.7397718384645222,0.5121666563814646,3.696677237932058,0.0,0.6881467334470763,1.2081838797391408e-16,0.21297556408603768,0.21297556408603768,0.8612333447672679,0.9999657858677656,0.0,c_kam,68.0,4.440892098500626e-16,0.7555555555555555,0.0,warehouse,3009,0.0,200.0,40687.0,12240.0,6480.0,20449.296633247286,68.0,90.0,0.0,24.41720726035672,20.97346967703197,,move_split,
76.0,76.0,0.0,0.0,c_kam_move_only,0.9999983016789195,move_only,6.335318486730617,2.1336287939366456,,A1,8.0,64.0,0.02305275289223324,8.0,1.1078417854427296,259.3451613931995,2.8924231431023814e-16,0.6429563651509765,0.9009760185044894,0.8621185067784028,116.18568467674777,-1.460819769243627e-17,0.313970345079549,0.313970345079549,3.2515706593705884,0.5073948141143061,15.18475652016243,0.0,3.862650083983141,1.3731705830890095e-16,0.2998069978457602,0.2998069978457602,0.773264591312618,0.9999983016789195,0.0,c_kam,76.0,2.7755575615628914e-16,0.8444444444444444,0.0,warehouse,3010,0.0,200.0,40306.0,12240.0,6480.0,23237.136935349554,76.0,90.0,0.0,27.40341824652895,23.79580000898568,,move_only,
43.0,43.0,0.0,0.0,c_kam_move_merge,0.9999999999999999,move_merge,6.100962492220056,1.9334008440794392,,A1,8.0,64.0,0.0,2.0,1.1293252355027723,259.7454670357221,5.680210823663592e-17,0.6206925456724732,0.49409691303062514,0.2955779801692249,20.14065231604036,2.581914010756178e-17,0.21205040208004605,0.21205040208004605,2.7328106236828718,0.8160168750368558,13.895460991289074,0.0,3.5157383454106537,4.131062417209885e-17,0.20928291418571351,0.20928291418571351,0.7922862465490526,0.9999999999999999,6.0,c_kam,37.0,2.220446049250313e-16,0.4777777777777778,0.0,warehouse,3010,0.0,200.0,7187.0,6106.0,5955.0,4028.130463208072,37.0,90.0,0.0,15.87541801621674,4.606575849989895,,move_merge,
78.0,78.0,0.0,0.0,c_kam_move_split,0.9999980345026726,move_split,6.3285315906329,2.1267827890763984,,A1,8.0,64.0,0.026679362756582004,9.0,1.0754391728611798,259.3451613931995,2.7897911900837266e-16,0.6423116100216933,0.8996153222503761,0.8602238664245746,119.30871789867524,-1.1386902816668272e-17,0.31753652220150014,0.31753652220150014,3.255927018464722,0.5016564914669602,15.182044078558087,0.0,3.862639806794011,1.337961080958522e-16,0.30001173866573005,0.30001173866573005,0.7739149617743415,0.9999980345026726,0.0,c_kam,77.0,2.553512956637841e-16,0.8666666666666667,0.0,warehouse,3010,1.0,200.0,42338.0,12266.0,6506.0,23861.743579735048,77.0,90.0,0.0,28.27934304972058,24.44957771501504,,move_split,
59.0,59.0,0.0,0.0,c_kam_move_only,0.9999136279044576,move_only,3.247136187926087,1.909046249934691,,A1,8.0,64.0,0.9774948595702968,8.0,1.1068924929722979,128.05907004508043,2.1075420128477548e-16,0.3326471154585763,0.8574883175934402,0.8015660118389673,99.23303062707419,0.0,0.5113244797483267,0.5113244797483267,4.26981487352913,0.5212134293893813,6.482728797525917,0.0,1.382186757252904,1.0537710064238774e-16,0.531888843695319,0.531888843695319,0.8012872180786218,0.9999136279044576,0.0,c_kam,59.0,2.442490654175332e-16,0.6555555555555556,0.0,warehouse,3011,0.0,200.0,39354.0,12240.0,6480.0,19846.606125414837,59.0,90.0,0.0,21.285320459122968,20.42775387398433,,move_only,
53.0,53.0,0.0,0.0,c_kam_move_merge,0.9999999999999997,move_merge,2.112355999333868,0.9476407710103569,,A1,8.0,64.0,0.0,2.0,1.0861938340699744,128.143794615304,9.635897949576831e-17,0.22484299754231546,0.5251371842662911,0.3387986110036964,17.98104340181453,4.1895208476421e-18,0.1459960541683238,0.1459960541683238,1.907062662721173,0.8027825333845102,3.946194393056465,0.0,0.7552214205761355,5.02742501717052e-17,0.14466289092150023,0.14466289092150023,0.8926207385764334,0.9999999999999997,6.0,c_kam,47.0,2.220446049250313e-16,0.5888888888888889,0.0,warehouse,3011,0.0,200.0,7589.0,6296.0,5961.0,3596.2086803629063,47.0,90.0,0.0,19.242345321912392,4.1188056679675356,,move_merge,
86.0,86.0,0.0,0.0,c_kam_move_split,0.9995978006691612,move_split,3.585759809663331,2.192732310703695,,A1,8.0,64.0,4.551791593717966,11.0,1.189441743611774,128.05907004508043,1.8847972278520098e-16,0.3648163595236145,0.8572965084288213,0.8012989357869665,134.2662200340419,2.581914010756178e-18,0.5206313265705541,0.5206313265705541,4.3883924372712,0.4663161042921891,6.503787931722785,0.0,1.3999085298884915,9.553081839797858e-17,0.5557501857947652,0.5557501857947652,0.7743370423055663,0.9995978006691612,0.0,c_kam,83.0,3.885780586188048e-16,0.9555555555555556,0.0,warehouse,3011,3.0,200.0,52717.0,12453.0,6693.0,26853.24400680838,83.0,90.0,0.0,31.660545380128937,27.43066330597503,,move_split,
70.0,70.0,0.0,0.0,c_kam_move_only,0.9999999999999997,move_only,1.6028490844253005,1.0342404003920815,,A1,8.0,64.0,0.0,8.0,1.12389443727538,53.840029785279384,1.1419436824715895e-16,0.16753326937806107,0.8715687076627492,0.8211716182645875,95.91351570386905,6.344131569286608e-17,0.21935664274891575,0.21935664274891575,1.7002179182335555,0.5179709968723446,2.7706798398748402,0.0,0.4256251775763278,8.881784197001253e-17,0.23136596081755775,0.23136596081755775,0.8895186718466895,0.9999999999999997,0.0,c_kam,70.0,4.440892098500626e-16,0.7777777777777778,0.0,warehouse,3012,0.0,200.0,40320.0,12240.0,6480.0,19182.70314077381,70.0,90.0,0.0,25.696070262887524,19.750204451032914,,move_only,
48.0,48.0,0.0,0.0,c_kam_move_merge,0.9999999999999998,move_merge,1.2636323129183253,0.700464075267203,,A1,8.0,64.0,0.0,2.0,1.1374157251622579,57.41949908277918,7.401486830834377e-17,0.13530767608489846,0.5237149360044624,0.33681826532266923,16.074684769264422,-9.25185853854297e-18,0.1287119340957751,0.1287119340957751,1.431952316187967,0.8087824254286194,2.5610369362944954,0.0,0.3719368820642531,3.23815048849004e-17,0.1448327657534361,0.1448327657534361,0.921227422733553,0.9999999999999998,6.0,c_kam,42.0,2.220446049250313e-16,0.5333333333333333,0.0,warehouse,3012,0.0,200.0,7187.0,7912.0,5955.0,3214.9369538528845,42.0,90.0,0.0,18.053733231609797,3.7317626160220243,,move_merge,
76.0,76.0,0.0,0.0,c_kam_move_split,0.9992824004422577,move_split,2.246115371575994,1.526406254963718,,A1,8.0,64.0,6.99549466072967,10.0,1.6164082983277106,53.840029785279384,9.057082569310487e-17,0.22864356665737703,0.8905789657125024,0.8476415978275349,116.87550023983931,3.2138034923359796e-17,0.2939520917115558,0.2939520917115558,1.8978628835765396,0.4819467383079725,3.028692974985016,0.0,0.4833350922844362,6.135443030823234e-17,0.28460766181755986,0.28460766181755986,0.842762915662384,0.9992824004422577,0.0,c_kam,74.0,4.440892098500626e-16,0.8444444444444444,0.0,warehouse,3012,2.0,200.0,47547.0,12350.0,6590.0,23375.100047967862,74.0,90.0,0.0,28.56518108303149,23.964592904027086,,move_split,
73.0,73.0,0.0,0.0,c_kam_move_only,0.9999740533536021,move_only,0.39927725114256485,0.380214775008375,,A1,8.0,64.0,0.3213772330350264,8.0,1.0873453967846916,17.97746421652391,7.908437983631252e-17,0.042567112813098655,0.8822811933386222,0.8360877375601068,110.922248128918,-1.8250241500687504e-17,0.12227103292229277,0.12227103292229277,1.1731041888801528,0.5122078001790931,1.2075890558871845,0.0,0.016404782500794954,3.0417069167812506e-17,0.12766492484954056,0.12766492484954056,0.9592173647677465,0.9999740533536021,0.0,c_kam,73.0,2.220446049250313e-16,0.8111111111111111,0.0,warehouse,3013,0.0,200.0,40320.0,12240.0,6480.0,22184.4496257836,73.0,90.0,0.0,26.77739056004782,22.778450642013922,,move_only,
43.0,43.0,0.0,0.0,c_kam_move_merge,0.9999999999999997,move_merge,0.25688586959229437,0.23740450442267416,,A1,8.0,64.0,0.0,2.0,1.146542382824138,18.057230483452386,1.0844038845175947e-16,0.029039931565822963,0.6535343238725254,0.5175794383035164,30.653965569799766,5.163828021512356e-18,0.06567192318537893,0.06567192318537893,1.068713789503503,0.7414853148964595,1.2184969766481795,0.0,0.011684647603106738,5.680210823663592e-17,0.09476683563945469,0.09476683563945469,0.972784340473388,0.9999999999999997,6.0,c_kam,37.0,2.220446049250313e-16,0.4777777777777778,0.0,warehouse,3013,0.0,200.0,12152.0,6672.0,6029.0,6130.793113959953,37.0,90.0,0.0,16.059710134241417,6.681854779017158,,move_merge,
81.0,81.0,0.0,0.0,c_kam_move_split,0.9999999999999999,move_split,0.4482968014661476,0.4311701960707189,,A1,8.0,64.0,0.0,10.0,1.0640543314387836,17.97746421652391,7.675615972717131e-17,0.04722397009383901,0.8855015076790468,0.8405717195531031,132.01084207976237,-1.644774851296528e-17,0.1338751229629127,0.1338751229629127,1.2244358283164518,0.490081755640082,1.204578743077417,0.0,0.01769253735560237,3.0154205607103015e-17,0.1394952240665589,0.1394952240665589,0.954376599766824,0.9999999999999999,0.0,c_kam,79.0,2.220446049250313e-16,0.9,0.0,warehouse,3013,2.0,200.0,45864.0,12324.0,6564.0,26402.168415952474,79.0,90.0,0.0,28.930587214582104,27.01267484400887,,move_split,
80.0,80.0,0.0,0.0,c_kam_move_only,0.9998967209159936,move_only,2.250304416988915,1.2433268819105252,,A1,8.0,64.0,1.1037466091389911,8.0,1.0900573458753138,98.69310521604629,8.326672684688674e-17,0.23174986375561246,0.8747240995886131,0.8255652019588284,111.30162784684217,-2.7755575615628914e-17,0.2088237752636945,0.2088237752636945,1.802330239404717,0.5075984519083728,3.183367448560313,0.0,0.54604684326871,2.7755575615628914e-17,0.21858473017567548,0.21858473017567548,0.8675212252903001,0.9998967209159936,0.0,c_kam,80.0,2.220446049250313e-16,0.8888888888888888,0.0,warehouse,3014,0.0,200.0,40320.0,12240.0,6480.0,22260.325569368433,80.0,90.0,0.0,27.962752644365533,22.874863518984057,,move_only,
45.0,45.0,0.0,0.0,c_kam_move_merge,1.0000000000000004,move_merge,1.9057573628465128,0.9027229410037281,,A1,8.0,64.0,0.0,2.0,1.0939146163574367,98.86525979360758,8.388351741612294e-17,0.1990178936120843,0.50333809309105,0.30844544607614566,19.998020179918967,2.4671622769447922e-17,0.11280583715810004,0.11280583715810004,1.5254254783400236,0.805494684393472,2.9240275899149797,0.0,0.4821312638407759,5.427757009278543e-17,0.14388439211787188,0.14388439211787188,0.8998785996764457,1.0000000000000004,6.0,c_kam,39.0,2.220446049250313e-16,0.5,0.0,warehouse,3014,0.0,200.0,7656.0,6261.0,5962.0,3999.6040359837934,39.0,90.0,0.0,17.122393481155513,4.557295134989545,,move_merge,
77.0,77.0,0.0,0.0,c_kam_move_split,0.9997184292729012,move_split,2.2264578711479537,1.218393523357217,,A1,8.0,64.0,3.0091546440029595,10.0,1.1249405305414433,98.69310521604629,7.497610036429629e-17,0.2294844419007211,0.8836847849542724,0.8380421056325312,121.99990375578636,-2.3069569342860397e-17,0.21280769880189268,0.21280769880189268,1.805904859538242,0.49149942958907217,3.175588193801052,0.0,0.5456877971873358,2.5953265510717945e-17,0.21689707403338004,0.21689707403338004,0.8698898943528642,0.9997184292729012,0.0,c_kam,75.0,2.220446049250313e-16,0.8555555555555555,0.0,warehouse,3014,2.0,200.0,44711.0,12305.0,6545.0,24399.980751157273,75.0,90.0,0.0,26.927830193511134,25.005526966997422,,move_split,
78.0,78.0,0.0,0.0,c_kam_move_only,0.999998265867152,move_only,3.0763407829621356,1.4793573324336131,,A1,8.0,64.0,0.019800855706256837,8.0,1.061320384844004,161.7210528713393,3.5014726161254936e-16,0.31946159391552337,0.8770116898480979,0.8287504542188703,104.819413809455,-1.8503717077085943e-16,0.2489629390746075,0.2489629390746075,2.210088489262771,0.5079303506315066,5.385902935328643,0.0,1.149261329541239,8.255504542084498e-17,0.25424781827279735,0.25424781827279735,0.8408374902950115,0.999998265867152,0.0,c_kam,78.0,2.220446049250313e-16,0.8666666666666667,0.0,warehouse,3015,0.0,200.0,40320.0,12240.0,6480.0,20963.882761891,78.0,90.0,0.0,27.33504215197991,21.547409096034244,,move_only,
34.0,34.0,0.0,0.0,c_kam_move_merge,1.0000000000000002,move_merge,2.54383548647224,1.0670932001153062,,A1,8.0,64.0,0.0,2.0,1.2296335046734952,165.1144895739381,1.1102230246251565e-16,0.2688735907489833,0.6635784943893147,0.5315649921876534,18.99243816093076,-7.18379604169219e-17,0.1266856326081949,0.1266856326081949,1.7798578711166164,0.7925356899802611,4.701698583269581,0.0,0.9516057190955398,1.959217102279688e-17,0.13375830573009082,0.13375830573009082,0.8800025828652507,1.0000000000000002,6.0,c_kam,28.0,2.220446049250313e-16,0.37777777777777777,0.0,warehouse,3015,0.0,200.0,7254.0,6097.0,5956.0,3798.487632186152,28.0,90.0,0.0,12.465102180570367,4.376001676020678,,move_merge,
78.0,78.0,0.0,0.0,c_kam_move_split,0.999998265867152,move_split,3.0763407829621356,1.4793573324336131,,A1,8.0,64.0,0.019800855706256837,8.0,1.061320384844004,161.7210528713393,3.5014726161254936e-16,0.31946159391552337,0.8770116898480979,0.8287504542188703,101.79342382354662,-1.8503717077085943e-16,0.2489629390746075,0.2489629390746075,2.210088489262771,0.5079303506315066,5.385902935328643,0.0,1.149261329541239,8.255504542084498e-17,0.25424781827279735,0.25424781827279735,0.8408374902950115,0.999998265867152,0.0,c_kam,78.0,2.220446049250313e-16,0.8666666666666667,0.0,warehouse,3015,0.0,200.0,40718.0,12240.0,6480.0,20358.684764709324,78.0,90.0,0.0,27.33504215197991,20.926284746965393,,move_split,
77.0,77.0,0.0,0.0,c_kam_move_only,0.9999590338599662,move_only,2.6616666817898733,1.3247942616019006,,A1,8.0,64.0,0.47685916952432694,8.0,1.1340544681265523,147.0803001898809,1.7878916240716808e-16,0.27683910985522686,0.8823936840090034,0.8362443701391187,98.79215529304929,-8.074349270001139e-17,0.2161384398211136,0.2161384398211136,1.7692474085392746,0.5106758000604422,3.7582097944738626,0.0,0.7024735883314801,4.902283485357834e-17,0.22137535661591387,0.22137535661591387,0.856950267945808,0.9999590338599662,0.0,c_kam,77.0,2.220446049250313e-16,0.8555555555555555,0.0,warehouse,3016,0.0,200.0,40320.0,12240.0,6480.0,19758.431058609858,77.0,90.0,0.0,27.967445078360694,20.335959696036298,,move_only,
40.0,40.0,0.0,0.0,c_kam_move_merge,1.0000000000000002,move_merge,2.3134631245801756,1.0101228306873253,,A1,8.0,64.0,0.0,2.0,1.144209232922388,147.18866920454843,8.881784197001253e-17,0.24375977192030562,0.5346374576078342,0.3520268397071109,20.19126540340949,3.3306690738754695e-17,0.1274787723649468,0.1274787723649468,1.510661195625406,0.7956359302967999,3.4229570458352048,0.0,0.6149047457721807,6.106226635438361e-17,0.12546176924958993,0.12546176924958993,0.8868440538826925,1.0000000000000002,6.0,c_kam,34.0,2.220446049250313e-16,0.4444444444444444,0.0,warehouse,3016,0.0,200.0,7591.0,6132.0,5961.0,4038.2530806818977,34.0,90.0,0.0,15.73979946974552,4.590159719984513,,move_merge,
85.0,85.0,0.0,0.0,c_kam_move_split,0.9971858009736552,move_split,3.733351170109516,2.085611588032878,,A1,8.0,64.0,32.758190287571395,10.0,5.129132008060017,147.0803001898809,1.854725523491438e-16,0.37864913624559293,0.8821015368240209,0.8358375829195229,108.35079874115763,-9.143013143971877e-17,0.30194652437602476,0.30194652437602476,2.088548191875983,0.47645737528337745,4.217319575244071,0.0,0.8158675877966136,4.702121045471251e-17,0.3045298476084501,0.3045298476084501,0.7846726219348651,0.9971858009736552,0.0,c_kam,83.0,2.220446049250313e-16,0.9444444444444444,0.0,warehouse,3016,2.0,200.0,48851.0,12372.0,6612.0,21670.159748231526,83.0,90.0,0.0,32.53143891791726,22.218179660034366,,move_split,
74.0,74.0,0.0,0.0,c_kam_move_only,0.9999083617996058,move_only,2.846293971486454,1.3764099977531523,,A1,8.0,64.0,1.173960168222283,8.0,1.0895539482358716,171.36383560297722,1.2902591907805872e-16,0.2937437890207469,0.8655510137420565,0.8127925507800786,86.82968102948507,4.50090415388577e-17,0.23142625406261375,0.23142625406261375,1.991810695791469,0.5068249288111937,4.982016962965175,0.0,1.0437760241963965,8.701748030845821e-17,0.24297619837055406,0.24297619837055406,0.8522356643919952,0.9999083617996058,0.0,c_kam,74.0,2.220446049250313e-16,0.8222222222222222,0.0,warehouse,3017,0.0,200.0,40320.0,12240.0,6480.0,17365.936205897015,74.0,90.0,0.0,27.236204171606772,17.944970287033357,,move_only,
41.0,41.0,0.0,0.0,c_kam_move_merge,1.0000000000000002,move_merge,2.530024905264054,1.085033793781604,,A1,8.0,64.0,0.0,2.0,1.2115363201430058,171.69470367346275,7.582010899879118e-17,0.26369822772961893,0.4724349709377477,0.2654157823183829,12.818088634812739,-1.0831444142684454e-17,0.14393068820105107,0.14393068820105107,1.6563476647651902,0.8577496341485512,4.6058587527748225,0.0,0.9340663972829735,3.249433242805336e-17,0.16142672707976174,0.16142672707976174,0.8799164037692921,1.0000000000000002,6.0,c_kam,35.0,2.220446049250313e-16,0.45555555555555555,0.0,warehouse,3017,0.0,200.0,7187.0,6795.0,5955.0,2563.6177269625477,35.0,90.0,0.0,15.514607351328916,3.0158504839637317,,move_merge,
74.0,74.0,0.0,0.0,c_kam_move_split,0.9995700954262738,move_split,2.9093634498336454,1.4354788841240598,,A1,8.0,64.0,5.507428599853007,9.0,1.2359143542658293,171.36383560297722,1.2602531630880155e-16,0.29973538946373013,0.8683187863984563,0.8166464114408885,90.75814866053406,3.00060276925718e-17,0.24941788689553135,0.24941788689553135,2.0193808279041523,0.4936556007269213,5.000391900077095,0.0,1.046974981304656,7.801567200068668e-17,0.25768640029083817,0.25768640029083817,0.8466241201867589,0.9995700954262738,0.0,c_kam,73.0,7.77156117237597e-17,0.8222222222222222,0.0,warehouse,3017,1.0,200.0,44779.0,12308.0,6548.0,18151.629732106812,73.0,90.0,0.0,27.799228525808417,18.60923563403776,,move_split,
75.0,75.0,0.0,0.0,c_kam_move_only,0.999923311239719,move_only,1.4708067511178262,0.9319068543827725,,A1,8.0,64.0,0.9215905591486415,8.0,1.038891311866271,87.53144062200963,1.1842378929335003e-16,0.15430005593484578,0.8614027283595608,0.8070164572095151,81.65743330609985,0.0,0.22191655123784088,0.22191655123784088,1.8558437801336662,0.524587141121177,2.851429080127511,0.0,0.44748234841544465,5.921189464667501e-17,0.22866617996769384,0.22866617996769384,0.8994025288836565,0.999923311239719,0.0,c_kam,75.0,2.220446049250313e-16,0.8333333333333334,0.0,warehouse,3018,0.0,200.0,40138.0,12240.0,6480.0,16331.48666121997,75.0,90.0,0.0,28.0266628129459,16.802597469009925,,move_only,
41.0,41.0,0.0,0.0,c_kam_move_merge,0.9999999999999999,move_merge,1.2251083676374692,0.6642400748203435,,A1,8.0,64.0,0.0,2.0,1.1029546419740555,93.61126892383584,1.408087738548979e-16,0.13095870950421187,0.39575362891040755,0.1586442934195549,14.138180654263124,-1.19145885569529e-16,0.1365318452024415,0.1365318452024415,1.6088138304937465,0.8791623919771585,2.608375281686063,0.0,0.3855178521925928,1.0831444142684454e-17,0.1432983923247172,0.1432983923247172,0.9248308729420873,0.9999999999999999,6.0,c_kam,35.0,0.0,0.45555555555555555,0.0,warehouse,3018,0.0,200.0,7522.0,6483.0,5960.0,2827.636130852625,35.0,90.0,0.0,14.867412047398968,3.2444914010120556,,move_merge,
81.0,81.0,0.0,0.0,c_kam_move_split,0.9997727654873362,move_split,1.575528317161524,1.0263996176434904,,A1,8.0,64.0,2.73074151698641,9.0,1.153436940573151,87.53144062200963,1.2335811384723962e-16,0.1642486047089971,0.8770769441005908,0.8288413145704427,94.22171726153465,1.3706457094137734e-17,0.24322173268995748,0.24322173268995748,1.9102446247254532,0.5102598266258244,2.887760082659253,0.0,0.4528832801099247,6.853228547068867e-17,0.24372758194438862,0.24372758194438862,0.8904257163738883,0.9997727654873362,0.0,c_kam,80.0,2.220446049250313e-16,0.9,0.0,warehouse,3018,1.0,200.0,43739.0,12296.0,6536.0,18844.34345230693,80.0,90.0,0.0,29.482957878440477,19.331120926013682,,move_split,
80.0,80.0,0.0,0.0,c_kam_move_only,0.9998632994547431,move_only,3.7951001966045323,1.6939221624320437,,A1,8.0,64.0,1.8283794650658778,8.0,1.110684961093795,153.3718388842328,3.969047313034935e-16,0.38877098680817623,0.8948261402578835,0.8535553851692049,91.28884718258632,-1.637578961322106e-16,0.29689077699304994,0.29689077699304994,2.674765140441662,0.5043021277790968,8.754912467853577,0.0,2.0744948812623942,1.1657341758564144e-16,0.30139403320894137,0.30139403320894137,0.8198071428857833,0.9998632994547431,0.0,c_kam,80.0,2.220446049250313e-16,0.8888888888888888,0.0,warehouse,3019,0.0,200.0,40320.0,12240.0,6480.0,18257.769436517265,80.0,90.0,0.0,28.285550715163385,18.743470765009988,,move_only,
43.0,43.0,0.0,0.0,c_kam_move_merge,0.999868068268771,move_merge,3.19738757380872,1.2334824566693077,,A1,8.0,64.0,1.7645962400234714,2.0,1.1155586395540125,153.49746467662246,4.6474452193611206e-17,0.3319882876425742,0.5283593710793364,0.34328520023705067,16.294314491096884,5.163828021512356e-18,0.1835881876363657,0.1835881876363657,2.1901159277745954,0.8202446058025464,7.760007185463358,0.0,1.8042785312853302,2.581914010756178e-17,0.21314954581679127,0.21314954581679127,0.8635489149332433,0.999868068268771,6.0,c_kam,37.0,2.220446049250313e-16,0.4777777777777778,0.0,warehouse,3019,0.0,200.0,7187.0,7450.0,5955.0,3258.862898219377,37.0,90.0,0.0,16.144329129240027,3.7082906289724633,,move_merge,
77.0,77.0,0.0,0.0,c_kam_move_split,0.9998515257155397,move_split,3.8221032059742135,1.724153065620414,,A1,8.0,64.0,1.9858540599652683,10.0,1.069831254874806,153.3718388842328,4.210196405072022e-16,0.3913362726982961,0.8951628330385172,0.854024197901733,106.74278259393759,-1.7878916240716808e-16,0.3099182157526734,0.3099182157526734,2.6993699568847997,0.48087472811834486,8.74628238415167,0.0,2.0747462956202893,1.2111523905001707e-16,0.30996327591673856,0.30996327591673856,0.816935207082888,0.9998515257155397,0.0,c_kam,75.0,2.220446049250313e-16,0.8555555555555555,0.0,warehouse,3019,2.0,200.0,46474.0,12333.0,6573.0,21348.556518787518,75.0,90.0,0.0,28.518339870130056,21.816736940992996,,move_split,
77.0,77.0,0.0,0.0,c_kam_move_only,0.999791495020412,move_only,3.9912853057650333,1.900202916366469,,A1,8.0,64.0,2.354507718519674,8.0,1.1906381617898656,124.55196317922467,1.6437068156788032e-16,0.4043230453139099,0.8679227817916856,0.8160950126213344,84.27127029252006,8.362718886786894e-17,0.2860181033857467,0.2860181033857467,2.622512407349354,0.5142764231040389,7.379680002935096,0.0,1.6953005270861692,1.2399893521787462e-16,0.31062956808012115,0.31062956808012115,0.8017258993200099,0.999791495020412,0.0,c_kam,77.0,8.881784197001252e-16,0.8555555555555555,0.0,warehouse,3020,0.0,200.0,40278.0,12240.0,6480.0,16854.25405850401,77.0,90.0,0.0,28.347234345163972,17.35834795201663,,move_only,
39.0,39.0,0.0,0.0,c_kam_move_merge,1.0,move_merge,3.381270595108452,1.3766802297708842,,A1,8.0,64.0,0.0,2.0,1.0968183887381129,124.7077693268658,4.554761126667309e-17,0.3463716478015346,0.47416674961377325,0.2678271197153805,13.686965632950887,0.0,0.16783839717719584,0.16783839717719584,2.1223954916655203,0.819493613146394,6.542441391175802,0.0,1.4780336962609264,2.2773805633336544e-17,0.1864315525584016,0.1864315525584016,0.8514605545465903,1.0,6.0,c_kam,33.0,2.220446049250313e-16,0.43333333333333335,0.0,warehouse,3020,0.0,200.0,7187.0,7633.0,5955.0,2737.3931265901774,33.0,90.0,0.0,14.762449857630914,3.177471744013019,,move_merge,
80.0,80.0,0.0,0.0,c_kam_move_split,0.9999145517045472,move_split,4.370703636016901,2.1970093465000824,,A1,8.0,64.0,0.96491062982845,9.0,1.1193498271999962,124.55196317922467,1.8596235662471373e-16,0.44036778668783716,0.8874959027450967,0.8433487253412738,88.4093129177927,6.938893903907228e-17,0.3341566526329707,0.3341566526329707,2.7469713877316444,0.4983422764249734,7.549759691441742,0.0,1.7303659693555575,1.27675647831893e-16,0.34273052308384294,0.34273052308384294,0.7735292884573167,0.9999145517045472,0.0,c_kam,79.0,8.881784197001252e-16,0.8888888888888888,0.0,warehouse,3020,1.0,200.0,44137.0,12295.0,6535.0,17681.86258355854,79.0,90.0,0.0,30.01372471368397,18.152950165967923,,move_split,
80.0,80.0,0.0,0.0,c_kam_move_only,0.9999131722927894,move_only,4.577281108239413,1.770298181335286,,A1,8.0,64.0,0.8670689124688438,8.0,1.139556188074792,171.77605859803063,6.328271240363392e-16,0.46865744387602054,0.897204288759554,0.8568667311841891,78.65995107975323,-3.9968028886505636e-16,0.24646448260610335,0.24646448260610335,2.5403401247994672,0.5182293380159553,8.4189646437222,0.0,1.9902666200859402,1.1657341758564144e-16,0.2583197955637296,0.2583197955637296,0.8107391107967207,0.9999131722927894,0.0,c_kam,80.0,4.440892098500626e-16,0.8888888888888888,0.0,warehouse,3021,0.0,200.0,40320.0,12240.0,6480.0,15731.990215950646,80.0,90.0,0.0,27.76507328974773,16.1848379150033,,move_only,
40.0,40.0,0.0,0.0,c_kam_move_merge,1.0000000000000004,move_merge,4.03748835561921,1.4757281618984797,,A1,8.0,64.0,0.0,2.0,1.1700851574804836,170.69977659443984,1.3877787807814457e-16,0.41737713237710133,0.5165320589219313,0.32681679090395505,13.542380644357763,-8.326672684688674e-17,0.13736245552820467,0.13736245552820467,2.0500901886445955,0.8238357230617465,6.835199712784748,0.0,1.55989397442816,2.7755575615628914e-17,0.15902822246985363,0.15902822246985363,0.8387232626432173,1.0000000000000004,6.0,c_kam,34.0,2.220446049250313e-16,0.4444444444444444,0.0,warehouse,3021,0.0,200.0,7187.0,7324.0,5955.0,2708.4761288715526,34.0,90.0,0.0,15.697189403678285,3.158219775010366,,move_merge,
77.0,77.0,0.0,0.0,c_kam_move_split,1.0000000000000004,move_split,4.624678207951868,1.8183239429334184,,A1,8.0,64.0,0.0,10.0,1.1207645984412622,171.77605859803063,6.401805492643759e-16,0.4731601683487037,0.9014479041406129,0.8627755627274357,90.68665855884319,-4.383218175143475e-16,0.25655299693783873,0.25655299693783873,2.605284355861924,0.5039420231811121,8.427576107459622,0.0,1.9930581933569775,1.0092936587501423e-16,0.26585110238762377,0.26585110238762377,0.806176663444898,1.0000000000000004,0.0,c_kam,75.0,2.664535259100382e-16,0.8555555555555555,0.0,warehouse,3021,2.0,200.0,44301.0,12307.0,6547.0,18137.33171176864,75.0,90.0,0.0,27.232050947321422,18.61545970098814,,move_split,
71.0,71.0,0.0,0.0,c_kam_move_only,0.9998800996020892,move_only,3.013550545530075,1.357340142814022,,A1,8.0,64.0,1.4092807608313818,8.0,1.1300841081660553,126.81101730196747,3.1586626897786146e-16,0.3147053968534491,0.8985323498374401,0.8587159301533975,81.30952589475783,1.6575160649333323e-16,0.22713482548419342,0.22713482548419342,1.9705212360036726,0.5061387041857789,5.335424351281984,0.0,1.138331501651728,2.4080893773559736e-16,0.23587786053335702,0.23587786053335702,0.8519826968309512,0.9998800996020892,0.0,c_kam,71.0,3.3306690738754696e-16,0.7888888888888889,0.0,warehouse,3022,0.0,200.0,40320.0,12240.0,6480.0,16261.905178951565,71.0,90.0,0.0,26.589670932384895,16.734949645993765,,move_only,
44.0,44.0,0.0,0.0,c_kam_move_merge,0.9999999999999999,move_merge,2.7432627436443378,1.1033921950860999,,A1,8.0,64.0,0.0,2.0,1.172095465282407,126.95627431000489,6.560408781875925e-17,0.28902805567430406,0.5984793922048894,0.44092067269035234,14.764584885560907,1.5139404881252134e-17,0.12492517391636007,0.12492517391636007,1.6328371774899346,0.7976980205023102,4.669319575343041,0.0,0.9522939324629225,4.0371746350005693e-17,0.1306802999543394,0.1306802999543394,0.8761077518651037,0.9999999999999999,6.0,c_kam,38.0,2.220446049250313e-16,0.4888888888888889,0.0,warehouse,3022,0.0,200.0,7187.0,6109.0,5955.0,2952.9169771121815,38.0,90.0,0.0,17.32328985422087,3.3992495439597405,,move_merge,
79.0,79.0,0.0,0.0,c_kam_move_split,0.9998270060271098,move_split,3.128514290271668,1.4709327356335204,,A1,8.0,64.0,2.033330013777859,10.0,1.1226780116368453,126.81101730196747,2.8387981135985014e-16,0.32562695260390045,0.903513356593535,0.8656515091808717,96.46735500689829,1.6020939849021245e-16,0.246458639165981,0.246458639165981,2.024652257453939,0.4837291253225097,5.348682086262403,0.0,1.1417659702923788,2.220446049250313e-16,0.25491613130533475,0.25491613130533475,0.8411914005130987,0.9998270060271098,0.0,c_kam,77.0,2.442490654175332e-16,0.8777777777777778,0.0,warehouse,3022,2.0,200.0,46448.0,12332.0,6572.0,19293.471001379658,77.0,90.0,0.0,29.070446474765365,19.758892878016923,,move_split,
68.0,68.0,0.0,0.0,c_kam_move_only,0.9999849710559355,move_only,4.076001500014397,1.5819090190270746,,A1,8.0,64.0,0.1772868150472905,8.0,1.0967868337142503,165.74625148056924,3.2653618371328136e-16,0.42203346509318185,0.882857791396068,0.8368905956147783,84.8284256682382,1.959217102279688e-16,0.2498823240110015,0.2498823240110015,2.6364786566797616,0.5097407667989359,8.897703361660799,0.0,2.12800553845757,2.612289469706251e-16,0.2642711578725456,0.2642711578725456,0.8279249473274071,0.9999849710559355,0.0,c_kam,68.0,2.220446049250313e-16,0.7555555555555555,0.0,warehouse,3023,0.0,200.0,40320.0,12240.0,6480.0,16965.68513364764,68.0,90.0,0.0,25.731570779163413,17.434143129969016,,move_only,
44.0,44.0,0.0,0.0,c_kam_move_merge,0.9999999999999997,move_merge,4.492031299070486,1.531663121240511,,A1,8.0,64.0,0.0,2.0,1.1067237644147685,182.97074033047994,7.065055611250996e-17,0.4615562960035102,0.45313768438120694,0.23854614280927552,15.578737696632743,-5.0464682937507114e-17,0.16067865408042412,0.16067865408042412,2.264547798417181,0.8457264819695322,8.697963484161066,0.0,2.0780592493291676,1.0092936587501423e-17,0.17600227934345264,0.17600227934345264,0.8326983076171305,0.9999999999999997,6.0,c_kam,38.0,0.0,0.4888888888888889,0.0,warehouse,3023,0.0,200.0,7187.0,6966.0,5955.0,3115.7475393265486,38.0,90.0,0.0,15.681163721975123,3.5715077719651163,,move_merge,
68.0,68.0,0.0,0.0,c_kam_move_split,0.9999849710559355,move_split,4.076001500014397,1.5819090190270746,,A1,8.0,64.0,0.1772868150472905,8.0,1.0967868337142503,165.74625148056924,3.2653618371328136e-16,0.42203346509318185,0.882857791396068,0.8368905956147783,87.48318712139735,1.959217102279688e-16,0.2498823240110015,0.2498823240110015,2.6364786566797616,0.5097407667989359,8.897703361660799,0.0,2.12800553845757,2.612289469706251e-16,0.2642711578725456,0.2642711578725456,0.8279249473274071,0.9999849710559355,0.0,c_kam,68.0,2.220446049250313e-16,0.7555555555555555,0.0,warehouse,3023,0.0,200.0,40822.0,12240.0,6480.0,17496.63742427947,68.0,90.0,0.0,25.731570779163413,17.994822569016833,,move_split,
80.0,80.0,0.0,0.0,c_kam_move_only,0.9999573918980632,move_only,3.0440313595642965,1.8689007735491283,,A1,8.0,64.0,0.46556122506420305,8.0,1.1283955824605973,86.68213047502988,1.6653345369377348e-16,0.3057301739743654,0.8776371003956983,0.829621279031985,84.32644304004498,-1.1102230246251566e-17,0.29798879620246255,0.29798879620246255,2.098708588024314,0.5113380877160251,3.794980357302657,0.0,0.6905275541534263,7.771561172376095e-17,0.3080688083814628,0.3080688083814628,0.8090868505563019,0.9999573918980632,0.0,c_kam,80.0,2.220446049250313e-16,0.8888888888888888,0.0,warehouse,3024,0.0,200.0,40320.0,12240.0,6480.0,16865.288608008996,80.0,90.0,0.0,28.289277892841064,17.34147220500745,,move_only,
27.0,27.0,0.0,0.0,c_kam_move_merge,1.0,move_merge,1.4877555842075727,0.7752041188888704,,A1,8.0,64.0,0.0,2.0,1.080350790622512,86.87551850602144,4.9343245538895844e-17,0.15788397531547663,0.41536472834665117,0.18595088757128653,14.49170687556034,-1.644774851296528e-17,0.12072209339750994,0.12072209339750994,1.4463902568370195,0.8668237074296167,2.711893035440976,0.0,0.4191267849111705,1.644774851296528e-17,0.13690703415220398,0.13690703415220398,0.9129880327490264,1.0,6.0,c_kam,21.0,1.5543122344752176e-16,0.3,0.0,warehouse,3024,0.0,200.0,7522.0,6686.0,5960.0,2898.341375112068,21.0,90.0,0.0,10.01100824412126,3.333781755005475,,move_merge,
81.0,81.0,0.0,0.0,c_kam_move_split,0.999876072858479,move_split,3.515281605714282,2.1267111392887053,,A1,8.0,64.0,1.3541009620910074,9.0,1.0614239145564073,86.68213047502988,1.8366652506144565e-16,0.350498947358614,0.8772974392920224,0.8291483331914236,87.92359672981547,-1.9189039931792828e-17,0.32151348567751414,0.32151348567751414,2.2481198347507685,0.4975662466631616,4.132658555088895,0.0,0.7819647896728804,8.22387425648264e-17,0.33107750050402357,0.33107750050402357,0.784594865811042,0.999876072858479,0.0,c_kam,80.0,2.220446049250313e-16,0.9,0.0,warehouse,3024,1.0,200.0,43715.0,12288.0,6528.0,17584.719345963094,80.0,90.0,0.0,29.706185604707798,18.033022738003638,,move_split,
70.0,70.0,0.0,0.0,c_kam_move_only,0.9998061034387102,move_only,1.9953715700950225,1.122738430005083,,A1,8.0,64.0,2.193852899709567,8.0,1.0783575423106848,109.42752286468018,2.220446049250313e-16,0.2076896255556753,0.8587954501829693,0.8033860698750206,83.97889995743753,2.5376526277146434e-17,0.2160363086601316,0.2160363086601316,1.771383395313738,0.5126876206255947,3.2468050771974775,0.0,0.5632148632545205,1.2371056560108888e-16,0.22821640953690192,0.22821640953690192,0.8790655969735142,0.9998061034387102,0.0,c_kam,70.0,2.220446049250313e-16,0.7777777777777778,0.0,warehouse,3025,0.0,200.0,40320.0,12240.0,6480.0,16795.779991487507,70.0,90.0,0.0,25.355131841016735,17.271561414003372,,move_only,
36.0,36.0,0.0,0.0,c_kam_move_merge,1.0000000000000002,move_merge,1.6738648330148171,0.814648930349626,,A1,8.0,64.0,0.0,2.0,1.0861280032487075,114.76959191541503,8.018277400070575e-17,0.1771464855330558,0.4646371879422061,0.2545581097929452,14.1357017410337,6.1679056923619804e-18,0.11867332651593493,0.11867332651593493,1.4934089849623904,0.8280168350949981,2.9259684810156465,0.0,0.481599501202328,4.3175339846533866e-17,0.1533451186435673,0.1533451186435673,0.9083340994407827,1.0000000000000002,6.0,c_kam,30.0,2.220446049250313e-16,0.4,0.0,warehouse,3025,0.0,200.0,7388.0,7158.0,5958.0,2827.14034820674,30.0,90.0,0.0,14.143019484730885,3.2587950059678406,,move_merge,
73.0,73.0,0.0,0.0,c_kam_move_split,0.9999277530784405,move_split,2.009300658436078,1.131488577810663,,A1,8.0,64.0,0.8174416158098894,9.0,1.0591841601909822,109.42752286468018,2.037943634243438e-16,0.20901288894807557,0.8626884845261897,0.808806750606087,88.78321527328808,2.1291948417468754e-17,0.2217061963601079,0.2217061963601079,1.7713130608359982,0.4950811108260828,3.2412904101743685,0.0,0.5641542597745718,1.1254315592090629e-16,0.22674064502391303,0.22674064502391303,0.8782343329319842,0.9999277530784405,0.0,c_kam,72.0,2.220446049250313e-16,0.8111111111111111,0.0,warehouse,3025,1.0,200.0,43876.0,12291.0,6531.0,17756.643054657616,72.0,90.0,0.0,26.269813679963995,18.23009661800461,,move_split,
75.0,75.0,0.0,0.0,c_kam_move_only,0.9999999999999991,move_only,1.307758185713466,0.8899264376391215,,A1,8.0,64.0,0.0,8.0,1.1098387346432912,66.8889522904082,6.513308411134252e-17,0.13785531913548618,0.8775373770566085,0.8294824237497082,76.66918025002815,-5.921189464667502e-18,0.1944152122342106,0.1944152122342106,1.5420889188885583,0.5083196760370524,2.2315910448068035,0.0,0.2836703457050627,2.960594732333751e-17,0.20655530762031538,0.20655530762031538,0.9039555054994881,0.9999999999999991,0.0,c_kam,75.0,2.220446049250313e-16,0.8333333333333334,0.0,warehouse,3026,0.0,200.0,40320.0,12240.0,6480.0,15333.83605000563,75.0,90.0,0.0,27.194336862557524,15.796126875036862,,move_only,
38.0,38.0,0.0,0.0,c_kam_move_merge,1.0,move_merge,1.067103982762179,0.6093317279331857,,A1,8.0,64.0,0.0,2.0,1.1093599855956393,67.52675009544153,6.427606984671959e-17,0.11499316985511399,0.4125772688158022,0.18206961480681322,12.760301836242434,5.843279076974508e-18,0.10710073458022905,0.10710073458022905,1.2937751533002761,0.8820321549329475,2.1230211175361613,0.0,0.2546055818688348,3.5059674461847047e-17,0.1320079431777946,0.1320079431777946,0.9306120029215519,1.0,6.0,c_kam,32.0,2.220446049250313e-16,0.4222222222222222,0.0,warehouse,3026,0.0,200.0,7187.0,6447.0,5955.0,2552.0603672484867,32.0,90.0,0.0,13.475548428947633,2.976106118003372,,move_merge,
75.0,75.0,0.0,0.0,c_kam_move_split,0.9999999999999991,move_split,1.307758185713466,0.8899264376391215,,A1,8.0,64.0,0.0,8.0,1.1098387346432912,66.8889522904082,6.513308411134252e-17,0.13785531913548618,0.8775373770566085,0.8294824237497082,77.81451509770704,-5.921189464667502e-18,0.1944152122342106,0.1944152122342106,1.5420889188885583,0.5083196760370524,2.2315910448068035,0.0,0.2836703457050627,2.960594732333751e-17,0.20655530762031538,0.20655530762031538,0.9039555054994881,0.9999999999999991,0.0,c_kam,75.0,2.220446049250313e-16,0.8333333333333334,0.0,warehouse,3026,0.0,200.0,40724.0,12240.0,6480.0,15562.903019541409,75.0,90.0,0.0,27.194336862557524,16.009703132032882,,move_split,
67.0,67.0,0.0,0.0,c_kam_move_only,0.9999957543760679,move_only,2.752219936542371,1.3618898636769563,,A1,8.0,64.0,0.04629375029407423,8.0,1.1011206464558136,135.86619125086247,1.193075489149422e-16,0.28788823990659557,0.8866499470971476,0.8421708124137498,86.9574236299377,9.94229574291185e-17,0.22739519232732286,0.22739519232732286,2.0934982055025166,0.5181242619508221,4.2713606513875275,0.0,0.8399476979040216,1.0936525317203034e-16,0.23649639539608394,0.23649639539608394,0.8523037823749087,0.9999957543760679,0.0,c_kam,67.0,3.774758283725523e-16,0.7444444444444445,0.0,warehouse,3027,0.0,200.0,40124.0,12240.0,6480.0,17391.48472598754,67.0,90.0,0.0,24.53732549643231,17.880926906014793,,move_only,
38.0,38.0,0.0,0.0,c_kam_move_merge,0.9999999999999994,move_merge,2.1081054772628924,0.9007579140827865,,A1,8.0,64.0,0.0,2.0,1.1342680583044378,135.94113140169648,7.596262800066861e-17,0.22669736627504516,0.516953645929832,0.3274038107883736,14.374997955746949,-1.7529837230923523e-17,0.1116905403800362,0.1116905403800362,1.679804087963515,0.8139263912026995,3.4878354620703114,0.0,0.6354114357890637,2.921639538487254e-17,0.13937470296393772,0.13937470296393772,0.8961113175863548,0.9999999999999994,6.0,c_kam,32.0,2.220446049250313e-16,0.4222222222222222,0.0,warehouse,3027,0.0,200.0,7254.0,6091.0,5956.0,2874.9995911493897,32.0,90.0,0.0,14.795722750153221,3.3098097799811512,,move_merge,
71.0,71.0,0.0,0.0,c_kam_move_split,0.9999999999999997,move_split,2.753795302527835,1.3634946079108974,,A1,8.0,64.0,0.0,10.0,1.0451376769038008,135.86619125086247,1.1571338566515715e-16,0.2880378996752147,0.8870628770315635,0.8427457781452151,90.48971133161103,9.694905285459113e-17,0.22883624671951497,0.22883624671951497,2.095693320994121,0.5098020389998372,4.265424473615296,0.0,0.8400057622829792,1.0633121925987414e-16,0.23461313366896724,0.23461313366896724,0.8521513316726843,0.9999999999999997,0.0,c_kam,69.0,3.3306690738754696e-16,0.7888888888888889,0.0,warehouse,3027,2.0,200.0,42135.0,12268.0,6508.0,18097.942266322207,69.0,90.0,0.0,25.66708052306021,18.572672900976613,,move_split,
75.0,75.0,0.0,0.0,c_kam_move_only,0.9999999999999993,move_only,5.5512377994128235,2.20468087829181,,A1,8.0,64.0,0.0,8.0,1.1279773548742256,195.04760490751556,3.641531520770513e-16,0.5666964732192318,0.8722053639651137,0.8220581017235762,78.31766509771114,-2.338869838543663e-16,0.31911284318566907,0.31911284318566907,2.820436442300419,0.5124851874466146,10.677157856186327,0.0,2.6062474301125333,6.513308411134252e-17,0.3155635075893124,0.3155635075893124,0.7669788413379769,0.9999999999999993,0.0,c_kam,75.0,2.220446049250313e-16,0.8333333333333334,0.0,warehouse,3028,0.0,200.0,40320.0,12240.0,6480.0,15663.533019542228,75.0,90.0,0.0,26.334158555293865,16.122923015034758,,move_only,
41.0,41.0,0.0,0.0,c_kam_move_merge,1.0000000000000002,move_merge,4.6321402176790905,1.5821456571952668,,A1,8.0,64.0,0.0,2.0,1.1592368075015966,195.15717139756902,9.748299728416009e-17,0.47938220295452716,0.5001218474425305,0.3039671293503591,14.14103626011638,3.249433242805336e-17,0.15870323165271266,0.15870323165271266,2.15829533418686,0.8386153405890459,8.84725639537499,0.0,2.1143152693499245,6.498866485610672e-17,0.18452456569443654,0.18452456569443654,0.8261196873421484,1.0000000000000002,6.0,c_kam,35.0,2.220446049250313e-16,0.45555555555555555,0.0,warehouse,3028,0.0,200.0,7321.0,6122.0,5957.0,2828.207252023276,35.0,90.0,0.0,15.384001164869058,3.2394857730250806,,move_merge,
85.0,85.0,0.0,0.0,c_kam_move_split,0.9999999999999994,move_split,5.6092911223638655,2.264810381371078,,A1,8.0,64.0,0.0,10.0,1.0346925743822237,195.04760490751556,3.2653618371328136e-16,0.5722115388995808,0.881789548760174,0.8354031691597359,89.29041824128944,-1.906971312885563e-16,0.3252133657982341,0.3252133657982341,2.8523935177179163,0.49265694629787476,10.674535932776859,0.0,2.6073572870288277,6.791952621236252e-17,0.3296942404713326,0.3296942404713326,0.7612665385454462,0.9999999999999994,0.0,c_kam,83.0,2.220446049250313e-16,0.9444444444444444,0.0,warehouse,3028,2.0,200.0,45396.0,12318.0,6558.0,17858.08364825789,83.0,90.0,0.0,30.479387174021365,18.316058745025657,,move_split,
69.0,69.0,0.0,0.0,c_kam_move_only,1.0000000000000007,move_only,3.689471259726858,1.509733445399234,,A1,8.0,64.0,0.0,8.0,1.0700604474573536,156.1445425492284,6.049910974768969e-16,0.3841150604272684,0.8837252944217724,0.8380985112201895,81.95226070936769,4.440892098500626e-16,0.28232054835670817,0.28232054835670817,3.0263439513065573,0.5083813777088604,11.102286885035968,0.0,2.73451578711926,5.245401536634797e-16,0.2948447269849983,0.2948447269849983,0.8350801664150578,1.0000000000000007,0.0,c_kam,69.0,2.220446049250313e-16,0.7666666666666667,0.0,warehouse,3029,0.0,200.0,40264.0,12240.0,6480.0,16390.45214187354,69.0,90.0,0.0,24.624135924145676,16.83256272901781,,move_only,
47.0,47.0,0.0,0.0,c_kam_move_merge,1.0000000000000002,move_merge,3.4036533446505097,1.2586306863294123,,A1,8.0,64.0,0.0,2.0,1.1064209729431242,156.34456831256796,1.1338447911065428e-16,0.3569623584950153,0.45069517631003675,0.2351451822038487,14.067519358068239,5.669223955532714e-17,0.18562768981245703,0.18562768981245703,2.4925232463568885,0.8482728216115997,9.629913912686023,0.0,2.3308474958742806,8.503835933299071e-17,0.20752428821654548,0.20752428821654548,0.8589349285266908,1.0000000000000002,6.0,c_kam,41.0,1.5543122344752097e-16,0.5222222222222223,0.0,warehouse,3029,0.0,200.0,7187.0,6934.0,5955.0,2813.503871613648,41.0,90.0,0.0,16.99385375368278,3.229139486036729,,move_merge,
67.0,67.0,0.0,0.0,c_kam_move_split,0.9998190680535104,move_split,3.690455300345834,1.5144972310700267,,A1,8.0,64.0,2.1502871475192107,10.0,1.1502696806391355,156.1445425492284,6.230505332224759e-16,0.3842085442860711,0.8901413230869386,0.8470322220197878,93.3856861613458,4.772301956597688e-16,0.28526455989363514,0.28526455989363514,3.0329752924040356,0.49108424477695267,11.089392673187174,0.0,2.733695675472809,5.501403644411224e-16,0.2987628738891836,0.2987628738891836,0.8346276067763325,0.9998190680535104,0.0,c_kam,65.0,3.774758283725523e-16,0.7444444444444445,0.0,warehouse,3029,2.0,200.0,44903.0,12309.0,6549.0,18677.13723226916,65.0,90.0,0.0,24.89865133713784,19.13649807102047,,move_split,
77.0,77.0,0.0,0.0,c_kam_move_only,0.9999229812669951,move_only,3.4935352467481,1.5181791560773088,,A1,8.0,64.0,0.9176701392047539,8.0,1.0995828142644082,173.62570507655153,2.2492830109288883e-16,0.36011929629395767,0.9133950574308178,0.8794108394606326,89.1975489622564,6.920870802858119e-17,0.2433577464019573,0.2433577464019573,2.2513982917555175,0.5039604728315574,6.6398790038299005,0.0,1.4958755554146652,1.4706850456073502e-16,0.255336891937213,0.255336891937213,0.8364693762794411,0.9999229812669951,0.0,c_kam,77.0,2.220446049250313e-16,0.8555555555555555,0.0,warehouse,3030,0.0,200.0,40320.0,12240.0,6480.0,17839.50979245128,77.0,90.0,0.0,27.896298839721922,18.30420882202452,,move_only,
37.0,37.0,0.0,0.0,c_kam_move_merge,0.9999945428286727,move_merge,3.2328269010012947,1.2574284196318104,,A1,8.0,64.0,0.06502162494836963,2.0,1.1873832084431717,175.38397219478122,6.601326092365796e-17,0.3353520034480112,0.5615164844535271,0.3894533327833922,14.747477936034556,-6.00120553851436e-18,0.1349028974088189,0.1349028974088189,1.8247989620143574,0.8299111434217061,5.780367708415174,0.0,1.2572284308272057,3.00060276925718e-17,0.14228771359021844,0.14228771359021844,0.8612406962417635,0.9999945428286727,6.0,c_kam,31.0,2.220446049250313e-16,0.4111111111111111,0.0,warehouse,3030,0.0,200.0,7321.0,6126.0,5957.0,2949.4955872069113,31.0,90.0,0.0,13.997022196080254,3.365819397964515,,move_merge,
76.0,76.0,0.0,0.0,c_kam_move_split,0.9998971391808228,move_split,3.4933947925438353,1.5179937895424853,,A1,8.0,64.0,1.2255758900531069,9.0,1.0904396214814076,173.62570507655153,2.2788788400200583e-16,0.3601059531445525,0.9134293156576075,0.8794585407890736,91.51537681260379,7.011934892369409e-17,0.24368225049046244,0.24368225049046244,2.2508286697682554,0.5034527142720056,6.6396796778487035,0.0,1.4958699537802156,1.4900361646284995e-16,0.25541055271171087,0.25541055271171087,0.8364869861002492,0.9998971391808228,0.0,c_kam,75.0,2.220446049250313e-16,0.8444444444444444,0.0,warehouse,3030,1.0,200.0,40842.0,12242.0,6482.0,18303.075362520758,75.0,90.0,0.0,27.730808838424508,18.778060715994798,,move_split,
81.0,81.0,0.0,0.0,c_kam_move_only,1.0000000000000004,move_only,4.056687171298208,1.7315128548811394,,A1,8.0,64.0,0.0,8.0,1.0825835461390545,131.7635375720995,4.3586533559358e-16,0.44999796631544553,0.910545943661161,0.894394516822204,60.85921903664712,-5.208453695772339e-17,0.2514372975440178,0.2514372975440178,2.3604674927112472,0.5093637845311731,6.950385111213427,0.0,1.577815200802075,1.9189039931792828e-16,0.2602295974934687,0.2602295974934687,0.801888374539063,1.0000000000000004,0.0,c_kam,81.0,4.440892098500626e-16,0.9,0.0,edge,3001,0.0,200.0,40285.0,12240.0,6480.0,12171.843807329424,81.0,90.0,0.0,60.719217433582216,12.797093026980292,,move_only,
37.0,37.0,0.0,0.0,c_kam_move_merge,1.0000000000000004,move_merge,3.197981041333878,1.19159611367603,,A1,8.0,64.0,0.0,2.0,1.130162368224925,132.11587304571188,9.601928861622976e-17,0.35983382266919084,0.6135823096296846,0.5438124488683775,10.147715822095051,-2.400482215405744e-17,0.12085496282927527,0.12085496282927527,1.796089390567094,0.8010184577607962,5.333679372026515,0.0,1.1350886206866893,3.600723323108616e-17,0.12369439959817759,0.12369439959817759,0.8585796323655995,1.0000000000000004,6.0,c_kam,31.0,2.220446049250313e-16,0.4111111111111111,0.0,edge,3001,0.0,200.0,7174.0,8235.0,5955.0,2029.5431644190103,31.0,90.0,0.0,22.975744560721296,2.6352434610016644,,move_merge,
82.0,82.0,0.0,0.0,c_kam_move_split,0.9997642741157768,move_split,4.074741400756186,1.7479532094896357,,A1,8.0,64.0,2.468773888649741,9.0,1.1631182199668546,131.7635375720995,4.251341826003648e-16,0.4518936604085333,0.9134322004138707,0.8978019032663752,64.97487896675011,-4.603363760640893e-17,0.2566256840456097,0.2566256840456097,2.371773783960889,0.5027298120765897,6.952646625502147,0.0,1.5783250727800515,1.8955027249697794e-16,0.2630428694946043,0.2630428694946043,0.8001621373051709,0.9997642741157768,0.0,c_kam,81.0,4.329869796038117e-16,0.9111111111111111,0.0,edge,3001,1.0,200.0,42224.0,12265.0,6505.0,12994.975793350022,81.0,90.0,0.0,60.70390488084718,13.63269474596018,,move_split,
76.0,76.0,0.0,0.0,c_kam_move_only,0.9997273578803174,move_only,9.271183211443676,2.5818486202316953,,A1,8.0,64.0,3.5345648336083553,8.0,1.1663110872859714,284.70612788862036,5.258951169277057e-16,1.0093076323388255,0.9039789789821568,0.8866418501872687,69.5383642622619,-3.505967446184705e-16,0.28826323836184464,0.28826323836184464,3.393230224259989,0.5125992283412708,22.24391278907792,0.0,5.837589492147837,8.764918615461762e-17,0.2855250704525388,0.2855250704525388,0.7072143233713305,0.9997273578803174,0.0,c_kam,76.0,2.220446049250313e-16,0.8444444444444444,0.0,edge,3002,0.0,200.0,40250.0,12240.0,6480.0,13907.672852452379,76.0,90.0,0.0,53.54859774905221,14.590659917972516,,move_only,
28.0,28.0,0.0,0.0,c_kam_move_merge,0.9999999999999997,move_merge,7.124773147655971,1.9426900384817178,,A1,8.0,64.0,0.0,2.0,1.0804898972653456,286.25616404351774,2.3790493384824782e-17,0.7839345756411166,0.3810884682790283,0.2693405528294084,11.69477106333943,-7.93016446160826e-18,0.13424934895507612,0.13424934895507612,2.3734817326857223,0.8734797107684491,14.015693738730816,0.0,3.574292545923381,7.93016446160826e-18,0.13753111977416344,0.13753111977416344,0.7743259744550781,0.9999999999999997,6.0,c_kam,22.0,0.0,0.3111111111111111,0.0,edge,3002,0.0,200.0,7174.0,6629.0,5956.0,2338.954212667886,22.0,90.0,0.0,16.692697416613786,2.999254022957757,,move_merge,
76.0,76.0,0.0,0.0,c_kam_move_split,0.9998552288297737,move_split,9.251612758166846,2.562662221216573,,A1,8.0,64.0,1.8768306518389721,9.0,1.10758459872086,284.70612788862036,5.17130198312244e-16,1.0072527347447584,0.9034650908537489,0.8860351767023426,74.44189931818983,-3.4767510507998325e-16,0.285887276512193,0.285887276512193,3.392213022378578,0.5072961175318714,22.23567833741473,0.0,5.837429464887712,8.472754661613037e-17,0.28298728659605066,0.28298728659605066,0.7092288952679183,0.9998552288297737,0.0,c_kam,75.0,2.220446049250313e-16,0.8444444444444444,0.0,edge,3002,1.0,200.0,42119.0,12264.0,6504.0,14888.379863637965,75.0,90.0,0.0,54.60585219310402,15.571785190026276,,move_split,
73.0,73.0,0.0,0.0,c_kam_move_only,0.9999999999999997,move_only,8.885197958426302,2.5022572385810364,,A1,8.0,64.0,0.0,8.0,1.1078097355405938,256.3819354138928,2.5793674654305007e-15,0.9706363143044038,0.9125414234128629,0.8967502915290743,67.8160354270949,-1.2410164220467504e-15,0.3491058249418711,0.3491058249418711,4.164535060624087,0.5107342125166168,27.860936569220247,0.0,7.387492399317877,6.691755216918752e-16,0.34815338853361993,0.34815338853361993,0.7154248228756173,0.9999999999999997,0.0,c_kam,73.0,8.881784197001252e-16,0.8111111111111111,0.0,edge,3003,0.0,200.0,40250.0,12240.0,6480.0,13563.20708541898,73.0,90.0,0.0,50.885955861395,14.229541242995765,,move_only,
24.0,24.0,0.0,0.0,c_kam_move_merge,1.0000000000000004,move_merge,6.637900760344816,1.9160196332075183,,A1,8.0,64.0,0.0,2.0,1.100858427875603,262.32119242406964,9.25185853854297e-18,0.7346701085058477,0.5040487615529068,0.41450201016662613,11.609370411315467,9.25185853854297e-18,0.16156251593705293,0.16156251593705293,2.702374324209666,0.8251572761880064,16.103308337892447,0.0,4.142124480361413,9.25185853854297e-18,0.1650157190059849,0.1650157190059849,0.7769797714398367,1.0000000000000004,6.0,c_kam,18.0,0.0,0.26666666666666666,0.0,edge,3003,0.0,200.0,7137.0,6069.0,5955.0,2321.8740822630934,18.0,90.0,0.0,13.994798148738209,2.9797320059733465,,move_merge,
76.0,76.0,0.0,0.0,c_kam_move_split,0.9999999999999997,move_split,8.919723011358158,2.5372267511798503,,A1,8.0,64.0,0.0,10.0,1.0767547160052167,256.3819354138928,2.4746286890987043e-15,0.9742614448622485,0.9136888928812678,0.8981049429848301,79.55535918503301,-1.194950571241287e-15,0.35503447490081447,0.35503447490081447,4.186708671562452,0.49318659627568684,27.85350604572558,0.0,7.388246918947399,6.398390589287087e-16,0.3558138832354158,0.3558138832354158,0.7117530240527418,0.9999999999999997,0.0,c_kam,74.0,8.881784197001252e-16,0.8444444444444444,0.0,edge,3003,2.0,200.0,44952.0,12310.0,6550.0,15911.071837006602,74.0,90.0,0.0,52.71342928582214,16.637762879021466,,move_split,
83.0,83.0,0.0,0.0,c_kam_move_only,0.9998813706277181,move_only,6.382043388435294,2.3581227846683643,,A1,8.0,64.0,1.6765176807937379,8.0,1.1062564828452863,241.57596571253308,1.0995220798094924e-15,0.7098462531700964,0.9004830185774065,0.8825146747094382,69.02338181476807,-1.3108657399188596e-16,0.3488017856037277,0.3488017856037277,3.835928099226921,0.5098477137642802,16.177225132915268,0.0,4.128401704563456,4.842177529088032e-16,0.3550657024367128,0.3550657024367128,0.7298021085480519,0.9998813706277181,0.0,c_kam,83.0,8.881784197001252e-16,0.9222222222222223,0.0,edge,3004,0.0,200.0,40320.0,12240.0,6480.0,13804.676362953614,83.0,90.0,0.0,61.88994016231873,14.495006215001922,,move_only,
33.0,33.0,0.0,0.0,c_kam_move_merge,0.9999999999999998,move_merge,4.670892412501791,1.5675452211575436,,A1,8.0,64.0,0.0,2.0,1.06313509657969,241.23961850377486,3.6334571715005125e-16,0.5301754006970788,0.38407842003237364,0.2728703569826632,11.396699023316614,-1.2111523905001707e-16,0.16216081850635536,0.16216081850635536,2.6809136644869147,0.8571999941750122,10.65731629311971,0.0,2.632928223370588,1.2111523905001707e-16,0.1683328174389467,0.1683328174389467,0.8128127527166882,0.9999999999999998,6.0,c_kam,27.0,2.220446049250313e-16,0.36666666666666664,0.0,edge,3004,0.0,200.0,7187.0,6819.0,5955.0,2279.339804663323,27.0,90.0,0.0,19.15964948243535,2.931719548010733,,move_merge,
82.0,82.0,0.0,0.0,c_kam_move_split,0.9998922789687461,move_split,6.383436357501232,2.353712195027621,,A1,8.0,64.0,1.5223566475738384,10.0,1.1059896335081196,241.57596571253308,1.1129308856608276e-15,0.7099925149220199,0.9021885715992896,0.8845281748047169,78.32412683608709,-1.2726946867654232e-16,0.35125724137601094,0.35125724137601094,3.84043048060126,0.49695350858027143,16.173416211280944,0.0,4.129915679254936,4.928307084921427e-16,0.35282833928205404,0.35282833928205404,0.7302652204603299,0.9998922789687461,0.0,c_kam,80.0,8.881784197001252e-16,0.9111111111111111,0.0,edge,3004,2.0,200.0,44526.0,12301.0,6541.0,15664.825367217418,80.0,90.0,0.0,60.24049549446245,16.359024100005627,,move_split,
76.0,76.0,0.0,0.0,c_kam_move_only,0.9989656301778834,move_only,4.183321846698585,1.7824393129968847,,A1,8.0,64.0,10.924724196314596,8.0,1.3039301638220808,140.36384126882427,3.2722362831057244e-16,0.4601804385861499,0.9059912906097111,0.8890174958586867,64.7589800436981,8.180590707764311e-17,0.29661736507822345,0.29661736507822345,2.6788054081790538,0.5093759209155113,9.8896853045311,0.0,2.3869593047339426,2.0451476769410778e-16,0.3034186512691929,0.3034186512691929,0.7973194581003356,0.9989656301778834,0.0,c_kam,76.0,8.881784197001252e-16,0.8444444444444444,0.0,edge,3005,0.0,200.0,40320.0,12240.0,6480.0,12951.79600873962,76.0,90.0,0.0,49.82004385318051,13.614242102019489,,move_only,
30.0,30.0,0.0,0.0,c_kam_move_merge,0.9996877540977055,move_merge,3.0303908988520325,1.1593193218265132,,A1,8.0,64.0,3.2978537183318286,2.0,1.1116956645532774,140.3267690832917,5.181040781584064e-17,0.33912268906226173,0.4175370594124469,0.3123701395841387,10.670004988787696,-2.2204460492503132e-17,0.14676185461185798,0.14676185461185798,1.9405110081439103,0.8539766446291063,6.902079092291619,0.0,1.584208819783687,1.4802973661668754e-17,0.14937565472257713,0.14937565472257713,0.8627470571732246,0.9996877540977055,6.0,c_kam,24.0,1.221245327087666e-16,0.3333333333333333,0.0,edge,3005,0.0,200.0,7254.0,6812.0,5956.0,2134.000997757539,24.0,90.0,0.0,17.02126063832108,2.7434294289560057,,move_merge,
74.0,74.0,0.0,0.0,c_kam_move_split,0.9986471059509875,move_split,4.1845915123548565,1.7861730663277409,,A1,8.0,64.0,14.288887819688123,10.0,1.4955150759891995,140.36384126882427,3.390681129260613e-16,0.46031375348005826,0.9081885389194647,0.8916114695577015,71.36132029234432,8.701748030845821e-17,0.2995012309940648,0.2995012309940648,2.68794883092694,0.496646894009575,9.877604150478215,0.0,2.3858373785304874,2.1304279661725976e-16,0.3050833197894065,0.3050833197894065,0.7969274140005956,0.9986471059509875,0.0,c_kam,72.0,8.881784197001252e-16,0.8222222222222222,0.0,edge,3005,2.0,200.0,43635.0,12289.0,6529.0,14272.264058468863,72.0,90.0,0.0,50.6115869447731,14.956300261022989,,move_split,
80.0,80.0,0.0,0.0,c_kam_move_only,0.9996556922320854,move_only,4.17723875590091,1.708039809644824,,A1,8.0,64.0,4.156617996883669,8.0,1.1160143834796672,176.22503596693713,4.4131365228849973e-16,0.4699910937338349,0.8938578967518792,0.8746933503320795,63.07952892471803,-1.637578961322106e-16,0.23391465966142408,0.23391465966142408,2.153631448343208,0.5082843771863473,6.538378900218842,0.0,1.4714439549973353,1.3877787807814457e-16,0.23635539306733633,0.23635539306733633,0.8013608235645566,0.9996556922320854,0.0,c_kam,80.0,5.107025913275682e-16,0.8888888888888888,0.0,edge,3006,0.0,200.0,40306.0,12240.0,6480.0,12615.905784943607,80.0,90.0,0.0,51.580422972838214,13.256029530020896,,move_only,
35.0,35.0,0.0,0.0,c_kam_move_merge,0.9999024784705444,move_merge,3.09285736107476,1.1574383441189577,,A1,8.0,64.0,1.1773180340168747,2.0,1.0816413181066784,175.0059535975421,1.2688263138573217e-16,0.3561310472770891,0.49484772968396074,0.4036396808768981,10.483050835027825,3.8064789415719653e-17,0.1104931730142276,0.1104931730142276,1.7003187886833642,0.8187932843250951,4.961643732500055,0.0,1.0492416718943418,8.247371040072592e-17,0.1078941472945189,0.1078941472945189,0.8591739774447724,0.9999024784705444,6.0,c_kam,29.0,2.220446049250313e-16,0.3888888888888889,0.0,edge,3006,0.0,200.0,7161.0,7499.0,5955.0,2096.610167005565,29.0,90.0,0.0,21.139420163187545,2.707834825036116,,move_merge,
78.0,78.0,0.0,0.0,c_kam_move_split,0.9995930858914386,move_split,4.163118654463763,1.6935328921758706,,A1,8.0,64.0,4.912426219935266,9.0,1.1714079282323053,176.22503596693713,4.526293869625638e-16,0.4685084830829344,0.900156507825173,0.8821292106269403,72.18813937448431,-1.6226336513752287e-16,0.23645249317774092,0.23645249317774092,2.1492295201027716,0.49729443930193157,6.533673496259472,0.0,1.471393253724314,1.4518301091252047e-16,0.23399139987477255,0.23399139987477255,0.8028840498987965,0.9995930858914386,0.0,c_kam,77.0,6.439293542825794e-16,0.8666666666666667,0.0,edge,3006,1.0,200.0,43120.0,12279.0,6519.0,14437.627874896862,77.0,90.0,0.0,50.632188716495214,15.105316507047974,,move_split,
78.0,78.0,0.0,0.0,c_kam_move_only,0.9999792770175969,move_only,10.450089572002037,2.700632550874487,,A1,8.0,64.0,0.28503527275473206,8.0,1.1002414271159315,336.1908356110339,2.4538775569920126e-15,1.1392481513105264,0.8918516971458925,0.8723249202416787,65.66468474629801,-2.2773805633336544e-17,0.3471205431567246,0.3471205431567246,4.139299749923284,0.5085565813568859,32.55248341628649,0.0,8.701652966027936,1.215551875679338e-15,0.34889987833104447,0.34889987833104447,0.6928999859350392,0.9999792770175969,0.0,c_kam,78.0,1.8207657603852037e-15,0.8666666666666667,0.0,edge,3007,0.0,200.0,40320.0,12240.0,6480.0,13132.936949259602,78.0,90.0,0.0,52.00581368410298,13.79652457300108,,move_only,
36.0,36.0,0.0,0.0,c_kam_move_merge,1.0000000000000004,move_merge,6.844031362258185,1.869922879571523,,A1,8.0,64.0,0.0,2.0,1.033340108373422,305.0588182065013,4.3175339846533866e-17,0.7606120392874222,0.4616344497234994,0.3644295587013534,10.694146778841969,-6.1679056923619804e-18,0.14893851016363358,0.14893851016363358,2.5144013655114996,0.8156695368960486,14.815703563042453,0.0,3.7955817719434406,1.850371707708594e-17,0.1546243023232094,0.1546243023232094,0.7801245014218503,1.0000000000000004,6.0,c_kam,30.0,2.220446049250313e-16,0.4,0.0,edge,3007,0.0,200.0,7187.0,6059.0,5955.0,2138.8293557683937,30.0,90.0,0.0,21.569274300234337,2.786544998991303,,move_merge,
79.0,79.0,0.0,0.0,c_kam_move_split,0.9998885632203102,move_split,10.4983069645342,2.747579020690068,,A1,8.0,64.0,1.532762624401613,9.0,1.1275559851823356,336.1908356110339,2.394708903748439e-15,1.1443109775264035,0.8955718082423906,0.876716718063933,70.06780460826121,-1.686414720949605e-17,0.3537219786776005,0.3537219786776005,4.1589563422871425,0.49668515988395256,32.55583929626953,0.0,8.703345587986613,1.1889223782694715e-15,0.357752716671402,0.357752716671402,0.6879706066044031,0.9998885632203102,0.0,c_kam,78.0,1.5099033134901776e-15,0.8777777777777778,0.0,edge,3007,1.0,200.0,43206.0,12280.0,6520.0,14013.560921652243,78.0,90.0,0.0,52.086887292870266,14.654301058966666,,move_split,
78.0,78.0,0.0,0.0,c_kam_move_only,0.9991141952276561,move_only,3.4168064802008695,1.6255718195916262,,A1,8.0,64.0,11.261728702320582,8.0,1.3372102144883087,156.1831921032752,3.102931017542104e-16,0.38101203695940256,0.9146767164555851,0.899271123593399,64.94428578298539,1.9073062217919355e-16,0.31164144141065164,0.31164144141065164,2.5235509653486643,0.5064934714217193,8.023991057149827,0.0,1.8613923372777217,2.50511861966702e-16,0.31249929076157135,0.31249929076157135,0.8135341635495389,0.9991141952276561,0.0,c_kam,78.0,2.220446049250313e-16,0.8666666666666667,0.0,edge,3008,0.0,200.0,40320.0,12240.0,6480.0,12988.857156597078,78.0,90.0,0.0,55.06815011687191,13.678788407996763,,move_only,
36.0,36.0,0.0,0.0,c_kam_move_merge,0.9993634161159962,move_merge,2.863485853415458,1.1135401659384931,,A1,8.0,64.0,8.093244947134016,2.0,1.131137671832204,162.54445649646843,9.251858538542972e-17,0.32291337114693447,0.38226088266823455,0.27072465314999905,10.87406611564802,5.551115123125783e-17,0.14926784201668086,0.14926784201668086,1.8826085730813353,0.8688191417325831,6.46334763735538,0.0,1.4628009502452732,7.401486830834377e-17,0.16712706668822427,0.16712706668822427,0.8672974871831179,0.9993634161159962,6.0,c_kam,30.0,2.220446049250313e-16,0.4,0.0,edge,3008,0.0,200.0,7187.0,6678.0,5955.0,2174.813223129604,30.0,90.0,0.0,22.224654096648603,2.8373247430427,,move_merge,
79.0,79.0,0.0,0.0,c_kam_move_split,0.9992768528873641,move_split,3.5958431302805436,1.7649479706661528,,A1,8.0,64.0,9.193771414011144,10.0,1.2588010090669153,156.1831921032752,3.0355464977092887e-16,0.3998108852177683,0.922435945716974,0.9084313248047609,76.57417191076092,1.7426285449812583e-16,0.3335344080929417,0.3335344080929417,2.608779758583327,0.48515827732702105,8.096401164487318,0.0,1.8800446345637516,2.3890875213452735e-16,0.33265195403374986,0.33265195403374986,0.7988996676867137,0.9992768528873641,0.0,c_kam,77.0,2.220446049250313e-16,0.8777777777777778,0.0,edge,3008,2.0,200.0,46189.0,12328.0,6568.0,15314.834382152185,77.0,90.0,0.0,54.69146666044699,16.01495281397365,,move_split,
77.0,77.0,0.0,0.0,c_kam_move_only,0.9998111266027444,move_only,1.445595680720174,1.056266997527297,,A1,8.0,64.0,2.394980254372928,8.0,1.1605413759158625,75.05992908426164,1.7302177007145298e-16,0.16139058101894338,0.9235513256383964,0.9097480927675511,63.16754647385096,-8.074349270001139e-17,0.24666069104661717,0.24666069104661717,1.7576076037239377,0.5067924053259432,2.622955266970544,0.0,0.3702415616348484,4.6139138685720794e-17,0.2469482688599235,0.2469482688599235,0.880486470246395,0.9998111266027444,0.0,c_kam,77.0,2.220446049250313e-16,0.8555555555555555,0.0,edge,3009,0.0,200.0,40320.0,12240.0,6480.0,12633.509294770192,77.0,90.0,0.0,56.17613305901271,13.269514214014634,,move_only,
37.0,37.0,0.0,0.0,c_kam_move_merge,0.9999999999999997,move_merge,0.8000655225959493,0.4716847700103318,,A1,8.0,64.0,0.0,2.0,1.0938400039577514,75.05992908426164,6.601326092365796e-17,0.09360991441589972,0.4226434934008643,0.31839856859824267,11.08925892651314,-6.00120553851436e-18,0.11440583568195319,0.11440583568195319,1.337559889516925,0.8489802981060908,2.2232477514757925,0.0,0.28751300175073735,3.00060276925718e-17,0.12159440454998188,0.12159440454998188,0.9418676041356763,0.9999999999999997,6.0,c_kam,31.0,2.220446049250313e-16,0.4111111111111111,0.0,edge,3009,0.0,200.0,7455.0,6945.0,5959.0,2217.851785302628,31.0,90.0,0.0,23.247714128846066,2.8369169890065677,,move_merge,
82.0,82.0,0.0,0.0,c_kam_move_split,0.9998076079204199,move_split,1.4234080883955411,1.0373778257531574,,A1,8.0,64.0,2.4395983679312963,9.0,1.147033289482335,75.05992908426164,1.8684241146130683e-16,0.1590608838248569,0.9284583495556603,0.9155411071143211,70.5371567918337,-7.311224796312007e-17,0.25395647865380955,0.25395647865380955,1.7643946902338825,0.4969013275831779,2.6222334336852846,0.0,0.3696068633498231,5.686508174909338e-17,0.24838227790236808,0.24838227790236808,0.8824698332826796,0.9998076079204199,0.0,c_kam,81.0,2.220446049250313e-16,0.9111111111111111,0.0,edge,3009,1.0,200.0,43361.0,12283.0,6523.0,14107.431358366739,81.0,90.0,0.0,61.741570576100735,14.753436586994212,,move_split,
72.0,72.0,0.0,0.0,c_kam_move_only,0.9997800524336696,move_only,10.890514047886873,2.7988966408819915,,A1,8.0,64.0,3.1040769845542275,8.0,1.1174284844073985,375.0530887393619,2.6367796834847468e-15,1.194357419485121,0.9001904910471886,0.8821693297084866,71.55868595495122,9.77613052239374e-16,0.3706520227539005,0.3706520227539005,4.328250553367678,0.5135517629607631,39.24296685758703,0.0,10.559874017080986,1.8071963678620605e-15,0.3713251085152989,0.3713251085152989,0.6800050606398195,0.9997800524336696,0.0,c_kam,72.0,2.0605739337042946e-14,0.8,0.0,edge,3010,0.0,200.0,40194.0,12240.0,6480.0,14311.737190990243,72.0,90.0,0.0,52.260330017331654,15.044899833970703,,move_only,
34.0,34.0,0.0,0.0,c_kam_move_merge,0.9998962307044048,move_merge,6.73100644916192,1.7923521920797747,,A1,8.0,64.0,1.464475772729085,2.0,1.1581040177574076,322.1576127720656,8.816476960258596e-16,0.7576091216190008,0.5472909427921525,0.46555180746295777,11.47359994967701,8.032790119346721e-16,0.14952689108260497,0.14952689108260497,2.4597642931725985,0.801486099436772,16.364896006194286,0.0,4.217514638802296,8.424633539802658e-16,0.15145462136778837,0.15145462136778837,0.7856922277640525,0.9998962307044048,6.0,c_kam,28.0,7.771561172376048e-17,0.37777777777777777,0.0,edge,3010,0.0,200.0,7143.0,6104.0,5955.0,2294.719989935402,28.0,90.0,0.0,19.721587724545014,2.941359137999825,,move_merge,
79.0,79.0,0.0,0.0,c_kam_move_split,0.9996479059333863,move_split,10.929660394894059,2.8378258342262392,,A1,8.0,64.0,4.969034696807957,11.0,1.1501531012120298,375.0530887393619,2.4171944333611e-15,1.1984677859208754,0.9094813551350411,0.8931377109233125,79.6542193289497,9.050425669096214e-16,0.3781411749304732,0.3781411749304732,4.353220307064938,0.49627933386610096,39.24438495576763,0.0,10.5611553146015,1.6611185001353608e-15,0.3820908716480754,0.3820908716480754,0.6759174953386736,0.9996479059333863,0.0,c_kam,76.0,1.5631940186722123e-14,0.8777777777777778,0.0,edge,3010,3.0,200.0,45047.0,12313.0,6553.0,15930.843865789939,76.0,90.0,0.0,56.21860874901762,16.626980720961,,move_split,
79.0,79.0,0.0,0.0,c_kam_move_only,0.9998472519662319,move_only,4.019998849733968,1.7493244363360492,,A1,8.0,64.0,1.9593814513041676,8.0,1.1906177158104234,161.77868677041357,8.235325220637237e-16,0.4547752342818549,0.8964502517071822,0.8777537693765345,64.8124814091716,7.111048740004168e-16,0.32892787134428775,0.32892787134428775,3.0149922994764546,0.5148400012975547,10.690622133813779,0.0,2.6016350772850485,7.673186980320703e-16,0.339204528829098,0.339204528829098,0.79597325609946,0.9998472519662319,0.0,c_kam,79.0,5.773159728050738e-16,0.8777777777777778,0.0,edge,3011,0.0,200.0,40320.0,12240.0,6480.0,12962.49628183432,79.0,90.0,0.0,58.88748509050783,13.638151533028577,,move_only,
35.0,35.0,0.0,0.0,c_kam_move_merge,1.0000000000000002,move_merge,2.5851254976736344,1.0428649559249425,,A1,8.0,64.0,0.0,2.0,1.103683619244496,161.77868677041357,1.1419436824715895e-16,0.3041135323155199,0.395371592262115,0.2862025741983303,11.570892222516704,1.0150610510858574e-16,0.1423899794130726,0.1423899794130726,1.9192238057212472,0.8622773780055962,5.696196490057769,0.0,1.2502301564384104,1.0785023667787235e-16,0.15430647059287889,0.15430647059287889,0.8701515015426261,1.0000000000000002,6.0,c_kam,29.0,6.661338147750876e-17,0.3888888888888889,0.0,edge,3011,0.0,200.0,7589.0,6870.0,5961.0,2314.178444503341,29.0,90.0,0.0,21.29417700762204,2.9583270649891347,,move_merge,
74.0,74.0,0.0,0.0,c_kam_move_split,0.9998648077171777,move_split,4.060955649067607,1.7864574241123112,,A1,8.0,64.0,1.734184360922613,9.0,1.1383979071098371,161.77868677041357,8.701748030845821e-16,0.4590756982118871,0.8958275439396816,0.8770186282621242,69.27909250371158,7.621531033913237e-16,0.33568414148013426,0.33568414148013426,3.0394058164574886,0.5053722305289771,10.696177452684879,0.0,2.6041339697872417,8.16163953237953e-16,0.3450872314883069,0.3450872314883069,0.7920742923829525,0.9998648077171777,0.0,c_kam,73.0,9.103828801926208e-16,0.8222222222222222,0.0,edge,3011,1.0,200.0,42410.0,12268.0,6508.0,13855.818500742316,73.0,90.0,0.0,55.57662899865436,14.544910125026945,,move_split,
78.0,78.0,0.0,0.0,c_kam_move_only,0.9994682763582522,move_only,9.636466411380953,2.8341335010252338,,A1,8.0,64.0,6.9505718616987195,8.0,1.206298179098897,258.2029762033037,1.002047447866808e-15,1.0449185783647983,0.9032772528114046,0.8858134234579085,65.12270349718165,-6.26279654916755e-17,0.32521134164057147,0.32521134164057147,3.8047629426505374,0.5060401627357223,24.732985058618787,0.0,6.523859900999253,4.697097411875662e-16,0.3309627186768974,0.3309627186768974,0.6822386181271358,0.9994682763582522,0.0,c_kam,78.0,7.216449660063234e-16,0.8666666666666667,0.0,edge,3012,0.0,200.0,40320.0,12240.0,6480.0,13024.54069943633,78.0,90.0,0.0,59.50475782161209,13.714645786036272,,move_only,
41.0,41.0,0.0,0.0,c_kam_move_merge,0.9999518775954932,move_merge,6.192683409924314,1.933147002661764,,A1,8.0,64.0,0.6290452491112518,2.0,1.1140422254385745,236.99983769763836,4.332577657073782e-17,0.6833213632118514,0.5690198636869431,0.4912040057415301,11.359565675957128,0.0,0.1459259475250761,0.1459259475250761,2.4723719290676427,0.8019429486298002,13.11579223230826,0.0,3.307602981022816,2.166288828536891e-17,0.14662045245762825,0.14662045245762825,0.7768422004553002,0.9999518775954932,6.0,c_kam,35.0,2.220446049250313e-16,0.45555555555555555,0.0,edge,3012,0.0,200.0,7187.0,6101.0,5955.0,2271.9131351914257,35.0,90.0,0.0,27.410594302370676,2.947385465959087,,move_merge,
83.0,83.0,0.0,0.0,c_kam_move_split,0.9994662800701831,move_split,9.620508146088689,2.8214538874296116,,A1,8.0,64.0,6.97666689037566,9.0,1.2557281251859458,258.2029762033037,9.44358379982362e-16,1.0432429605091107,0.9038988355775743,0.8865472364457476,72.18899416271597,-6.6880905097901e-17,0.3255541901142116,0.3255541901142116,3.806223979052738,0.5025527684841359,24.72894737876833,0.0,6.523374978769478,4.387387374422305e-16,0.33041533083448404,0.33041533083448404,0.6835699775546761,0.9994662800701831,0.0,c_kam,82.0,2.220446049250313e-16,0.9222222222222223,0.0,edge,3012,1.0,200.0,41657.0,12255.0,6495.0,14437.798832543194,82.0,90.0,0.0,61.87924905791094,15.11260889103869,,move_split,
83.0,83.0,0.0,0.0,c_kam_move_only,0.9999146440548645,move_only,8.766079327373705,2.6980929675290084,,A1,8.0,64.0,1.0229556159557927,8.0,1.1795884583594118,233.44909233243055,1.1931553469465538e-15,0.9590710148705572,0.92885548030246,0.9160099420237375,67.00851425906876,3.1032739965426064e-16,0.32675292943198914,0.32675292943198914,3.526528258211448,0.5064331678459013,20.847257298735066,0.0,5.433960481518275,7.517413733004072e-16,0.3289255344454387,0.3289255344454387,0.6943523504213492,0.9999146440548645,0.0,c_kam,83.0,3.3750779948604607e-15,0.9222222222222223,0.0,edge,3013,0.0,200.0,40320.0,12240.0,6480.0,13401.702851813752,83.0,90.0,0.0,64.87121294343942,14.078568769968115,,move_only,
38.0,38.0,0.0,0.0,c_kam_move_merge,1.0000000000000002,move_merge,7.175517525385758,2.055335237114097,,A1,8.0,64.0,0.0,2.0,1.1800495875249681,234.8561535005143,4.674623261579606e-17,0.7920620256618229,0.6095593455699811,0.5390631162978944,11.022965518059209,0.0,0.14126672979064842,0.14126672979064842,2.435244987991268,0.7986866277503344,13.267333465644619,0.0,3.3453385599257963,2.337311630789803e-17,0.14234825613502597,0.14234825613502597,0.7618419121149149,1.0000000000000002,6.0,c_kam,32.0,2.220446049250313e-16,0.4222222222222222,0.0,edge,3013,0.0,200.0,7187.0,8277.0,5955.0,2204.593103611842,32.0,90.0,0.0,22.452164399402903,2.8475148089928553,,move_merge,
84.0,84.0,0.0,0.0,c_kam_move_split,0.9996420481622263,move_split,8.770392853823688,2.7024375347703886,,A1,8.0,64.0,4.289904377607956,9.0,1.2962051225461664,233.44909233243055,1.1736643403180226e-15,0.9595239351478054,0.9291581881276525,0.9163673054284786,69.01878158940235,3.119198021565916e-16,0.32751532786446974,0.32751532786446974,3.5337627457909666,0.5047982998764245,20.847490618967004,0.0,5.43418569817246,7.427920712373071e-16,0.33002968592499987,0.33002968592499987,0.6938961708610043,0.9996420481622263,0.0,c_kam,83.0,3.2862601528904533e-15,0.9333333333333333,0.0,edge,3013,1.0,200.0,41215.0,12248.0,6488.0,13803.75631788047,83.0,90.0,0.0,65.25498949800323,14.489817733992822,,move_split,
79.0,79.0,0.0,0.0,c_kam_move_only,0.9995429730270887,move_only,5.298998640186417,2.085745411582305,,A1,8.0,64.0,4.953947662755905,8.0,1.170313376071327,150.87913746849864,4.525212834548107e-16,0.5826742738671454,0.9205207641636766,0.9061703465821183,65.85352005437016,-8.713142724906291e-17,0.28048148803238493,0.28048148803238493,2.394240121061713,0.5070510813089126,9.146137630351399,0.0,2.1820573586316887,1.8269492810287387e-16,0.28473654544939137,0.28473654544939137,0.7638133110932143,0.9995429730270887,0.0,c_kam,79.0,8.881784197001252e-16,0.8777777777777778,0.0,edge,3014,0.0,200.0,40320.0,12240.0,6480.0,13170.704010874033,79.0,90.0,0.0,55.56217948593721,13.836911694030277,,move_only,
25.0,25.0,0.0,0.0,c_kam_move_merge,0.9996959267131696,move_merge,3.301171440159656,1.2415979915146653,,A1,8.0,64.0,3.2960049141242247,2.0,1.1720572216159448,139.46722473522158,1.0658141036401502e-16,0.3729024178643355,0.4987269043240971,0.40821926204928133,10.594777880760375,-3.552713678800501e-17,0.10936376148431233,0.10936376148431233,1.6272008073686743,0.83026198752744,4.974104538837868,0.0,1.049531584400598,3.552713678800501e-17,0.10975817730698982,0.10975817730698982,0.8524487902003165,0.9996959267131696,6.0,c_kam,19.0,2.220446049250313e-16,0.2777777777777778,0.0,edge,3014,0.0,200.0,7187.0,6065.0,5955.0,2118.955576152075,19.0,90.0,0.0,16.128783089202336,2.7641812870278955,,move_merge,
79.0,79.0,0.0,0.0,c_kam_move_split,0.9995429730270887,move_split,5.298998640186417,2.085745411582305,,A1,8.0,64.0,4.953947662755905,8.0,1.170313376071327,150.87913746849864,4.525212834548107e-16,0.5826742738671454,0.9205207641636766,0.9061703465821183,66.56257263413863,-8.713142724906291e-17,0.28048148803238493,0.28048148803238493,2.394240121061713,0.5070510813089126,9.146137630351399,0.0,2.1820573586316887,1.8269492810287387e-16,0.28473654544939137,0.28473654544939137,0.7638133110932143,0.9995429730270887,0.0,c_kam,79.0,8.881784197001252e-16,0.8777777777777778,0.0,edge,3014,0.0,200.0,40801.0,12240.0,6480.0,13312.514526827727,79.0,90.0,0.0,55.56217948593721,13.980603432981297,,move_split,
72.0,72.0,0.0,0.0,c_kam_move_only,0.9999970405792488,move_only,4.435867944955771,1.8005669241792215,,A1,8.0,64.0,0.03708971013868878,8.0,1.0833640205814878,176.59755286938608,3.7315829438789984e-16,0.4927154971026038,0.9056716110166473,0.8886400963390974,67.87716081831604,-5.859510407743882e-17,0.2602405795453001,0.2602405795453001,2.4250469696702184,0.5072618765773773,7.674523432938836,0.0,1.7797144711625978,1.5728159515523052e-16,0.2634784460507013,0.2634784460507013,0.792776517410756,0.9999970405792488,0.0,c_kam,72.0,6.439293542825921e-16,0.8,0.0,edge,3015,0.0,200.0,40299.0,12240.0,6480.0,13575.432163663208,72.0,90.0,0.0,52.715207953845734,14.267256009974517,,move_only,
33.0,33.0,0.0,0.0,c_kam_move_merge,1.0000000000000002,move_merge,2.922558823037003,1.1298275290626898,,A1,8.0,64.0,0.0,2.0,1.1412795292230447,165.57627297550025,5.3828995133340925e-17,0.333818039301133,0.5627851574915441,0.4838435887052952,11.596854353265371,4.0371746350005693e-17,0.11732923640583447,0.11732923640583447,1.7943970674619059,0.8029210285482958,5.0173741861422885,0.0,1.0560292886073206,4.710037074167331e-17,0.12377442466167471,0.12377442466167471,0.863204153897992,1.0000000000000002,6.0,c_kam,27.0,2.220446049250313e-16,0.36666666666666664,0.0,edge,3015,0.0,200.0,7180.0,6124.0,5955.0,2319.3708706530742,27.0,90.0,0.0,20.469175579376742,2.984074175998103,,move_merge,
72.0,72.0,0.0,0.0,c_kam_move_split,0.9999970405792488,move_split,4.435867944955771,1.8005669241792215,,A1,8.0,64.0,0.03708971013868878,8.0,1.0833640205814878,176.59755286938608,3.7315829438789984e-16,0.4927154971026038,0.9056716110166473,0.8886400963390974,71.53544060565764,-5.859510407743882e-17,0.2602405795453001,0.2602405795453001,2.4250469696702184,0.5072618765773773,7.674523432938836,0.0,1.7797144711625978,1.5728159515523052e-16,0.2634784460507013,0.2634784460507013,0.792776517410756,0.9999970405792488,0.0,c_kam,72.0,6.439293542825921e-16,0.8,0.0,edge,3015,0.0,200.0,40762.0,12240.0,6480.0,14307.088121131528,72.0,90.0,0.0,52.715207953845734,15.019370203022845,,move_split,
73.0,73.0,0.0,0.0,c_kam_move_only,0.9997190250937855,move_only,5.796641551595633,2.0104005492001242,,A1,8.0,64.0,3.2150000663617293,8.0,1.151452362664871,196.02310682828266,6.113830902730314e-16,0.6406032590853893,0.9079617187810706,0.8913436957832082,62.525203420664184,-1.247099835880313e-16,0.3416571130229734,0.3416571130229734,3.263767257308927,0.5097375810990876,17.677259263289248,0.0,4.547869473314908,2.4333655334250005e-16,0.3504858591537106,0.3504858591537106,0.7691169688213904,0.9997190250937855,0.0,c_kam,73.0,3.1086244689504194e-16,0.8111111111111111,0.0,edge,3016,0.0,200.0,40306.0,12240.0,6480.0,12505.040684132837,73.0,90.0,0.0,49.773916319596935,13.185497839003801,,move_only,
35.0,35.0,0.0,0.0,c_kam_move_merge,0.999954216339743,move_merge,4.2982297483407095,1.4112371848054386,,A1,8.0,64.0,0.5238705219154347,2.0,1.141201546297786,191.0578417829159,3.8064789415719653e-17,0.4832700197436223,0.5515869706447514,0.47062350701116484,10.472780659620184,-1.2688263138573217e-17,0.17345249175500638,0.17345249175500638,2.181920733677042,0.8090433044135982,10.453361410080745,0.0,2.5578060120577284,1.2688263138573217e-17,0.17424399132279814,0.17424399132279814,0.8320291220828324,0.999954216339743,6.0,c_kam,29.0,6.661338147750876e-17,0.3888888888888889,0.0,edge,3016,0.0,200.0,7173.0,6082.0,5955.0,2094.556131924037,29.0,90.0,0.0,21.313689739204932,2.7263840090017766,,move_merge,
73.0,73.0,0.0,0.0,c_kam_move_split,0.9997190250937855,move_split,5.796641551595633,2.0104005492001242,,A1,8.0,64.0,3.2150000663617293,8.0,1.151452362664871,196.02310682828266,6.113830902730314e-16,0.6406032590853893,0.9079617187810706,0.8913436957832082,64.05908275773982,-1.247099835880313e-16,0.3416571130229734,0.3416571130229734,3.263767257308927,0.5097375810990876,17.677259263289248,0.0,4.547869473314908,2.4333655334250005e-16,0.3504858591537106,0.3504858591537106,0.7691169688213904,0.9997190250937855,0.0,c_kam,73.0,3.1086244689504194e-16,0.8111111111111111,0.0,edge,3016,0.0,200.0,40685.0,12240.0,6480.0,12811.816551547963,73.0,90.0,0.0,49.773916319596935,13.469860259036068,,move_split,
74.0,74.0,0.0,0.0,c_kam_move_only,0.9998712442378168,move_only,4.836814821354158,2.069226564919195,,A1,8.0,64.0,1.3844203166607962,8.0,1.170628922915769,144.42577755926692,1.8303676892468797e-16,0.5366253380353516,0.8976436861824338,0.8791626850764842,62.12875731376698,-1.050210969240013e-16,0.34677283561212063,0.34677283561212063,3.036985059654658,0.5114278153943052,11.888953387908527,0.0,2.9318992618959836,3.900783600034334e-17,0.3517775865821819,0.3517775865821819,0.7646246133736183,0.9998712442378168,0.0,c_kam,74.0,2.220446049250313e-16,0.8222222222222222,0.0,edge,3017,0.0,200.0,40250.0,12240.0,6480.0,12425.751462753396,74.0,90.0,0.0,51.71707301297294,13.085421485011466,,move_only,
31.0,31.0,0.0,0.0,c_kam_move_merge,1.0000000000000002,move_merge,3.520456349493928,1.2939753601460435,,A1,8.0,64.0,0.0,2.0,1.1046912907266682,147.87850572762403,6.446456272017038e-17,0.3984076984900275,0.46101500997989303,0.363698275670707,10.13388644933002,-7.162729191130042e-18,0.15889964754782349,0.15889964754782349,2.071853724687806,0.8371753999120959,8.230031893359405,0.0,1.9487325945945235,2.865091676452017e-17,0.16002463299875852,0.16002463299875852,0.8460259898747993,1.0000000000000002,6.0,c_kam,25.0,2.220446049250313e-16,0.34444444444444444,0.0,edge,3017,0.0,200.0,7169.0,6109.0,5955.0,2026.7772898660041,25.0,90.0,0.0,19.10579725452545,2.6557038230239414,,move_merge,
78.0,78.0,0.0,0.0,c_kam_move_split,0.9999083817654583,move_split,4.859768322421925,2.0919563439711415,,A1,8.0,64.0,0.9851065546469311,9.0,1.11820069777388,144.42577755926692,1.8219044506669235e-16,0.5390354556474671,0.9029991145113478,0.8854850657425634,66.02507172356127,-1.0248212535001446e-16,0.35068429121859185,0.35068429121859185,3.053700799658133,0.5033257680302401,11.890969181246662,0.0,2.932524950071996,3.985415985833895e-17,0.3552433170196497,0.3552433170196497,0.7622379865731639,0.9999083817654583,0.0,c_kam,77.0,2.220446049250313e-16,0.8666666666666667,0.0,edge,3017,1.0,200.0,42256.0,12266.0,6506.0,13205.014344712254,77.0,90.0,0.0,54.56373069088473,13.838581771007739,,move_split,
74.0,74.0,0.0,0.0,c_kam_move_only,0.9997736109979714,move_only,9.82659740439519,2.762042409982926,,A1,8.0,64.0,2.449883738503126,8.0,1.2116433048176694,231.32762404574737,1.2722555741650443e-15,1.074198322625719,0.9047032616532925,0.8874969061184703,65.23523146344814,-3.540711267723472e-16,0.319835616829604,0.319835616829604,3.8434054384149863,0.507582408991682,25.48750892299877,0.0,6.735311115350087,4.590922236963485e-16,0.3310000087374476,0.3310000087374476,0.6872321345856439,0.9997736109979714,0.0,c_kam,74.0,4.440892098500626e-16,0.8222222222222222,0.0,edge,3018,0.0,200.0,40285.0,12240.0,6480.0,13047.046292689629,74.0,90.0,0.0,47.97133710234196,13.689826804969925,,move_only,
34.0,34.0,0.0,0.0,c_kam_move_merge,0.9999999999999997,move_merge,7.2457950906303115,1.9990882469851334,,A1,8.0,64.0,0.0,2.0,1.128653585612309,230.83259007071052,4.5715065719859385e-17,0.803214079680407,0.5604163616881174,0.481047093659583,11.264820925716776,-6.530723674265627e-18,0.13443178790468405,0.13443178790468405,2.5195859349306415,0.808358486764911,15.060014716252413,0.0,3.853286291920638,1.959217102279688e-17,0.13734369860839507,0.13734369860839507,0.7673423217004121,0.9999999999999997,6.0,c_kam,28.0,2.220446049250313e-16,0.37777777777777777,0.0,edge,3018,0.0,200.0,7174.0,6091.0,5955.0,2252.9641851433553,28.0,90.0,0.0,18.956511320111492,2.895261986006517,,move_merge,
75.0,75.0,0.0,0.0,c_kam_move_split,0.9997407610471233,move_split,9.828503443900942,2.7639000935066123,,A1,8.0,64.0,2.8053716803753384,9.0,1.2041101615068566,231.32762404574737,1.2552921665095103e-15,1.0743984567738227,0.9049341837925629,0.8877695225328867,67.7596587879816,-3.4935017841538257e-16,0.3201174807525699,0.3201174807525699,3.843579394067263,0.506957408991682,25.487510550848878,0.0,6.735341266852458,4.529709940470639e-16,0.33117113466077563,0.33117113466077563,0.6870370778156568,0.9997407610471233,0.0,c_kam,74.0,4.440892098500626e-16,0.8333333333333334,0.0,edge,3018,1.0,200.0,40867.0,12243.0,6483.0,13551.931757596321,74.0,90.0,0.0,48.47133710234196,14.205585093004629,,move_split,
81.0,81.0,0.0,0.0,c_kam_move_only,0.9998900243017489,move_only,4.384520166745901,1.8095925465667568,,A1,8.0,64.0,1.3259541068936005,8.0,1.1577168066904457,162.90287976898637,7.01770603219852e-16,0.4861476559329025,0.9226010562521743,0.9086262469643723,71.22299877926707,8.77213254024815e-17,0.3221110099863244,0.3221110099863244,2.9727417838195414,0.5072797682321566,10.880579181814818,0.0,2.6541155201874966,3.9474596431116675e-16,0.3189423357524661,0.3189423357524661,0.7926328000335399,0.9998900243017489,0.0,c_kam,81.0,8.881784197001252e-16,0.9,0.0,edge,3019,0.0,200.0,40292.0,12240.0,6480.0,14244.599755853415,81.0,90.0,0.0,57.90340307969912,14.968061405001208,,move_only,
29.0,29.0,0.0,0.0,c_kam_move_merge,1.0000000000000002,move_merge,3.4386160589238206,1.2722018908235964,,A1,8.0,64.0,0.0,2.0,1.0909373889223488,162.64234818118138,4.594026308793751e-17,0.3868277246115841,0.3981109118423657,0.28943649314723724,11.383005341049284,0.0,0.15943455186584682,0.15943455186584682,2.139237980256626,0.8472449512794146,7.7538580012285125,0.0,1.82356309811666,2.2970131543968756e-17,0.16191355695878265,0.16191355695878265,0.8490588188865716,1.0000000000000002,6.0,c_kam,23.0,2.220446049250313e-16,0.32222222222222224,0.0,edge,3019,0.0,200.0,7161.0,6959.0,5955.0,2276.6010682098567,23.0,90.0,0.0,17.703568278001057,2.934387721994426,,move_merge,
80.0,80.0,0.0,0.0,c_kam_move_split,0.9999999999999999,move_split,4.402913988521202,1.827507798423037,,A1,8.0,64.0,0.0,9.0,1.1061996535475191,162.90287976898637,7.16093850883226e-16,0.4880790072193092,0.9231242205437935,0.9092438714753118,74.92556535813492,8.881784197001253e-17,0.3265294946858967,0.3265294946858967,2.995248609328895,0.5017877252367188,10.88335246227395,0.0,2.6551040138665187,4.0245584642661925e-16,0.32179993324068257,0.32179993324068257,0.7907516985886304,0.9999999999999999,0.0,c_kam,79.0,1.0214051826551364e-15,0.8888888888888888,0.0,edge,3019,1.0,200.0,42006.0,12261.0,6501.0,14985.113071626984,79.0,90.0,0.0,57.013736812625176,15.68961295200279,,move_split,
87.0,87.0,0.0,0.0,c_kam_move_only,0.9996959759909089,move_only,6.480383278093027,2.1725994103314785,,A1,8.0,64.0,4.662664897984629,8.0,1.177235032711063,256.97691513099016,5.997756569814064e-16,0.705031455160408,0.9165060146518013,0.9014307117417099,63.855459417100064,-1.403730261020313e-16,0.33760971117704275,0.33760971117704275,3.3012587270136486,0.5102875066280415,18.233263279605072,0.0,4.7027410998770085,2.297013154396876e-16,0.3448803114636431,0.3448803114636431,0.7544737240823765,0.9996959759909089,0.0,c_kam,87.0,2.220446049250313e-16,0.9666666666666667,0.0,edge,3020,0.0,200.0,40285.0,12240.0,6480.0,12771.091883420013,87.0,90.0,0.0,59.866207178780535,13.44274928397499,,move_only,
45.0,45.0,0.0,0.0,c_kam_move_merge,1.0000000000000007,move_merge,4.7576884298490905,1.529886471053004,,A1,8.0,64.0,0.0,2.0,1.1460818503944212,250.72692441572366,3.947459643111668e-17,0.5241484960947945,0.5225638797165807,0.4363601357765188,11.076763720193412,0.0,0.17663345859643592,0.17663345859643592,2.266538130091257,0.8324349827220372,11.38115209583833,0.0,2.8143293674167995,1.973729821555834e-17,0.17926663026806658,0.17926663026806658,0.8219585827066161,1.0000000000000007,6.0,c_kam,39.0,2.220446049250313e-16,0.5,0.0,edge,3020,0.0,200.0,7180.0,7270.0,5955.0,2215.3527440386824,39.0,90.0,0.0,28.228436616700055,2.886780351982452,,move_merge,
85.0,85.0,0.0,0.0,c_kam_move_split,0.9997192909836795,move_split,6.6423960259544765,2.3187162651673012,,A1,8.0,64.0,4.305094459020937,9.0,1.1307169984031964,256.97691513099016,5.851528412142001e-16,0.7220427936858599,0.9317741085362771,0.9194555447997714,72.93659156479407,-1.4628821030355004e-16,0.35860025612207813,0.35860025612207813,3.3702807248017463,0.4946769175825252,18.28301608291189,0.0,4.712405598474245,2.1943231545532507e-16,0.36663291865824477,0.36663291865824477,0.7391314543246148,0.9997192909836795,0.0,c_kam,84.0,2.220446049250313e-16,0.9444444444444444,0.0,edge,3020,1.0,200.0,44512.0,12302.0,6542.0,14587.318312958814,84.0,90.0,0.0,62.782579719794946,15.277835328015499,,move_split,
68.0,68.0,0.0,0.0,c_kam_move_only,0.999802336684431,move_only,6.255420659751012,2.0828230232132845,,A1,8.0,64.0,2.1490860294924143,8.0,1.1096010558769427,190.65213580798903,7.673600317262112e-16,0.6852211364896401,0.9137250590076735,0.8981476391062813,61.07485900633037,1.7959490104230474e-16,0.28780536572161625,0.28780536572161625,2.7939371742709813,0.5064669080716608,14.434047766908355,0.0,3.6576508536951513,4.734774663842579e-16,0.2916956168438991,0.2916956168438991,0.7628055388933123,0.999802336684431,0.0,c_kam,68.0,1.3100631690576828e-15,0.7555555555555555,0.0,edge,3021,0.0,200.0,40264.0,12240.0,6480.0,12214.971801266074,68.0,90.0,0.0,47.74822154522429,12.844431985053234,,move_only,
28.0,28.0,0.0,0.0,c_kam_move_merge,0.9998511659251638,move_merge,3.927036451286927,1.3040555173936683,,A1,8.0,64.0,1.6181921770507381,2.0,1.15802758070451,175.44946167823207,1.5860328923216522e-16,0.44074079460091103,0.496967654536899,0.40614236993939457,10.282161480863579,-1.427429603089487e-16,0.11680935315778639,0.11680935315778639,1.841809015561319,0.8270519057495656,7.194290628357802,0.0,1.6683279896879037,7.93016446160826e-18,0.12384533273763183,0.12384533273763183,0.8445761270043719,0.9998511659251638,6.0,c_kam,22.0,0.0,0.3111111111111111,0.0,edge,3021,0.0,200.0,7147.0,7409.0,5955.0,2056.4322961727157,22.0,90.0,0.0,15.938290537836822,2.6756290339981206,,move_merge,
77.0,77.0,0.0,0.0,c_kam_move_split,0.9995954321031699,move_split,6.335191873945602,2.1587071864921774,,A1,8.0,64.0,4.398647328955816,9.0,1.211667577605829,190.65213580798903,6.661338147750939e-16,0.6935971139800721,0.9194990942377547,0.9049642084751269,67.88226662698435,1.8167285857502563e-16,0.298637247451544,0.298637247451544,2.839947725253792,0.494981912479238,14.449806016295922,0.0,3.6608953739423096,4.239033366750598e-16,0.3062124337739583,0.3062124337739583,0.7548377017490284,0.9995954321031699,0.0,c_kam,76.0,7.10542735760104e-16,0.8555555555555555,0.0,edge,3021,1.0,200.0,43677.0,12288.0,6528.0,13576.45332539687,76.0,90.0,0.0,53.253951509620514,14.213980550004635,,move_split,
73.0,73.0,0.0,0.0,c_kam_move_only,0.9997667378458862,move_only,5.297958321378936,2.0468998211559617,,A1,8.0,64.0,2.5995290633573096,8.0,1.116889573889921,160.76009124108128,3.224209331788126e-16,0.5862328541359437,0.9076851592493163,0.8910172018915539,69.1702025005361,4.258389683493751e-17,0.2917587010282108,0.2917587010282108,2.8036540605716636,0.5063681601220672,10.208738176257183,0.0,2.4780150986374436,1.8250241500687504e-16,0.29522624435060607,0.29522624435060607,0.7658303566267706,0.9997667378458862,0.0,c_kam,73.0,4.440892098500626e-16,0.8111111111111111,0.0,edge,3022,0.0,200.0,40292.0,12240.0,6480.0,13834.040500107221,73.0,90.0,0.0,51.29195920200714,14.523487964004744,,move_only,
30.0,30.0,0.0,0.0,c_kam_move_merge,0.9999524820768515,move_merge,3.3269170242291684,1.2243582090419873,,A1,8.0,64.0,0.5295510655096676,2.0,1.0603408158948233,157.0176892956411,1.3322676295501878e-16,0.37927351793521796,0.3799780139925911,0.26802959985236446,10.978751333313994,-8.881784197001253e-17,0.11895945154463489,0.11895945154463489,1.8754849194223169,0.856444298309458,5.777249750944158,0.0,1.283632791983891,2.2204460492503132e-17,0.13248648306118074,0.13248648306118074,0.8521972258987379,0.9999524820768515,6.0,c_kam,24.0,2.220446049250313e-16,0.3333333333333333,0.0,edge,3022,0.0,200.0,7161.0,6794.0,5955.0,2195.750266662799,24.0,90.0,0.0,16.793188961884297,2.8183853430091403,,move_merge,
73.0,73.0,0.0,0.0,c_kam_move_split,0.9997667378458862,move_split,5.297958321378936,2.0468998211559617,,A1,8.0,64.0,2.5995290633573096,8.0,1.116889573889921,160.76009124108128,3.224209331788126e-16,0.5862328541359437,0.9076851592493163,0.8910172018915539,68.6681838016375,4.258389683493751e-17,0.2917587010282108,0.2917587010282108,2.8036540605716636,0.5063681601220672,10.208738176257183,0.0,2.4780150986374436,1.8250241500687504e-16,0.29522624435060607,0.29522624435060607,0.7658303566267706,0.9997667378458862,0.0,c_kam,73.0,4.440892098500626e-16,0.8111111111111111,0.0,edge,3022,0.0,200.0,40763.0,12240.0,6480.0,13733.6367603275,73.0,90.0,0.0,51.29195920200714,14.397990393976215,,move_split,
76.0,76.0,0.0,0.0,c_kam_move_only,0.9993320938659012,move_only,7.36844790797107,2.302352583952069,,A1,8.0,64.0,7.223578080285817,8.0,1.1777011802342996,218.24647024575708,1.4228384552432927e-15,0.8118096265514975,0.8981945257540843,0.879812981793016,64.27962898043916,8.96943338315587e-16,0.3562259141389516,0.3562259141389516,3.83541122527428,0.506424632988121,22.949108196254528,0.0,6.017540588920234,1.1598908967794399e-15,0.3532689607122608,0.3532689607122608,0.735874378143771,0.9993320938659012,0.0,c_kam,76.0,4.440892098500626e-16,0.8444444444444444,0.0,edge,3023,0.0,200.0,40320.0,12240.0,6480.0,12855.925796087831,76.0,90.0,0.0,55.2015208947556,13.506975424010307,,move_only,
32.0,32.0,0.0,0.0,c_kam_move_merge,0.9995343173351106,move_merge,5.75511058363091,1.702898780209598,,A1,8.0,64.0,5.036478808509732,2.0,1.1285403810269226,219.1619094001543,4.163336342344337e-17,0.6424092074957806,0.5014796048000634,0.4114689778889637,10.618167147913482,0.0,0.178342330162773,0.178342330162773,2.6511651500366664,0.8158919137340296,14.749592518548914,0.0,3.7621635763575574,2.0816681711721685e-17,0.16958974711282856,0.16958974711282856,0.7988170275367303,0.9995343173351106,6.0,c_kam,26.0,2.220446049250313e-16,0.35555555555555557,0.0,edge,3023,0.0,200.0,7187.0,7616.0,5955.0,2123.6334295826964,26.0,90.0,0.0,18.380354954825275,2.7456393399625085,,move_merge,
78.0,78.0,0.0,0.0,c_kam_move_split,0.9992404532000456,move_split,7.370210847961225,2.3039346924242246,,A1,8.0,64.0,8.214695651060866,9.0,1.274168524521113,218.24647024575708,1.3977423207460304e-15,0.8119947352504637,0.8990147888488492,0.8807813479465579,69.00768733030418,8.796382425876241e-16,0.3568474494253491,0.3568474494253491,3.8445606880481744,0.5009701961087561,22.94596829562978,0.0,6.017815652417766,1.1386902816668273e-15,0.3539067018962432,0.3539067018962432,0.7357082567541946,0.9992404532000456,0.0,c_kam,77.0,4.440892098500626e-16,0.8666666666666667,0.0,edge,3023,1.0,200.0,41849.0,12259.0,6499.0,13801.537466060836,77.0,90.0,0.0,55.04835153303389,14.477345207007602,,move_split,
71.0,71.0,0.0,0.0,c_kam_move_only,0.9999823657050914,move_only,4.5986185229960705,1.8294620361211493,,A1,8.0,64.0,0.20949196607065024,8.0,1.082153269118645,175.22637731693607,9.131975301142132e-16,0.5062416670596023,0.9079127415957263,0.8912858754949547,68.09309471631423,-5.379108739028927e-16,0.29973681518592155,0.29973681518592155,2.8102829240710463,0.5124628133425388,11.104054838190189,0.0,2.7241836368409746,1.8764332810566026e-16,0.30021272988005093,0.30021272988005093,0.7914152094900738,0.9999823657050914,0.0,c_kam,71.0,2.220446049250313e-16,0.7888888888888889,0.0,edge,3024,0.0,200.0,40278.0,12240.0,6480.0,13618.618943262845,71.0,90.0,0.0,48.980196167061955,14.286022764979862,,move_only,
39.0,39.0,0.0,0.0,c_kam_move_merge,1.0000000000000004,move_merge,4.009251247862894,1.3913604252479383,,A1,8.0,64.0,0.0,2.0,1.0811997819719015,174.8298600460792,1.0817557675834858e-16,0.44435810317061863,0.44430666561275395,0.34397314690394565,11.209829313447699,9.678867394168032e-17,0.15638391459273074,0.15638391459273074,2.1581577210820977,0.8453290892759665,8.55034304324386,0.0,2.0393935606058142,1.0248212535001446e-16,0.15645205007436633,0.15645205007436633,0.8374158786317609,1.0000000000000004,6.0,c_kam,33.0,2.220446049250313e-16,0.43333333333333335,0.0,edge,3024,0.0,200.0,7143.0,7019.0,5955.0,2241.96586268954,33.0,90.0,0.0,21.3371489694802,2.879313780053053,,move_merge,
77.0,77.0,0.0,0.0,c_kam_move_split,0.9997870829854116,move_split,4.6795688795335435,1.9070689565715437,,A1,8.0,64.0,2.529412388022795,9.0,1.183584751006002,175.22637731693607,8.44922977182262e-16,0.5147414544960367,0.9081400727788985,0.8915542525861996,79.59902004455216,-4.873446523679258e-16,0.31772167098739745,0.31772167098739745,2.860712745760454,0.49208543562895257,11.117066016458294,0.0,2.7281680226079237,1.7878916240716808e-16,0.3162090728364994,0.3162090728364994,0.7832664828427823,0.9997870829854116,0.0,c_kam,76.0,4.440892098500626e-16,0.8555555555555555,0.0,edge,3024,1.0,200.0,44456.0,12301.0,6541.0,15919.804008910432,76.0,90.0,0.0,51.98770639158584,16.620137038000394,,move_split,
79.0,79.0,0.0,0.0,c_kam_move_only,0.9999746433688084,move_only,6.827015278216118,2.2017273139211793,,A1,8.0,64.0,0.31787696170590696,8.0,1.06009859812885,215.4694482366222,1.4390738952103295e-15,0.7507918363000923,0.896972222851481,0.8783699853107763,67.07929793075891,-9.50013626134944e-16,0.33227424814723117,0.33227424814723117,3.691236860440363,0.5073987626465933,20.638053225757194,0.0,5.379494217668099,2.4453013453769273e-16,0.33885164580806276,0.33885164580806276,0.7485517793335275,0.9999746433688084,0.0,c_kam,79.0,2.442490654175332e-16,0.8777777777777778,0.0,edge,3025,0.0,200.0,40320.0,12240.0,6480.0,13415.859586151782,79.0,90.0,0.0,51.35754889947966,14.104981255019084,,move_only,
35.0,35.0,0.0,0.0,c_kam_move_merge,0.9999999999999996,move_merge,6.831471136357704,1.9720840936821655,,A1,8.0,64.0,0.0,2.0,1.087933287845275,237.32905558606217,3.172065784643304e-17,0.7512597014049588,0.47840762984554486,0.3842312296787682,11.014405543974135,-6.3441315692866086e-18,0.17251147050369334,0.17251147050369334,2.7475025536185087,0.828212916688475,16.05384774905801,0.0,4.128474354601448,1.2688263138573217e-17,0.17584798753190609,0.17584798753190609,0.772664317458624,0.9999999999999996,6.0,c_kam,29.0,6.661338147750876e-17,0.3888888888888889,0.0,edge,3025,0.0,200.0,7187.0,7326.0,5955.0,2202.881108794827,29.0,90.0,0.0,20.167840111864173,2.861371021019295,,move_merge,
80.0,80.0,0.0,0.0,c_kam_move_split,0.9999222360512462,move_split,6.824922737486219,2.1995263184666265,,A1,8.0,64.0,0.9748679772907538,9.0,1.1111961812830666,215.4694482366222,1.429412144204889e-15,0.7505721195234529,0.897370207095871,0.8788398278215144,69.4965482360567,-9.298117831235686e-16,0.3326069767484452,0.3326069767484452,3.690211134898504,0.5054051934113271,20.63671963478007,0.0,5.379484784799821,2.498001805406602e-16,0.33801211283639404,0.33801211283639404,0.7487828838562556,0.9999222360512462,0.0,c_kam,79.0,4.440892098500626e-16,0.8888888888888888,0.0,edge,3025,1.0,200.0,41025.0,12246.0,6486.0,13899.30964721134,79.0,90.0,0.0,51.72265371549211,14.589384278981015,,move_split,
72.0,72.0,0.0,0.0,c_kam_move_only,0.999428800342272,move_only,3.4043228162969474,1.5942735236123697,,A1,8.0,64.0,7.015431659045703,8.0,1.2294026729762315,149.46248462014105,2.1896065207885033e-16,0.3760007575679935,0.903751525176145,0.8863733283329489,64.75961678399472,-9.25185853854297e-18,0.24203460567385218,0.24203460567385218,2.1679675763709714,0.5162563676337691,5.7168510254489044,0.0,1.2362477079929306,1.0485439677015367e-16,0.2561424174204873,0.2561424174204873,0.818401240702346,0.999428800342272,0.0,c_kam,72.0,2.220446049250313e-16,0.8,0.0,edge,3026,0.0,200.0,40285.0,12240.0,6480.0,12951.923356798943,72.0,90.0,0.0,48.68054034871865,13.619309834029991,,move_only,
36.0,36.0,0.0,0.0,c_kam_move_merge,0.9997031758573331,move_merge,2.5990363506599516,1.1047479618344391,,A1,8.0,64.0,3.645572015780106,2.0,1.1028846324165953,149.46248462014105,8.635067969306773e-17,0.29144567867610904,0.3882072525281755,0.2777446731235405,10.629997579962946,6.167905692361981e-17,0.12057711033875151,0.12057711033875151,1.6504279699885098,0.8685283610268064,4.404652275337593,0.0,0.8953022303832696,7.401486830834377e-17,0.12972681897363525,0.12972681897363525,0.8698014246890284,0.9997031758573331,6.0,c_kam,30.0,2.220446049250313e-16,0.4,0.0,edge,3026,0.0,200.0,7247.0,6779.0,5956.0,2125.9995159925893,30.0,90.0,0.0,21.92707828656714,2.746138718968723,,move_merge,
72.0,72.0,0.0,0.0,c_kam_move_split,0.999428800342272,move_split,3.4043228162969474,1.5942735236123697,,A1,8.0,64.0,7.015431659045703,8.0,1.2294026729762315,149.46248462014105,2.1896065207885033e-16,0.3760007575679935,0.903751525176145,0.8863733283329489,66.1178534681676,-9.25185853854297e-18,0.24203460567385218,0.24203460567385218,2.1679675763709714,0.5162563676337691,5.7168510254489044,0.0,1.2362477079929306,1.0485439677015367e-16,0.2561424174204873,0.2561424174204873,0.818401240702346,0.999428800342272,0.0,c_kam,72.0,2.220446049250313e-16,0.8,0.0,edge,3026,0.0,200.0,40687.0,12240.0,6480.0,13223.57069363352,72.0,90.0,0.0,48.68054034871865,13.87669681198895,,move_split,
79.0,79.0,0.0,0.0,c_kam_move_only,0.9989517643003254,move_only,9.132697391695855,2.6683578944731403,,A1,8.0,64.0,10.993613284897423,8.0,1.6094797851884528,234.80371403009678,8.066683748542276e-16,0.997195237902293,0.8945744430406399,0.875539273034089,62.183562768332195,2.4453013453769273e-16,0.3358824505590539,0.3358824505590539,3.702388188726403,0.5099539439660665,22.95958986734851,0.0,6.025785294980065,5.255992546959602e-16,0.3408010260039292,0.3408010260039292,0.6973552775796942,0.9989517643003254,0.0,c_kam,79.0,4.884981308350664e-16,0.8777777777777778,0.0,edge,3027,0.0,200.0,40299.0,12240.0,6480.0,12436.712553666439,79.0,90.0,0.0,56.5382587666546,13.092051876010373,,move_only,
40.0,40.0,0.0,0.0,c_kam_move_merge,0.9999149995042548,move_merge,5.966611450453955,1.7706517119516616,,A1,8.0,64.0,0.8914622727897941,2.0,1.1607473063554696,212.98985267999998,3.8857805861880476e-17,0.6647562140718938,0.5443296626038469,0.462055851685097,10.623628051544074,-5.551115123125783e-18,0.14523138939498995,0.14523138939498995,2.465278389065543,0.8177001164146188,12.193669361581563,0.0,3.0501411078659406,1.6653345369377347e-17,0.14779820907086497,0.14779820907086497,0.7916144267444494,0.9999149995042548,6.0,c_kam,34.0,2.220446049250313e-16,0.4444444444444444,0.0,edge,3027,0.0,200.0,7180.0,6140.0,5955.0,2124.725610308815,34.0,90.0,0.0,23.466202862619102,2.764057384978514,,move_merge,
79.0,79.0,0.0,0.0,c_kam_move_split,0.9989517643003254,move_split,9.132697391695855,2.6683578944731403,,A1,8.0,64.0,10.993613284897423,8.0,1.6094797851884528,234.80371403009678,8.066683748542276e-16,0.997195237902293,0.8945744430406399,0.875539273034089,65.81551213137573,2.4453013453769273e-16,0.3358824505590539,0.3358824505590539,3.702388188726403,0.5099539439660665,22.95958986734851,0.0,6.025785294980065,5.255992546959602e-16,0.3408010260039292,0.3408010260039292,0.6973552775796942,0.9989517643003254,0.0,c_kam,79.0,4.884981308350664e-16,0.8777777777777778,0.0,edge,3027,0.0,200.0,40678.0,12240.0,6480.0,13163.102426275145,79.0,90.0,0.0,56.5382587666546,13.841925582964905,,move_split,
82.0,82.0,0.0,0.0,c_kam_move_only,0.9999001420302878,move_only,5.327000862679204,2.06564773885107,,A1,8.0,64.0,1.2077203550959807,8.0,1.137239196025484,192.1595173328538,6.336394823470405e-16,0.5979746297884642,0.9175456025414632,0.9026580030003385,64.35410732869059,2.166288828536891e-17,0.2995348410862521,0.2995348410862521,2.8632776638930433,0.5052604550190352,11.118900355790474,0.0,2.7286054427196387,3.2765118531620473e-16,0.30489822948522294,0.30489822948522294,0.7612254789248684,0.9999001420302878,0.0,c_kam,82.0,2.220446049250313e-16,0.9111111111111111,0.0,edge,3028,0.0,200.0,40320.0,12240.0,6480.0,12870.821465738118,82.0,90.0,0.0,52.436974537118196,13.52523954201024,,move_only,
37.0,37.0,0.0,0.0,c_kam_move_merge,0.9999999999999991,move_merge,3.568601703441344,1.2645096919811867,,A1,8.0,64.0,0.0,2.0,1.110906054597614,192.05953999041515,3.00060276925718e-17,0.4133427180684889,0.4185479239953979,0.3135635213834558,10.708819251158275,6.00120553851436e-18,0.12609199102396004,0.12609199102396004,1.9920018022807933,0.8545332283546603,7.112232908233869,0.0,1.6481746533889585,1.800361661554308e-17,0.13325340103106068,0.13325340103106068,0.8453449738462061,0.9999999999999991,6.0,c_kam,31.0,2.220446049250313e-16,0.4111111111111111,0.0,edge,3028,0.0,200.0,7187.0,6898.0,5955.0,2141.763850231655,31.0,90.0,0.0,22.994545991092455,2.7527426169835962,,move_merge,
85.0,85.0,0.0,0.0,c_kam_move_split,0.999807785848547,move_split,5.375551771560108,2.1061615907114652,,A1,8.0,64.0,2.324711226516732,9.0,1.1528568449750554,192.1595173328538,6.269494727295002e-16,0.6030724752209592,0.9166129113100729,0.9015569091855028,69.57209140091436,5.224578939412501e-18,0.3073934074857582,0.3073934074857582,2.8959087939795545,0.4972029245554608,11.130736202585581,0.0,2.731930112745205,3.1608702583445634e-16,0.31109815957205605,0.31109815957205605,0.7569715244795268,0.999807785848547,0.0,c_kam,84.0,2.220446049250313e-16,0.9444444444444444,0.0,edge,3028,1.0,200.0,43075.0,12277.0,6517.0,13914.418280182872,84.0,90.0,0.0,55.52211734860811,14.56700829701731,,move_split,
75.0,75.0,0.0,0.0,c_kam_move_only,0.9997404821421014,move_only,5.893142186505947,2.2608233107756153,,A1,8.0,64.0,2.5651675999622503,8.0,1.1354479070861223,146.80179849804563,6.779761937044289e-16,0.6481995124036986,0.8986043620194305,0.8802968162729389,58.99485180067131,1.7467508920769129e-16,0.338272005528311,0.338272005528311,3.584207593064118,0.5089812233625213,13.870042159394334,0.0,3.487539409807083,4.263256414560601e-16,0.34465425827877566,0.34465425827877566,0.7433661860857512,0.9997404821421014,0.0,c_kam,75.0,5.773159728050801e-16,0.8333333333333334,0.0,edge,3029,0.0,200.0,40278.0,12240.0,6480.0,11798.970360134263,75.0,90.0,0.0,53.565828420665326,12.436613561003469,,move_only,
23.0,23.0,0.0,0.0,c_kam_move_merge,0.9998729088315597,move_merge,3.61881388373318,1.3067975392614755,,A1,8.0,64.0,1.256214698140405,2.0,1.0759020893630369,146.80179849804563,2.896233977283017e-17,0.4093950406125581,0.364468395848042,0.24971963398727184,9.707147985463962,-9.654113257610057e-18,0.14532003930086193,0.14532003930086193,2.2962522050677223,0.8649760477745637,7.905558983073597,0.0,1.8707355055251509,9.654113257610057e-18,0.16827649093350325,0.16827649093350325,0.8435388920947361,0.9998729088315597,6.0,c_kam,17.0,0.0,0.25555555555555554,0.0,edge,3029,0.0,200.0,7174.0,6723.0,5955.0,1941.4295970927924,17.0,90.0,0.0,13.88384716877481,2.5650373640237376,,move_merge,
75.0,75.0,0.0,0.0,c_kam_move_split,0.9997404821421014,move_split,5.893142186505947,2.2608233107756153,,A1,8.0,64.0,2.5651675999622503,8.0,1.1354479070861223,146.80179849804563,6.779761937044289e-16,0.6481995124036986,0.8986043620194305,0.8802968162729389,61.10587501258124,1.7467508920769129e-16,0.338272005528311,0.338272005528311,3.584207593064118,0.5089812233625213,13.870042159394334,0.0,3.487539409807083,4.263256414560601e-16,0.34465425827877566,0.34465425827877566,0.7433661860857512,0.9997404821421014,0.0,c_kam,75.0,5.773159728050801e-16,0.8333333333333334,0.0,edge,3029,0.0,200.0,40709.0,12240.0,6480.0,12221.175002516247,75.0,90.0,0.0,53.565828420665326,12.87929896597052,,move_split,
73.0,73.0,0.0,0.0,c_kam_move_only,0.9998166142213147,move_only,8.15431571427005,2.443363175637077,,A1,8.0,64.0,2.5034123550652416,8.0,1.1354031076528632,287.1987097874295,1.1801822837111253e-15,0.8933743459133787,0.9028655987361555,0.8853274429524057,66.78823373687919,-6.509252801911877e-16,0.3027388843783306,0.3027388843783306,3.5389205640747967,0.5122435828052561,20.942980523400774,0.0,5.47072576547204,2.6462850175996884e-16,0.30858809929622494,0.30858809929622494,0.7214923452074884,0.9998166142213147,0.0,c_kam,73.0,3.1086244689504194e-16,0.8111111111111111,0.0,edge,3030,0.0,200.0,40208.0,12240.0,6480.0,13357.646747375838,73.0,90.0,0.0,54.124393619876436,14.025454101036303,,move_only,
39.0,39.0,0.0,0.0,c_kam_move_merge,0.9999690822048813,move_merge,5.824258788933157,1.781569532764232,,A1,8.0,64.0,0.4220610280979224,2.0,1.11615018531202,268.7102959668898,9.109522253334617e-17,0.6487183687530049,0.5338108083435814,0.4496377598500613,11.56133694195887,-5.693451408334136e-17,0.13533228133832872,0.13533228133832872,2.280950813819748,0.8129330784771495,10.969954826364617,0.0,2.714600599570376,1.708035422500241e-17,0.13568438741618516,0.13568438741618516,0.7909806777091372,0.9999690822048813,6.0,c_kam,33.0,2.2204460492503446e-17,0.43333333333333335,0.0,edge,3030,0.0,200.0,7138.0,7825.0,5955.0,2312.267388391774,33.0,90.0,0.0,23.914183020234685,2.9637037169886753,,move_merge,
77.0,77.0,0.0,0.0,c_kam_move_split,0.999787924307621,move_split,8.199892500109991,2.4877201445558614,,A1,8.0,64.0,2.895060414812929,9.0,1.1072909531375479,287.1987097874295,1.0986882399537264e-15,0.8981599084265726,0.9101937093423882,0.8939786846403195,75.431268622051,-6.199946760893731e-16,0.3130508457991487,0.3130508457991487,3.572809440449588,0.5014396515157444,20.952826445537145,0.0,5.472171303093217,2.393467819321766e-16,0.32010377974813464,0.32010377974813464,0.7168348634710161,0.999787924307621,0.0,c_kam,76.0,4.440892098500689e-17,0.8555555555555555,0.0,edge,3030,1.0,200.0,43796.0,12291.0,6531.0,15086.253724410199,76.0,90.0,0.0,57.61296550411038,15.763005698041525,,move_split,
15.0,15.0,0.0,0.0,c_kam_move_only,0.9999916542559857,move_only,0.8629084332682686,0.6860530430021617,,A1,8.0,64.0,0.02918376247598939,8.0,1.139327433590544,14.338072867343016,2.3684757858670006e-16,0.072201913359602,0.8656349938440262,0.7872554069197082,83.0944884289056,-1.1842378929335003e-16,0.22212086316542096,0.22212086316542096,1.3073023707498346,0.5370597728327055,1.569249895886547,0.0,0.08523587084006162,5.921189464667501e-17,0.19329362071302278,0.19329362071302278,0.9410368426399458,0.9999916542559857,0.0,c_kam,15.0,2.8865798640254046e-16,0.16666666666666666,0.0,enterprise,3001,0.0,200.0,37828.0,12240.0,6480.0,16618.89768578112,15.0,90.0,0.0,10.775876199391359,17.071543623984326,,move_only,
6.0,6.0,0.0,0.0,c_kam_move_merge,1.0000000000000002,move_merge,0.5614314456842019,0.407097726135284,,A1,8.0,64.0,0.0,2.0,1.1965347182261419,14.338072867343016,3.700743415417188e-17,0.05109852422871732,0.5193978679087128,0.23904662418879535,14.070309080998413,-3.700743415417188e-17,0.10932128954215367,0.10932128954215367,1.1234180219010184,0.8386838104291983,1.470699059429761,0.0,0.06624036689251034,0.0,0.12785694623041294,0.12785694623041294,0.9605637148206273,1.0000000000000002,6.0,c_kam,0.0,0.0,0.06666666666666667,0.0,enterprise,3001,0.0,200.0,7137.0,6069.0,5955.0,2814.0618161996827,0.0,90.0,0.0,3.0,3.210860902967397,,move_merge,
15.0,15.0,0.0,0.0,c_kam_move_split,0.9999916542559857,move_split,0.8629084332682686,0.6860530430021617,,A1,8.0,64.0,0.02918376247598939,8.0,1.139327433590544,14.338072867343016,2.3684757858670006e-16,0.072201913359602,0.8656349938440262,0.7872554069197082,81.92110815405613,-1.1842378929335003e-16,0.22212086316542096,0.22212086316542096,1.3073023707498346,0.5370597728327055,1.569249895886547,0.0,0.08523587084006162,5.921189464667501e-17,0.19329362071302278,0.19329362071302278,0.9410368426399458,0.9999916542559857,0.0,c_kam,15.0,2.8865798640254046e-16,0.16666666666666666,0.0,enterprise,3001,0.0,200.0,38269.0,12240.0,6480.0,16384.221630811226,15.0,90.0,0.0,10.775876199391359,16.820533456047997,,move_split,
15.0,15.0,0.0,0.0,c_kam_move_only,0.9999693094135429,move_only,1.0073738299028188,0.7232619004937673,,A1,8.0,64.0,0.10804658871125905,8.0,1.2076003074400805,17.92499506627682,7.401486830834377e-17,0.08762494605952278,0.839252028176706,0.7454823779464509,84.50733458332252,1.4802973661668754e-17,0.28062210486759265,0.28062210486759265,1.6178658593607356,0.5390034994758982,2.2731334095249145,0.0,0.269335817934711,4.4408920985006264e-17,0.24673696197265457,0.24673696197265457,0.9347351777294645,0.9999693094135429,0.0,c_kam,15.0,2.8865798640254046e-16,0.16666666666666666,0.0,enterprise,3002,0.0,200.0,39578.0,12240.0,6480.0,16901.466916664504,15.0,90.0,0.0,10.341494830426981,17.352843191009015,,move_only,
7.0,7.0,0.0,0.0,c_kam_move_merge,0.9999999999999998,move_merge,0.8096638298576054,0.5225891776206752,,A1,8.0,64.0,0.0,2.0,1.188469241946672,17.92499506627682,1.2688263138573217e-16,0.07378524605635789,0.653367396678574,0.4511650447410755,14.231146313541103,-1.2688263138573217e-16,0.14382180616347104,0.14382180616347104,1.407098977063785,0.8151303275113384,2.1836299545601756,0.0,0.23965313213602077,0.0,0.1360687187742643,0.1360687187742643,0.9487822683305811,0.9999999999999998,6.0,c_kam,1.0,0.0,0.07777777777777778,0.0,enterprise,3002,0.0,200.0,7321.0,6099.0,5957.0,2846.2292627082206,1.0,90.0,0.0,3.6657937611645446,3.251287224004045,,move_merge,
15.0,15.0,0.0,0.0,c_kam_move_split,0.9999693094135429,move_split,1.0073738299028188,0.7232619004937673,,A1,8.0,64.0,0.10804658871125905,8.0,1.2076003074400805,17.92499506627682,7.401486830834377e-17,0.08762494605952278,0.839252028176706,0.7454823779464509,82.64627945522079,1.4802973661668754e-17,0.28062210486759265,0.28062210486759265,1.6178658593607356,0.5390034994758982,2.2731334095249145,0.0,0.269335817934711,4.4408920985006264e-17,0.24673696197265457,0.24673696197265457,0.9347351777294645,0.9999693094135429,0.0,c_kam,15.0,2.8865798640254046e-16,0.16666666666666666,0.0,enterprise,3002,0.0,200.0,39938.0,12240.0,6480.0,16529.25589104416,15.0,90.0,0.0,10.341494830426981,16.966775993001647,,move_split,
23.0,23.0,0.0,0.0,c_kam_move_only,0.9984531866185351,move_only,3.5579879083393853,2.6007954695975646,,A1,8.0,64.0,5.608658310416341,8.0,19.96512425546348,32.84129020577363,2.3169871818264136e-16,0.27591308648920815,0.8716442643092074,0.7967700851562449,77.2599287025514,7.723290606088045e-17,1.0838993212861872,1.0838993212861872,10.164193894049255,0.536508471116088,8.56311100816328,0.0,1.7954698699073035,1.544658121217609e-16,1.042593032209236,1.042593032209236,0.7977140954847173,0.9984531866185351,0.0,c_kam,23.0,0.0,0.25555555555555554,0.0,enterprise,3003,0.0,200.0,39690.0,12240.0,6480.0,15451.985740510281,23.0,90.0,0.0,17.55580070258601,15.88400395802455,,move_only,
9.0,9.0,0.0,0.0,c_kam_move_merge,0.9999824624568827,move_merge,1.8079097717444206,0.8856077849028917,,A1,8.0,64.0,0.06359014482680672,2.0,1.3465222745049656,34.40562916175726,7.401486830834377e-17,0.15340761692756066,0.6345304882218079,0.4213399396845292,13.064546435780358,-2.4671622769447922e-17,0.19876574533558627,0.19876574533558627,1.4789228725266448,0.7989632286881748,2.6817190230082675,0.0,0.3708220342368233,2.4671622769447922e-17,0.17921023987454304,0.17921023987454304,0.9177772334133445,0.9999824624568827,6.0,c_kam,3.0,1.332267629550187e-16,0.1,0.0,enterprise,3003,0.0,200.0,7165.0,6041.0,5955.0,2612.9092871560715,3.0,90.0,0.0,5.288389076727869,3.0077700309921056,,move_merge,
44.0,44.0,0.0,0.0,c_kam_move_split,0.9981517066392608,move_split,3.7557889723031983,2.74924735837255,,A1,8.0,64.0,6.701807756525215,12.0,21.053313064326417,32.84129020577363,1.261617073437678e-16,0.2897591609666751,0.9020583127252205,0.8449256618149323,118.59931660583243,-1.261617073437678e-16,0.9235257052632171,0.9235257052632171,10.405254815401893,0.47303393453200643,8.676214702153777,0.0,1.8819270756922635,0.0,1.0525628584889706,1.0525628584889706,0.7873224632704683,0.9981517066392608,0.0,c_kam,40.0,0.0,0.4888888888888889,0.0,enterprise,3003,4.0,200.0,55743.0,12497.0,6737.0,23719.863321166486,40.0,90.0,0.0,32.59029477871896,24.171429447014816,,move_split,
15.0,15.0,0.0,0.0,c_kam_move_only,0.9999633347313865,move_only,2.050927842889715,1.137623020338929,,A1,8.0,64.0,0.1306345049675634,8.0,1.1531075925719876,29.41509810666961,1.4802973661668754e-17,0.168019549557553,0.8827059799929268,0.814284468322134,85.48231891472824,1.4802973661668754e-17,0.2851477090386668,0.2851477090386668,1.8157508386375794,0.5202144922893003,3.8999707852204177,0.0,0.7200111713395282,1.4802973661668754e-17,0.2685975534152866,0.2685975534152866,0.9013109595330014,0.9999633347313865,0.0,c_kam,15.0,6.661338147750916e-17,0.16666666666666666,0.0,enterprise,3004,0.0,200.0,40320.0,12240.0,6480.0,17096.463782945648,15.0,90.0,0.0,12.7715638986609,17.546300307963975,,move_only,
10.0,10.0,0.0,0.0,c_kam_move_merge,1.0,move_merge,1.7669235630643634,0.8981537105747124,,A1,8.0,64.0,0.0,2.0,1.2167117707659916,29.615271446689643,4.884981308350689e-16,0.1481392499697784,0.5226688733421861,0.2442257161251281,14.443756270338781,3.9968028886505636e-16,0.18451438981393248,0.18451438981393248,1.481071245636001,0.8625620562568289,3.310142286119411,0.0,0.5514472311085343,4.440892098500626e-16,0.16074148350866013,0.16074148350866013,0.9180738112164967,1.0,6.0,c_kam,4.0,2.353672812205329e-15,0.1111111111111111,0.0,enterprise,3004,0.0,200.0,7254.0,6091.0,5956.0,2888.7512540677562,4.0,90.0,0.0,5.776568128776773,3.286268573021516,,move_merge,
15.0,15.0,0.0,0.0,c_kam_move_split,0.9999633347313865,move_split,2.050927842889715,1.137623020338929,,A1,8.0,64.0,0.1306345049675634,8.0,1.1531075925719876,29.41509810666961,1.4802973661668754e-17,0.168019549557553,0.8827059799929268,0.814284468322134,88.62074881559238,1.4802973661668754e-17,0.2851477090386668,0.2851477090386668,1.8157508386375794,0.5202144922893003,3.8999707852204177,0.0,0.7200111713395282,1.4802973661668754e-17,0.2685975534152866,0.2685975534152866,0.9013109595330014,0.9999633347313865,0.0,c_kam,15.0,6.661338147750916e-17,0.16666666666666666,0.0,enterprise,3004,0.0,200.0,40755.0,12240.0,6480.0,17724.149763118476,15.0,90.0,0.0,12.7715638986609,18.17221678898204,,move_split,
23.0,23.0,0.0,0.0,c_kam_move_only,0.9999841130975513,move_only,2.261870234231565,1.2791820043784359,,A1,8.0,64.0,0.057389895413277436,8.0,1.1955181806413082,33.25920852217636,5.213221159109431e-16,0.189943333218233,0.8685037557938152,0.7917976133402074,78.72661892848555,-1.9308226515220113e-16,0.2567208898466604,0.2567208898466604,1.671519698062176,0.5370770085920178,3.125264538636707,0.0,0.5088265066958055,1.6411992537937096e-16,0.25431885791456216,0.25431885791456216,0.8880946832964439,0.9999841130975513,0.0,c_kam,23.0,1.9984014443252786e-16,0.25555555555555554,0.0,enterprise,3005,0.0,200.0,39004.0,12240.0,6480.0,15745.32378569711,23.0,90.0,0.0,17.48795050203743,16.17911466996884,,move_only,
9.0,9.0,0.0,0.0,c_kam_move_merge,1.0,move_merge,1.8409030965400226,0.8885353117933356,,A1,8.0,64.0,0.0,2.0,1.2181856063941676,33.136675167947665,3.20731096002823e-16,0.16047563357982508,0.5853598009956714,0.34348635157647983,19.75165468233172,-1.2335811384723962e-16,0.16642410600523105,0.16642410600523105,1.4087848928293372,0.810642351263095,2.8815407676554936,0.0,0.440615980340367,9.868649107779169e-17,0.13375888421972146,0.13375888421972146,0.9154399517774009,1.0,6.0,c_kam,3.0,5.329070518200748e-16,0.1,0.0,enterprise,3005,0.0,200.0,10413.0,6204.0,6007.0,3950.3309364663437,3.0,90.0,0.0,5.155394665161423,4.366377790982369,,move_merge,
23.0,23.0,0.0,0.0,c_kam_move_split,0.9999841130975513,move_split,2.261870234231565,1.2791820043784359,,A1,8.0,64.0,0.057389895413277436,8.0,1.1955181806413082,33.25920852217636,5.213221159109431e-16,0.189943333218233,0.8685037557938152,0.7917976133402074,80.93234283936908,-1.9308226515220113e-16,0.2567208898466604,0.2567208898466604,1.671519698062176,0.5370770085920178,3.125264538636707,0.0,0.5088265066958055,1.6411992537937096e-16,0.25431885791456216,0.25431885791456216,0.8880946832964439,0.9999841130975513,0.0,c_kam,23.0,1.9984014443252786e-16,0.25555555555555554,0.0,enterprise,3005,0.0,200.0,39429.0,12240.0,6480.0,16186.468567873817,23.0,90.0,0.0,17.48795050203743,16.629464372992516,,move_split,
14.0,14.0,0.0,0.0,c_kam_move_only,0.9961778605678727,move_only,3.1828452036915422,2.5814150803182114,,A1,8.0,64.0,14.088978740487654,8.0,125.43041040314014,14.088978740487654,1.2688263138573217e-16,0.23246984216089167,0.8014644958526498,0.6856521184333622,77.30439203762216,0.0,1.4819199362574238,1.4819199362574238,13.484510348632966,0.5506705095941079,20.112698298715735,0.0,4.916447631883623,6.344131569286608e-17,1.3113131925740709,1.3113131925740709,0.8100362669924802,0.9961778605678727,0.0,c_kam,14.0,3.108624468950435e-16,0.15555555555555556,0.0,enterprise,3006,0.0,200.0,38962.0,12240.0,6480.0,15460.878407524433,14.0,90.0,0.0,10.868879349824878,15.907633975963108,,move_only,
8.0,8.0,0.0,0.0,c_kam_move_merge,1.0000000000000002,move_merge,0.39320803843590124,0.31370526739358323,,A1,8.0,64.0,0.0,2.0,1.1927326720299614,11.384802260771869,1.1102230246251565e-16,0.03719524059299679,0.5043823554417195,0.21527206278272237,17.737794095883146,0.0,0.13089427395406944,0.13089427395406944,1.1259649132460183,0.8250007188676739,1.462650459723076,0.0,0.06392545299076322,5.551115123125783e-17,0.12108937326913476,0.12108937326913476,0.9687759538972043,1.0000000000000002,6.0,c_kam,2.0,2.220446049250313e-16,0.08888888888888889,0.0,enterprise,3006,0.0,200.0,9524.0,6313.0,5992.0,3547.558819176629,2.0,90.0,0.0,4.448596352552617,3.9546067740302533,,move_merge,
37.0,37.0,0.0,0.0,c_kam_move_split,0.9959015162959518,move_split,3.4622110041090868,2.711940437448849,,A1,8.0,64.0,15.107625140309683,12.0,128.98172107136347,15.157578646046906,9.00180830777154e-16,0.25202544819011974,0.8219010830103504,0.7180100480997215,103.5958466361626,6.00120553851436e-17,1.2208882661251217,1.2208882661251217,13.625697674903321,0.5022138380962509,20.30678790872507,0.0,5.051336218077508,4.800964430811488e-16,1.2867912709520264,1.2867912709520264,0.8008994919933354,0.9959015162959518,0.0,c_kam,33.0,7.10542735760085e-16,0.4111111111111111,0.0,enterprise,3006,4.0,200.0,49881.0,12424.0,6664.0,20719.16932723252,33.0,90.0,0.0,28.954826949429606,21.164206351037137,,move_split,
20.0,20.0,0.0,0.0,c_kam_move_only,0.9999356373087104,move_only,2.6704288949647443,1.3282347686180238,,A1,8.0,64.0,0.2148326023800026,8.0,1.1800701094769168,34.05752422119801,8.659739592076221e-16,0.22325903549760062,0.8890856728101917,0.824385648616137,86.33555462845834,6.883382752675971e-16,0.2855770898494343,0.2855770898494343,1.8119664895229863,0.5193927578981075,4.2541370076006855,0.0,0.8175130875130526,7.771561172376096e-16,0.2501226040453481,0.2501226040453481,0.882474816193126,0.9999356373087104,0.0,c_kam,20.0,7.105427357601002e-15,0.2222222222222222,0.0,enterprise,3007,0.0,200.0,40320.0,12240.0,6480.0,17267.110925691668,20.0,90.0,0.0,14.925396329381172,17.731736148998607,,move_only,
6.0,6.0,0.0,0.0,c_kam_move_merge,1.0,move_merge,2.275678048190639,1.0122655048733469,,A1,8.0,64.0,0.0,2.0,1.2250402082277623,33.92369864151171,5.921189464667501e-16,0.1956264762234132,0.6762155301342553,0.48734125604590417,14.839987987652421,-5.921189464667501e-16,0.16749909392408846,0.16749909392408846,1.4820393508704728,0.7939741341238635,3.7497946411614556,0.0,0.6723479044729335,0.0,0.13751063370680347,0.13751063370680347,0.9045926646552531,1.0,6.0,c_kam,0.0,0.0,0.06666666666666667,0.0,enterprise,3007,0.0,200.0,7187.0,6093.0,5955.0,2967.997597530484,0.0,90.0,0.0,3.0,3.396743724006228,,move_merge,
20.0,20.0,0.0,0.0,c_kam_move_split,0.9999356373087104,move_split,2.6704288949647443,1.3282347686180238,,A1,8.0,64.0,0.2148326023800026,8.0,1.1800701094769168,34.05752422119801,8.659739592076221e-16,0.22325903549760062,0.8890856728101917,0.824385648616137,88.09277980501065,6.883382752675971e-16,0.2855770898494343,0.2855770898494343,1.8119664895229863,0.5193927578981075,4.2541370076006855,0.0,0.8175130875130526,7.771561172376096e-16,0.2501226040453481,0.2501226040453481,0.882474816193126,0.9999356373087104,0.0,c_kam,20.0,7.105427357601002e-15,0.2222222222222222,0.0,enterprise,3007,0.0,200.0,40755.0,12240.0,6480.0,17618.55596100213,20.0,90.0,0.0,14.925396329381172,18.06816159799928,,move_split,
12.0,12.0,0.0,0.0,c_kam_move_only,1.0,move_only,0.9560865064698542,0.6819141743809211,,A1,8.0,64.0,0.0,8.0,1.1869252246552007,18.201572664153215,2.9605947323337506e-16,0.08212278829736488,0.8874676807744243,0.8218238278928385,82.13359251938527,-2.220446049250313e-16,0.21979090243339514,0.21979090243339514,1.5143904176724337,0.5402778404549734,1.9344326208919285,0.0,0.1837086293415556,3.700743415417188e-17,0.20636955954979302,0.20636955954979302,0.9387883964399313,1.0,0.0,c_kam,12.0,2.220446049250313e-16,0.13333333333333333,0.0,enterprise,3008,0.0,200.0,37898.0,12240.0,6480.0,16426.718503877055,12.0,90.0,0.0,8.914205035077709,16.89862352795899,,move_only,
7.0,7.0,0.0,0.0,c_kam_move_merge,1.0,move_merge,0.7690692212150297,0.5029991954593444,,A1,8.0,64.0,0.0,2.0,1.249428721907818,18.113898218208377,3.172065784643304e-17,0.06903157832952717,0.6479722764466084,0.4426227710404633,14.55227779573761,3.172065784643304e-17,0.13233407609667697,0.13233407609667697,1.3390690129200136,0.8288049202333851,1.890589558316284,0.0,0.15828408928870666,3.172065784643304e-17,0.1093992866398457,0.1093992866398457,0.9513124449644416,1.0,6.0,c_kam,1.0,1.5543122344752176e-16,0.07777777777777778,0.0,enterprise,3008,0.0,200.0,7187.0,7322.0,5955.0,2910.455559147522,1.0,90.0,0.0,3.644089028732229,3.3314617360010743,,move_merge,
12.0,12.0,0.0,0.0,c_kam_move_split,1.0,move_split,0.9560865064698542,0.6819141743809211,,A1,8.0,64.0,0.0,8.0,1.1869252246552007,18.201572664153215,2.9605947323337506e-16,0.08212278829736488,0.8874676807744243,0.8218238278928385,80.65322385984473,-2.220446049250313e-16,0.21979090243339514,0.21979090243339514,1.5143904176724337,0.5402778404549734,1.9344326208919285,0.0,0.1837086293415556,3.700743415417188e-17,0.20636955954979302,0.20636955954979302,0.9387883964399313,1.0,0.0,c_kam,12.0,2.220446049250313e-16,0.13333333333333333,0.0,enterprise,3008,0.0,200.0,38346.0,12240.0,6480.0,16130.644771968946,12.0,90.0,0.0,8.914205035077709,16.577690651989542,,move_split,
15.0,15.0,0.0,0.0,c_kam_move_only,0.9999999999999994,move_only,0.8075285723892895,0.6281380446462966,,A1,8.0,64.0,0.0,8.0,1.2035084072479938,13.496439660050918,7.401486830834377e-17,0.0737770292105297,0.8503018967392435,0.7629780031704689,73.77179293893278,7.401486830834377e-17,0.220547950042069,0.220547950042069,1.3330541289056226,0.5469933322580617,1.699314414146084,0.0,0.1216980454535055,7.401486830834377e-17,0.19911664538637722,0.19911664538637722,0.9412348746765001,0.9999999999999994,0.0,c_kam,15.0,4.218847493575588e-16,0.16666666666666666,0.0,enterprise,3009,0.0,200.0,37800.0,12240.0,6480.0,14754.358587786555,15.0,90.0,0.0,11.509880321055133,15.18771668797126,,move_only,
8.0,8.0,0.0,0.0,c_kam_move_merge,1.0000000000000002,move_merge,0.5707421038936068,0.4102439755677887,,A1,8.0,64.0,0.0,2.0,1.204984392372042,13.496439660050918,8.326672684688674e-17,0.05720197641583189,0.6613686478910427,0.46383369249415113,29.230055908847135,-2.7755575615628914e-17,0.12383730963627779,0.12383730963627779,1.1777184601348594,0.7474408774134416,1.5727669601938192,0.0,0.09153078633575873,2.7755575615628914e-17,0.12490189403407374,0.12490189403407374,0.9564874595119958,1.0000000000000002,6.0,c_kam,2.0,1.4432899320127023e-16,0.08888888888888889,0.0,enterprise,3009,0.0,200.0,15262.0,9201.0,6084.0,5846.011181769427,2.0,90.0,0.0,4.481036724948952,6.2606524949660525,,move_merge,
15.0,15.0,0.0,0.0,c_kam_move_split,0.9999999999999994,move_split,0.8075285723892895,0.6281380446462966,,A1,8.0,64.0,0.0,8.0,1.2035084072479938,13.496439660050918,7.401486830834377e-17,0.0737770292105297,0.8503018967392435,0.7629780031704689,74.9120602000039,7.401486830834377e-17,0.220547950042069,0.220547950042069,1.3330541289056226,0.5469933322580617,1.699314414146084,0.0,0.1216980454535055,7.401486830834377e-17,0.19911664538637722,0.19911664538637722,0.9412348746765001,0.9999999999999994,0.0,c_kam,15.0,4.218847493575588e-16,0.16666666666666666,0.0,enterprise,3009,0.0,200.0,38112.0,12240.0,6480.0,14982.412040000781,15.0,90.0,0.0,11.509880321055133,15.42181419802364,,move_split,
16.0,16.0,0.0,0.0,c_kam_move_only,1.0000000000000002,move_only,0.8928474190421146,0.6815028173731716,,A1,8.0,64.0,0.0,8.0,1.1289215738214773,16.14813471697059,3.191891195797325e-16,0.07614672720878002,0.8812702448061646,0.8120112209430936,84.00970567308832,-4.163336342344337e-17,0.23994901150760772,0.23994901150760772,1.4758213191131941,0.5316212586587398,2.000473829151085,0.0,0.19931064339712937,1.3877787807814457e-16,0.2223544501709251,0.2223544501709251,0.9399835709297737,1.0000000000000002,0.0,c_kam,16.0,7.771561172376096e-16,0.17777777777777778,0.0,enterprise,3010,0.0,200.0,38920.0,12240.0,6480.0,16801.941134617664,16.0,90.0,0.0,12.26289841766565,17.25995218800381,,move_only,
8.0,8.0,0.0,0.0,c_kam_move_merge,1.0000000000000002,move_merge,0.7184717035137319,0.4957287244881824,,A1,8.0,64.0,0.0,2.0,1.230241260772835,16.168436096192526,2.7755575615628914e-17,0.06394042712179324,0.5201189301841466,0.24018830612489864,15.306177546735853,2.7755575615628914e-17,0.13894548234735682,0.13894548234735682,1.2603893763052718,0.8586219387850557,1.871845211864554,0.0,0.16418325197985337,2.7755575615628914e-17,0.1184157790842442,0.1184157790842442,0.952987757431723,1.0000000000000002,6.0,c_kam,2.0,1.4432899320127023e-16,0.08888888888888889,0.0,enterprise,3010,0.0,200.0,7857.0,6794.0,5965.0,3061.2355093471706,2.0,90.0,0.0,4.625338386040681,3.4738015179755166,,move_merge,
16.0,16.0,0.0,0.0,c_kam_move_split,1.0000000000000002,move_split,0.8928474190421146,0.6815028173731716,,A1,8.0,64.0,0.0,8.0,1.1289215738214773,16.14813471697059,3.191891195797325e-16,0.07614672720878002,0.8812702448061646,0.8120112209430936,83.30368475493742,-4.163336342344337e-17,0.23994901150760772,0.23994901150760772,1.4758213191131941,0.5316212586587398,2.000473829151085,0.0,0.19931064339712937,1.3877787807814457e-16,0.2223544501709251,0.2223544501709251,0.9399835709297737,1.0000000000000002,0.0,c_kam,16.0,7.771561172376096e-16,0.17777777777777778,0.0,enterprise,3010,0.0,200.0,39345.0,12240.0,6480.0,16660.736950987484,16.0,90.0,0.0,12.26289841766565,17.14042234799126,,move_split,
16.0,16.0,0.0,0.0,c_kam_move_only,0.9953422480840217,move_only,8.63249105034661,5.610259027182061,,A1,8.0,64.0,16.736360381952828,8.0,85.49257397641418,19.04925656713002,8.881784197001252e-16,0.622623747666006,0.9014843073418711,0.8440168199579628,78.51226854691049,8.881784197001252e-16,2.2877589870510158,2.2877589870510158,19.824966051073428,0.5247707180653147,48.92889488048624,0.0,12.725218379945948,8.881784197001252e-16,2.119133901391686,2.119133901391686,0.5916871385374664,0.9953422480840217,0.0,c_kam,16.0,3.552713678800501e-15,0.17777777777777778,0.0,enterprise,3011,0.0,200.0,39060.0,12240.0,6480.0,15702.453709382098,16.0,90.0,0.0,12.090142887517915,16.159194786974695,,move_only,
7.0,7.0,0.0,0.0,c_kam_move_merge,1.0,move_merge,0.8197681643556672,0.5310902064069495,,A1,8.0,64.0,0.0,2.0,1.1668741390329278,19.04925656713002,6.344131569286608e-17,0.07573314564664008,0.5509678919151147,0.28903249553226495,14.257479171792511,6.344131569286608e-17,0.15165666642868778,0.15165666642868778,1.2983237428989485,0.8534167133460181,1.9286105672715206,0.0,0.17295137124904325,6.344131569286608e-17,0.15380975974926886,0.15380975974926886,0.9472289559917242,1.0,6.0,c_kam,1.0,3.108624468950435e-16,0.07777777777777778,0.0,enterprise,3011,0.0,200.0,7429.0,6900.0,5959.0,2851.495834358502,1.0,90.0,0.0,3.67501096231428,3.262788571009878,,move_merge,
29.0,29.0,0.0,0.0,c_kam_move_split,0.995257181556888,move_split,8.902259123206942,5.688106974557556,,A1,8.0,64.0,17.04202373204757,11.0,87.95041146478673,22.85355404954412,1.4700884188140004e-15,0.6415075127662294,0.8996482764288003,0.8411097710122672,90.78856441163225,-4.900294729380001e-16,2.1801013297118264,2.1801013297118264,19.92884449618637,0.5051937908194687,49.44120852120062,0.0,12.903037779909408,4.900294729380001e-16,2.0988103860763863,2.0988103860763863,0.5862377822211817,0.995257181556888,0.0,c_kam,26.0,0.0,0.32222222222222224,0.0,enterprise,3011,3.0,200.0,44327.0,12326.0,6566.0,18157.71288232645,26.0,90.0,0.0,22.44948955965721,18.614707836997695,,move_split,
17.0,17.0,0.0,0.0,c_kam_move_only,0.9999972926670299,move_only,1.2169710889781733,0.8712007963004771,,A1,8.0,64.0,0.0095230277981386,8.0,1.087507030205039,17.992872607472584,5.224578939412501e-17,0.09812258124942577,0.8608394189406776,0.7796624133227397,82.18603136658203,-2.6122894697062506e-17,0.219739031491636,0.219739031491636,1.3237580123061619,0.5268809425735393,1.7135565293042492,0.0,0.1296501349476525,1.3061447348531253e-17,0.1947574036567461,0.1947574036567461,0.9271385975281933,0.9999972926670299,0.0,c_kam,17.0,4.4408920985006104e-17,0.18888888888888888,0.0,enterprise,3012,0.0,200.0,39060.0,12240.0,6480.0,16437.206273316406,17.0,90.0,0.0,12.475952450917836,16.88508851599181,,move_only,
9.0,9.0,0.0,0.0,c_kam_move_merge,0.9999999999999998,move_merge,0.7979450906793978,0.5426279127623036,,A1,8.0,64.0,0.0,2.0,1.169632415064942,17.74296774720149,7.401486830834377e-17,0.0687907613685115,0.6462727665974907,0.43993188044602705,26.630605036916677,7.401486830834377e-17,0.11825854794488823,0.11825854794488823,1.1582932675813296,0.760121754125166,1.5423891073031495,0.0,0.08365145581047254,7.401486830834377e-17,0.11579456292648327,0.11579456292648327,0.9501386993758655,0.9999999999999998,6.0,c_kam,3.0,3.5527136788005e-16,0.1,0.0,enterprise,3012,0.0,200.0,12884.0,7661.0,6041.0,5326.121007383335,3.0,90.0,0.0,5.259335948786023,5.737149469961878,,move_merge,
17.0,17.0,0.0,0.0,c_kam_move_split,0.9999972926670299,move_split,1.2169710889781733,0.8712007963004771,,A1,8.0,64.0,0.0095230277981386,8.0,1.087507030205039,17.992872607472584,5.224578939412501e-17,0.09812258124942577,0.8608394189406776,0.7796624133227397,87.3662406031508,-2.6122894697062506e-17,0.219739031491636,0.219739031491636,1.3237580123061619,0.5268809425735393,1.7135565293042492,0.0,0.1296501349476525,1.3061447348531253e-17,0.1947574036567461,0.1947574036567461,0.9271385975281933,0.9999972926670299,0.0,c_kam,17.0,4.4408920985006104e-17,0.18888888888888888,0.0,enterprise,3012,0.0,200.0,39414.0,12240.0,6480.0,17473.24812063016,17.0,90.0,0.0,12.475952450917836,17.938156791962683,,move_split,
15.0,15.0,0.0,0.0,c_kam_move_only,1.0,move_only,0.8789222725378771,0.6592693223921684,,A1,8.0,64.0,0.0,8.0,1.137555785710425,15.62901621309194,1.924386576016938e-16,0.07713720888096218,0.8605049214488573,0.7791327922940242,78.22219488269184,-1.6283271027835628e-16,0.25654242568986396,0.25654242568986396,1.4633487072976112,0.5321030964899578,1.9447908639712934,0.0,0.1825904726573223,1.4802973661668754e-17,0.22276814878879478,0.22276814878879478,0.940012824820036,1.0,0.0,c_kam,15.0,6.661338147750916e-17,0.16666666666666666,0.0,enterprise,3013,0.0,200.0,39088.0,12240.0,6480.0,15644.438976538368,15.0,90.0,0.0,11.24368275316216,16.1104214899824,,move_only,
8.0,8.0,0.0,0.0,c_kam_move_merge,1.0000000000000002,move_merge,0.6610385373778941,0.451345846292629,,A1,8.0,64.0,0.0,2.0,1.2099033991433341,15.62901621309194,2.498001805406602e-16,0.06188534741976335,0.6019148958812137,0.36969858514525505,20.15793521539308,2.7755575615628914e-17,0.1348237070479706,0.1348237070479706,1.2479352892622493,0.8032872555706426,1.8129479320260629,0.0,0.15020421792052446,1.3877787807814457e-16,0.12348503393628725,0.12348503393628725,0.9545674681470038,1.0000000000000002,6.0,c_kam,2.0,6.55031584528842e-16,0.08888888888888889,0.0,enterprise,3013,0.0,200.0,10269.0,7122.0,6001.0,4031.5870430786163,2.0,90.0,0.0,4.820697794466755,4.4539619329734705,,move_merge,
15.0,15.0,0.0,0.0,c_kam_move_split,1.0,move_split,0.8789222725378771,0.6592693223921684,,A1,8.0,64.0,0.0,8.0,1.137555785710425,15.62901621309194,1.924386576016938e-16,0.07713720888096218,0.8605049214488573,0.7791327922940242,80.12525763071608,-1.6283271027835628e-16,0.25654242568986396,0.25654242568986396,1.4633487072976112,0.5321030964899578,1.9447908639712934,0.0,0.1825904726573223,1.4802973661668754e-17,0.22276814878879478,0.22276814878879478,0.940012824820036,1.0,0.0,c_kam,15.0,6.661338147750916e-17,0.16666666666666666,0.0,enterprise,3013,0.0,200.0,39513.0,12240.0,6480.0,16025.051526143216,15.0,90.0,0.0,11.24368275316216,16.478867764002644,,move_split,
17.0,17.0,0.0,0.0,c_kam_move_only,0.9998729246079984,move_only,1.4397820179355343,0.8833579613319102,,A1,8.0,64.0,0.44186786564600344,8.0,1.212301542713302,24.15157915434129,2.3510605227356256e-16,0.12438533304025469,0.8563278389455953,0.7725190783305258,78.53407796035754,-2.6122894697062506e-17,0.24125453012303277,0.24125453012303277,1.489573435356406,0.5301765226347903,2.3847090943413827,0.0,0.3107765077441637,1.0449157878825003e-16,0.19881969993128423,0.19881969993128423,0.919884946690893,0.9998729246079984,0.0,c_kam,17.0,5.329070518200748e-16,0.18888888888888888,0.0,enterprise,3014,0.0,200.0,39060.0,12240.0,6480.0,15706.815592071507,17.0,90.0,0.0,13.139791684053595,16.147568797983695,,move_only,
8.0,8.0,0.0,0.0,c_kam_move_merge,1.0,move_merge,1.1725639180641412,0.65679922551282,,A1,8.0,64.0,0.0,2.0,1.195698634640036,24.51483135353245,2.220446049250313e-16,0.10568006604925721,0.5992378571058012,0.36545994041751867,15.376864817808382,2.220446049250313e-16,0.14061143562480102,0.14061143562480102,1.2618585249418215,0.8145422530923725,2.1580119704945497,0.0,0.24247851752755203,2.220446049250313e-16,0.13347600019897135,0.13347600019897135,0.9357440581982293,1.0,6.0,c_kam,2.0,8.881784197001252e-16,0.08888888888888889,0.0,enterprise,3014,0.0,200.0,8118.0,7860.0,5970.0,3075.3729635616764,2.0,90.0,0.0,4.3728768660009285,3.488609178981278,,move_merge,
17.0,17.0,0.0,0.0,c_kam_move_split,0.9998729246079984,move_split,1.4397820179355343,0.8833579613319102,,A1,8.0,64.0,0.44186786564600344,8.0,1.212301542713302,24.15157915434129,2.3510605227356256e-16,0.12438533304025469,0.8563278389455953,0.7725190783305258,79.32421896723099,-2.6122894697062506e-17,0.24125453012303277,0.24125453012303277,1.489573435356406,0.5301765226347903,2.3847090943413827,0.0,0.3107765077441637,1.0449157878825003e-16,0.19881969993128423,0.19881969993128423,0.919884946690893,0.9998729246079984,0.0,c_kam,17.0,5.329070518200748e-16,0.18888888888888888,0.0,enterprise,3014,0.0,200.0,39452.0,12240.0,6480.0,15864.843793446198,17.0,90.0,0.0,13.139791684053595,16.318060909979977,,move_split,
11.0,11.0,0.0,0.0,c_kam_move_only,0.9999669694738664,move_only,0.3490952099911217,0.3457783475209485,,A1,8.0,64.0,0.12124804724677432,8.0,1.2126177356776582,6.000656832766349,1.0092936587501423e-16,0.032596382790726894,0.8977191102882458,0.8380552579563889,83.17825277452357,2.0185873175002847e-17,0.1966518536675598,0.1966518536675598,1.2201085201905344,0.5402105544557225,1.3670631796714616,0.0,0.02995244944168888,6.055761952500853e-17,0.17750965497145976,0.17750965497145976,0.9677796659149769,0.9999669694738664,0.0,c_kam,11.0,3.3306690738754696e-16,0.12222222222222222,0.0,enterprise,3015,0.0,200.0,39914.0,12240.0,6480.0,16635.650554904714,11.0,90.0,0.0,8.54938834640706,17.08685011602938,,move_only,
7.0,7.0,0.0,0.0,c_kam_move_merge,0.9999999999999999,move_merge,0.20515060289429693,0.19121282207976,,A1,8.0,64.0,0.0,2.0,1.2388361752830266,6.000656832766349,2.220446049250313e-16,0.022520260293949153,0.6853353123338721,0.5017809111952972,20.616811381769367,9.516197353929913e-17,0.09766281339464317,0.09766281339464317,1.063867599922565,0.8127819537057657,1.3841903106620992,0.0,0.024593964695859533,1.5860328923216522e-16,0.08413914177862392,0.08413914177862392,0.97859925269586,0.9999999999999999,6.0,c_kam,1.0,3.7747582837255307e-16,0.07777777777777778,0.0,enterprise,3015,0.0,200.0,10415.0,6420.0,6003.0,4123.362276353873,1.0,90.0,0.0,3.729467325059459,4.532910858979449,,move_merge,
11.0,11.0,0.0,0.0,c_kam_move_split,0.9999669694738664,move_split,0.3490952099911217,0.3457783475209485,,A1,8.0,64.0,0.12124804724677432,8.0,1.2126177356776582,6.000656832766349,1.0092936587501423e-16,0.032596382790726894,0.8977191102882458,0.8380552579563889,87.55467954499181,2.0185873175002847e-17,0.1966518536675598,0.1966518536675598,1.2201085201905344,0.5402105544557225,1.3670631796714616,0.0,0.02995244944168888,6.055761952500853e-17,0.17750965497145976,0.17750965497145976,0.9677796659149769,0.9999669694738664,0.0,c_kam,11.0,3.3306690738754696e-16,0.12222222222222222,0.0,enterprise,3015,0.0,200.0,40200.0,12240.0,6480.0,17510.935908998363,11.0,90.0,0.0,8.54938834640706,17.981221059977543,,move_split,
14.0,14.0,0.0,0.0,c_kam_move_only,0.9993202181039483,move_only,2.088069577947054,2.011709124014416,,A1,8.0,64.0,2.4250883571102957,8.0,4.408891568063249,7.441315749225532,1.9032394707859825e-16,0.15330511678762893,0.8573300985730715,0.7741059894073635,75.63914791622665,-6.344131569286608e-17,0.6473323518877697,0.6473323518877697,8.529905392622556,0.5422823136798617,5.3427292732787555,0.0,1.0198442714909495,6.344131569286608e-17,0.948877073381054,0.948877073381054,0.852015793628373,0.9993202181039483,0.0,c_kam,14.0,3.108624468950435e-16,0.15555555555555556,0.0,enterprise,3016,0.0,200.0,38626.0,12240.0,6480.0,15127.82958324533,14.0,90.0,0.0,10.737839433681767,15.569030531973112,,move_only,
8.0,8.0,0.0,0.0,c_kam_move_merge,0.9999999999999992,move_merge,0.28535236061618285,0.2500736893968898,,A1,8.0,64.0,0.0,3.0,1.2289882969070616,7.441315749225532,2.7755575615628914e-17,0.027114911574467892,0.759763181170939,0.6196250368539866,31.538906370115,2.7755575615628914e-17,0.0955949207689732,0.0955949207689732,1.1821952379666323,0.705342020233475,1.3295714394282214,0.0,0.026507770500457342,2.7755575615628914e-17,0.1042625237130534,0.1042625237130534,0.9753302740515999,0.9999999999999992,5.0,c_kam,3.0,1.4432899320127023e-16,0.08888888888888889,0.0,enterprise,3016,0.0,200.0,15685.0,9079.0,6084.0,6307.781274023,3.0,90.0,0.0,4.4716071627411,6.759903163998388,,move_merge,
17.0,17.0,0.0,0.0,c_kam_move_split,0.9993384894875988,move_split,2.0189759435366788,1.9537418540728058,,A1,8.0,64.0,2.3599060978946063,10.0,4.357828279526972,7.441315749225532,2.0898315757650005e-16,0.1484685623789026,0.8722087897187256,0.7976639170546488,93.28197472670581,-1.0449157878825003e-16,0.6115145756091908,0.6115145756091908,8.601616568392085,0.5084832727933639,5.343128156298823,0.0,1.036357499748069,5.224578939412501e-17,0.9619711302518926,0.9619711302518926,0.8560735025242857,0.9993384894875988,0.0,c_kam,15.0,1.7763568394002442e-16,0.18888888888888888,0.0,enterprise,3016,2.0,200.0,46086.0,12362.0,6602.0,18656.394945341162,15.0,90.0,0.0,12.519790701591525,19.115131071012,,move_split,
14.0,14.0,0.0,0.0,c_kam_move_only,0.9997893759319452,move_only,1.448221191536718,0.961263300955573,,A1,8.0,64.0,0.7800005002141903,8.0,1.8093456987622174,23.53602478178585,2.061842760018148e-16,0.12279612745351465,0.8752326645617692,0.8024517188894678,82.19630718347616,-7.930164461608261e-17,0.29230375173340145,0.29230375173340145,1.867103122295633,0.5384670841483703,2.468611471479665,0.0,0.3149012871586838,6.344131569286608e-17,0.25339158424872055,0.25339158424872055,0.9155503809378753,0.9997893759319452,0.0,c_kam,14.0,3.108624468950435e-16,0.15555555555555556,0.0,enterprise,3017,0.0,200.0,39690.0,12240.0,6480.0,16439.261436695233,14.0,90.0,0.0,11.049808212425853,16.88239787396742,,move_only,
8.0,8.0,0.0,0.0,c_kam_move_merge,1.0,move_merge,1.0704202515730212,0.6231987052118241,,A1,8.0,64.0,0.0,2.0,1.202095244840759,23.53602478178585,8.326672684688674e-17,0.09635006165605585,0.4630562307724688,0.14983903205640905,14.716083673993126,-2.7755575615628914e-17,0.12944018843299876,0.12944018843299876,1.3208875156004205,0.889261425074539,2.1636314875962497,0.0,0.24956008528406276,2.7755575615628914e-17,0.13709172400620578,0.13709172400620578,0.9392149026399378,1.0,6.0,c_kam,2.0,1.4432899320127023e-16,0.08888888888888889,0.0,enterprise,3017,0.0,200.0,7421.0,6396.0,5959.0,2943.216734798625,2.0,90.0,0.0,4.679091695744113,3.3758368629496545,,move_merge,
15.0,15.0,0.0,0.0,c_kam_move_split,0.9997871535722884,move_split,1.4497014101534436,0.962841533629274,,A1,8.0,64.0,0.7882305266299309,9.0,1.748736650689453,23.53602478178585,1.924386576016938e-16,0.12289974275668542,0.8752500635706452,0.8024792673201881,85.45313611190068,-7.401486830834377e-17,0.2903600499404868,0.2903600499404868,1.8691197964946755,0.5344926599401809,2.4635357506251303,0.0,0.3150259339297167,5.921189464667501e-17,0.2537784307784961,0.2537784307784961,0.9154399046507163,0.9997871535722884,0.0,c_kam,14.0,2.664535259100366e-16,0.16666666666666666,0.0,enterprise,3017,1.0,200.0,40645.0,12249.0,6489.0,17090.627222380135,14.0,90.0,0.0,11.549808212425853,17.543794917990454,,move_split,
7.0,7.0,0.0,0.0,c_kam_move_only,0.9999999999999999,move_only,0.11345904943661825,0.1267371993367254,,A1,8.0,64.0,0.0,8.0,1.1847631928303444,1.2716537027253074,6.344131569286608e-17,0.008723901609169814,0.8283225044366509,0.7281772986913642,81.44467348465696,6.344131569286608e-17,0.1423591040141906,0.1423591040141906,1.0347437585298183,0.5247896011784485,1.1519596213432255,0.0,0.0011770113213016606,6.344131569286608e-17,0.11665363885301192,0.11665363885301192,0.9902411585534034,0.9999999999999999,0.0,c_kam,7.0,2.220446049250313e-16,0.07777777777777778,0.0,enterprise,3018,0.0,200.0,40054.0,12240.0,6480.0,16288.934696931392,7.0,90.0,0.0,5.374247513103104,16.757190331001766,,move_only,
5.0,5.0,0.0,0.0,c_kam_move_merge,1.0,move_merge,0.020911699404165335,0.023630789351005273,,A1,8.0,64.0,0.0,3.0,1.1774912809377016,0.6677430302489297,8.881784197001253e-17,0.0022455871068981117,0.6594331212810189,0.4607691086949467,44.03376854490489,8.881784197001253e-17,0.08244999760775375,0.08244999760775375,0.9371854629096851,0.70083890834633,1.1571215677334579,0.0,0.00021411477556584706,8.881784197001253e-17,0.06883586643097345,0.06883586643097345,0.9974586072524039,1.0,5.0,c_kam,0.0,3.5527136788005e-16,0.05555555555555555,0.0,enterprise,3018,0.0,200.0,22370.0,8781.0,6181.0,8806.753708980978,0.0,90.0,0.0,2.5,9.240805464971345,,move_merge,
7.0,7.0,0.0,0.0,c_kam_move_split,0.9999999999999999,move_split,0.11345904943661825,0.1267371993367254,,A1,8.0,64.0,0.0,8.0,1.1847631928303444,1.2716537027253074,6.344131569286608e-17,0.008723901609169814,0.8283225044366509,0.7281772986913642,84.17365511413664,6.344131569286608e-17,0.1423591040141906,0.1423591040141906,1.0347437585298183,0.5247896011784485,1.1519596213432255,0.0,0.0011770113213016606,6.344131569286608e-17,0.11665363885301192,0.11665363885301192,0.9902411585534034,0.9999999999999999,0.0,c_kam,7.0,2.220446049250313e-16,0.07777777777777778,0.0,enterprise,3018,0.0,200.0,40418.0,12240.0,6480.0,16834.731022827327,7.0,90.0,0.0,5.374247513103104,17.330607944983058,,move_split,
12.0,12.0,0.0,0.0,c_kam_move_only,0.9999999999999999,move_only,0.5591727836781512,0.5108454309842297,,A1,8.0,64.0,0.0,8.0,1.1581891923065477,9.367625633468316,1.1102230246251565e-16,0.04676784876878086,0.8581029728215108,0.7753297069673922,83.28131103538908,-1.1102230246251565e-16,0.1905202952112996,0.1905202952112996,1.2291452580851996,0.5337384716476106,1.3887768163114986,0.0,0.04600019154516917,0.0,0.18638943389090834,0.18638943389090834,0.9566321338726592,0.9999999999999999,0.0,c_kam,12.0,0.0,0.13333333333333333,0.0,enterprise,3019,0.0,200.0,39690.0,12240.0,6480.0,16656.262207077816,12.0,90.0,0.0,9.187417117388868,17.10521923104534,,move_only,
6.0,6.0,0.0,0.0,c_kam_move_merge,0.9999999999999998,move_merge,0.33013388685308953,0.2728577067689423,,A1,8.0,64.0,0.0,2.0,1.192022195496798,9.367625633468316,1.1102230246251565e-16,0.030735125991026555,0.48650298130374126,0.18696305373092367,19.143308175553102,1.1102230246251565e-16,0.0909803781255022,0.0909803781255022,1.054428033179901,0.8825121977681262,1.3706933549569584,0.0,0.037010031735758765,1.1102230246251565e-16,0.1143783860369895,0.1143783860369895,0.9732912745677296,0.9999999999999998,6.0,c_kam,0.0,3.885780586188048e-16,0.06666666666666667,0.0,enterprise,3019,0.0,200.0,9657.0,6390.0,5994.0,3828.6616351106204,0.0,90.0,0.0,3.0,4.23800414300058,,move_merge,
12.0,12.0,0.0,0.0,c_kam_move_split,0.9999999999999999,move_split,0.5591727836781512,0.5108454309842297,,A1,8.0,64.0,0.0,8.0,1.1581891923065477,9.367625633468316,1.1102230246251565e-16,0.04676784876878086,0.8581029728215108,0.7753297069673922,84.89977842284134,-1.1102230246251565e-16,0.1905202952112996,0.1905202952112996,1.2291452580851996,0.5337384716476106,1.3887768163114986,0.0,0.04600019154516917,0.0,0.18638943389090834,0.18638943389090834,0.9566321338726592,0.9999999999999999,0.0,c_kam,12.0,0.0,0.13333333333333333,0.0,enterprise,3019,0.0,200.0,40153.0,12240.0,6480.0,16979.955684568267,12.0,90.0,0.0,9.187417117388868,17.430002223001793,,move_split,
8.0,8.0,0.0,0.0,c_kam_move_only,0.9999872195150963,move_only,0.20753218228395526,0.21669346549616778,,A1,8.0,64.0,0.045561972063611705,8.0,1.2003144751888364,3.5422059213030597,5.551115123125783e-17,0.020668363617089083,0.8336818377546535,0.7366629097782016,78.12741463683778,5.551115123125783e-17,0.16072456573272484,0.16072456573272484,1.056759235418725,0.5468699395276795,1.2188218499584162,0.0,0.007753656761400076,5.551115123125783e-17,0.13830134561629356,0.13830134561629356,0.9785928257521924,0.9999872195150963,0.0,c_kam,8.0,2.220446049250313e-16,0.08888888888888889,0.0,enterprise,3020,0.0,200.0,39690.0,12240.0,6480.0,15625.482927367557,8.0,90.0,0.0,6.229425944495188,16.061392950010486,,move_only,
6.0,6.0,0.0,0.0,c_kam_move_merge,1.0,move_merge,0.11610128162593317,0.1155247753995701,,A1,8.0,64.0,0.0,3.0,1.1827732976779601,3.5422059213030597,1.8503717077085943e-16,0.014268200571027541,0.6043482135183416,0.3735513380707075,40.10725335945608,-1.1102230246251565e-16,0.09508219999352853,0.09508219999352853,0.9924816119897732,0.7611582370322495,1.2198393156981509,0.0,0.006913525262059457,3.700743415417188e-17,0.09594834271031566,0.09594834271031566,0.9856746340589541,1.0,5.0,c_kam,1.0,1.6653345369377348e-16,0.06666666666666667,0.0,enterprise,3020,0.0,200.0,21137.0,8195.0,6168.0,8021.450671891216,1.0,90.0,0.0,3.2583763029901216,8.439351911016274,,move_merge,
8.0,8.0,0.0,0.0,c_kam_move_split,0.9999872195150963,move_split,0.20753218228395526,0.21669346549616778,,A1,8.0,64.0,0.045561972063611705,8.0,1.2003144751888364,3.5422059213030597,5.551115123125783e-17,0.020668363617089083,0.8336818377546535,0.7366629097782016,80.68884455598891,5.551115123125783e-17,0.16072456573272484,0.16072456573272484,1.056759235418725,0.5468699395276795,1.2188218499584162,0.0,0.007753656761400076,5.551115123125783e-17,0.13830134561629356,0.13830134561629356,0.9785928257521924,0.9999872195150963,0.0,c_kam,8.0,2.220446049250313e-16,0.08888888888888889,0.0,enterprise,3020,0.0,200.0,40093.0,12240.0,6480.0,16137.768911197782,8.0,90.0,0.0,6.229425944495188,16.591960078978445,,move_split,
16.0,16.0,0.0,0.0,c_kam_move_only,1.0000000000000016,move_only,1.5421229551164721,0.9526525017875805,,A1,8.0,64.0,0.0,8.0,1.1269185198987528,22.16120629225623,1.3877787807814457e-17,0.13059795928098755,0.8380926216517502,0.7436466509486046,84.68997095013037,1.3877787807814457e-17,0.2562119887457884,0.2562119887457884,1.5540119764117841,0.5280206589264553,2.5045319925424883,0.0,0.34374463889760576,1.3877787807814457e-17,0.23291085041516904,0.23291085041516904,0.9153850848750028,1.0000000000000016,0.0,c_kam,16.0,5.551115123125783e-17,0.17777777777777778,0.0,enterprise,3021,0.0,200.0,40320.0,12240.0,6480.0,16937.994190026075,16.0,90.0,0.0,12.173568239356372,17.406484439969063,,move_only,
11.0,11.0,0.0,0.0,c_kam_move_merge,0.9999999999999999,move_merge,1.2671114052839105,0.7228391868993567,,A1,8.0,64.0,0.0,2.0,1.1643758603779966,22.016239093521236,6.055761952500853e-17,0.1113471507927083,0.5051448621490757,0.21647936506936996,20.926914283481892,6.055761952500853e-17,0.16327566495775184,0.16327566495775184,1.3581981226883268,0.8557084088588782,2.2559961392208083,0.0,0.26766845793288196,6.055761952500853e-17,0.13369625696172133,0.13369625696172133,0.9314720169171785,0.9999999999999999,6.0,c_kam,5.0,2.220446049250313e-16,0.12222222222222222,0.0,enterprise,3021,0.0,200.0,10537.0,6804.0,6005.0,4185.382856696378,5.0,90.0,0.0,6.564328186116619,4.615859601995908,,move_merge,
16.0,16.0,0.0,0.0,c_kam_move_split,1.0000000000000016,move_split,1.5421229551164721,0.9526525017875805,,A1,8.0,64.0,0.0,8.0,1.1269185198987528,22.16120629225623,1.3877787807814457e-17,0.13059795928098755,0.8380926216517502,0.7436466509486046,83.45414633513428,1.3877787807814457e-17,0.2562119887457884,0.2562119887457884,1.5540119764117841,0.5280206589264553,2.5045319925424883,0.0,0.34374463889760576,1.3877787807814457e-17,0.23291085041516904,0.23291085041516904,0.9153850848750028,1.0000000000000016,0.0,c_kam,16.0,5.551115123125783e-17,0.17777777777777778,0.0,enterprise,3021,0.0,200.0,40764.0,12240.0,6480.0,16690.829267026857,16.0,90.0,0.0,12.173568239356372,17.12697336799465,,move_split,
14.0,14.0,0.0,0.0,c_kam_move_only,0.9999007057831613,move_only,0.7487177958246621,0.6141611962321074,,A1,8.0,64.0,0.3513302300059211,8.0,1.19688521372969,14.374956019185403,4.7580986769649563e-17,0.06708712253363461,0.8592470065607555,0.777141093721196,83.83373041724553,-1.586032892321652e-17,0.22211278330956033,0.22211278330956033,1.342082731837224,0.5288002640944756,1.6116555329230084,0.0,0.10042574624451532,1.586032892321652e-17,0.2061595859029316,0.2061595859029316,0.9438718967907681,0.9999007057831613,0.0,c_kam,14.0,7.771561172376088e-17,0.15555555555555556,0.0,enterprise,3022,0.0,200.0,40320.0,12240.0,6480.0,16766.746083449107,14.0,90.0,0.0,10.23707231490507,17.2084458200261,,move_only,
7.0,7.0,0.0,0.0,c_kam_move_merge,1.0000000000000002,move_merge,0.4987911606606799,0.35888542952130104,,A1,8.0,64.0,0.0,2.0,1.1944859229515659,14.374956019185403,1.2688263138573217e-16,0.04959225807215585,0.6206725282674782,0.3993981697568405,21.191375204653013,6.344131569286608e-17,0.122059019944451,0.122059019944451,1.1435797119992002,0.7663950079635498,1.5468244990184459,0.0,0.08653180318560885,9.516197353929913e-17,0.1057396091941902,0.1057396091941902,0.9617412004605245,1.0000000000000002,6.0,c_kam,1.0,2.220446049250313e-16,0.07777777777777778,0.0,enterprise,3022,0.0,200.0,10339.0,6492.0,6002.0,4238.275040930603,1.0,90.0,0.0,3.7203587927305333,4.680753236985765,,move_merge,
14.0,14.0,0.0,0.0,c_kam_move_split,0.9999007057831613,move_split,0.7487177958246621,0.6141611962321074,,A1,8.0,64.0,0.3513302300059211,8.0,1.19688521372969,14.374956019185403,4.7580986769649563e-17,0.06708712253363461,0.8592470065607555,0.777141093721196,85.91993398818886,-1.586032892321652e-17,0.22211278330956033,0.22211278330956033,1.342082731837224,0.5288002640944756,1.6116555329230084,0.0,0.10042574624451532,1.586032892321652e-17,0.2061595859029316,0.2061595859029316,0.9438718967907681,0.9999007057831613,0.0,c_kam,14.0,7.771561172376088e-17,0.15555555555555556,0.0,enterprise,3022,0.0,200.0,40767.0,12240.0,6480.0,17183.98679763777,14.0,90.0,0.0,10.23707231490507,17.636867336987052,,move_split,
30.0,30.0,0.0,0.0,c_kam_move_only,0.9849193847156392,move_only,18.678015605037682,7.6713289848124315,,A1,8.0,64.0,55.050071630738195,8.0,940.9249743899819,55.050071630738195,1.3263464400855204e-14,1.3146975802421634,0.8148514791000548,0.7068481752417535,77.85646936943522,-1.8947806286936005e-15,3.3607626814126332,3.3607626814126332,70.38492318480479,0.5632624062840544,370.5276113990162,0.0,102.19248898879498,5.684341886080802e-15,3.6233476755818943,3.6233476755818943,0.45587573843396284,0.9849193847156392,0.0,c_kam,30.0,3.1263880373444247e-14,0.3333333333333333,0.0,enterprise,3023,0.0,200.0,38542.0,12240.0,6480.0,15571.293873887043,30.0,90.0,0.0,24.09916391361231,16.016982907021884,,move_only,
8.0,8.0,0.0,0.0,c_kam_move_merge,0.9999999999999998,move_merge,0.636434906263544,0.45138956101033784,,A1,8.0,64.0,0.0,2.0,1.2433266619688281,15.488526094220607,2.7755575615628914e-17,0.05178693132797377,0.48913024789782367,0.19112289250488756,13.351654822763521,-2.7755575615628914e-17,0.14201136272881043,0.14201136272881043,1.6436575049303928,0.8783735888736541,1.8540189157985612,0.0,0.15822601133095524,0.0,0.12995250593142815,0.12995250593142815,0.9612714981001094,0.9999999999999998,6.0,c_kam,2.0,0.0,0.08888888888888889,0.0,enterprise,3023,0.0,200.0,7356.0,6556.0,5958.0,2670.3309645527042,2.0,90.0,0.0,4.367983469194071,3.079532459960319,,move_merge,
45.0,45.0,0.0,0.0,c_kam_move_split,0.9782166936412221,move_split,23.228858005748467,8.135974369982288,,A1,8.0,64.0,79.5174833913196,12.0,1417.5137241731416,79.5174833913196,3.0000693287648674e-15,1.6332565482919186,0.8397883228940354,0.7463315112488895,120.27140325255459,3.0000693287648674e-15,2.883419432471279,2.883419432471279,70.60466563675378,0.48293934713344067,463.7628331877713,0.0,128.36614678646885,3.0000693287648674e-15,3.437433527683451,3.437433527683451,0.42335056147207284,0.9782166936412221,0.0,c_kam,41.0,7.105427357601002e-15,0.5,0.0,enterprise,3023,4.0,200.0,56851.0,12567.0,6807.0,24054.28065051092,41.0,90.0,0.0,34.05223295411301,24.508492822002154,,move_split,
18.0,18.0,0.0,0.0,c_kam_move_only,1.0000000000000002,move_only,1.5066290075150575,0.9325011485921217,,A1,8.0,64.0,0.0,8.0,1.13586990203925,26.362921138577477,1.9737298215558337e-16,0.12707948478510286,0.8674699457675672,0.7901607474653147,85.36305489571532,-2.4671622769447922e-17,0.2554091816758151,0.2554091816758151,1.6498112243258647,0.5326062241007498,2.6985310902802295,0.0,0.3918678586320453,8.635067969306773e-17,0.22394396103845893,0.22394396103845893,0.9175167670621758,1.0000000000000002,0.0,c_kam,18.0,5.107025913275714e-16,0.2,0.0,enterprise,3024,0.0,200.0,39690.0,12240.0,6480.0,17072.610979143064,18.0,90.0,0.0,13.772590739002347,17.53728317999048,,move_only,
7.0,7.0,0.0,0.0,c_kam_move_merge,1.0000000000000004,move_merge,1.2582265084883795,0.6991031947748378,,A1,8.0,64.0,0.0,2.0,1.2311736367215216,26.221959446452964,2.220446049250313e-16,0.1096913098532354,0.45176824492222095,0.1319663877935166,15.263623872888274,9.516197353929913e-17,0.17818605528324377,0.17818605528324377,1.4284179775358559,0.9117562366851436,2.5363024758260995,0.0,0.33593564935684894,1.5860328923216522e-16,0.13350112728135918,0.13350112728135918,0.9338546238293857,1.0000000000000004,6.0,c_kam,1.0,6.883382752675966e-16,0.07777777777777778,0.0,enterprise,3024,0.0,200.0,8003.0,6309.0,5969.0,3052.724774577655,1.0,90.0,0.0,3.722409465376713,3.4699985240004025,,move_merge,
18.0,18.0,0.0,0.0,c_kam_move_split,1.0000000000000002,move_split,1.5066290075150575,0.9325011485921217,,A1,8.0,64.0,0.0,8.0,1.13586990203925,26.362921138577477,1.9737298215558337e-16,0.12707948478510286,0.8674699457675672,0.7901607474653147,82.93967657984467,-2.4671622769447922e-17,0.2554091816758151,0.2554091816758151,1.6498112243258647,0.5326062241007498,2.6985310902802295,0.0,0.3918678586320453,8.635067969306773e-17,0.22394396103845893,0.22394396103845893,0.9175167670621758,1.0000000000000002,0.0,c_kam,18.0,5.107025913275714e-16,0.2,0.0,enterprise,3024,0.0,200.0,40021.0,12240.0,6480.0,16587.935315968934,18.0,90.0,0.0,13.772590739002347,17.04049018700607,,move_split,
13.0,13.0,0.0,0.0,c_kam_move_only,0.9999999999999994,move_only,0.737675764950815,0.5685540373416309,,A1,8.0,64.0,0.0,8.0,1.1681519991679767,14.383832101727677,8.540177112501205e-17,0.06311506415303984,0.8359224403860442,0.7402105306112367,78.07969135290477,1.708035422500241e-17,0.1996168950363455,0.1996168950363455,1.2049914733103344,0.5422156546440347,1.5228191716821586,0.0,0.08224563457916419,5.124106267500723e-17,0.17736243673264837,0.17736243673264837,0.9495695098029648,0.9999999999999994,0.0,c_kam,13.0,3.108624468950435e-16,0.14444444444444443,0.0,enterprise,3025,0.0,200.0,38738.0,12240.0,6480.0,15615.938270580955,13.0,90.0,0.0,9.977932009178263,16.06442165002227,,move_only,
6.0,6.0,0.0,0.0,c_kam_move_merge,1.0000000000000002,move_merge,0.5371965806843778,0.39355692144396887,,A1,8.0,64.0,0.0,2.0,1.2626047805790015,14.383832101727677,7.401486830834377e-17,0.04908152125438924,0.6013106208632378,0.36874181636679326,18.519119810662232,7.401486830834377e-17,0.12779365776921617,0.12779365776921617,1.083252211622145,0.7855307777753997,1.4737199840946604,0.0,0.062691536257169,7.401486830834377e-17,0.1136184331869103,0.1136184331869103,0.9618193079158011,1.0000000000000002,6.0,c_kam,0.0,2.220446049250313e-16,0.06666666666666667,0.0,enterprise,3025,0.0,200.0,9675.0,6175.0,5995.0,3703.8239621324465,0.0,90.0,0.0,3.0,4.132739578024484,,move_merge,
13.0,13.0,0.0,0.0,c_kam_move_split,0.9999999999999994,move_split,0.737675764950815,0.5685540373416309,,A1,8.0,64.0,0.0,8.0,1.1681519991679767,14.383832101727677,8.540177112501205e-17,0.06311506415303984,0.8359224403860442,0.7402105306112367,81.32355456851656,1.708035422500241e-17,0.1996168950363455,0.1996168950363455,1.2049914733103344,0.5422156546440347,1.5228191716821586,0.0,0.08224563457916419,5.124106267500723e-17,0.17736243673264837,0.17736243673264837,0.9495695098029648,0.9999999999999994,0.0,c_kam,13.0,3.108624468950435e-16,0.14444444444444443,0.0,enterprise,3025,0.0,200.0,39148.0,12240.0,6480.0,16264.710913703311,13.0,90.0,0.0,9.977932009178263,16.74194705800619,,move_split,
15.0,15.0,0.0,0.0,c_kam_move_only,0.993782520596371,move_only,10.253686927184129,5.958379962283158,,A1,8.0,64.0,23.214222272226298,8.0,284.4483825509563,24.839341152644337,0.0,0.7213430579164836,0.8436943034105915,0.7525159804001033,84.3401817875565,0.0,3.4019911298942906,3.4019911298942906,49.11586985947819,0.5424227101972983,158.4802370893672,0.0,42.99681174504556,0.0,3.3646118899721973,3.3646118899721973,0.5790298467934991,0.993782520596371,0.0,c_kam,15.0,0.0,0.16666666666666666,0.0,enterprise,3026,0.0,200.0,39662.0,12240.0,6480.0,16868.0363575113,15.0,90.0,0.0,11.013744673828398,17.357398520980496,,move_only,
6.0,6.0,0.0,0.0,c_kam_move_merge,0.9999999999999996,move_merge,0.16895005822081705,0.1746730206456387,,A1,8.0,64.0,0.0,4.0,1.2553468339819696,4.3592159998893685,3.700743415417188e-17,0.015411477089051788,0.7571800288662394,0.6155350457048792,54.236830073350575,-3.700743415417188e-17,0.18206787922958065,0.18206787922958065,1.4524299400193486,0.6540724407318135,1.4237529989996827,0.0,0.04312936116039383,0.0,0.17588783001258826,0.17588783001258826,0.9838893327081254,0.9999999999999996,4.0,c_kam,2.0,0.0,0.06666666666666667,0.0,enterprise,3026,0.0,200.0,24483.0,9483.0,6224.0,10847.366014670115,2.0,90.0,0.0,3.5975548107261153,11.314741214970127,,move_merge,
48.0,48.0,0.0,0.0,c_kam_move_split,0.9936465687880892,move_split,10.757604140895012,6.0946033466878005,,A1,8.0,64.0,23.721825963509037,13.0,292.7171124398822,26.010902249803735,2.7385501274087196e-15,0.7566172628762453,0.8795306769022219,0.8092569050951844,132.3423831362743,-3.7007434154171886e-16,2.9559751575576905,2.9559751575576905,49.625397621169355,0.46490564956638214,161.56588457111832,0.0,43.995534815156795,1.1842378929335002e-15,3.3172077314195554,3.3172077314195554,0.5694942098851741,0.9936465687880892,0.0,c_kam,43.0,0.0,0.5333333333333333,0.0,enterprise,3026,5.0,200.0,58928.0,12568.0,6808.0,26468.47662725486,43.0,90.0,0.0,36.300620842473535,26.951031724980567,,move_split,
12.0,12.0,0.0,0.0,c_kam_move_only,0.9999908487453762,move_only,1.1266685954002431,0.7219586810479593,,A1,8.0,64.0,0.0324949227612481,8.0,1.135772404710118,20.62760661479745,1.8503717077085943e-16,0.09746818294891277,0.830757821838816,0.7320332179114587,83.07132177636959,1.1102230246251565e-16,0.2414160329585041,0.2414160329585041,1.4000081590761388,0.529400798117821,2.1447928733404247,0.0,0.24880596895819562,1.4802973661668753e-16,0.19384590569472895,0.19384590569472895,0.9339353818172055,0.9999908487453762,0.0,c_kam,12.0,7.993605777301114e-16,0.13333333333333333,0.0,enterprise,3027,0.0,200.0,39060.0,12240.0,6480.0,16614.264355273917,12.0,90.0,0.0,9.041760455457569,17.102800046035554,,move_only,
6.0,6.0,0.0,0.0,c_kam_move_merge,1.0,move_merge,1.0150340381855618,0.6241152016704546,,A1,8.0,64.0,0.0,2.0,1.2069444019127573,20.451599069212072,2.9605947323337506e-16,0.08965376394388508,0.4398005235068036,0.11301749555243903,13.496337181713898,-2.9605947323337506e-16,0.1302354184243651,0.1302354184243651,1.2452644384739588,0.9119760882884964,2.0847286965719167,0.0,0.22527629181130807,0.0,0.12193738775947763,0.12193738775947763,0.9407844253736306,1.0,6.0,c_kam,0.0,0.0,0.06666666666666667,0.0,enterprise,3027,0.0,200.0,6965.0,6256.0,5955.0,2699.2674363427795,0.0,90.0,0.0,3.0,3.139091503981035,,move_merge,
12.0,12.0,0.0,0.0,c_kam_move_split,0.9999908487453762,move_split,1.1266685954002431,0.7219586810479593,,A1,8.0,64.0,0.0324949227612481,8.0,1.135772404710118,20.62760661479745,1.8503717077085943e-16,0.09746818294891277,0.830757821838816,0.7320332179114587,82.01453143643448,1.1102230246251565e-16,0.2414160329585041,0.2414160329585041,1.4000081590761388,0.529400798117821,2.1447928733404247,0.0,0.24880596895819562,1.4802973661668753e-16,0.19384590569472895,0.19384590569472895,0.9339353818172055,0.9999908487453762,0.0,c_kam,12.0,7.993605777301114e-16,0.13333333333333333,0.0,enterprise,3027,0.0,200.0,39507.0,12240.0,6480.0,16402.906287286896,12.0,90.0,0.0,9.041760455457569,16.845190396998078,,move_split,
11.0,11.0,0.0,0.0,c_kam_move_only,1.0,move_only,0.776182588411842,0.6004297720739004,,A1,8.0,64.0,0.0,8.0,1.056606774371888,12.921056565918303,1.2111523905001707e-16,0.06577168527814826,0.8314674638932331,0.7331568178309523,81.85178163897945,1.2111523905001707e-16,0.19161611400496142,0.19161611400496142,1.3448602633917395,0.5186502813898413,1.6093991038786482,0.0,0.11601183470398971,1.2111523905001707e-16,0.18396149678256013,0.18396149678256013,0.9472307595853715,1.0,0.0,c_kam,11.0,6.661338147750939e-16,0.12222222222222222,0.0,enterprise,3028,0.0,200.0,40320.0,12240.0,6480.0,16370.35632779589,11.0,90.0,0.0,8.177472468707615,16.81220601295354,,move_only,
7.0,7.0,0.0,0.0,c_kam_move_merge,1.0,move_merge,0.6082774167464475,0.43416531366547434,,A1,8.0,64.0,0.0,3.0,1.1898201903856584,13.326991237798966,6.344131569286608e-17,0.05401832326157066,0.6434838560065888,0.43551610534376567,27.24287261022255,-6.344131569286608e-17,0.1464489379829395,0.1464489379829395,1.147612575540782,0.7551453926307814,1.5927607276846831,0.0,0.09181335687817581,0.0,0.11106197378438382,0.11106197378438382,0.9588692716739614,1.0,5.0,c_kam,2.0,0.0,0.07777777777777778,0.0,enterprise,3028,0.0,200.0,13219.0,11806.0,6046.0,5448.57452204451,2.0,90.0,0.0,3.869162574326757,5.893661679991055,,move_merge,
11.0,11.0,0.0,0.0,c_kam_move_split,1.0,move_split,0.776182588411842,0.6004297720739004,,A1,8.0,64.0,0.0,8.0,1.056606774371888,12.921056565918303,1.2111523905001707e-16,0.06577168527814826,0.8314674638932331,0.7331568178309523,83.44898555078544,1.2111523905001707e-16,0.19161611400496142,0.19161611400496142,1.3448602633917395,0.5186502813898413,1.6093991038786482,0.0,0.11601183470398971,1.2111523905001707e-16,0.18396149678256013,0.18396149678256013,0.9472307595853715,1.0,0.0,c_kam,11.0,6.661338147750939e-16,0.12222222222222222,0.0,enterprise,3028,0.0,200.0,40683.0,12240.0,6480.0,16689.797110157087,11.0,90.0,0.0,8.177472468707615,17.14838205697015,,move_split,
13.0,13.0,0.0,0.0,c_kam_move_only,0.9973051789285005,move_only,1.8939208360774926,1.6586090390097705,,A1,8.0,64.0,9.927614937855772,8.0,29.31578095606396,9.927614937855772,2.391249591500337e-16,0.13646879331852385,0.8341736240676997,0.7374415714405244,76.66720616340172,1.708035422500241e-16,0.7505467939784987,0.7505467939784987,4.957772409551791,0.5369041694632032,5.901812703944532,0.0,1.152552765373973,2.049642507000289e-16,0.6683586454738265,0.6683586454738265,0.8797557171160318,0.9973051789285005,0.0,c_kam,13.0,1.243449787580174e-15,0.14444444444444443,0.0,enterprise,3029,0.0,200.0,37870.0,12240.0,6480.0,15333.441232680343,13.0,90.0,0.0,9.82148561699941,15.807226245000493,,move_only,
7.0,7.0,0.0,0.0,c_kam_move_merge,1.0000000000000002,move_merge,0.1877956594034367,0.17844422638749968,,A1,8.0,64.0,0.0,2.0,1.2425727397567699,6.09676315399748,1.9032394707859825e-16,0.01704003095133994,0.6708680745370063,0.47887445135025986,31.296132876595948,6.344131569286608e-17,0.12272439603610877,0.12272439603610877,1.0289617502381823,0.7234379019413487,1.268656333730081,0.0,0.011935194737958678,1.2688263138573217e-16,0.09045878753123848,0.09045878753123848,0.9833672539995908,1.0000000000000002,6.0,c_kam,1.0,3.7747582837255307e-16,0.07777777777777778,0.0,enterprise,3029,0.0,200.0,15418.0,7849.0,6084.0,6259.22657531919,1.0,90.0,0.0,3.829777358508971,6.728335425956175,,move_merge,
20.0,20.0,0.0,0.0,c_kam_move_split,0.9967923236024157,move_split,1.9879355665741127,1.7145806092021716,,A1,8.0,64.0,11.816953807157098,13.0,29.645744433461456,11.816953807157098,1.1102230246251565e-16,0.1430498244532873,0.841293144617452,0.7487141456442992,87.76608504500473,6.661338147750939e-17,0.6964953995408726,0.6964953995408726,4.985750241165398,0.5089201375635316,5.895213279789061,0.0,1.1717495964410534,8.881784197001253e-17,0.6643307493989511,0.6643307493989511,0.8758377072025638,0.9967923236024157,0.0,c_kam,15.0,8.881784197001379e-17,0.2222222222222222,0.0,enterprise,3029,5.0,200.0,44100.0,12337.0,6577.0,17553.217009000946,15.0,90.0,0.0,13.721470418876915,18.0242784889997,,move_split,
12.0,12.0,0.0,0.0,c_kam_move_only,0.9999999999999999,move_only,0.49144676352062666,0.4299753715491101,,A1,8.0,64.0,0.0,8.0,1.136130625152786,8.839346380862034,9.251858538542972e-17,0.040705147117270614,0.8695563193186402,0.7934641722545136,80.93217210611328,1.850371707708594e-17,0.19553351619719297,0.19553351619719297,1.2075025487413038,0.5127294621194565,1.400296989478035,0.0,0.05161635491744453,5.551115123125783e-17,0.16616287940241037,0.16616287940241037,0.963394000929463,0.9999999999999999,0.0,c_kam,12.0,2.220446049250313e-16,0.13333333333333333,0.0,enterprise,3030,0.0,200.0,40320.0,12240.0,6480.0,16186.434421222657,12.0,90.0,0.0,8.855451316038799,16.65633731195703,,move_only,
7.0,7.0,0.0,0.0,c_kam_move_merge,0.9999999999999998,move_merge,0.40073820713791886,0.32637639013782743,,A1,8.0,64.0,0.0,3.0,1.1841148510940296,9.134141367183265,2.220446049250313e-16,0.03435554817048107,0.6190857898692795,0.39688583395969274,33.88445116230287,3.172065784643304e-17,0.13267977170957848,0.13267977170957848,1.085871648553246,0.7517116211182704,1.3942651284082987,0.0,0.04519675083437433,1.2688263138573217e-16,0.13101387039122905,0.13101387039122905,0.9706459296282529,0.9999999999999998,5.0,c_kam,2.0,6.21724893790087e-16,0.07777777777777778,0.0,enterprise,3030,0.0,200.0,17237.0,7586.0,6106.0,6776.890232460573,2.0,90.0,0.0,3.730700831010358,7.248995846952312,,move_merge,
12.0,12.0,0.0,0.0,c_kam_move_split,0.9999999999999999,move_split,0.49144676352062666,0.4299753715491101,,A1,8.0,64.0,0.0,8.0,1.136130625152786,8.839346380862034,9.251858538542972e-17,0.040705147117270614,0.8695563193186402,0.7934641722545136,83.86992044223007,1.850371707708594e-17,0.19553351619719297,0.19553351619719297,1.2075025487413038,0.5127294621194565,1.400296989478035,0.0,0.05161635491744453,5.551115123125783e-17,0.16616287940241037,0.16616287940241037,0.963394000929463,0.9999999999999999,0.0,c_kam,12.0,2.220446049250313e-16,0.13333333333333333,0.0,enterprise,3030,0.0,200.0,40755.0,12240.0,6480.0,16773.984088446014,12.0,90.0,0.0,8.855451316038799,17.245862238982227,,move_split,
87.0,87.0,0.0,0.0,c_kam_move_only,0.9999999999999999,move_only,18.131795248357616,5.263426248831436,,A1,8.0,64.0,0.0,8.0,1.0372913720404753,262.05065511432804,1.2250736823450004e-15,1.5744106299690779,0.7698527104487525,0.7436478210444024,36.11604258650914,-4.185668414678751e-16,0.36208761900573405,0.36208761900573405,4.76403559749256,0.5098409553323648,32.46942879605379,0.0,8.693567582135907,4.032534204385626e-16,0.34547459674752445,0.34547459674752445,0.5336089473520138,0.9999999999999999,0.0,c_kam,87.0,8.881784197001252e-16,0.9666666666666667,0.0,hpc,3001,0.0,200.0,40320.0,12240.0,6480.0,7223.208517301828,87.0,90.0,0.0,78.71595824769506,7.56149033998372,,move_only,
33.0,33.0,0.0,0.0,c_kam_move_merge,0.9999999999999999,move_merge,15.740194957679524,4.259545657626308,,A1,8.0,64.0,0.0,2.0,1.082786379708707,255.63773925408535,1.3457248783335231e-17,1.3711246052614408,0.39860821842943034,0.33013291656743476,5.89180622191634,0.0,0.18086515002682585,0.18086515002682585,3.469166252552422,0.7928297507013324,24.902137861805844,0.0,6.618537392036094,6.7286243916676156e-18,0.1843292209591489,0.1843292209591489,0.6189387976044496,0.9999999999999999,6.0,c_kam,27.0,0.0,0.36666666666666664,0.0,hpc,3001,0.0,200.0,7187.0,6111.0,5955.0,1178.361244383268,27.0,90.0,0.0,25.616874606816925,1.4935000959667377,,move_merge,
90.0,90.0,0.0,0.0,c_kam_move_split,0.9999897253290022,move_split,18.419296430751775,5.469015770220296,,A1,8.0,64.0,0.11966224910629458,9.0,1.0329688322503578,262.05065511432804,1.2385154630262857e-15,1.5988482304725817,0.7783283319095634,0.7530884885131275,41.863241636310704,-3.20731096002823e-16,0.3742573462304605,0.3742573462304605,4.875120080902658,0.4940940096194818,32.574460881677396,0.0,8.72223647515022,4.588921835117314e-16,0.3657304892958721,0.3657304892958721,0.5161338380339606,0.9999897253290022,0.0,c_kam,89.0,1.7763568394002505e-15,1.0,0.0,hpc,3001,1.0,200.0,44718.0,12306.0,6546.0,8372.64832726214,89.0,90.0,0.0,82.73490856567291,8.720208933984395,,move_split,
82.0,82.0,0.0,0.0,c_kam_move_only,0.9995154928025566,move_only,12.174167070361323,4.16638642107729,,A1,8.0,64.0,6.033960952777015,8.0,1.1408155151467934,232.22731174796348,8.610998093434141e-16,1.0649117680208477,0.8055247258769108,0.7833815015955687,33.865295399155,-3.845162670652981e-16,0.2637263051170601,0.2637263051170601,3.338951513980233,0.5035309443462417,15.859112670900355,0.0,4.080243293717908,2.38291771139058e-16,0.2577105941639354,0.2577105941639354,0.6278865004219553,0.9995154928025566,0.0,c_kam,82.0,8.881784197001252e-16,0.9111111111111111,0.0,hpc,3002,0.0,200.0,40320.0,12240.0,6480.0,6773.059079831,82.0,90.0,0.0,85.00699909427395,7.077663682983257,,move_only,
33.0,33.0,0.0,0.0,c_kam_move_merge,0.9996327919928676,move_merge,10.681384107429148,3.4777447010921128,,A1,8.0,64.0,4.573139033382619,2.0,1.0090585996497112,230.53132141982775,9.420074148334662e-17,0.9380252161716126,0.3031027780716016,0.22375309438668484,5.911815110011958,4.0371746350005693e-17,0.1573053942043952,0.1573053942043952,2.7406499053026825,0.7975879111930325,13.644636606257695,0.0,3.4974975915173605,6.728624391667616e-17,0.16226175071558838,0.16226175071558838,0.6864210466206953,0.9996327919928676,6.0,c_kam,27.0,1.5543122344752176e-16,0.36666666666666664,0.0,hpc,3002,0.0,200.0,7254.0,6123.0,5956.0,1182.3630220023915,27.0,90.0,0.0,27.096216712059224,1.469805250002537,,move_merge,
83.0,83.0,0.0,0.0,c_kam_move_split,0.9993982722020706,move_split,12.242085357163548,4.2224046656073675,,A1,8.0,64.0,7.4938041293624025,10.0,1.1752467313371813,232.22731174796348,8.373489318257204e-16,1.0706848223990364,0.8099245682052251,0.7882823160701763,37.795328840147704,-3.7720830475216163e-16,0.2652672702605123,0.2652672702605123,3.3673605400713815,0.49698225842664184,15.86781031309967,0.0,4.083319788943441,2.3007031353677943e-16,0.26303763665498026,0.26303763665498026,0.6231249496368986,0.9993982722020706,0.0,c_kam,81.0,8.881784197001252e-16,0.9222222222222223,0.0,hpc,3002,2.0,200.0,42740.0,12274.0,6514.0,7559.065768029541,81.0,90.0,0.0,84.46755250821042,7.8641425729729235,,move_split,
85.0,85.0,0.0,0.0,c_kam_move_only,0.9968440546109963,move_only,6.69734199788283,3.893808275930263,,A1,8.0,64.0,39.0223143707041,8.0,4.221828253747461,104.80492101126792,1.6065580238693441e-16,0.5845208592192498,0.6893023489585914,0.6539258837410051,34.29613825632259,1.959217102279688e-17,0.3976323975536523,0.3976323975536523,2.6038800743650667,0.5060397653012834,4.883302632053055,0.0,0.9979310358187387,9.012398670486565e-17,0.3651601732397585,0.3651601732397585,0.6575387056316715,0.9968440546109963,0.0,c_kam,85.0,8.881784197001252e-16,0.9444444444444444,0.0,hpc,3003,0.0,200.0,40320.0,12240.0,6480.0,6859.2276512645185,85.0,90.0,0.0,80.62403259052704,7.151559600024484,,move_only,
28.0,28.0,0.0,0.0,c_kam_move_merge,0.9999999999999999,move_merge,3.1310678004747534,1.6007899821239844,,A1,8.0,64.0,0.0,2.0,1.0078204858048085,103.93247772714594,4.7580986769649563e-17,0.2813875524395632,0.36772224160869676,0.29573021961364737,6.200079382979311,1.586032892321652e-17,0.11714046930014858,0.11714046930014858,1.6387183605557056,0.7922992249901487,3.234775428316019,0.0,0.5936763287111492,3.172065784643304e-17,0.13478737767874804,0.13478737767874804,0.8524452606052051,0.9999999999999999,6.0,c_kam,22.0,2.220446049250313e-16,0.3111111111111111,0.0,hpc,3003,0.0,200.0,8125.0,6274.0,5969.0,1240.0158765958622,22.0,90.0,0.0,24.81469590125531,1.5339371290174313,,move_merge,
90.0,90.0,0.0,0.0,c_kam_move_split,0.9982721309102848,move_split,7.1188973203687205,4.079641812303028,,A1,8.0,64.0,21.364580973188055,9.0,2.7809908553402702,104.80492101126792,1.5789838572446671e-16,0.6203530616305504,0.6908363066975101,0.6556345000343553,38.5338028910337,6.908054375445419e-17,0.39585091927080085,0.39585091927080085,2.7596102404085707,0.4974891442114124,5.142767732391774,0.0,1.0727709631120768,1.1348946473946044e-16,0.37482363265766006,0.37482363265766006,0.6417428550399866,0.9982721309102848,0.0,c_kam,89.0,8.881784197001252e-16,1.0,0.0,hpc,3003,1.0,200.0,43761.0,12293.0,6533.0,7706.76057820674,89.0,90.0,0.0,85.52484928694707,8.005496356985532,,move_split,
89.0,89.0,0.0,0.0,c_kam_move_only,0.999890857137763,move_only,17.952514986598857,5.543196772100095,,A1,8.0,64.0,1.3694476752791895,8.0,1.0593193953572737,279.06617837672235,7.035570627961667e-16,1.5598390192164073,0.7794929683258681,0.7543857320461401,34.17507959500654,4.989766402809692e-18,0.4325162096569213,0.4325162096569213,5.230800176509327,0.5090020183044561,33.20397146293073,0.0,8.877432172636874,3.5427341459948813e-16,0.3985325436582532,0.3985325436582532,0.5092397581097685,0.999890857137763,0.0,c_kam,89.0,8.881784197001252e-16,0.9888888888888889,0.0,hpc,3004,0.0,200.0,40320.0,12240.0,6480.0,6835.015919001307,89.0,90.0,0.0,89.75266089162264,7.135733209957834,,move_only,
30.0,30.0,0.0,0.0,c_kam_move_merge,0.9999999999999991,move_merge,15.406886229101799,4.214250159440395,,A1,8.0,64.0,0.0,2.0,1.017552866278547,280.288993108348,5.921189464667501e-17,1.343460574829157,0.36438955783053417,0.29201807184094153,5.457128807902336,-1.4802973661668754e-17,0.2374107712980254,0.2374107712980254,4.003543272974082,0.8195416468945015,28.40885870517614,0.0,7.579913818540185,2.2204460492503132e-17,0.23305275668370257,0.23305275668370257,0.622200220185843,0.9999999999999991,6.0,c_kam,24.0,2.220446049250313e-16,0.3333333333333333,0.0,hpc,3004,0.0,200.0,7187.0,7517.0,5955.0,1091.4257615804672,24.0,90.0,0.0,25.147566098551263,1.382123182003852,,move_merge,
89.0,89.0,0.0,0.0,c_kam_move_split,0.999890857137763,move_split,17.952514986598857,5.543196772100095,,A1,8.0,64.0,1.3694476752791895,8.0,1.0593193953572737,279.06617837672235,7.035570627961667e-16,1.5598390192164073,0.7794929683258681,0.7543857320461401,35.63578522531316,4.989766402809692e-18,0.4325162096569213,0.4325162096569213,5.230800176509327,0.5090020183044561,33.20397146293073,0.0,8.877432172636874,3.5427341459948813e-16,0.3985325436582532,0.3985325436582532,0.5092397581097685,0.999890857137763,0.0,c_kam,89.0,8.881784197001252e-16,0.9888888888888889,0.0,hpc,3004,0.0,200.0,40704.0,12240.0,6480.0,7127.157045062631,89.0,90.0,0.0,89.75266089162264,7.441557019948959,,move_split,
90.0,90.0,0.0,0.0,c_kam_move_only,0.9993888547998173,move_only,8.962975974144548,3.9703111094457353,,A1,8.0,64.0,7.672982614283706,8.0,1.3501173305404333,167.24758000502112,3.848773152033876e-16,0.7816821621225614,0.737353073989249,0.7074477309286189,34.104060899990145,7.894919286223336e-17,0.35969719308968506,0.35969719308968506,3.0490387041936953,0.5091214965662197,9.58952673651196,0.0,2.313099919197224,2.319132540328105e-16,0.32066337816811324,0.32066337816811324,0.6486517042985107,0.9993888547998173,0.0,c_kam,90.0,1.7763568394002505e-15,1.0,0.0,hpc,3005,0.0,200.0,40264.0,12240.0,6480.0,6820.812179998029,90.0,90.0,0.0,85.7393325787291,7.117793084005825,,move_only,
35.0,35.0,0.0,0.0,c_kam_move_merge,0.9998668626937662,move_merge,6.636939602867004,2.642690839964228,,A1,8.0,64.0,1.6715507799767826,2.0,1.0527221351582234,167.13117086620517,1.2053849981644556e-16,0.5839690705639704,0.41708260661275287,0.3507108241973733,6.2674569300725125,5.709718412357947e-17,0.1583504224078454,0.1583504224078454,2.1980890137555793,0.7888714965929081,7.221966832613305,0.0,1.6877461084659626,8.881784197001253e-17,0.14970634791194593,0.14970634791194593,0.7614994272044388,0.9998668626937662,6.0,c_kam,29.0,2.220446049250313e-16,0.3888888888888889,0.0,hpc,3005,0.0,200.0,7589.0,11721.0,5961.0,1253.4913860145025,29.0,90.0,0.0,29.171606674723638,1.5363700430025347,,move_merge,
90.0,90.0,0.0,0.0,c_kam_move_split,0.9993888547998173,move_split,8.962975974144548,3.9703111094457353,,A1,8.0,64.0,7.672982614283706,8.0,1.3501173305404333,167.24758000502112,3.848773152033876e-16,0.7816821621225614,0.737353073989249,0.7074477309286189,34.10629680467537,7.894919286223336e-17,0.35969719308968506,0.35969719308968506,3.0490387041936953,0.5091214965662197,9.58952673651196,0.0,2.313099919197224,2.319132540328105e-16,0.32066337816811324,0.32066337816811324,0.6486517042985107,0.9993888547998173,0.0,c_kam,90.0,1.7763568394002505e-15,1.0,0.0,hpc,3005,0.0,200.0,40614.0,12240.0,6480.0,6821.259360935073,90.0,90.0,0.0,85.7393325787291,7.1145045990124345,,move_split,
80.0,80.0,0.0,0.0,c_kam_move_only,0.9993467485268355,move_only,10.224662300931543,3.6593471861924987,,A1,8.0,64.0,8.118260051866098,8.0,1.3282752531005568,218.08154216121596,8.992806499463768e-16,0.8977884002184474,0.7341823995222834,0.7039160390718502,33.51591674465453,-2.498001805406602e-16,0.3637915597508241,0.3637915597508241,4.231741367371658,0.5080392528802407,22.930297433901373,0.0,6.036803620808241,3.2474023470285827e-16,0.3713093541752457,0.3713093541752457,0.6710625468640589,0.9993467485268355,0.0,c_kam,80.0,4.662936703425645e-16,0.8888888888888888,0.0,hpc,3006,0.0,200.0,40320.0,12240.0,6480.0,6703.1833489309065,80.0,90.0,0.0,73.08468344278803,6.995396526006516,,move_only,
35.0,35.0,0.0,0.0,c_kam_move_merge,0.9999999999999997,move_merge,8.717398133414852,2.884635216756858,,A1,8.0,64.0,0.0,2.0,1.0427283916145471,212.8622397212198,3.8064789415719653e-17,0.7696709459795287,0.40469456007477866,0.33691225750903564,5.317286065837834,1.2688263138573217e-17,0.18571385104827237,0.18571385104827237,2.8051240915376834,0.7936233944455047,14.67388045738589,0.0,3.7608459123624347,2.5376526277146434e-17,0.19514799980474584,0.19514799980474584,0.7369130642660884,0.9999999999999997,6.0,c_kam,29.0,2.220446049250313e-16,0.3888888888888889,0.0,hpc,3006,0.0,200.0,7187.0,6068.0,5955.0,1063.4572131675668,29.0,90.0,0.0,29.12512991670798,1.3517759519745596,,move_merge,
80.0,80.0,0.0,0.0,c_kam_move_split,0.9993467485268355,move_split,10.224662300931543,3.6593471861924987,,A1,8.0,64.0,8.118260051866098,8.0,1.3282752531005568,218.08154216121596,8.992806499463768e-16,0.8977884002184474,0.7341823995222834,0.7039160390718502,34.40992075600661,-2.498001805406602e-16,0.3637915597508241,0.3637915597508241,4.231741367371658,0.5080392528802407,22.930297433901373,0.0,6.036803620808241,3.2474023470285827e-16,0.3713093541752457,0.3713093541752457,0.6710625468640589,0.9993467485268355,0.0,c_kam,80.0,4.662936703425645e-16,0.8888888888888888,0.0,hpc,3006,0.0,200.0,40722.0,12240.0,6480.0,6881.984151201323,80.0,90.0,0.0,73.08468344278803,7.184920974017587,,move_split,
88.0,88.0,0.0,0.0,c_kam_move_only,0.9997015392229127,move_only,20.168370443845397,5.173551254941504,,A1,8.0,64.0,3.6368814692134164,8.0,1.0962957470220438,332.2273798703619,2.275957200481571e-15,1.7594391530693256,0.7490971421552568,0.7205289949749148,34.58924850245239,8.881784197001252e-16,0.31683652231499904,0.31683652231499904,4.807147149513528,0.5073087080097758,36.689477672166845,0.0,9.888051528782658,1.582067810090848e-15,0.30742784207855184,0.30742784207855184,0.537741304262352,0.9997015392229127,0.0,c_kam,88.0,1.4210854715202004e-14,0.9777777777777777,0.0,hpc,3007,0.0,200.0,40306.0,12240.0,6480.0,6917.849700490478,88.0,90.0,0.0,89.99593198803332,7.221614181005862,,move_only,
38.0,38.0,0.0,0.0,c_kam_move_merge,0.9999553610051559,move_merge,18.26635351306454,4.539923309513799,,A1,8.0,64.0,0.5439466275531628,2.0,1.088643798411288,331.53803717909966,5.258951169277057e-17,1.5977677139529534,0.3464869790690177,0.27207708064618313,5.668852143280674,-1.7529837230923523e-17,0.20631589276231987,0.20631589276231987,3.85229479452752,0.8107231588927342,30.814824101408455,0.0,8.265251768169781,1.7529837230923523e-17,0.1952750535803266,0.1952750535803266,0.5915996796237067,0.9999553610051559,6.0,c_kam,32.0,3.330669073875438e-17,0.4222222222222222,0.0,hpc,3007,0.0,200.0,7307.0,6122.0,5957.0,1133.7704286561348,32.0,90.0,0.0,35.05618538904882,1.4149411070393398,,move_merge,
88.0,88.0,0.0,0.0,c_kam_move_split,0.9997015392229127,move_split,20.168370443845397,5.173551254941504,,A1,8.0,64.0,3.6368814692134164,8.0,1.0962957470220438,332.2273798703619,2.275957200481571e-15,1.7594391530693256,0.7490971421552568,0.7205289949749148,35.50903968367493,8.881784197001252e-16,0.31683652231499904,0.31683652231499904,4.807147149513528,0.5073087080097758,36.689477672166845,0.0,9.888051528782658,1.582067810090848e-15,0.30742784207855184,0.30742784207855184,0.537741304262352,0.9997015392229127,0.0,c_kam,88.0,1.4210854715202004e-14,0.9777777777777777,0.0,hpc,3007,0.0,200.0,40744.0,12240.0,6480.0,7101.807936734986,88.0,90.0,0.0,89.99593198803332,7.412382802984212,,move_split,
82.0,82.0,0.0,0.0,c_kam_move_only,0.9999596635272049,move_only,5.546481326008672,2.735797304360181,,A1,8.0,64.0,0.5012368359580637,8.0,1.0708662351919935,150.80376067760167,2.0579743871100464e-16,0.48928423621237516,0.785477270454987,0.7610514151107529,34.671656749851536,7.582010899879118e-17,0.316364916268688,0.316364916268688,2.7778042387899817,0.5053620028691374,7.548696628573278,0.0,1.7486301734081064,1.408087738548979e-16,0.31998588625182284,0.31998588625182284,0.7544066091524507,0.9999596635272049,0.0,c_kam,82.0,2.220446049250313e-16,0.9111111111111111,0.0,hpc,3008,0.0,200.0,40320.0,12240.0,6480.0,6934.331349970307,82.0,90.0,0.0,74.7082371193617,7.250168255006429,,move_only,
39.0,39.0,0.0,0.0,c_kam_move_merge,1.0000000000000002,move_merge,4.520186444032121,1.9536359289262768,,A1,8.0,64.0,0.0,2.0,1.10359654276191,150.3342982014289,4.554761126667309e-17,0.4020491712443682,0.44032242201003596,0.3765967571893965,5.754527561657596,3.416070845000482e-17,0.19077565982259642,0.19077565982259642,2.1559481753729317,0.7985583776139977,6.502861025621525,0.0,1.4712886367429427,3.985415985833895e-17,0.1992307494685524,0.1992307494685524,0.8208903260643327,1.0000000000000002,6.0,c_kam,33.0,2.220446049250313e-16,0.43333333333333335,0.0,hpc,3008,0.0,200.0,7388.0,6141.0,5958.0,1150.9055123315193,33.0,90.0,0.0,33.438737944432894,1.4301224799710326,,move_merge,
82.0,82.0,0.0,0.0,c_kam_move_split,0.9999596635272049,move_split,5.546481326008672,2.735797304360181,,A1,8.0,64.0,0.5012368359580637,8.0,1.0708662351919935,150.80376067760167,2.0579743871100464e-16,0.48928423621237516,0.785477270454987,0.7610514151107529,34.42368239921052,7.582010899879118e-17,0.316364916268688,0.316364916268688,2.7778042387899817,0.5053620028691374,7.548696628573278,0.0,1.7486301734081064,1.408087738548979e-16,0.31998588625182284,0.31998588625182284,0.7544066091524507,0.9999596635272049,0.0,c_kam,82.0,2.220446049250313e-16,0.9111111111111111,0.0,hpc,3008,0.0,200.0,40653.0,12240.0,6480.0,6884.736479842104,82.0,90.0,0.0,74.7082371193617,7.20385545300087,,move_split,
82.0,82.0,0.0,0.0,c_kam_move_only,0.9999999999999999,move_only,5.526301250132098,2.7589337213377894,,A1,8.0,64.0,0.0,8.0,1.0337136454381677,135.48307284704163,1.8684241146130683e-16,0.4873927588646495,0.7453833796838879,0.7163923783607662,34.58601176913362,-8.12358310701334e-18,0.30790787459168656,0.30790787459168656,2.4348127779207718,0.5050292085081999,6.69820213705873,0.0,1.5200669587341238,8.935941417714675e-17,0.2903246838277392,0.2903246838277392,0.7524460717406223,0.9999999999999999,0.0,c_kam,82.0,2.220446049250313e-16,0.9111111111111111,0.0,hpc,3009,0.0,200.0,40320.0,12240.0,6480.0,6917.202353826724,82.0,90.0,0.0,76.85316393475811,7.213727848022245,,move_only,
26.0,26.0,0.0,0.0,c_kam_move_merge,0.9999999999999992,move_merge,4.2875743713864,1.8174839346051541,,A1,8.0,64.0,0.0,2.0,1.0406979873545135,135.02806044229445,5.124106267500723e-17,0.3821009741712652,0.3069281358259916,0.2280140126774659,6.473088311031461,0.0,0.15461295909086206,0.15461295909086206,1.906811268954221,0.8365045032299355,5.639063277751542,0.0,1.252570112984689,2.5620531337503614e-17,0.19562954416221473,0.19562954416221473,0.8324693036128963,0.9999999999999992,6.0,c_kam,20.0,2.220446049250313e-16,0.28888888888888886,0.0,hpc,3009,0.0,200.0,8661.0,6733.0,5977.0,1294.6176622062922,20.0,90.0,0.0,22.001791551324384,1.5791328399791382,,move_merge,
85.0,85.0,0.0,0.0,c_kam_move_split,0.9990276812635844,move_split,5.9357276560404175,3.0757384979356,,A1,8.0,64.0,11.164028450548123,9.0,1.4329464867778299,135.48307284704163,1.7241110500061255e-16,0.5221940033668566,0.7516712246050338,0.7233961660204584,36.441214585502166,1.0449157878825003e-17,0.33692108729772585,0.33692108729772585,2.5326141680555985,0.4998885186092258,6.816413518546519,0.0,1.545112757370505,9.143013143971877e-17,0.3189382530878287,0.3189382530878287,0.7255176657298084,0.9990276812635844,0.0,c_kam,84.0,2.220446049250313e-16,0.9444444444444444,0.0,hpc,3009,1.0,200.0,42191.0,12264.0,6504.0,7288.242917100433,84.0,90.0,0.0,83.87045408255696,7.634589747991413,,move_split,
89.0,89.0,0.0,0.0,c_kam_move_only,0.9997913764726816,move_only,14.522207413183514,4.839699407312896,,A1,8.0,64.0,2.693584879110813,8.0,1.0846929729840462,263.55293705172045,8.906733029015301e-16,1.2718358966821182,0.7505141614061566,0.7221073580019071,33.46714046318084,-1.1725951046602776e-16,0.37155479678068093,0.37155479678068093,4.23808511170401,0.5075064863523862,24.234161664462317,0.0,6.396103570537398,3.8670689621775116e-16,0.36865712955312985,0.36865712955312985,0.567883297091536,0.9997913764726816,0.0,c_kam,89.0,1.7763568394002505e-15,0.9888888888888889,0.0,hpc,3010,0.0,200.0,40320.0,12240.0,6480.0,6693.428092636168,89.0,90.0,0.0,83.96395068295627,6.992956609989051,,move_only,
48.0,48.0,0.0,0.0,c_kam_move_merge,0.9997437522425036,move_merge,12.737053452789558,3.7502718761704052,,A1,8.0,64.0,3.3084719339520428,2.0,1.0773487811371318,262.46494908593127,7.864079757761526e-17,1.120097810048632,0.40266059509140745,0.33464670245330036,8.157113339402713,-4.625929269271485e-18,0.15588186965533735,0.15588186965533735,2.8950119653118174,0.76361661227441,17.664084506785237,0.0,4.61201560266403,3.700743415417188e-17,0.17380379615843566,0.17380379615843566,0.6604846372386476,0.9997437522425036,6.0,c_kam,42.0,2.220446049250313e-16,0.5333333333333333,0.0,hpc,3010,0.0,200.0,9800.0,6129.0,5994.0,1631.4226678805426,42.0,90.0,0.0,38.85032855843826,1.926762588962447,,move_merge,
89.0,89.0,0.0,0.0,c_kam_move_split,0.9997913764726816,move_split,14.522207413183514,4.839699407312896,,A1,8.0,64.0,2.693584879110813,8.0,1.0846929729840462,263.55293705172045,8.906733029015301e-16,1.2718358966821182,0.7505141614061566,0.7221073580019071,35.05328339524567,-1.1725951046602776e-16,0.37155479678068093,0.37155479678068093,4.23808511170401,0.5075064863523862,24.234161664462317,0.0,6.396103570537398,3.8670689621775116e-16,0.36865712955312985,0.36865712955312985,0.567883297091536,0.9997913764726816,0.0,c_kam,89.0,1.7763568394002505e-15,0.9888888888888889,0.0,hpc,3010,0.0,200.0,40748.0,12240.0,6480.0,7010.656679049134,89.0,90.0,0.0,83.96395068295627,7.31063251697924,,move_split,
88.0,88.0,0.0,0.0,c_kam_move_only,0.9996989466241646,move_only,9.637199397729523,3.882931799726031,,A1,8.0,64.0,3.596533811730151,8.0,1.1038017016479145,182.05601512217234,5.324024049907001e-16,0.8431836315631551,0.7510442345856744,0.7226977860483995,34.98655044066254,-2.447537122469095e-16,0.3295385575459384,0.3295385575459384,3.6101499698467046,0.5078467681700446,15.113557568536624,0.0,3.8610809337573473,1.4382434637189527e-16,0.3339498304281811,0.3339498304281811,0.6544578865673566,0.9996989466241646,0.0,c_kam,88.0,2.220446049250313e-16,0.9777777777777777,0.0,hpc,3011,0.0,200.0,40320.0,12240.0,6480.0,6997.310088132508,88.0,90.0,0.0,93.43419304406672,7.304417389037553,,move_only,
29.0,29.0,0.0,0.0,c_kam_move_merge,0.9999697218498413,move_merge,8.717513383068884,3.19654463709052,,A1,8.0,64.0,0.3617178864040749,2.0,1.0500153968473152,187.39542155594808,3.062684205862501e-17,0.7650103203170004,0.3544241460558176,0.28091798446811367,5.428575786645524,0.0,0.19177240799066386,0.19177240799066386,2.8686400514747525,0.8272383841775729,13.303605834790604,0.0,3.376076776924807,1.5313421029312504e-17,0.24024869596158044,0.24024869596158044,0.7128007953913752,0.9999697218498413,6.0,c_kam,23.0,1.332267629550183e-16,0.32222222222222224,0.0,hpc,3011,0.0,200.0,7187.0,6124.0,5955.0,1085.7151573291048,23.0,90.0,0.0,25.514472190788712,1.3711284919991158,,move_merge,
89.0,89.0,0.0,0.0,c_kam_move_split,0.9987328713715491,move_split,9.989967715373327,4.115509749905082,,A1,8.0,64.0,15.13775071738343,9.0,1.5048378707007561,182.05601512217234,5.264203554964225e-16,0.8731689385628784,0.7435972299988052,0.7144028551966889,38.40816553507466,-2.469934369390798e-16,0.346790765143094,0.346790765143094,3.6619296177582523,0.49735380156918896,15.192034298835397,0.0,3.8825211499432,1.3971345927867138e-16,0.3462291493379601,0.3462291493379601,0.6346887608021372,0.9987328713715491,0.0,c_kam,88.0,2.220446049250313e-16,0.9888888888888889,0.0,hpc,3011,1.0,200.0,43874.0,12304.0,6544.0,7681.633107014932,88.0,90.0,0.0,88.92183526793549,7.975768194010016,,move_split,
80.0,80.0,0.0,0.0,c_kam_move_only,0.9995210556449643,move_only,11.905835039872358,4.196370695446232,,A1,8.0,64.0,5.361852560342724,8.0,1.0788236492726304,196.95104596514133,1.2018164241567319e-15,1.0396669418713649,0.7417431512621636,0.7123376684850833,33.92703735415125,5.523359547510153e-16,0.32598922216106685,0.32598922216106685,3.7948972345814593,0.5101080316022467,18.49476039150612,0.0,4.807291446508811,8.770761894538737e-16,0.30850127330564253,0.30850127330564253,0.6258655957316678,0.9995210556449643,0.0,c_kam,80.0,3.730349362740516e-15,0.8888888888888888,0.0,hpc,3012,0.0,200.0,40320.0,12240.0,6480.0,6785.4074708302505,80.0,90.0,0.0,80.35436345784656,7.0938454149873,,move_only,
30.0,30.0,0.0,0.0,c_kam_move_merge,0.9999059687405637,move_merge,10.176838802998983,3.500488830073587,,A1,8.0,64.0,1.0526937917947454,2.0,1.010172525478395,196.10904935607533,7.401486830834377e-17,0.892702261737128,0.3521234549237353,0.2783553334546556,5.7861332496395335,5.921189464667501e-17,0.21442772886596187,0.21442772886596187,2.978089658971847,0.8001607770986143,15.170148723710442,0.0,3.898435140325608,6.661338147750939e-17,0.21067681343922173,0.21067681343922173,0.6850155542883427,0.9999059687405637,6.0,c_kam,24.0,1.221245327087666e-16,0.3333333333333333,0.0,hpc,3012,0.0,200.0,7187.0,6118.0,5955.0,1157.2266499279067,24.0,90.0,0.0,23.62079107165049,1.446972078003455,,move_merge,
80.0,80.0,0.0,0.0,c_kam_move_split,0.9995210556449643,move_split,11.905835039872358,4.196370695446232,,A1,8.0,64.0,5.361852560342724,8.0,1.0788236492726304,196.95104596514133,1.2018164241567319e-15,1.0396669418713649,0.7417431512621636,0.7123376684850833,34.73836116318125,5.523359547510153e-16,0.32598922216106685,0.32598922216106685,3.7948972345814593,0.5101080316022467,18.49476039150612,0.0,4.807291446508811,8.770761894538737e-16,0.30850127330564253,0.30850127330564253,0.6258655957316678,0.9995210556449643,0.0,c_kam,80.0,3.730349362740516e-15,0.8888888888888888,0.0,hpc,3012,0.0,200.0,40748.0,12240.0,6480.0,6947.672232636251,80.0,90.0,0.0,80.35436345784656,7.237421725003514,,move_split,
82.0,82.0,0.0,0.0,c_kam_move_only,0.9999511577739395,move_only,7.477163741382254,3.448537042042081,,A1,8.0,64.0,0.5982647261814795,8.0,1.0936477587056375,167.3987427954795,4.603363760640893e-16,0.6569490823696483,0.7676423812808204,0.7411858207335872,33.510864585405216,1.5705594006892458e-16,0.3485835550262982,0.3485835550262982,3.066085271617537,0.5056241995048402,9.764609550094821,0.0,2.361106216847749,3.086961580665069e-16,0.3352345020006306,0.3352345020006306,0.6920892006541572,0.9999511577739395,0.0,c_kam,82.0,8.659739592076234e-16,0.9111111111111111,0.0,hpc,3013,0.0,200.0,40320.0,12240.0,6480.0,6702.172917081043,82.0,90.0,0.0,80.08401765518803,6.99104300403269,,move_only,
34.0,34.0,0.0,0.0,c_kam_move_merge,0.9999999999999994,move_merge,5.864414900919358,2.348112952173108,,A1,8.0,64.0,0.0,2.0,1.0363544976701504,166.69959001944488,4.5715065719859385e-17,0.5198654309303022,0.4078625941284911,0.3404410083114381,5.543723554874305,4.5715065719859385e-17,0.16435836917606647,0.16435836917606647,2.1785361473383977,0.7930593422377634,7.561504680770468,0.0,1.7812420401355364,4.5715065719859385e-17,0.15250301016338227,0.15250301016338227,0.7856252482930199,0.9999999999999994,6.0,c_kam,28.0,2.220446049250313e-16,0.37777777777777777,0.0,hpc,3013,0.0,200.0,7187.0,6151.0,5955.0,1108.744710974861,28.0,90.0,0.0,28.809181316406146,1.400090478011407,,move_merge,
82.0,82.0,0.0,0.0,c_kam_move_split,0.9999511577739395,move_split,7.477163741382254,3.448537042042081,,A1,8.0,64.0,0.5982647261814795,8.0,1.0936477587056375,167.3987427954795,4.603363760640893e-16,0.6569490823696483,0.7676423812808204,0.7411858207335872,37.06287542037899,1.5705594006892458e-16,0.3485835550262982,0.3485835550262982,3.066085271617537,0.5056241995048402,9.764609550094821,0.0,2.361106216847749,3.086961580665069e-16,0.3352345020006306,0.3352345020006306,0.6920892006541572,0.9999511577739395,0.0,c_kam,82.0,8.659739592076234e-16,0.9111111111111111,0.0,hpc,3013,0.0,200.0,40727.0,12240.0,6480.0,7412.575084075797,82.0,90.0,0.0,80.08401765518803,7.7380545969936065,,move_split,
89.0,89.0,0.0,0.0,c_kam_move_only,0.9996229219296445,move_only,20.700275047449427,5.868108060138658,,A1,8.0,64.0,4.533219702708827,8.0,1.1859010950639812,285.7033691937223,1.4694862056274545e-15,1.7960997744935523,0.7945329875546169,0.7711382287118256,34.09389805106912,3.018808673699864e-16,0.27371915239308536,0.27371915239308536,4.419571333492072,0.5086905990295597,28.496670054313103,0.0,7.605718458003519,8.856835364987204e-16,0.266992881815996,0.266992881815996,0.4808355804295627,0.9996229219296445,0.0,c_kam,89.0,3.552713678800501e-15,0.9888888888888889,0.0,hpc,3014,0.0,200.0,40320.0,12240.0,6480.0,6818.779610213824,89.0,90.0,0.0,88.48015357421905,7.114398233010434,,move_only,
28.0,28.0,0.0,0.0,c_kam_move_merge,0.9999700374950398,move_merge,17.51867384039512,4.711750261498626,,A1,8.0,64.0,0.36020821285071375,2.0,1.0818580465969265,284.91094343768714,3.0927641400272217e-16,1.5256636718939358,0.41598462011704307,0.3494878194373004,5.328726180887315,2.616954272330726e-16,0.15727444853370798,0.15727444853370798,3.395869198711686,0.804810156910483,23.35133699524189,0.0,6.186145811114249,2.854859206178974e-16,0.14581846512128233,0.14581846512128233,0.5791259933139653,0.9999700374950398,6.0,c_kam,22.0,2.220446049250313e-16,0.3111111111111111,0.0,hpc,3014,0.0,200.0,7187.0,6103.0,5955.0,1065.745236177463,22.0,90.0,0.0,23.899842833366947,1.3428306769928895,,move_merge,
89.0,89.0,0.0,0.0,c_kam_move_split,0.9996229219296445,move_split,20.700275047449427,5.868108060138658,,A1,8.0,64.0,4.533219702708827,8.0,1.1859010950639812,285.7033691937223,1.4694862056274545e-15,1.7960997744935523,0.7945329875546169,0.7711382287118256,34.53258317371365,3.018808673699864e-16,0.27371915239308536,0.27371915239308536,4.419571333492072,0.5086905990295597,28.496670054313103,0.0,7.605718458003519,8.856835364987204e-16,0.266992881815996,0.266992881815996,0.4808355804295627,0.9996229219296445,0.0,c_kam,89.0,3.552713678800501e-15,0.9888888888888889,0.0,hpc,3014,0.0,200.0,40685.0,12240.0,6480.0,6906.516634742729,89.0,90.0,0.0,88.48015357421905,7.20656294899527,,move_split,
85.0,85.0,0.0,0.0,c_kam_move_only,0.9998355841357782,move_only,15.193009410402464,4.513713014281899,,A1,8.0,64.0,1.9964252622053293,8.0,1.0813281190603174,261.2032470596155,8.881784197001252e-16,1.3199883333406013,0.751219384533313,0.7228928788118586,33.74955368315568,2.455552101523876e-16,0.34340051754397516,0.34340051754397516,4.7878669770764555,0.51063460574136,32.55899255374115,0.0,8.72646852708038,5.668668149262564e-16,0.3556399089845737,0.3556399089845737,0.5983902850881496,0.9998355841357782,0.0,c_kam,85.0,3.552713678800501e-15,0.9444444444444444,0.0,hpc,3015,0.0,200.0,40320.0,12240.0,6480.0,6749.910736631136,85.0,90.0,0.0,80.98058880819765,7.041946120967623,,move_only,
24.0,24.0,0.0,0.0,c_kam_move_merge,0.9999188350946767,move_merge,14.073554070956341,3.9625333802789506,,A1,8.0,64.0,0.9855476426164023,2.0,1.0374434865149014,263.09207473976664,1.850371707708594e-17,1.2248346294876808,0.30244216988369926,0.22301726843481354,5.333495413069613,0.0,0.24704668357934687,0.24704668357934687,3.8017582069016784,0.8602182820330003,27.99249890220374,0.0,7.460605305623594,9.25185853854297e-18,0.2822599362476921,0.2822599362476921,0.6452405539784003,0.9999188350946767,6.0,c_kam,18.0,0.0,0.26666666666666666,0.0,hpc,3015,0.0,200.0,7187.0,6764.0,5955.0,1066.6990826139227,18.0,90.0,0.0,18.776070092365597,1.334719871985726,,move_merge,
85.0,85.0,0.0,0.0,c_kam_move_split,0.9998355841357782,move_split,15.193009410402464,4.513713014281899,,A1,8.0,64.0,1.9964252622053293,8.0,1.0813281190603174,261.2032470596155,8.881784197001252e-16,1.3199883333406013,0.751219384533313,0.7228928788118586,34.32372208160814,2.455552101523876e-16,0.34340051754397516,0.34340051754397516,4.7878669770764555,0.51063460574136,32.55899255374115,0.0,8.72646852708038,5.668668149262564e-16,0.3556399089845737,0.3556399089845737,0.5983902850881496,0.9998355841357782,0.0,c_kam,85.0,3.552713678800501e-15,0.9444444444444444,0.0,hpc,3015,0.0,200.0,40746.0,12240.0,6480.0,6864.744416321628,85.0,90.0,0.0,80.98058880819765,7.164575621951371,,move_split,
82.0,82.0,0.0,0.0,c_kam_move_only,0.9991614296980256,move_only,7.031744633777979,3.0644334919218426,,A1,8.0,64.0,10.62149198042195,8.0,1.434642140468357,181.3455862554203,2.7349396460278246e-16,0.6195595292513854,0.7013173164880615,0.6673088921277912,34.2632958793547,1.976738556039913e-16,0.2535408858863019,0.2535408858863019,2.508737620738516,0.5101624697991591,7.645707051691995,0.0,1.8059622437682308,2.355839101033869e-16,0.25993444140419003,0.25993444140419003,0.7247236538199147,0.9991614296980256,0.0,c_kam,82.0,1.7097434579227449e-15,0.9111111111111111,0.0,hpc,3016,0.0,200.0,40320.0,12240.0,6480.0,6852.65917587094,82.0,90.0,0.0,77.14300093225036,7.154551122046541,,move_only,
38.0,38.0,0.0,0.0,c_kam_move_merge,0.9999999999999997,move_merge,6.0586817036963865,2.2944902074671583,,A1,8.0,64.0,0.0,2.0,1.040955020401622,181.19112279854394,7.596262800066861e-17,0.53684918019445,0.376107890038074,0.3050706695968646,5.511149463709444,-5.843279076974508e-18,0.1396485617652778,0.1396485617652778,1.999365902149801,0.7942112147652638,6.8931566413231655,0.0,1.6063884620702717,3.5059674461847047e-17,0.13338862568699295,0.13338862568699295,0.7901688329985629,0.9999999999999997,6.0,c_kam,32.0,2.220446049250313e-16,0.4222222222222222,0.0,hpc,3016,0.0,200.0,7187.0,6127.0,5955.0,1102.2298927418888,32.0,90.0,0.0,32.66258281408179,1.3832866430166177,,move_merge,
84.0,84.0,0.0,0.0,c_kam_move_split,0.9998691695163643,move_split,6.761744719668509,2.861657325993723,,A1,8.0,64.0,1.657123951863017,11.0,0.9912223189254457,181.3455862554203,2.5376526277146434e-16,0.5966095365520804,0.7239833484946342,0.6925557099568945,45.678920933569316,1.7975039446312059e-16,0.23726254600878854,0.23726254600878854,2.4696870144144616,0.4770014484813798,7.5527729786460585,0.0,1.7897588898313663,2.1675782861729246e-16,0.2464726854337404,0.2464726854337404,0.7419596279238049,0.9998691695163643,0.0,c_kam,81.0,1.5432100042289588e-15,0.9333333333333333,0.0,hpc,3016,3.0,200.0,47977.0,12358.0,6598.0,9135.784186713863,81.0,90.0,0.0,75.86964165362153,9.474849126010668,,move_split,
79.0,79.0,0.0,0.0,c_kam_move_only,0.9999487564602056,move_only,21.018305002530564,5.481159507435677,,A1,8.0,64.0,0.6445850878611047,8.0,1.0841469651900422,320.1289594012956,1.967483841107872e-15,1.8226698754716764,0.7842700317896888,0.7597067185776237,33.469965481199324,1.573987072886298e-16,0.3245188491232309,0.3245188491232309,5.541086648341664,0.5069063107884744,43.35369186854959,0.0,11.740488386598463,1.062441274198251e-15,0.3347289856945093,0.3347289856945093,0.5137502492852699,0.9999487564602056,0.0,c_kam,79.0,7.105427357601002e-15,0.8777777777777778,0.0,hpc,3017,0.0,200.0,40320.0,12240.0,6480.0,6693.993096239865,79.0,90.0,0.0,89.88092979981232,7.002605267975014,,move_only,
39.0,39.0,0.0,0.0,c_kam_move_merge,0.9999511351969728,move_merge,18.995311754074564,4.706869108787433,,A1,8.0,64.0,0.6146633015339731,2.0,0.9897711350235753,316.5335440537886,2.2773805633336544e-17,1.6507154493529166,0.3215561289812308,0.24430756940978676,5.365374125249218,1.1386902816668272e-17,0.20499584945965563,0.20499584945965563,4.33888065849834,0.8178380123212725,36.33655865798496,0.0,9.809362477114739,1.708035422500241e-17,0.2307899492534981,0.2307899492534981,0.5795649331703707,0.9999511351969728,6.0,c_kam,33.0,2.220446049250313e-16,0.43333333333333335,0.0,hpc,3017,0.0,200.0,7187.0,7546.0,5955.0,1073.0748250498436,33.0,90.0,0.0,31.782129048682144,1.357653777988162,,move_merge,
90.0,90.0,0.0,0.0,c_kam_move_split,0.9989254246291233,move_split,21.918740391718497,6.032779883508152,,A1,8.0,64.0,13.516928428925947,9.0,1.542568870948715,320.1289594012956,1.5913196686293911e-15,1.899206883552651,0.7807017229877081,0.7557321171892788,38.44823341089068,3.700743415417188e-17,0.3710755967105432,0.3710755967105432,5.749934716491217,0.4915540578073758,43.75009127674437,0.0,11.842573174315403,8.141635513917814e-16,0.3763653396629039,0.3763653396629039,0.46686251731910955,0.9989254246291233,0.0,c_kam,89.0,4.10782519111306e-15,1.0,0.0,hpc,3017,1.0,200.0,45067.0,12309.0,6549.0,7689.646682178136,89.0,90.0,0.0,104.3505105804416,7.987415951967705,,move_split,
88.0,88.0,0.0,0.0,c_kam_move_only,0.9993398370576156,move_only,6.683558794071063,3.346738382840165,,A1,8.0,64.0,7.787451248231697,8.0,1.2573979291652226,135.12445850182712,1.9681226345627775e-16,0.5878585661621488,0.7670384927126187,0.7405131725759366,33.81875838560518,-8.074349270001139e-17,0.3410777289482386,0.3410777289482386,2.5826552702681966,0.5073479924578749,6.818905595266641,0.0,1.5401660516316351,5.803438537813318e-17,0.3106983544814912,0.3106983544814912,0.7011610682327415,0.9993398370576156,0.0,c_kam,88.0,1.4432899320126846e-16,0.9777777777777777,0.0,hpc,3018,0.0,200.0,40320.0,12240.0,6480.0,6763.751677121036,88.0,90.0,0.0,84.65548881890798,7.081953798013274,,move_only,
23.0,23.0,0.0,0.0,c_kam_move_merge,0.9995955782953494,move_merge,4.739304337154393,1.998422378115419,,A1,8.0,64.0,4.770662069152969,2.0,1.0716203902266583,133.636574354247,6.75787928032704e-17,0.4225969373242319,0.40742546742210833,0.33995410975234835,5.602518194937147,2.896233977283017e-17,0.1323056189786967,0.1323056189786967,1.8681419057391122,0.7899191305023561,5.256508867139482,0.0,1.1481416706657372,4.827056628805028e-17,0.13676598815665625,0.13676598815665625,0.8157679286343451,0.9995955782953494,6.0,c_kam,17.0,1.9984014443252786e-16,0.25555555555555554,0.0,hpc,3018,0.0,200.0,7522.0,6345.0,5960.0,1120.5036389874294,17.0,90.0,0.0,18.209357880931083,1.3947323290049098,,move_merge,
88.0,88.0,0.0,0.0,c_kam_move_split,0.9993398370576156,move_split,6.683558794071063,3.346738382840165,,A1,8.0,64.0,7.787451248231697,8.0,1.2573979291652226,135.12445850182712,1.9681226345627775e-16,0.5878585661621488,0.7670384927126187,0.7405131725759366,34.79949683416635,-8.074349270001139e-17,0.3410777289482386,0.3410777289482386,2.5826552702681966,0.5073479924578749,6.818905595266641,0.0,1.5401660516316351,5.803438537813318e-17,0.3106983544814912,0.3106983544814912,0.7011610682327415,0.9993398370576156,0.0,c_kam,88.0,1.4432899320126846e-16,0.9777777777777777,0.0,hpc,3018,0.0,200.0,40755.0,12240.0,6480.0,6959.89936683327,88.0,90.0,0.0,84.65548881890798,7.264485556981526,,move_split,
86.0,86.0,0.0,0.0,c_kam_move_only,0.9996448364224532,move_only,14.492640964754413,4.482348945786991,,A1,8.0,64.0,4.2858730699570255,8.0,1.079742625620058,254.24845394458873,1.1050591966036442e-15,1.2619905087513332,0.7356757323991886,0.7055794049000862,33.550811799941584,7.642465471838287e-16,0.2632462749721144,0.2632462749721144,3.6727096512468536,0.5098761349072654,21.32160898877438,0.0,5.614908444455676,9.346528718937365e-16,0.2774986226773394,0.2774986226773394,0.600853320729466,0.9996448364224532,0.0,c_kam,86.0,7.105427357601002e-15,0.9555555555555556,0.0,hpc,3019,0.0,200.0,40320.0,12240.0,6480.0,6710.162359988317,86.0,90.0,0.0,82.6403109846949,7.007892453984823,,move_only,
24.0,24.0,0.0,0.0,c_kam_move_merge,0.9999286734715801,move_merge,12.89866486088512,3.5853147628154733,,A1,8.0,64.0,0.8607201488416019,2.0,0.9858569930628989,252.35703982591593,6.38378239159465e-16,1.1265025399224435,0.3023754216614078,0.22294292016740966,5.380675153865013,5.828670879282072e-16,0.14870927331502537,0.14870927331502537,2.950023658126439,0.7986368232625404,18.54199238808067,0.0,4.866938844109767,6.106226635438361e-16,0.15421000121487757,0.15421000121487757,0.6771012262820452,0.9999286734715801,6.0,c_kam,18.0,6.0729199446995916e-15,0.26666666666666666,0.0,hpc,3019,0.0,200.0,7254.0,6078.0,5956.0,1076.1350307730027,18.0,90.0,0.0,18.593775603948423,1.3509818429592997,,move_merge,
86.0,86.0,0.0,0.0,c_kam_move_split,0.9996448364224532,move_split,14.492640964754413,4.482348945786991,,A1,8.0,64.0,4.2858730699570255,8.0,1.079742625620058,254.24845394458873,1.1050591966036442e-15,1.2619905087513332,0.7356757323991886,0.7055794049000862,35.28640873963013,7.642465471838287e-16,0.2632462749721144,0.2632462749721144,3.6727096512468536,0.5098761349072654,21.32160898877438,0.0,5.614908444455676,9.346528718937365e-16,0.2774986226773394,0.2774986226773394,0.600853320729466,0.9996448364224532,0.0,c_kam,86.0,7.105427357601002e-15,0.9555555555555556,0.0,hpc,3019,0.0,200.0,40710.0,12240.0,6480.0,7057.281747926027,86.0,90.0,0.0,82.6403109846949,7.367367948987521,,move_split,
73.0,73.0,0.0,0.0,c_kam_move_only,0.9997874393659123,move_only,5.849932119993168,2.7898174590831077,,A1,8.0,64.0,2.704766988947336,8.0,1.0399326376456939,141.70389179739973,1.247099835880313e-16,0.5144336406985787,0.7420812530347303,0.7127142669941303,34.66497852321481,-5.779243141884376e-17,0.2796510440429599,0.2796510440429599,2.4778505295730238,0.50883029499053,6.632871685845277,0.0,1.5095961928412855,3.3458776084593757e-17,0.2895381306566923,0.2895381306566923,0.7500531773065869,0.9997874393659123,0.0,c_kam,73.0,0.0,0.8111111111111111,0.0,hpc,3020,0.0,200.0,40320.0,12240.0,6480.0,6932.995704642963,73.0,90.0,0.0,77.67049860116387,7.227472545986529,,move_only,
34.0,34.0,0.0,0.0,c_kam_move_merge,0.9999999999999996,move_merge,4.324207734915309,1.9027570732223094,,A1,8.0,64.0,0.0,2.0,1.098507112828957,141.3500414128141,5.877651306839064e-17,0.3847470679669606,0.3895019630205192,0.3199898102951328,5.7562538323691115,6.530723674265627e-18,0.1455554828288195,0.1455554828288195,1.8473077417773272,0.7917279560001603,5.055782199036625,0.0,1.090415011415681,3.2653618371328135e-17,0.15359264085159846,0.15359264085159846,0.8254533101047548,0.9999999999999996,6.0,c_kam,28.0,2.220446049250313e-16,0.37777777777777777,0.0,hpc,3020,0.0,200.0,7522.0,6230.0,5960.0,1151.2507664738223,28.0,90.0,0.0,28.648452811804894,1.4309647069894709,,move_merge,
73.0,73.0,0.0,0.0,c_kam_move_split,0.9998662406714588,move_split,5.8488277831412425,2.7885403633409527,,A1,8.0,64.0,1.7020452439622489,9.0,1.036822607086619,141.70389179739973,1.247099835880313e-16,0.5143397720661649,0.7412746886450279,0.7118158660650061,35.63633722398663,-5.779243141884376e-17,0.27936338144143397,0.27936338144143397,2.476415079981746,0.5070856849953213,6.630188774286222,0.0,1.5095451126959898,3.3458776084593757e-17,0.2893303525090934,0.2893303525090934,0.75016173044467,0.9998662406714588,0.0,c_kam,72.0,0.0,0.8111111111111111,0.0,hpc,3020,1.0,200.0,41070.0,12247.0,6487.0,7127.267444797326,72.0,90.0,0.0,77.44939298778984,7.426346257969271,,move_split,
80.0,80.0,0.0,0.0,c_kam_move_only,0.9998267503895465,move_only,10.594255066519151,3.904162721781643,,A1,8.0,64.0,2.186954127924256,8.0,1.0267621468853214,214.40350557512193,5.079270337660091e-16,0.924707943821127,0.727949703725194,0.696973679891924,33.40088515455136,8.604228440844963e-17,0.25619078689462027,0.25619078689462027,2.9530475859753107,0.5047539360082532,11.741800407932649,0.0,2.945986503373969,2.9698465908722935e-16,0.2574291587533755,0.2574291587533755,0.6519404213544422,0.9998267503895465,0.0,c_kam,80.0,1.0214051826551364e-15,0.8888888888888888,0.0,hpc,3021,0.0,200.0,40320.0,12240.0,6480.0,6680.177030910272,80.0,90.0,0.0,76.17783190700484,6.978293491003569,,move_only,
43.0,43.0,0.0,0.0,c_kam_move_merge,1.0000000000000007,move_merge,9.561207228493547,3.272404992147381,,A1,8.0,64.0,0.0,2.0,1.0594116135469718,213.32497065322895,4.131062417209885e-17,0.8368988775889507,0.4637227938604596,0.40266152781486847,8.19709042989416,-1.0327656043024712e-17,0.12520005344866425,0.12520005344866425,2.3435511640855076,0.7509530520812726,10.063777347844933,0.0,2.492705303550581,1.5491484064537068e-17,0.1313942501710548,0.1313942501710548,0.7056398283733543,1.0000000000000007,6.0,c_kam,37.0,1.9984014443252786e-16,0.4777777777777778,0.0,hpc,3021,0.0,200.0,10202.0,6960.0,6000.0,1639.418085978832,37.0,90.0,0.0,37.22945281287387,1.923730959999375,,move_merge,
80.0,80.0,0.0,0.0,c_kam_move_split,0.9998267503895465,move_split,10.594255066519151,3.904162721781643,,A1,8.0,64.0,2.186954127924256,8.0,1.0267621468853214,214.40350557512193,5.079270337660091e-16,0.924707943821127,0.727949703725194,0.696973679891924,34.49536095140502,8.604228440844963e-17,0.25619078689462027,0.25619078689462027,2.9530475859753107,0.5047539360082532,11.741800407932649,0.0,2.945986503373969,2.9698465908722935e-16,0.2574291587533755,0.2574291587533755,0.6519404213544422,0.9998267503895465,0.0,c_kam,80.0,1.0214051826551364e-15,0.8888888888888888,0.0,hpc,3021,0.0,200.0,40766.0,12240.0,6480.0,6899.072190281004,80.0,90.0,0.0,76.17783190700484,7.192020373011474,,move_split,
88.0,88.0,0.0,0.0,c_kam_move_only,0.999935764530607,move_only,5.955432024055903,3.3367375183983334,,A1,8.0,64.0,0.7564034243601077,8.0,1.0333905660917055,113.61474810668795,2.573698829812863e-16,0.5221240680878494,0.7779958195437322,0.7527181158284146,34.618943276873324,5.0464682937507114e-17,0.3431389583045995,0.3431389583045995,2.5657271365635936,0.5044001119761297,5.453412286711876,0.0,1.1572732290452195,1.5391728295939671e-16,0.3320438911628875,0.3320438911628875,0.7043369312993931,0.999935764530607,0.0,c_kam,88.0,4.440892098500626e-16,0.9777777777777777,0.0,hpc,3022,0.0,200.0,40320.0,12240.0,6480.0,6923.788655374665,88.0,90.0,0.0,90.93651266371788,7.222021759022027,,move_only,
32.0,32.0,0.0,0.0,c_kam_move_merge,0.9999999999999996,move_merge,3.382703240996461,1.6426273625266195,,A1,8.0,64.0,0.0,2.0,1.0529931164610353,113.2544755989168,3.469446951953614e-17,0.3034421215277967,0.3619629966396565,0.28931521902932034,5.528413237771019,-6.938893903907228e-18,0.11861329117167674,0.11861329117167674,1.7031538211740542,0.8209166605265236,3.6777902996025524,0.0,0.709988207785862,1.3877787807814457e-17,0.15566384290360147,0.15566384290360147,0.8483362945484888,0.9999999999999996,6.0,c_kam,26.0,0.0,0.35555555555555557,0.0,hpc,3022,0.0,200.0,7187.0,7436.0,5955.0,1105.6826475542039,26.0,90.0,0.0,27.282684256430485,1.3803007189999335,,move_merge,
88.0,88.0,0.0,0.0,c_kam_move_split,0.999935764530607,move_split,5.955432024055903,3.3367375183983334,,A1,8.0,64.0,0.7564034243601077,8.0,1.0333905660917055,113.61474810668795,2.573698829812863e-16,0.5221240680878494,0.7779958195437322,0.7527181158284146,36.34597211435903,5.0464682937507114e-17,0.3431389583045995,0.3431389583045995,2.5657271365635936,0.5044001119761297,5.453412286711876,0.0,1.1572732290452195,1.5391728295939671e-16,0.3320438911628875,0.3320438911628875,0.7043369312993931,0.999935764530607,0.0,c_kam,88.0,4.440892098500626e-16,0.9777777777777777,0.0,hpc,3022,0.0,200.0,40680.0,12240.0,6480.0,7269.194422871806,88.0,90.0,0.0,90.93651266371788,7.57388295896817,,move_split,
87.0,87.0,0.0,0.0,c_kam_move_only,0.9983647666143524,move_only,8.041894458561293,3.7493992481673337,,A1,8.0,64.0,18.886544922225433,8.0,1.7968252412594987,150.99035618431438,2.0417894705750005e-16,0.7053153338307719,0.7284745392743446,0.6975582739441956,35.589915076852776,-1.1740289455806254e-16,0.3203964121050868,0.3203964121050868,2.771768642339907,0.5056740355434918,7.837656489743325,0.0,1.8373480275657068,4.3388026249718764e-17,0.30567767886324354,0.30567767886324354,0.6662667742184499,0.9983647666143524,0.0,c_kam,87.0,2.220446049250313e-16,0.9666666666666667,0.0,hpc,3023,0.0,200.0,40320.0,12240.0,6480.0,7117.983015370555,87.0,90.0,0.0,84.4805994714646,7.4377752330037765,,move_only,
36.0,36.0,0.0,0.0,c_kam_move_merge,1.0000000000000009,move_merge,6.182062211469069,2.5411641678523176,,A1,8.0,64.0,0.0,2.0,1.0238828729693437,150.42977132012632,1.6653345369377348e-16,0.5472295928279328,0.34349277617001406,0.26874195365471865,5.9870594055973925,-9.251858538542972e-17,0.1465747485190395,0.1465747485190395,2.08851846306591,0.8122344321833792,6.4164853480277575,0.0,1.4719280208308079,3.700743415417188e-17,0.167486694317357,0.167486694317357,0.7689667560452261,1.0000000000000009,6.0,c_kam,30.0,2.220446049250313e-16,0.4,0.0,hpc,3023,0.0,200.0,7522.0,6202.0,5960.0,1197.4118811194785,30.0,90.0,0.0,31.696868295640627,1.494248447008431,,move_merge,
87.0,87.0,0.0,0.0,c_kam_move_split,0.9983647666143524,move_split,8.041894458561293,3.7493992481673337,,A1,8.0,64.0,18.886544922225433,8.0,1.7968252412594987,150.99035618431438,2.0417894705750005e-16,0.7053153338307719,0.7284745392743446,0.6975582739441956,34.66163104574662,-1.1740289455806254e-16,0.3203964121050868,0.3203964121050868,2.771768642339907,0.5056740355434918,7.837656489743325,0.0,1.8373480275657068,4.3388026249718764e-17,0.30567767886324354,0.30567767886324354,0.6662667742184499,0.9983647666143524,0.0,c_kam,87.0,2.220446049250313e-16,0.9666666666666667,0.0,hpc,3023,0.0,200.0,40703.0,12240.0,6480.0,6932.326209149323,87.0,90.0,0.0,84.4805994714646,7.229324546002317,,move_split,
90.0,90.0,0.0,0.0,c_kam_move_only,0.9989629766314547,move_only,11.271256747173862,4.1432321939261785,,A1,8.0,64.0,12.382177035230463,8.0,1.5165936036969008,214.52041926288902,1.0115365335473648e-15,0.9871641982086384,0.7761336403926025,0.7506439063778987,34.527072802593466,-4.490235344039522e-16,0.30424936186099244,0.30424936186099244,3.686113023781905,0.5080887645001313,17.768949132636266,0.0,4.604969917712433,2.812564995717063e-16,0.3196474143944975,0.3196474143944975,0.6303967504490632,0.9989629766314547,0.0,c_kam,90.0,5.884182030513311e-16,1.0,0.0,hpc,3024,0.0,200.0,40320.0,12240.0,6480.0,6905.414560518693,90.0,90.0,0.0,97.84997924965622,7.2015766050317325,,move_only,
35.0,35.0,0.0,0.0,c_kam_move_merge,0.9999999999999999,move_merge,11.182082212297962,3.51876327258481,,A1,8.0,64.0,0.0,2.0,1.0656559074457752,231.16058017850952,6.3441315692866086e-18,0.979584362744187,0.3363496471032545,0.26078549801105066,7.088182157895062,6.3441315692866086e-18,0.17168126326988795,0.17168126326988795,3.0080330510903805,0.846747285876264,16.808183701874565,0.0,4.357673045021162,6.3441315692866086e-18,0.22578969265402443,0.22578969265402443,0.6834766087630796,0.9999999999999999,6.0,c_kam,29.0,0.0,0.3888888888888889,0.0,hpc,3024,0.0,200.0,9063.0,6976.0,5983.0,1417.6364315790124,29.0,90.0,0.0,30.474881522663654,1.7114532849518582,,move_merge,
90.0,90.0,0.0,0.0,c_kam_move_split,0.9989629766314547,move_split,11.271256747173862,4.1432321939261785,,A1,8.0,64.0,12.382177035230463,8.0,1.5165936036969008,214.52041926288902,1.0115365335473648e-15,0.9871641982086384,0.7761336403926025,0.7506439063778987,35.491725434258115,-4.490235344039522e-16,0.30424936186099244,0.30424936186099244,3.686113023781905,0.5080887645001313,17.768949132636266,0.0,4.604969917712433,2.812564995717063e-16,0.3196474143944975,0.3196474143944975,0.6303967504490632,0.9989629766314547,0.0,c_kam,90.0,5.884182030513311e-16,1.0,0.0,hpc,3024,0.0,200.0,40763.0,12240.0,6480.0,7098.345086851623,90.0,90.0,0.0,97.84997924965622,7.394852586032357,,move_split,
89.0,89.0,0.0,0.0,c_kam_move_only,0.9996767839712911,move_only,5.404598542838816,3.0580085391878704,,A1,8.0,64.0,4.0364917726320915,8.0,1.0589123296990801,124.99695665685323,1.3971345927867138e-16,0.4755453001264677,0.7021381747091617,0.6682232144037692,34.55069259653101,-2.494883201404846e-17,0.317036553514405,0.317036553514405,2.5588312096181243,0.508394626113423,5.336305362314139,0.0,1.1433475505983854,5.738231363231147e-17,0.31789170456411026,0.31789170456411026,0.7282858626605094,0.9996767839712911,0.0,c_kam,89.0,2.220446049250313e-16,0.9888888888888889,0.0,hpc,3025,0.0,200.0,40320.0,12240.0,6480.0,6910.1385193062015,89.0,90.0,0.0,92.93897154105665,7.22077931498643,,move_only,
27.0,27.0,0.0,0.0,c_kam_move_merge,0.9999999999999999,move_merge,3.7811087436003237,1.7098964803057142,,A1,8.0,64.0,0.0,2.0,1.0130158920716172,128.44685822331763,9.046261682130905e-17,0.3375486671911959,0.3407495492187597,0.26568637908030174,5.59249119454762,4.11193712824132e-17,0.14146504953701547,0.14146504953701547,1.9192388638518683,0.817732885200968,4.611195237483692,0.0,0.968797661672019,6.579099405186112e-17,0.16297829732583732,0.16297829732583732,0.8428753876654927,0.9999999999999999,6.0,c_kam,21.0,2.220446049250313e-16,0.3,0.0,hpc,3025,0.0,200.0,7187.0,6106.0,5955.0,1118.498238909524,21.0,90.0,0.0,21.08766247812502,1.405783660011366,,move_merge,
90.0,90.0,0.0,0.0,c_kam_move_split,0.9996525540620305,move_split,5.405313970382025,3.058692273692519,,A1,8.0,64.0,4.3390876239993705,9.0,1.0720152226284765,124.99695665685323,1.4062824978585316e-16,0.4756061114676405,0.7026048452824639,0.6687430207354177,34.876269598607905,-2.2204460492503132e-17,0.3169022216181119,0.3169022216181119,2.5629108052229164,0.507329097571851,5.3358331695054755,0.0,1.1434419988049507,5.921189464667501e-17,0.3182105526744385,0.3182105526744385,0.7282277452276144,0.9996525540620305,0.0,c_kam,89.0,2.220446049250313e-16,1.0,0.0,hpc,3025,1.0,200.0,40899.0,12244.0,6484.0,6975.253919721581,89.0,90.0,0.0,93.43897154105665,7.272689918987453,,move_split,
83.0,83.0,0.0,0.0,c_kam_move_only,0.9993611718500225,move_only,3.1988269008345953,2.318746120116377,,A1,8.0,64.0,8.045170445164791,8.0,1.2780665709775605,64.59472978114478,8.560755852531328e-17,0.2812679405028622,0.7268999291970255,0.6958043765808452,34.81083601422142,-1.6051417223496238e-17,0.2879003333466709,0.2879003333466709,1.9652839274279825,0.5097772473843595,2.458205324014593,0.0,0.34372480272209677,3.477807065090852e-17,0.2669284125579935,0.2669284125579935,0.7950386001655826,0.9993611718500225,0.0,c_kam,83.0,2.220446049250313e-16,0.9222222222222223,0.0,hpc,3026,0.0,200.0,40320.0,12240.0,6480.0,6962.1672028442845,83.0,90.0,0.0,87.11725595048523,7.268831185007002,,move_only,
31.0,31.0,0.0,0.0,c_kam_move_merge,1.0000000000000002,move_merge,1.4788598672301838,0.9537234934974691,,A1,8.0,64.0,0.0,2.0,1.0377635467218134,64.22430560257408,1.360918546314708e-16,0.13507074264648716,0.3880978419278962,0.31842581402859726,5.461940159730148,3.581364595565021e-17,0.11630171165744038,0.11630171165744038,1.4275530828018481,0.7927527979013124,1.9868426324001518,0.0,0.24197524724800346,8.59527502935605e-17,0.10609622931103214,0.10609622931103214,0.9110655234281899,1.0000000000000002,6.0,c_kam,25.0,2.220446049250313e-16,0.34444444444444444,0.0,hpc,3026,0.0,200.0,7187.0,6140.0,5955.0,1092.3880319460295,25.0,90.0,0.0,24.693565866426347,1.367611374007538,,move_merge,
86.0,86.0,0.0,0.0,c_kam_move_split,0.9983535548122476,move_split,3.8934280577692504,2.7568043456781077,,A1,8.0,64.0,20.73473463020335,9.0,2.0273422516845883,64.59472978114478,9.036699037646623e-17,0.3403090388423079,0.7338807738664767,0.7035800699007784,36.790766014310066,-2.581914010756178e-18,0.3232851151169098,0.3232851151169098,2.1344371171441896,0.4991104291649479,2.7416401908572126,0.0,0.41467427571806054,4.3892538182855024e-17,0.3029032904314889,0.3029032904314889,0.7578036509928355,0.9983535548122476,0.0,c_kam,85.0,3.885780586188048e-16,0.9555555555555556,0.0,hpc,3026,1.0,200.0,43277.0,12282.0,6522.0,7358.153202862013,85.0,90.0,0.0,90.69392675343936,7.657767770986538,,move_split,
80.0,80.0,0.0,0.0,c_kam_move_only,0.9999999999999994,move_only,7.214730258530352,3.275864136765839,,A1,8.0,64.0,0.0,8.0,1.0099302017121286,167.3055031987449,6.13398221105399e-16,0.6335678394542584,0.7215298326830086,0.6898228334340442,34.56510404852452,-9.159339953157541e-17,0.308803093063617,0.308803093063617,2.8292920643016872,0.5075549267120876,8.72726946278411,0.0,2.089613849160136,2.609024107869118e-16,0.29478451220692303,0.29478451220692303,0.707476844424825,0.9999999999999994,0.0,c_kam,80.0,4.662936703425645e-16,0.8888888888888888,0.0,hpc,3027,0.0,200.0,40320.0,12240.0,6480.0,6913.0208097049035,80.0,90.0,0.0,80.37582971753795,7.210682525997981,,move_only,
41.0,41.0,0.0,0.0,c_kam_move_merge,1.0,move_merge,6.066842999711057,2.355393086423775,,A1,8.0,64.0,0.0,2.0,1.0553206607853838,172.07642813963264,3.791005449939559e-17,0.5359974224546182,0.4345360846304316,0.3701515794150847,6.616688150097616,-5.415722071342227e-18,0.15634433428110767,0.15634433428110767,2.2591975422932062,0.7774804388170966,7.772692796584404,0.0,1.8419776625098074,1.624716621402668e-17,0.1663850153165496,0.1663850153165496,0.7857168837039004,1.0,6.0,c_kam,35.0,2.220446049250313e-16,0.45555555555555555,0.0,hpc,3027,0.0,200.0,8661.0,6440.0,5977.0,1323.3376300195232,35.0,90.0,0.0,34.38243489802894,1.5944399269646965,,move_merge,
80.0,80.0,0.0,0.0,c_kam_move_split,0.9999999999999994,move_split,7.214730258530352,3.275864136765839,,A1,8.0,64.0,0.0,8.0,1.0099302017121286,167.3055031987449,6.13398221105399e-16,0.6335678394542584,0.7215298326830086,0.6898228334340442,34.83867905160878,-9.159339953157541e-17,0.308803093063617,0.308803093063617,2.8292920643016872,0.5075549267120876,8.72726946278411,0.0,2.089613849160136,2.609024107869118e-16,0.29478451220692303,0.29478451220692303,0.707476844424825,0.9999999999999994,0.0,c_kam,80.0,4.662936703425645e-16,0.8888888888888888,0.0,hpc,3027,0.0,200.0,40669.0,12240.0,6480.0,6967.735810321756,80.0,90.0,0.0,80.37582971753795,7.26740738999797,,move_split,
84.0,84.0,0.0,0.0,c_kam_move_only,0.9997867225694358,move_only,10.200347568827597,3.8517482595806958,,A1,8.0,64.0,2.6496288420418983,8.0,1.0177055613882244,202.70077723085285,2.458350983098561e-16,0.8896812115839883,0.792379614622582,0.768739669752876,34.148935318225995,-1.2423924323186276e-16,0.2795394445551637,0.2795394445551637,3.1338409226503434,0.5058024856894947,12.773317796778445,0.0,3.216233657080999,6.079792753899667e-17,0.2602010670857398,0.2602010670857398,0.6572975116448699,0.9997867225694358,0.0,c_kam,84.0,2.220446049250313e-16,0.9333333333333333,0.0,hpc,3028,0.0,200.0,40320.0,12240.0,6480.0,6829.787063645199,84.0,90.0,0.0,76.5219924132401,7.131020973960403,,move_only,
31.0,31.0,0.0,0.0,c_kam_move_merge,0.9999954375702694,move_merge,8.714187686703527,3.1023034038595263,,A1,8.0,64.0,0.056680846965386555,2.0,1.0501138837730775,201.7458601499102,4.297637514678025e-17,0.7633576216034426,0.3844395470733242,0.3143509806509799,5.455905557319056,1.4325458382260084e-17,0.17785517290881558,0.17785517290881558,2.604441659208007,0.8193615275643122,11.362496330838098,0.0,2.8353191598257452,2.865091676452017e-17,0.17604010411524906,0.17604010411524906,0.7210003243811695,0.9999954375702694,6.0,c_kam,25.0,2.220446049250313e-16,0.34444444444444444,0.0,hpc,3028,0.0,200.0,7187.0,7487.0,5955.0,1091.1811114638112,25.0,90.0,0.0,25.088652106083476,1.377457731985487,,move_merge,
88.0,88.0,0.0,0.0,c_kam_move_split,0.9997948184549218,move_split,10.722172568030404,4.231194908748826,,A1,8.0,64.0,2.5490504937886103,9.0,1.0256181532804887,202.70077723085285,2.6493958542191234e-16,0.934036336516227,0.7929789544091298,0.7694072511982882,38.39788794051856,-1.0345260002188958e-16,0.3206823551268814,0.3206823551268814,3.2646687018393097,0.48981578834264694,12.937221985414885,0.0,3.2545367401037337,8.074349270001139e-17,0.2960090774588149,0.2960090774588149,0.625044546465579,0.9997948184549218,0.0,c_kam,87.0,2.220446049250313e-16,0.9777777777777777,0.0,hpc,3028,1.0,200.0,44769.0,12305.0,6545.0,7679.577588103712,87.0,90.0,0.0,84.68352731317292,7.973384497046936,,move_split,
88.0,88.0,0.0,0.0,c_kam_move_only,0.9981536163625668,move_only,6.135577504470727,3.4385967504509374,,A1,8.0,64.0,22.60386547762627,8.0,2.26441629309748,131.5393436911135,2.0942843419065454e-16,0.537631569376304,0.7297616100065628,0.6989918923340427,32.86599037091946,-2.2709107321878203e-17,0.32708304701618707,0.32708304701618707,2.49470114851073,0.5057192158351714,5.1020196388659445,0.0,1.0714149407808775,9.335966343438817e-17,0.33418173354615627,0.33418173354615627,0.6956033481361075,0.9981536163625668,0.0,c_kam,88.0,3.6637359812629977e-16,0.9777777777777777,0.0,hpc,3029,0.0,200.0,40320.0,12240.0,6480.0,6573.1980741838925,88.0,90.0,0.0,92.50985593423029,6.85844438301865,,move_only,
32.0,32.0,0.0,0.0,c_kam_move_merge,1.0000000000000002,move_merge,3.6061025076620745,1.6817590711443222,,A1,8.0,64.0,0.0,2.0,1.035212207794503,131.2007401781146,5.551115123125783e-17,0.3226261946475683,0.40600480368490355,0.33837168727278866,5.490882187441457,-4.163336342344337e-17,0.10853873365995634,0.10853873365995634,1.6338576241069298,0.7914646163338257,3.5420545330826587,0.0,0.6755004860199105,6.938893903907228e-18,0.12284150916757013,0.12284150916757013,0.8449345508771698,1.0000000000000002,6.0,c_kam,26.0,0.0,0.35555555555555557,0.0,hpc,3029,0.0,200.0,7388.0,6313.0,5958.0,1098.1764374882914,26.0,90.0,0.0,29.556312132601626,1.3784517020103522,,move_merge,
88.0,88.0,0.0,0.0,c_kam_move_split,0.9981536163625668,move_split,6.135577504470727,3.4385967504509374,,A1,8.0,64.0,22.60386547762627,8.0,2.26441629309748,131.5393436911135,2.0942843419065454e-16,0.537631569376304,0.7297616100065628,0.6989918923340427,34.53100309619913,-2.2709107321878203e-17,0.32708304701618707,0.32708304701618707,2.49470114851073,0.5057192158351714,5.1020196388659445,0.0,1.0714149407808775,9.335966343438817e-17,0.33418173354615627,0.33418173354615627,0.6956033481361075,0.9981536163625668,0.0,c_kam,88.0,3.6637359812629977e-16,0.9777777777777777,0.0,hpc,3029,0.0,200.0,40808.0,12240.0,6480.0,6906.200619239826,88.0,90.0,0.0,92.50985593423029,7.20203607698204,,move_split,
78.0,78.0,0.0,0.0,c_kam_move_only,0.9999406029517222,move_only,5.121538962713366,2.618979630247472,,A1,8.0,64.0,0.7518793036863922,8.0,1.00892603671277,139.43560088712928,1.878838964750265e-16,0.4519259332397742,0.7225265179631459,0.6909330026817219,32.2680643358035,3.416070845000482e-17,0.23724091132745742,0.23724091132745742,2.0107142216640153,0.5046972197600801,4.365539184879368,0.0,0.8927771652815214,1.1102230246251565e-16,0.22414688489107285,0.22414688489107285,0.7649869882976941,0.9999406029517222,0.0,c_kam,78.0,5.107025913275682e-16,0.8666666666666667,0.0,hpc,3030,0.0,200.0,40320.0,12240.0,6480.0,6453.6128671607,78.0,90.0,0.0,79.53387624058017,6.764800623001065,,move_only,
28.0,28.0,0.0,0.0,c_kam_move_merge,0.9999999999999994,move_merge,4.2071504585060335,1.8174114350735824,,A1,8.0,64.0,0.0,2.0,1.0450129250044182,140.19876995568117,2.3790493384824782e-17,0.3742029103821509,0.419002972181201,0.3528498452513378,5.852174878527876,-7.93016446160826e-18,0.09372625619546211,0.09372625619546211,1.6134738966328284,0.7922103590554453,3.873150381889119,0.0,0.7700102012290939,7.93016446160826e-18,0.10156893476924961,0.10156893476924961,0.8331202848874747,0.9999999999999994,6.0,c_kam,22.0,0.0,0.3111111111111111,0.0,hpc,3030,0.0,200.0,7656.0,6454.0,5962.0,1170.4349757055752,22.0,90.0,0.0,25.137119528556163,1.4581989760044962,,move_merge,
85.0,85.0,0.0,0.0,c_kam_move_split,0.9999067048143105,move_split,5.135040598676834,2.6380865764836976,,A1,8.0,64.0,1.1809798851520332,10.0,0.9767181006932835,139.43560088712928,1.6196194712178753e-16,0.4530735722966689,0.7251230851119069,0.6938252185652428,36.149705081188586,3.657205257588751e-17,0.2331026682588228,0.2331026682588228,2.032514469063326,0.49024480773645207,4.351193321130095,0.0,0.8930578184314402,9.926699984883753e-17,0.2294062978133348,0.2294062978133348,0.7633628978676148,0.9999067048143105,0.0,c_kam,83.0,3.996802888650557e-16,0.9444444444444444,0.0,hpc,3030,2.0,200.0,44808.0,12306.0,6546.0,7229.941016237717,83.0,90.0,0.0,87.49347138340103,7.52516848500818,,move_split,
,,,,c_kam_full_move_merge_split,0.9999999999999996,full_move_merge_split,6.240618724786585,2.0296349959296767,,A1,,,0.0,6.0,0.930535729934411,216.0038862437605,,0.635663369168631,0.5253817828666738,0.3391391913333433,34.36649998417124,,0.1927189536082836,0.1927189536082836,2.504005328590924,0.6676227544758551,12.261791463039131,,3.099437911106317,,0.2036246789061826,0.2036246789061826,0.782424199394805,0.9999999999999996,17.0,c_kam,31.0,,,0.0,warehouse,3001,15.0,200.0,21916.0,6314.0,6173.0,6873.299996834248,31.0,,,27.907933762576747,,,full_move_merge_split,C1.1
,,,,c_kam_full_move_merge_split,1.0000000000000004,full_move_merge_split,8.291954585602497,2.364952243019155,,A1,,,0.0,3.0,0.951188574883718,309.4781506135233,,0.8362585629252698,0.4409126561575425,0.221523951611768,22.95760287495796,,0.1508878700941196,0.1508878700941196,2.541025438755856,0.7623014545054433,14.468324881329742,,3.71566146586981,,0.1827467024606231,0.1827467024606231,0.7489133758461964,1.0000000000000004,13.0,c_kam,41.0,,,0.0,warehouse,3002,8.0,200.0,13496.0,6249.0,6047.0,4591.520574991591,41.0,,,26.34838069439622,,,full_move_merge_split,C1.1
,,,,c_kam_full_move_merge_split,1.0,full_move_merge_split,1.7917928399571592,0.9459231996180276,,A1,,,0.0,2.0,1.0554368724094862,94.33413462068476,,0.1916659267175219,0.5042384476526991,0.3096991043265429,22.562946704856586,,0.1545491695342153,0.1545491695342153,1.5864792281122249,0.7279475186440137,3.237841894045642,,0.578689829928409,,0.1704246651512757,0.1704246651512757,0.8941574373073604,1.0,15.0,c_kam,34.0,,,0.0,warehouse,3003,9.0,200.0,13885.0,6328.0,6051.0,4512.589340971317,34.0,,,23.70725933327592,,,full_move_merge_split,C1.1
,,,,c_kam_full_move_merge_split,1.0000000000000004,full_move_merge_split,2.9034250622592195,1.2092519607547008,,A1,,,0.0,4.0,0.982584185249336,137.08282876528858,,0.3022197019501878,0.5017154790639724,0.3061861100890755,22.382973739149747,,0.1684095249941087,0.1684095249941087,1.784827775768021,0.7326654190930229,4.975364482285009,,1.0588199526899011,,0.1685905100698554,0.1685905100698554,0.8667621278650265,1.0000000000000004,18.0,c_kam,28.0,,,0.0,warehouse,3004,14.0,200.0,13754.0,6199.0,6051.0,4476.5947478299495,28.0,,,26.489380102281665,,,full_move_merge_split,C1.1
,,,,c_kam_full_move_merge_split,0.9999272796708408,full_move_merge_split,2.558697375139751,1.1313439128768938,,A1,,,0.8015427948782252,5.0,0.9451579196562956,137.71351401498717,,0.2690868868816563,0.5464543645681029,0.3684807607910294,32.670408878766466,,0.1610826844422957,0.1610826844422957,1.9374894674517715,0.6660816852443949,4.065601842870918,,0.8175070725507567,,0.1636197629772509,0.1636197629772509,0.8744727318883347,0.9999272796708408,17.0,c_kam,28.0,,,0.0,warehouse,3005,14.0,200.0,20737.0,6376.0,6155.0,6534.081775753293,28.0,,,25.26588575610916,,,full_move_merge_split,C1.1
,,,,c_kam_full_move_merge_split,0.9999750385271184,full_move_merge_split,5.373213490528714,1.750785476809225,,A1,,,0.3037379491681287,8.0,1.0134585852744695,212.2912186352281,,0.5525997953977947,0.5407551234621469,0.3605451086181794,36.65517250163248,,0.1934659052117292,0.1934659052117292,2.3690408466266395,0.6876177214089612,11.211412180996248,,2.798279316510067,,0.2029058739490888,0.2029058739490888,0.8094165289245693,0.9999750385271184,10.0,c_kam,39.0,,,0.0,warehouse,3006,10.0,200.0,21110.0,6266.0,6163.0,7331.034500326496,39.0,,,25.23868500033607,,,full_move_merge_split,C1.1
,,,,c_kam_full_move_merge_split,1.0000000000000004,full_move_merge_split,2.1811215084521387,1.0616704695322725,,A1,,,0.0,5.0,0.9215983495640488,119.91902537109948,,0.2334714377196501,0.4761355654631743,0.2705685088727743,35.45391745909001,,0.187906630313351,0.187906630313351,1.9789158431464529,0.6614804518456733,3.6146234176897183,,0.6968788745364867,,0.18353847166489,0.18353847166489,0.8810558518516638,1.0000000000000004,17.0,c_kam,32.0,,,0.0,warehouse,3007,14.0,200.0,22068.0,6633.0,6175.0,7090.7834918180015,32.0,,,27.55118782819693,,,full_move_merge_split,C1.1
,,,,c_kam_full_move_merge_split,1.0000000000000002,full_move_merge_split,3.4517655400129352,1.3317879860179054,,A1,,,0.0,3.0,1.0076914384109206,150.24082286394102,,0.3633307635068827,0.5852624244058009,0.4225172998055455,37.31325267479406,,0.1461189195205255,0.1461189195205255,1.6728808196593934,0.6545335312724825,4.759435839878736,,1.0119910672662171,,0.164593641743098,0.164593641743098,0.8518616182553984,1.0000000000000002,13.0,c_kam,40.0,,,0.0,warehouse,3008,8.0,200.0,23201.0,6406.0,6188.0,7462.6505349588115,40.0,,,24.986127298548773,,,full_move_merge_split,C1.1
,,,,c_kam_full_move_merge_split,0.999975149447263,full_move_merge_split,2.233324823829667,1.0266440048868537,,A1,,,0.263568084630377,6.0,0.97288430356568,109.38121689837368,,0.2336380833552053,0.5581847512348347,0.3848142105801496,33.36898023044341,,0.1161723298907454,0.1161723298907454,1.5123594410734134,0.685134839984023,3.017350547038808,,0.5304916914758726,,0.1431753541877921,0.1431753541877921,0.8867409944111708,0.999975149447263,13.0,c_kam,28.0,,,0.0,warehouse,3009,11.0,200.0,20496.0,6327.0,6152.0,6673.7960460886825,28.0,,,21.802878226699008,,,full_move_merge_split,C1.1
,,,,c_kam_full_move_merge_split,0.9999803289034148,full_move_merge_split,6.156658513622909,1.9602606323378289,,A1,,,0.2670124830458033,5.0,0.9973242403279444,259.7454670357221,,0.6259836677057442,0.4903338661839859,0.2903382946865626,31.23187517951009,,0.2250695686405738,0.2250695686405738,2.78836241030281,0.7182586089249494,13.84594644649149,,3.525241592816477,,0.226813954627838,0.226813954627838,0.7897345666645057,0.9999803289034148,7.0,c_kam,46.0,,,0.0,warehouse,3010,4.0,200.0,18047.0,6267.0,6116.0,6246.37503590202,46.0,,,20.315603973436204,,,full_move_merge_split,C1.1
,,,,c_kam_full_move_merge_split,0.9999999999999996,full_move_merge_split,2.2338154390826768,1.0734291057038623,,A1,,,0.0,4.0,1.0616646238386338,128.143794615304,,0.2363816443184522,0.614416413494064,0.4631114618271778,36.665694355324376,,0.1789215191295017,0.1789215191295017,2.0191029206279314,0.6533466075868125,3.899643759012347,,0.7582825946242271,,0.1914797962762422,0.1914797962762422,0.8806708467805504,0.9999999999999996,16.0,c_kam,35.0,,,0.0,warehouse,3011,12.0,200.0,23592.0,6530.0,6195.0,7333.138871064875,35.0,,,26.6743765562594,,,full_move_merge_split,C1.1
,,,,c_kam_full_move_merge_split,1.0000000000000009,full_move_merge_split,1.4313748072328707,0.8642240774085614,,A1,,,0.0,7.0,0.8330383804367645,57.41949908277918,,0.1512432130447802,0.4870472166906951,0.2857619472908413,34.00089139337069,,0.1671675161754995,0.1671675161754995,1.5367026776712764,0.6771220390882422,2.467095501869315,,0.3763242029276163,,0.1880702080116305,0.1880702080116305,0.905670222530124,1.0000000000000009,17.0,c_kam,25.0,,,0.0,warehouse,3012,16.0,200.0,22080.0,6583.0,6176.0,6800.178278674139,25.0,,,25.567654081023186,,,full_move_merge_split,C1.1
,,,,c_kam_full_move_merge_split,0.999961334085588,full_move_merge_split,0.2997476744495461,0.2825629241732946,,A1,,,0.4789191017569765,5.0,1.0214727659572391,18.057230483452383,,0.0331118030272618,0.6221348501462556,0.4738586521023812,40.708330299239606,,0.0878981600210512,0.0878981600210512,1.1543437255152278,0.6419662372162784,1.1305849296629011,,0.0126882642043817,,0.1041532740963307,0.1041532740963307,0.9684942905970793,0.999961334085588,15.0,c_kam,33.0,,,0.0,warehouse,3013,12.0,200.0,24236.0,6890.0,6206.0,8141.666059847921,33.0,,,25.267572989322726,,,full_move_merge_split,C1.1
,,,,c_kam_full_move_merge_split,0.999997997700422,full_move_merge_split,1.984538720020349,0.983848953665016,,A1,,,0.0213986344967267,6.0,0.9991530162761026,98.86525979360758,,0.2065021225435986,0.576305789001393,0.4100460353183954,32.24851778984885,,0.1453541035587223,0.1453541035587223,1.5811750974360004,0.6779653272067308,2.8852571980379413,,0.4841453702751203,,0.1637943022499187,0.1637943022499187,0.8921716284736234,0.999997997700422,17.0,c_kam,30.0,,,0.0,warehouse,3014,15.0,200.0,18751.0,6426.0,6126.0,6449.7035579697695,30.0,,,25.94193507213993,,,full_move_merge_split,C1.1
,,,,c_kam_full_move_merge_split,0.9999999999999992,full_move_merge_split,2.6885307594995336,1.2065915194149193,,A1,,,0.0,7.0,0.8472193545158104,165.1144895739381,,0.2826196416865763,0.5132265367593045,0.3222141651078925,29.32474746587104,,0.1493322535763176,0.1493322535763176,1.8431825749275736,0.6981896671371507,4.555280791913339,,0.9543166651257572,,0.179486579396897,0.179486579396897,0.8667502425317873,0.9999999999999992,12.0,c_kam,40.0,,,0.0,warehouse,3015,11.0,200.0,18273.0,6262.0,6121.0,5864.949493174208,40.0,,,24.9185847208966,,,full_move_merge_split,C1.1
,,,,c_kam_full_move_merge_split,1.0,full_move_merge_split,2.434908823353944,1.1276898533976594,,A1,,,0.0,5.0,0.8643585575737485,147.18866920454843,,0.2552971133038136,0.4784305106987409,0.2737640022387532,31.08486952565727,,0.1531486371546293,0.1531486371546293,1.5661604742853574,0.6866154413638867,3.32000968791238,,0.6174987539721435,,0.1556614810713679,0.1556614810713679,0.8756751867252107,1.0,14.0,c_kam,29.0,,,0.0,warehouse,3016,11.0,200.0,19838.0,6313.0,6142.0,6216.973905131454,29.0,,,23.235092591047007,,,full_move_merge_split,C1.1
,,,,c_kam_full_move_merge_split,0.9999958806169084,full_move_merge_split,2.561658154269538,1.1182265770669433,,A1,,,0.052772660833114,4.0,0.9872591615994616,171.69470367346275,,0.2667033863851399,0.4630747382473403,0.2523825469266763,22.362327010487206,,0.1552986024140075,0.1552986024140075,1.67952535575507,0.731419188857424,4.490437942046771,,0.934199205446836,,0.1671035161269345,0.1671035161269345,0.8767630893571849,0.9999958806169084,11.0,c_kam,32.0,,,0.0,warehouse,3017,7.0,200.0,14530.0,6447.0,6062.0,4472.465402097441,32.0,,,20.443218381922733,,,full_move_merge_split,C1.1
,,,,c_kam_full_move_merge_split,0.9999051013289778,full_move_merge_split,1.264696029434908,0.7054532425733451,,A1,,,1.1404242156220978,5.0,0.963665762355976,93.61126892383584,,0.1347195373749685,0.4337706573165775,0.211579396263589,17.056351150531555,,0.1494438726353182,0.1494438726353182,1.619455065022808,0.780750833334732,2.5504790881390376,,0.385947517045636,,0.1612061090208358,0.1612061090208358,0.9209156220055522,0.9999051013289778,11.0,c_kam,24.0,,,0.0,warehouse,3018,8.0,200.0,10806.0,6289.0,6009.0,3411.270230106311,24.0,,,17.69196963264999,,,full_move_merge_split,C1.1
,,,,c_kam_full_move_merge_split,0.9999004154375932,full_move_merge_split,3.262586428089226,1.2960305180169167,,A1,,,1.331950568304378,6.0,0.9976485175687022,153.49746467662246,,0.3381821787992223,0.6252706406456123,0.4782249426711059,42.7429283807578,,0.2096741494982911,0.2096741494982911,2.2475415676622017,0.6423153843438965,7.679328517959402,,1.8063019425215976,,0.2242487769895443,0.2242487769895443,0.8576068491052203,0.9999004154375932,11.0,c_kam,37.0,,,0.0,warehouse,3019,9.0,200.0,23602.0,6513.0,6198.0,8548.58567615156,37.0,,,22.256124734629346,,,full_move_merge_split,C1.1
,,,,c_kam_full_move_merge_split,0.9999909939945452,full_move_merge_split,3.5263823761073625,1.5046505367531755,,A1,,,0.1016988150357775,7.0,0.9164936764025946,124.7077693268658,,0.360157266996431,0.4678665251972537,0.2590546553379482,41.61988061037846,,0.2345891631522359,0.2345891631522359,2.329317335152373,0.6354427672010423,6.490780345057037,,1.495327836180787,,0.2360230335627395,0.2360230335627395,0.8393033753832728,0.9999909939945452,18.0,c_kam,25.0,,,0.0,warehouse,3020,17.0,200.0,26407.0,6601.0,6239.0,8323.976122075692,25.0,,,26.83839437625556,,,full_move_merge_split,C1.1
,,,,c_kam_full_move_merge_split,1.0000000000000002,full_move_merge_split,4.074938300652164,1.4999926074213268,,A1,,,0.0,4.0,0.9622752320142348,170.69977659443984,,0.420934877155232,0.4657888807865397,0.2561617327407516,22.39859540975885,,0.147969914828022,0.147969914828022,2.085162700122244,0.7134000236798577,6.721070559041474,,1.5630852110843576,,0.1630356142710676,0.1630356142710676,0.8364181403185468,1.0000000000000002,12.0,c_kam,32.0,,,0.0,warehouse,3021,8.0,200.0,14515.0,6247.0,6062.0,4479.719081951771,32.0,,,22.08602487974173,,,full_move_merge_split,C1.1
,,,,c_kam_full_move_merge_split,1.0000000000000002,full_move_merge_split,2.938980111919617,1.2934345297214311,,A1,,,0.0,4.0,1.0522173165571165,126.95627431000489,,0.3076212056604556,0.5170894795899125,0.3275929462644351,28.74003110948252,,0.168775921652856,0.168775921652856,1.7433615753865712,0.7027869478730433,4.610126499443973,,0.9623018441455948,,0.1806510938515572,0.1806510938515572,0.8580537300747473,1.0000000000000002,19.0,c_kam,28.0,,,0.0,warehouse,3022,15.0,200.0,17667.0,6262.0,6108.0,5748.006221896503,28.0,,,27.286513774939937,,,full_move_merge_split,C1.1
,,,,c_kam_full_move_merge_split,0.999998533373036,full_move_merge_split,4.508020208628159,1.5366563964507762,,A1,,,0.0173008577444186,2.0,1.1220044357906462,182.97074033048,,0.4630752424114892,0.4305214568676632,0.2070551931068729,15.372574390203226,,0.1750115667931681,0.1750115667931681,2.310162927723186,0.8226986442177795,8.699396047057869,,2.0843482548088383,,0.1757871157185923,0.1757871157185923,0.8322239464721554,0.999998533373036,11.0,c_kam,30.0,,,0.0,warehouse,3023,5.0,200.0,8965.0,6161.0,5979.0,3074.5148780406453,30.0,,,18.675110435371327,,,full_move_merge_split,C1.1
,,,,c_kam_full_move_merge_split,1.0000000000000002,full_move_merge_split,1.6421939132288472,0.911436735821348,,A1,,,0.0,5.0,0.9977424439992142,86.87551850602144,,0.1725556165724976,0.5371694703199306,0.3555524270277513,41.947563309950056,,0.1635065100871453,0.1635065100871453,1.5549076461420186,0.646062548817815,2.6671556111648664,,0.4333948354964861,,0.1844872076865594,0.1844872076865594,0.9000459341404411,1.0000000000000002,16.0,c_kam,33.0,,,0.0,warehouse,3024,13.0,200.0,25677.0,6709.0,6227.0,8389.512661990011,33.0,,,25.696904571096887,,,full_move_merge_split,C1.1
,,,,c_kam_full_move_merge_split,0.999993768621478,full_move_merge_split,1.7144335995382285,0.8579975705738733,,A1,,,0.0705052619235132,5.0,0.9155637450234808,114.76959191541503,,0.1810005183527798,0.5138160853833091,0.3230350555970125,31.281744524894748,,0.1415121861871514,0.1415121861871514,1.5621672290455182,0.698403657930533,2.856615448468767,,0.4824233382294485,,0.1658524353939316,0.1658524353939316,0.9042159786194792,0.999993768621478,11.0,c_kam,31.0,,,0.0,warehouse,3025,8.0,200.0,19264.0,6937.0,6134.0,6256.34890497895,31.0,,,20.320855795213227,,,full_move_merge_split,C1.1
,,,,c_kam_full_move_merge_split,1.0000000000000004,full_move_merge_split,1.1961576417368236,0.7390363317874693,,A1,,,0.0,3.0,0.979154273650954,67.52675009544153,,0.1272532674577051,0.507168898674328,0.3137794791667858,23.22370472364128,,0.1319552492555753,0.1319552492555753,1.358061657239853,0.7097412041142919,2.045938397143739,,0.2564469523476275,,0.1476053608338418,0.1476053608338418,0.918290065555395,1.0000000000000004,17.0,c_kam,28.0,,,0.0,warehouse,3026,12.0,200.0,15431.0,6444.0,6075.0,4644.740944728255,28.0,,,24.465615544805736,,,full_move_merge_split,C1.1
,,,,c_kam_full_move_merge_split,0.9999999999999992,full_move_merge_split,2.202116181821016,0.994778727072091,,A1,,,0.0,4.0,0.9660373941111208,135.94113140169648,,0.2356283832080668,0.4871726305425553,0.2859365741731781,27.37834556013695,,0.1354121830469406,0.1354121830469406,1.7450968936290088,0.7069167770459691,3.3988657919697705,,0.637409196887793,,0.145861217570211,0.145861217570211,0.8871793403523708,0.9999999999999992,14.0,c_kam,31.0,,,0.0,warehouse,3027,10.0,200.0,16466.0,6226.0,6091.0,5475.66911202739,31.0,,,23.47074203891695,,,full_move_merge_split,C1.1
,,,,c_kam_full_move_merge_split,1.0000000000000002,full_move_merge_split,4.668215024038504,1.6102160964709205,,A1,,,0.0,4.0,0.9823231874797178,195.15717139756904,,0.4828093095586713,0.4560109642997554,0.2425469123161152,18.209030559955863,,0.1676227369101592,0.1676227369101592,2.163589688502308,0.7569808228853309,8.757996946459645,,2.1162410514521057,,0.171871828857545,0.171871828857545,0.8234529956109614,1.0000000000000002,12.0,c_kam,26.0,,,0.0,warehouse,3028,8.0,200.0,11432.0,6182.0,6017.0,3641.8061119911727,26.0,,,18.25308482124318,,,full_move_merge_split,C1.1
,,,,c_kam_full_move_merge_split,1.0,full_move_merge_split,3.4453016430890777,1.2973112669417002,,A1,,,0.0,4.0,1.0337488413727698,156.34456831256796,,0.3609189468466792,0.5144689580793792,0.3239441188447051,22.867489135969663,,0.2104925864287192,0.2104925864287192,2.546450126245182,0.7309122754374694,9.596515217092255,,2.3354258160810875,,0.2311359806607264,0.2311359806607264,0.8552602733685235,1.0,15.0,c_kam,32.0,,,0.0,warehouse,3029,11.0,200.0,13551.0,6226.0,6048.0,4573.497827193933,32.0,,,24.35228073482094,,,full_move_merge_split,C1.1
,,,,c_kam_full_move_merge_split,1.0,full_move_merge_split,3.2759633300581426,1.2993477152940809,,A1,,,0.0,4.0,0.9561122430000282,175.38397219478122,,0.3394499642084116,0.4470752417096711,0.2301047669375168,23.04542955418583,,0.1509429333830373,0.1509429333830373,1.88273236312844,0.7559673409318526,5.662895564612873,,1.2586101828169034,,0.1799321124935745,0.1799321124935745,0.8572583631538478,1.0,12.0,c_kam,32.0,,,0.0,warehouse,3030,8.0,200.0,13487.0,6217.0,6048.0,4609.085910837166,32.0,,,21.81509448198588,,,full_move_merge_split,C1.1
,,,,c_kam_full_move_merge_split,1.0000000000000002,full_move_merge_split,3.3193813652704,1.3038930351079587,,A1,,,0.0,6.0,0.9756407193824604,132.11587304571188,,0.3725808566825256,0.5731656670087759,0.4960983568853604,26.83821052502026,,0.1456460582499363,0.1456460582499363,1.8631797528769247,0.6599978865124629,5.211727612422103,,1.1387164482193182,,0.1744883943810973,0.1744883943810973,0.8467884556152471,1.0000000000000002,13.0,c_kam,30.0,,,0.0,edge,3001,11.0,200.0,21416.0,6510.0,6166.0,5367.642105004052,30.0,,,29.736227657385232,,,full_move_merge_split,C1.1
,,,,c_kam_full_move_merge_split,1.0,full_move_merge_split,7.197031177499624,1.9888261262073528,,A1,,,0.0,5.0,1.0694032841868522,286.25616404351774,,0.7915216687747,0.5290805185662465,0.444053389974041,22.71696676514693,,0.1506102668425843,0.1506102668425843,2.4227188202499024,0.7115954473196698,14.003862011690712,,3.585154347769108,,0.1532174744988029,0.1532174744988029,0.7694816852438865,1.0,10.0,c_kam,31.0,,,0.0,edge,3002,7.0,200.0,15976.0,6284.0,6086.0,4543.393353029387,31.0,,,29.113176158297,,,full_move_merge_split,C1.1
,,,,c_kam_full_move_merge_split,1.0,full_move_merge_split,6.654148500896004,1.9402667111427088,,A1,,,0.0,2.0,0.96822481028761,262.32119242406964,,0.7363761212637224,0.4214539793805262,0.3169942812131212,11.435005285748048,,0.163490235578941,0.163490235578941,2.7079071689071395,0.7828503074020711,16.01239772168193,,4.141117776788133,,0.1698033325399911,0.1698033325399911,0.7744338282566416,1.0,9.0,c_kam,21.0,,,0.0,edge,3003,3.0,200.0,8416.0,6085.0,5971.0,2287.0010571496096,21.0,,,18.655288517463685,,,full_move_merge_split,C1.1
,,,,c_kam_full_move_merge_split,0.999999999999999,full_move_merge_split,4.751709081979739,1.633861804517406,,A1,,,0.0,3.0,1.0450968688571751,241.2396185037749,,0.5386611509922633,0.42449581927569,0.3205853422004673,13.113547930843197,,0.1701606253840328,0.1701606253840328,2.7304157910273954,0.7729021570001927,10.625321562976229,,2.63739055310586,,0.1938183926254519,0.1938183926254519,0.8058495114639025,0.999999999999999,9.0,c_kam,38.0,,,0.0,edge,3004,4.0,200.0,9285.0,6311.0,5984.0,2622.70958616864,38.0,,,32.25778760150795,,,full_move_merge_split,C1.1
,,,,c_kam_full_move_merge_split,0.9995570207751392,full_move_merge_split,3.140118089162861,1.2574941058972116,,A1,,,4.67862243544927,3.0,1.0300423563305547,140.3267690832917,,0.3506440440448986,0.4746424492598707,0.3797862248206807,14.899117094755638,,0.1599321966598059,0.1599321966598059,1.982874252388884,0.7515611105615027,6.865494953225167,,1.588469574198465,,0.1864120845069312,0.1864120845069312,0.8524387048458013,0.9995570207751392,12.0,c_kam,16.0,,,0.0,edge,3005,7.0,200.0,11515.0,6279.0,6017.0,2979.823418951128,16.0,,,19.924841732886776,,,full_move_merge_split,C1.1
,,,,c_kam_full_move_merge_split,0.9998324561611444,full_move_merge_split,3.182299829498264,1.2441787448916688,,A1,,,2.022654731462878,3.0,1.0019558867059866,175.0059535975421,,0.3655225064615569,0.481262505403742,0.3876015688794176,16.370692679774947,,0.1238158642785339,0.1238158642785339,1.743190464036505,0.7413858407271817,4.897154371021362,,1.0506066778864716,,0.1612043357286985,0.1612043357286985,0.8500662353636378,0.9998324561611444,9.0,c_kam,32.0,,,0.0,edge,3006,4.0,200.0,13043.0,6270.0,6040.0,3274.138535954989,32.0,,,25.260940938892816,,,full_move_merge_split,C1.1
,,,,c_kam_full_move_merge_split,1.0000000000000002,full_move_merge_split,6.878535238245012,1.9072941610466767,,A1,,,0.0,2.0,1.0048947738718308,305.0588182065013,,0.7642349462660392,0.513251200857735,0.4253660010126038,12.218669279536698,,0.1531044962005109,0.1531044962005109,2.5356274569815294,0.7716575766897339,14.804937502914632,,3.794637188768091,,0.1724085224467765,0.1724085224467765,0.7762005168669591,1.0000000000000002,9.0,c_kam,32.0,,,0.0,edge,3007,3.0,200.0,9425.0,6089.0,5985.0,2443.73385590734,32.0,,,24.346897495143622,,,full_move_merge_split,C1.1
,,,,c_kam_full_move_merge_split,0.999446011788054,full_move_merge_split,2.920426596032437,1.1700221407262108,,A1,,,7.043160233496922,2.0,1.050037893025501,162.54445649646843,,0.3288921491217172,0.3807452830189718,0.268935403564064,10.379780442308402,,0.1530672462049508,0.1530672462049508,1.9148523147338403,0.7970291779929337,6.402030231409549,,1.4641557810063242,,0.172622050015183,0.172622050015183,0.8613668798304077,0.999446011788054,7.0,c_kam,32.0,,,0.0,edge,3008,1.0,200.0,7969.0,6243.0,5964.0,2075.9560884616803,32.0,,,25.98698653575441,,,full_move_merge_split,C1.1
,,,,c_kam_full_move_merge_split,0.9999212550729912,full_move_merge_split,0.8495493723464647,0.5208902018172565,,A1,,,0.9985130148446404,3.0,0.9859572378752034,75.05992908426164,,0.0988057186397038,0.4324129114197459,0.3299319093149778,13.893794479081407,,0.1276533201895397,0.1276533201895397,1.3708509062427168,0.7431637119927333,2.142698412752322,,0.2884383993206247,,0.131784762184182,0.131784762184182,0.9367010337959492,0.9999212550729912,10.0,c_kam,22.0,,,0.0,edge,3009,5.0,200.0,11056.0,6298.0,6010.0,2778.758895816281,22.0,,,21.84823932238443,,,full_move_merge_split,C1.1
,,,,c_kam_full_move_merge_split,0.9998465471776912,full_move_merge_split,6.770135712855382,1.8277341660050368,,A1,,,2.1656496677534056,3.0,1.033096963876786,322.1576127720656,,0.7617176943068144,0.449604252919885,0.3502272430304198,12.306541653961176,,0.1623933658480536,0.1623933658480536,2.497718387392953,0.7818309333469664,16.30804992148428,,4.219403164719956,,0.1656932972459409,0.1656932972459409,0.7819771205018998,0.9998465471776912,8.0,c_kam,34.0,,,0.0,edge,3010,3.0,200.0,8898.0,6128.0,5979.0,2461.308330792235,34.0,,,25.518993097507987,,,full_move_merge_split,C1.1
,,,,c_kam_full_move_merge_split,0.9999585939628154,full_move_merge_split,2.680732408024609,1.1372440010113003,,A1,,,0.5311375814853626,4.0,0.9925904652827368,161.77868677041357,,0.3141522579023723,0.5075672110187054,0.418655735230416,19.094332635140745,,0.1537864669477232,0.1537864669477232,1.9695551071735933,0.7096827329798893,5.633128131681402,,1.2516913940554628,,0.1782247375687539,0.1782247375687539,0.8602417018085586,0.9999585939628154,14.0,c_kam,33.0,,,0.0,edge,3011,10.0,200.0,14471.0,6499.0,6061.0,3818.866527028149,33.0,,,30.692437837235143,,,full_move_merge_split,C1.1
,,,,c_kam_full_move_merge_split,0.9998435870352508,full_move_merge_split,6.275636534150886,1.993289014750883,,A1,,,2.0445950983421035,6.0,1.077862931774508,236.9998376976384,,0.6920314412556415,0.5726197835893312,0.4954539111818492,24.05709350074176,,0.1661976307934341,0.1661976307934341,2.5225527474008858,0.7059666097774877,13.072398634852616,,3.314974293533956,,0.176439712995985,0.176439712995985,0.7705272891859427,0.9998435870352508,12.0,c_kam,35.0,,,0.0,edge,3012,10.0,200.0,16447.0,6239.0,6093.0,4811.418700148352,35.0,,,34.81662388690151,,,full_move_merge_split,C1.1
,,,,c_kam_full_move_merge_split,1.0,full_move_merge_split,7.241967650234727,2.0964461860451413,,A1,,,0.0,2.0,0.967991098501532,234.8561535005143,,0.7990392887709651,0.4607074608640188,0.3633351968533557,15.452143914153568,,0.1528114406663203,0.1528114406663203,2.470401577202176,0.75803815311177,13.188841969420077,,3.356146808965128,,0.1608505051350769,0.1608505051350769,0.7575252624771552,1.0,10.0,c_kam,22.0,,,0.0,edge,3013,4.0,200.0,10375.0,6744.0,5999.0,3090.4287828307133,22.0,,,20.39510601542893,,,full_move_merge_split,C1.1
,,,,c_kam_full_move_merge_split,0.9996862565212076,full_move_merge_split,3.412862133106986,1.3339512373097455,,A1,,,3.400825040082262,2.0,1.0388040520656716,139.46722473522158,,0.3846299406238051,0.5238938552917279,0.4379302458305122,22.789379014866427,,0.1241387358492373,0.1241387358492373,1.6788338660873752,0.7178534635967582,4.917000801684715,,1.0550237708633927,,0.1378772493510618,0.1378772493510618,0.8427516993918328,0.9996862565212076,12.0,c_kam,32.0,,,0.0,edge,3014,6.0,200.0,14216.0,6166.0,6056.0,4557.875802973285,32.0,,,30.24551758825185,,,full_move_merge_split,C1.1
,,,,c_kam_full_move_merge_split,0.9999823350104744,full_move_merge_split,2.942126453960203,1.1546144838700556,,A1,,,0.2213910748255964,3.0,0.9474166266646182,165.57627297550025,,0.335872640548069,0.5143050814494524,0.4266101656000479,24.787947744771373,,0.1329312621580499,0.1329312621580499,1.8397056608957287,0.7044429256785868,4.910049164273303,,1.0561141443970097,,0.1489088769865326,0.1489088769865326,0.8606015236432185,0.9999823350104744,12.0,c_kam,27.0,,,0.0,edge,3015,7.0,200.0,14515.0,6230.0,6061.0,4957.5895489542745,27.0,,,27.05861031332119,,,full_move_merge_split,C1.1
,,,,c_kam_full_move_merge_split,0.999636489055002,full_move_merge_split,4.42161468924478,1.531695577774816,,A1,,,4.159402446419202,3.0,1.058977113742695,191.0578417829159,,0.4962254385385497,0.4773299411468592,0.3829589582983754,15.815388965565944,,0.1874138493507861,0.1874138493507861,2.2596096440556246,0.7316958492285837,10.361508549634252,,2.5612563647804194,,0.2202977122040261,0.2202977122040261,0.8193809908210477,0.999636489055002,9.0,c_kam,32.0,,,0.0,edge,3016,4.0,200.0,11849.0,6149.0,6022.0,3163.077793113189,32.0,,,27.471337362098748,,,full_move_merge_split,C1.1
,,,,c_kam_full_move_merge_split,0.9999278711985627,full_move_merge_split,3.61431301270148,1.3797618487654624,,A1,,,0.7755503632089421,2.0,1.0111388707751765,147.87850572762403,,0.4082626481268204,0.4814692844571495,0.3878456830396903,17.392427744634915,,0.1719524726488567,0.1719524726488567,2.127403009509644,0.7304927389963342,8.166598125963866,,1.952544853598464,,0.1976985828166343,0.1976985828166343,0.8370184085697602,0.9999278711985627,12.0,c_kam,29.0,,,0.0,edge,3017,6.0,200.0,13609.0,6201.0,6047.0,3478.485548926983,29.0,,,25.3108182115186,,,full_move_merge_split,C1.1
,,,,c_kam_full_move_merge_split,1.0,full_move_merge_split,7.335988004786957,2.030832932326544,,A1,,,0.0,2.0,0.9693611232381112,230.83259007071047,,0.8126843356668546,0.4141152358015901,0.3083304867102105,12.444534755632048,,0.134187000805472,0.134187000805472,2.5454235810432744,0.7782998732567787,15.023287660192636,,3.875528263833466,,0.1459871391923106,0.1459871391923106,0.7640091297395639,1.0,8.0,c_kam,26.0,,,0.0,edge,3018,2.0,200.0,8590.0,6109.0,5973.0,2488.9069511264097,26.0,,,21.51401882417965,,,full_move_merge_split,C1.1
,,,,c_kam_full_move_merge_split,1.0000000000000002,full_move_merge_split,3.508276061966346,1.3284661128809092,,A1,,,0.0,3.0,1.0580944581153868,162.64234818118138,,0.3941420249310493,0.4264512772355472,0.3228938689586321,18.986452094104607,,0.1719316530819494,0.1719316530819494,2.174172333742817,0.7841871015562896,7.736316377889453,,1.82743616099148,,0.1866609326014304,0.1866609326014304,0.8431510755705537,1.0000000000000002,12.0,c_kam,17.0,,,0.0,edge,3019,7.0,200.0,12112.0,6304.0,6027.0,3797.290418820921,17.0,,,21.09037032137257,,,full_move_merge_split,C1.1
,,,,c_kam_full_move_merge_split,0.9994294693279974,full_move_merge_split,4.830265104846665,1.5896188230867043,,A1,,,8.749944932044208,4.0,1.0871417435139887,250.7269244157237,,0.5317690469695399,0.5424523148067254,0.4598395383134952,28.58131257453352,,0.1886839841460477,0.1886839841460477,2.2947276561199126,0.6846447678085112,11.25507917415498,,2.8124541798551985,,0.2041706753367389,0.2041706753367389,0.8156866857430777,0.9994294693279974,10.0,c_kam,34.0,,,0.0,edge,3020,6.0,200.0,17835.0,6395.0,6111.0,5716.262514906703,34.0,,,30.08364738466468,,,full_move_merge_split,C1.1
,,,,c_kam_full_move_merge_split,0.9999506689517156,full_move_merge_split,3.9410827175119656,1.310988065000855,,A1,,,0.5363497338093122,2.0,1.0052072921329898,175.44946167823207,,0.44221565255454,0.4308594558916555,0.3280979687609822,12.410216125572331,,0.1226841933160056,0.1226841933160056,1.85428871202544,0.7714602523108246,7.116311122458683,,1.671012336382416,,0.1242657708337516,0.1242657708337516,0.8438482095056173,0.9999506689517156,9.0,c_kam,14.0,,,0.0,edge,3021,3.0,200.0,9648.0,6496.0,5989.0,2482.0432251144666,14.0,,,16.36434303683051,,,full_move_merge_split,C1.1
,,,,c_kam_full_move_merge_split,0.999765799023022,full_move_merge_split,3.3590025657822804,1.2513700113062909,,A1,,,2.6099915292027807,6.0,1.054507163083491,157.0176892956411,,0.3826424997982947,0.5052349599978186,0.4159023833307581,22.62668725044932,,0.1352907718283835,0.1352907718283835,1.91742525725006,0.7151422211947317,5.738372265593897,,1.285344132850467,,0.146267749843984,0.146267749843984,0.849360986660986,0.999765799023022,8.0,c_kam,28.0,,,0.0,edge,3022,6.0,200.0,16262.0,6787.0,6091.0,4525.337450089864,28.0,,,23.60580874832325,,,full_move_merge_split,C1.1
,,,,c_kam_full_move_merge_split,0.9993444729456018,full_move_merge_split,5.803226612117198,1.7308051143116088,,A1,,,7.089695122465331,3.0,1.0778692752233052,219.1619094001543,,0.6474613904868408,0.4139594649450894,0.3081465905601749,14.884289869805798,,0.1908689713052835,0.1908689713052835,2.68689901190791,0.7970742411310229,14.718582010196656,,3.7694860361009233,,0.2106889272070008,0.2106889272070008,0.7958868624560194,0.9993444729456018,9.0,c_kam,29.0,,,0.0,edge,3023,4.0,200.0,11434.0,6706.0,6017.0,2976.85797396116,29.0,,,23.17258286592874,,,full_move_merge_split,C1.1
,,,,c_kam_full_move_merge_split,0.999933268968821,full_move_merge_split,4.078773127903293,1.4598449112878835,,A1,,,0.7927515668678533,4.0,1.0241148774862867,174.8298600460792,,0.4516579005748605,0.5712262962586678,0.4938088219720384,33.77136846422218,,0.1762555181911096,0.1762555181911096,2.194815816585616,0.6641659501401754,8.477241686125737,,2.04118740160758,,0.1976034970352128,0.1976034970352128,0.8302250075975667,0.999933268968821,11.0,c_kam,30.0,,,0.0,edge,3024,7.0,200.0,20112.0,6405.0,6145.0,6754.273692844436,30.0,,,25.0360435625572,,,full_move_merge_split,C1.1
,,,,c_kam_full_move_merge_split,1.0,full_move_merge_split,6.848746097500078,1.9722305031975569,,A1,,,0.0,2.0,1.013644470862205,237.32905558606217,,0.7530735723249079,0.4357819919450847,0.3339092960462806,11.47441162422183,,0.1768156968970517,0.1768156968970517,2.761011050386517,0.7892448413393134,16.021265672466985,,4.135917619545616,,0.17661251028624,0.17661251028624,0.7726489444595077,1.0,7.0,c_kam,23.0,,,0.0,edge,3025,1.0,200.0,8260.0,6385.0,5968.0,2294.882324844366,23.0,,,18.218828137446145,,,full_move_merge_split,C1.1
,,,,c_kam_full_move_merge_split,0.9998054519820572,full_move_merge_split,2.6434912260852013,1.1518813562416266,,A1,,,2.389424268408024,2.0,1.04241624876676,149.46248462014103,,0.2961134405957603,0.4762642898961629,0.3817008977940813,16.05727578571532,,0.131277677066336,0.131277677066336,1.6886451926847468,0.7529740830403189,4.357352407927041,,0.8955421685583117,,0.1478893089540156,0.1478893089540156,0.8648524182762738,0.9998054519820572,7.0,c_kam,35.0,,,0.0,edge,3026,1.0,200.0,11951.0,6810.0,6023.0,3211.455157143064,35.0,,,26.15083943468584,,,full_move_merge_split,C1.1
,,,,c_kam_full_move_merge_split,0.9998752017889814,full_move_merge_split,6.067339791604751,1.84129299619514,,A1,,,1.30884997621745,3.0,0.960303236729674,212.98985268,,0.6753326898927273,0.4884130447449941,0.3960431778239514,14.710906025138684,,0.1593417786392007,0.1593417786392007,2.515988218206667,0.7415100937456627,12.138110334850069,,3.0605597678626406,,0.1747554813683347,0.1747554813683347,0.7841970918988842,0.9998752017889814,10.0,c_kam,31.0,,,0.0,edge,3027,5.0,200.0,11657.0,6204.0,6019.0,2942.1812050277367,31.0,,,26.14890727522302,,,full_move_merge_split,C1.1
,,,,c_kam_full_move_merge_split,0.9999999999999996,full_move_merge_split,3.6011519061030954,1.294922914285748,,A1,,,0.0,2.0,1.0149536150862069,192.05953999041515,,0.4167604893479728,0.439123456358665,0.3378540804234239,12.18887629918754,,0.1269713284266601,0.1269713284266601,2.0164054046333977,0.777139040686728,7.052955389145045,,1.6488944579378906,,0.1452705932489519,0.1452705932489519,0.842151585504227,0.9999999999999996,8.0,c_kam,28.0,,,0.0,edge,3028,2.0,200.0,9205.0,6414.0,5982.0,2437.775259837508,28.0,,,23.1938813749336,,,full_move_merge_split,C1.1
,,,,c_kam_full_move_merge_split,1.0000000000000009,full_move_merge_split,3.626197039859112,1.3069281599925044,,A1,,,0.0,2.0,1.0147701543344358,146.80179849804563,,0.4101702720057808,0.4056883727043096,0.2983821066648099,8.892266734619625,,0.1498454406996385,0.1498454406996385,2.2963060855078847,0.7978440738403504,7.874864590807039,,1.8722907273868683,,0.1515736932247882,0.1515736932247882,0.843525176917978,1.0000000000000009,7.0,c_kam,14.0,,,0.0,edge,3029,1.0,200.0,7436.0,6160.0,5956.0,1778.453346923925,14.0,,,13.2727080111494,,,full_move_merge_split,C1.1
,,,,c_kam_full_move_merge_split,0.9998758016774864,full_move_merge_split,5.85465121167939,1.8032558029651529,,A1,,,1.695440166007729,2.0,1.0051811431859607,268.7102959668898,,0.6519095731413596,0.4002331635702497,0.2919419292148781,10.233047600195276,,0.1363301147459281,0.1363301147459281,2.295183939735553,0.804528844689431,10.890140681385668,,2.716684133605642,,0.1578930902238055,0.1578930902238055,0.7887036193380405,0.9998758016774864,7.0,c_kam,27.0,,,0.0,edge,3030,1.0,200.0,7469.0,6356.0,5957.0,2046.6095200390555,27.0,,,21.08326117131965,,,full_move_merge_split,C1.1
,,,,c_kam_full_move_merge_split,1.0000000000000002,full_move_merge_split,0.5650690074024941,0.4112622796656217,,A1,,,0.0,4.0,1.0672128000643004,14.338072867343016,,0.0513531535489977,0.543752366392248,0.2776079134543926,18.4935375241912,,0.1065318089732983,0.1065318089732983,1.137986979691898,0.7902463104291981,1.436720561435233,,0.0662552526150991,,0.1336095554375092,0.1336095554375092,0.9602721960735036,1.0000000000000002,7.0,c_kam,0.0,,,0.0,enterprise,3001,3.0,200.0,10886.0,6124.0,6010.0,3698.70750483824,0.0,,,5.0,,,full_move_merge_split,C1.1
,,,,c_kam_full_move_merge_split,1.0,full_move_merge_split,0.814370934742,0.5278955829930977,,A1,,,0.0,4.0,1.0737398263556248,17.92499506627682,,0.0741147433982654,0.5284049556316672,0.2533078464168063,16.37331045450992,,0.1655769822595077,0.1655769822595077,1.42149117955102,0.7794061148341578,2.0985286295411187,,0.2396494077128122,,0.1797295605744582,0.1797295605744582,0.9484108199545116,1.0,8.0,c_kam,2.0,,,0.0,enterprise,3002,4.0,200.0,10092.0,6139.0,5997.0,3274.662090901984,2.0,,,7.317256354821214,,,full_move_merge_split,C1.1
,,,,c_kam_full_move_merge_split,0.9999670933421252,full_move_merge_split,1.839871425060704,0.921680509924393,,A1,,,0.1193176904003825,4.0,1.1602293238239567,34.40562916175726,,0.1556449326597005,0.7054836442298844,0.5336824366973171,31.26889529608889,,0.1876617738561653,0.1876617738561653,1.5030373337023186,0.6639704108685504,2.5858693867952613,,0.3712663657680632,,0.1785911185071517,0.1785911185071517,0.9152521426618396,0.9999670933421252,10.0,c_kam,2.0,,,0.0,enterprise,3003,6.0,200.0,19420.0,6220.0,6134.0,6253.779059217777,2.0,,,9.217912483209131,,,full_move_merge_split,C1.1
,,,,c_kam_full_move_merge_split,1.0,full_move_merge_split,1.7811870941449095,0.9138591217954228,,A1,,,0.0,5.0,1.0672687313216622,29.615271446689643,,0.1491376971454165,0.6606617611828485,0.4627144552061766,38.13495191323455,,0.2016430144987442,0.2016430144987442,1.5113792585475292,0.6464020211509502,3.2020805782074,,0.5514248567030363,,0.1817432830925313,0.1817432830925313,0.9169744324310468,1.0,9.0,c_kam,3.0,,,0.0,enterprise,3004,6.0,200.0,22235.0,6311.0,6176.0,7626.990382646909,3.0,,,9.791213339659327,,,full_move_merge_split,C1.1
,,,,c_kam_full_move_merge_split,1.0,full_move_merge_split,1.884658034683296,0.937986440181333,,A1,,,0.0,3.0,1.088283754025939,33.136675167947665,,0.1635384792498542,0.5966587450002571,0.361376346250407,23.432919445476728,,0.169219798771856,0.169219798771856,1.45777131124765,0.7437104440088471,2.830100669881854,,0.4409057447510295,,0.174443466128049,0.174443466128049,0.9119783727902412,1.0,12.0,c_kam,1.0,,,0.0,enterprise,3005,7.0,200.0,13786.0,6149.0,6051.0,4686.5838890953455,1.0,,,10.177952396279869,,,full_move_merge_split,C1.1
,,,,c_kam_full_move_merge_split,1.0000000000000002,full_move_merge_split,0.3987351999239541,0.3199885480596882,,A1,,,0.0,3.0,1.0647542051137742,11.384802260771869,,0.0375821418971604,0.5333982090757243,0.2612138310365636,18.83156855008565,,0.127933049240978,0.127933049240978,1.1402671287190245,0.7867983080861864,1.4416663646394203,,0.0640244981161465,,0.114009288421424,0.114009288421424,0.9683361242505768,1.0000000000000002,8.0,c_kam,2.0,,,0.0,enterprise,3006,3.0,200.0,11623.0,6399.0,6021.0,3766.31371001713,2.0,,,6.948596352552617,,,full_move_merge_split,C1.1
,,,,c_kam_full_move_merge_split,1.0000000000000002,full_move_merge_split,2.279691913827789,1.016602086216971,,A1,,,0.0,2.0,1.113557693750982,33.92369864151171,,0.1959074468180136,0.594942030965192,0.3586582156948874,16.49301961180754,,0.1878540420138441,0.1878540420138441,1.510763144420469,0.7770764326470622,3.706706203251942,,0.6723587788239116,,0.1825005028601678,0.1825005028601678,0.9042891039611994,1.0000000000000002,8.0,c_kam,0.0,,,0.0,enterprise,3007,2.0,200.0,9347.0,6122.0,5984.0,3298.603922361508,0.0,,,5.0,,,full_move_merge_split,C1.1
,,,,c_kam_full_move_merge_split,0.9999999999999998,full_move_merge_split,0.814836370171177,0.5540752256409249,,A1,,,0.0,4.0,1.036040077719725,18.113898218208377,,0.0722352787564575,0.5831087192894993,0.3399221388750406,31.98096863387036,,0.1569156466788731,0.1569156466788731,1.404340003081996,0.6920035071906864,1.7501974592722902,,0.1590334494119286,,0.1462907586027723,0.1462907586027723,0.9477371228517312,0.9999999999999998,12.0,c_kam,0.0,,,0.0,enterprise,3008,8.0,200.0,17760.0,6511.0,6110.0,6396.193726774072,0.0,,,10.0,,,full_move_merge_split,C1.1
,,,,c_kam_full_move_merge_split,1.0000000000000002,full_move_merge_split,0.5987187421059584,0.4416764861876259,,A1,,,0.0,4.0,1.1585209155126115,13.496439660050918,,0.0591603410906965,0.6871789538958325,0.5047000103350681,33.92276978964219,,0.1532076531964975,0.1532076531964975,1.210452674849699,0.6793328116813888,1.5528399703861084,,0.0917702890739712,,0.1519274273242101,0.1519274273242101,0.954287183768607,1.0000000000000002,6.0,c_kam,2.0,,,0.0,enterprise,3009,2.0,200.0,20371.0,10510.0,6158.0,6784.553957928438,2.0,,,5.30291449564388,,,full_move_merge_split,C1.1
,,,,c_kam_full_move_merge_split,1.0000000000000002,full_move_merge_split,0.7648034347208629,0.5457809705207514,,A1,,,0.0,3.0,1.1245044011537826,16.168436096192526,,0.0671836483062924,0.5955717149394684,0.359655215320825,57.5444728898583,,0.1723981718223496,0.1723981718223496,1.2984476973305217,0.7298666825373609,1.827323118191319,,0.1644320868010062,,0.1702112944666206,0.1702112944666206,0.9494841002094432,1.0000000000000002,9.0,c_kam,0.0,,,0.0,enterprise,3010,4.0,200.0,14595.0,6385.0,6063.0,11508.89457797166,0.0,,,6.5,,,full_move_merge_split,C1.1
,,,,c_kam_full_move_merge_split,0.9999999999999998,full_move_merge_split,0.8187990742936472,0.5300605495986491,,A1,,,0.0,4.0,1.0868709292716394,19.04925656713002,,0.0756653093422986,0.5664671037971567,0.313572914345498,34.21325502960826,,0.1364582769926172,0.1364582769926172,1.2981819109735715,0.7872683927271211,1.85984418957586,,0.1729550842063349,,0.1328053347387791,0.1328053347387791,0.9473010319683052,0.9999999999999998,8.0,c_kam,0.0,,,0.0,enterprise,3011,4.0,200.0,8855.0,6315.0,5979.0,6842.6510059216525,0.0,,,6.0,,,full_move_merge_split,C1.1
,,,,c_kam_full_move_merge_split,0.9999999999999998,full_move_merge_split,0.8129531760304544,0.5592312241180397,,A1,,,0.0,5.0,1.1004603392803811,17.74296774720149,,0.0698413273430854,0.7091485330031585,0.5394851772550012,39.12879717507167,,0.1428198976805869,0.1428198976805869,1.175872219898562,0.6549757659775036,1.502906357253253,,0.0837113714400566,,0.1463211099430499,0.1463211099430499,0.948976467580964,0.9999999999999998,5.0,c_kam,3.0,,,0.0,enterprise,3012,2.0,200.0,20363.0,8130.0,6150.0,7825.759435014334,3.0,,,5.759335948786023,,,full_move_merge_split,C1.1
,,,,c_kam_full_move_merge_split,1.0,full_move_merge_split,0.6692159130833525,0.4599601946312572,,A1,,,0.0,4.0,1.0780955825423042,15.62901621309194,,0.0624577637191454,0.6713880820542499,0.4796977965858957,33.813537396490574,,0.1565574865085167,0.1565574865085167,1.283492455137081,0.6620623967894769,1.7397902956572922,,0.1502276451334822,,0.1541153259769497,0.1541153259769497,0.9539644637632998,1.0,8.0,c_kam,0.0,,,0.0,enterprise,3013,4.0,200.0,19292.0,7102.0,6132.0,6762.707479298115,0.0,,,6.0,,,full_move_merge_split,C1.1
,,,,c_kam_full_move_merge_split,0.9999999999999998,full_move_merge_split,1.1851861544635731,0.6707089366178219,,A1,,,0.0,2.0,1.1509083699751876,24.51483135353245,,0.1065636225972174,0.542812533823165,0.2761198452200111,17.508687618246768,,0.1474056100941368,0.1474056100941368,1.2834457379127502,0.79471244203494,2.113510113975987,,0.2425139784156224,,0.1525448461232934,0.1525448461232934,0.9347703784208792,0.9999999999999998,9.0,c_kam,1.0,,,0.0,enterprise,3014,3.0,200.0,10409.0,7025.0,6001.0,3501.737523649353,1.0,,,6.682493377519805,,,full_move_merge_split,C1.1
,,,,c_kam_full_move_merge_split,1.0,full_move_merge_split,0.2621393118659639,0.254701112334231,,A1,,,0.0,4.0,1.2003995321338137,6.000656832766349,,0.0265094699219658,0.7952774998834711,0.6758560414821626,48.27389676996973,,0.1511793969473872,0.1511793969473872,1.1456758529392514,0.6291211549808187,1.3314067373778895,,0.025566163621203,,0.1308710007914117,0.1308710007914117,0.9741550723780468,1.0,10.0,c_kam,1.0,,,0.0,enterprise,3015,6.0,200.0,24981.0,6653.0,6215.0,9654.779353993945,1.0,,,8.7439193401474,,,full_move_merge_split,C1.1
,,,,c_kam_full_move_merge_split,0.9999999999999998,full_move_merge_split,0.2780921355589442,0.2417203796248924,,A1,,,0.0,4.0,1.1202195785542486,7.441315749225532,,0.0266066958204611,0.7892805241174595,0.6663608298526441,34.645682004484115,,0.1203098246542233,0.1203098246542233,1.178215858905369,0.6464841121249136,1.3141932267008118,,0.0264529526167271,,0.1219440708869115,0.1219440708869115,0.9759150057356396,0.9999999999999998,5.0,c_kam,1.0,,,0.0,enterprise,3016,1.0,200.0,20524.0,7596.0,6153.0,6929.136400896823,1.0,,,3.786372837691204,,,full_move_merge_split,C1.1
,,,,c_kam_full_move_merge_split,1.0000000000000002,full_move_merge_split,1.104544602853392,0.661357624629308,,A1,,,0.0,3.0,1.1749370754508914,23.53602478178585,,0.0987387662456818,0.5348597683595799,0.2635279665693349,21.51834261516342,,0.1762743186141985,0.1762743186141985,1.3981181324345888,0.7768194219156672,2.145988734633815,,0.2498947014480031,,0.1889639056029272,0.1889639056029272,0.9365437782807138,1.0000000000000002,7.0,c_kam,2.0,,,0.0,enterprise,3017,2.0,200.0,12732.0,6488.0,6037.0,4303.668523032684,2.0,,,5.743427424655736,,,full_move_merge_split,C1.1
,,,,c_kam_full_move_merge_split,0.9999999999999998,full_move_merge_split,0.0253595677731606,0.0287109988127497,,A1,,,0.0,5.0,1.2817641400242317,0.6677430302489297,,0.0025569378927277,0.7163507943859461,0.550888757777748,46.828576244734,,0.1112946340891869,0.1112946340891869,0.9580422195761452,0.6335764181929489,1.1551318854039392,,0.0002350978169706,,0.0862626158155275,0.0862626158155275,0.9971029925900818,0.9999999999999998,4.0,c_kam,1.0,,,0.0,enterprise,3018,1.0,200.0,27898.0,9051.0,6262.0,9365.7152489468,1.0,,,3.214603310786204,,,full_move_merge_split,C1.1
,,,,c_kam_full_move_merge_split,0.9999999999999998,full_move_merge_split,0.3373107898153109,0.2809787442416255,,A1,,,0.0,4.0,1.1381642452805996,9.367625633468316,,0.031237509198382,0.7197545657546496,0.5562780624448618,31.72020762009197,,0.1228688701267351,0.1228688701267351,1.085221651393527,0.6793907918694214,1.345759517662236,,0.0370339603420063,,0.1055117050635756,0.1055117050635756,0.9727228019446416,0.9999999999999998,7.0,c_kam,0.0,,,0.0,enterprise,3019,3.0,200.0,17777.0,6423.0,6111.0,6344.041524018394,0.0,,,5.0,,,full_move_merge_split,C1.1
,,,,c_kam_full_move_merge_split,1.0,full_move_merge_split,0.1173507124762488,0.1167788613007104,,A1,,,0.0,3.0,1.18277329767796,3.54220592130306,,0.0143556607305496,0.6220135597802195,0.4015214696520142,37.69341318955412,,0.102389477358438,0.102389477358438,0.9935678665294654,0.7286582370322495,1.2067685891317423,,0.0069163063342979,,0.0988804569957398,0.0988804569957398,0.9855868480458744,1.0,6.0,c_kam,1.0,,,0.0,enterprise,3020,1.0,200.0,22986.0,8219.0,6192.0,7538.682637910824,1.0,,,4.258376302990122,,,full_move_merge_split,C1.1
,,,,c_kam_full_move_merge_split,0.9998699521039752,full_move_merge_split,1.3320382540177818,0.7951445166327683,,A1,,,0.4427903804034733,4.0,1.0926489994337645,22.01623909352124,,0.1158920302040792,0.6233891339284036,0.4036994620533057,32.53788193076616,,0.1902908747037092,0.1902908747037092,1.4059433266390011,0.6787785752075169,2.185042156437304,,0.2681953058118811,,0.1786001159776839,0.1786001159776839,0.9264106438358396,0.9998699521039752,8.0,c_kam,4.0,,,0.0,enterprise,3021,4.0,200.0,19357.0,7206.0,6134.0,6507.576386153232,4.0,,,8.787450196407336,,,full_move_merge_split,C1.1
,,,,c_kam_full_move_merge_split,1.0000000000000009,full_move_merge_split,0.559075194688465,0.4267031596327112,,A1,,,0.0,5.0,1.0981688427396628,14.374956019185404,,0.0538121404541008,0.6526624885489702,0.4500489402025364,39.2814553102653,,0.1441574730495602,0.1441574730495602,1.2395253749248372,0.6424671109984732,1.4727627256015732,,0.0873953789009911,,0.1436439578382944,0.1436439578382944,0.956993959352726,1.0000000000000009,7.0,c_kam,2.0,,,0.0,enterprise,3022,4.0,200.0,22705.0,6677.0,6183.0,7856.29106205306,2.0,,,6.943729278061964,,,full_move_merge_split,C1.1
,,,,c_kam_full_move_merge_split,0.9999999999999998,full_move_merge_split,0.636434906263544,0.4513895610103378,,A1,,,0.0,2.0,1.243326661968828,15.488526094220608,,0.0517869313279737,0.4891302478978236,0.1911228925048875,11.751048126461685,,0.1420113627288104,0.1420113627288104,1.6436575049303928,0.8783735888736541,1.8540189157985607,,0.1582260113309552,,0.1299525059314281,0.1299525059314281,0.9612714981001094,0.9999999999999998,6.0,c_kam,2.0,,,0.0,enterprise,3023,0.0,200.0,7455.0,6556.0,5958.0,2350.209625292337,2.0,,,4.367983469194071,,,full_move_merge_split,C1.1
,,,,c_kam_full_move_merge_split,0.9999424887623084,full_move_merge_split,1.2683632687692767,0.710072870956482,,A1,,,0.2096292004475402,5.0,1.118651582086806,26.221959446452964,,0.1104008830728982,0.6786470543981582,0.4911911694637506,35.67132939133444,,0.1852879625341596,0.1852879625341596,1.4603373204644907,0.670582296187276,2.446910929148623,,0.3359181079745578,,0.1701971801679187,0.1701971801679187,0.9330867464966708,0.9999424887623084,8.0,c_kam,2.0,,,0.0,enterprise,3024,5.0,200.0,21270.0,6975.0,6166.0,7134.265878266888,2.0,,,7.962615965192204,,,full_move_merge_split,C1.1
,,,,c_kam_full_move_merge_split,0.9999999999999998,full_move_merge_split,0.5476499803113611,0.4053103775704074,,A1,,,0.0,5.0,1.1686971235132848,14.383832101727675,,0.049813259228278,0.6979851350771724,0.5218097972055231,42.6511454807769,,0.1339614709977529,0.1339614709977529,1.104674848830557,0.6454690177216821,1.402932072699251,,0.0628177148042857,,0.126837514362232,0.126837514362232,0.9609965659869504,0.9999999999999998,6.0,c_kam,0.0,,,0.0,enterprise,3025,3.0,200.0,25609.0,6529.0,6237.0,8530.22909615538,0.0,,,4.5,,,full_move_merge_split,C1.1
,,,,c_kam_full_move_merge_split,0.9999999999999998,full_move_merge_split,0.1680364246768033,0.1737363277298185,,A1,,,0.0,3.0,1.1852854381522309,4.3592159998893685,,0.0153475227409708,0.7500620999680082,0.6042649916160129,41.242312889226014,,0.1612803369890819,0.1612803369890819,1.4422141503928751,0.6539501902993371,1.3994760462282207,,0.0431327544468661,,0.151462137606352,0.151462137606352,0.9839549012122328,0.9999999999999998,6.0,c_kam,2.0,,,0.0,enterprise,3026,1.0,200.0,23548.0,9099.0,6202.0,8248.462577845203,2.0,,,5.097554810726115,,,full_move_merge_split,C1.1
,,,,c_kam_full_move_merge_split,1.0,full_move_merge_split,1.025877478130004,0.6359977120934399,,A1,,,0.0,5.0,1.0700806604274629,20.451599069212072,,0.090412804739996,0.5344524792531664,0.2628830921508468,28.030165451491484,,0.1614453120837224,0.1614453120837224,1.2851199388130583,0.7429180540646582,2.010542826719275,,0.2253218963982946,,0.1566674109227664,0.1566674109227664,0.9399526496440216,1.0,8.0,c_kam,0.0,,,0.0,enterprise,3027,5.0,200.0,16067.0,6324.0,6091.0,5606.033090298297,0.0,,,6.5,,,full_move_merge_split,C1.1
,,,,c_kam_full_move_merge_split,1.0000000000000002,full_move_merge_split,0.6128245529567053,0.4391274945791074,,A1,,,0.0,3.0,1.162213310882508,13.326991237798966,,0.0543366227962887,0.6396818052469885,0.4294961916410652,37.05317717947764,,0.1616322113700149,0.1616322113700149,1.1821436355816703,0.6840379008718422,1.539011744804499,,0.091823315567338,,0.1356417870875749,0.1356417870875749,0.958521919010007,1.0000000000000002,8.0,c_kam,3.0,,,0.0,enterprise,3028,3.0,200.0,18490.0,9850.0,6120.0,7410.635435895529,3.0,,,7.628929829147625,,,full_move_merge_split,C1.1
,,,,c_kam_full_move_merge_split,1.0,full_move_merge_split,0.1895424073405003,0.1805161542998248,,A1,,,0.0,3.0,1.1624734628730478,6.09676315399748,,0.0171623033069343,0.6971760683670725,0.5205287749145314,34.02675775301759,,0.1042448280656098,0.1042448280656098,1.0388519762470272,0.6763793523515043,1.220411968123881,,0.0119094335355042,,0.1082683685485812,0.1082683685485812,0.983222219045728,1.0,6.0,c_kam,1.0,,,0.0,enterprise,3029,1.0,200.0,20001.0,8191.0,6149.0,6805.351550603518,1.0,,,4.329777358508971,,,full_move_merge_split,C1.1
,,,,c_kam_full_move_merge_split,1.0,full_move_merge_split,0.407252369750788,0.3336364248476842,,A1,,,0.0,5.0,1.0618220687237232,9.134141367183265,,0.0348115395533819,0.6292065777397252,0.4129104147545648,34.576525269512786,,0.1547156183685219,0.1547156183685219,1.0982525296565109,0.6929065355684605,1.3671969657254126,,0.0452228758923972,,0.1380164499415191,0.1380164499415191,0.970137727198563,1.0,7.0,c_kam,2.0,,,0.0,enterprise,3030,4.0,200.0,20663.0,7643.0,6156.0,6915.305053902557,2.0,,,6.730700831010358,,,full_move_merge_split,C1.1
,,,,c_kam_full_move_merge_split,1.0,full_move_merge_split,16.54493431051647,4.547642658148017,,A1,,,0.0,5.0,0.8693050587358441,255.6377392540853,,1.4395274502525808,0.4848876027168378,0.4262361911449925,13.422862681618426,,0.2093037487858519,0.2093037487858519,3.612921333142658,0.6645927918949852,25.4583691811022,,6.785726111835214,,0.2070400455497661,0.2070400455497661,0.5944505525601044,1.0,14.0,c_kam,42.0,,,0.0,hpc,3001,11.0,200.0,19457.0,6291.0,6135.0,2684.572536323685,42.0,,,48.34931041949724,,,full_move_merge_split,C1.1
,,,,c_kam_full_move_merge_split,0.9997059826095648,full_move_merge_split,10.971245546892114,3.5762098179228508,,A1,,,3.6616369430331233,6.0,0.9170033357768372,230.5313214198277,,0.9626634385259644,0.442374418989701,0.3788823973895185,16.230446540284902,,0.1740092147087418,0.1740092147087418,2.8037539596903565,0.6361576639543646,13.751996458575922,,3.543073131948401,,0.1758819819578888,0.1758819819578888,0.6780515116900826,0.9997059826095648,15.0,c_kam,27.0,,,0.0,hpc,3002,13.0,200.0,23863.0,6367.0,6200.0,3246.0893080569804,27.0,,,38.75407181235417,,,full_move_merge_split,C1.1
,,,,c_kam_full_move_merge_split,0.9999636233704766,full_move_merge_split,3.344763547467629,1.7883687552906773,,A1,,,0.4497860698002729,4.0,0.8959838207617177,103.93247772714594,,0.2995516909339576,0.423856598824348,0.3582561125518728,14.89513044449268,,0.1480161169963362,0.1480161169963362,1.7089591435549216,0.6530115122229242,3.1884672171639545,,0.6001890046195443,,0.1668886831342738,0.1668886831342738,0.8365010648860364,0.9999636233704766,16.0,c_kam,20.0,,,0.0,hpc,3003,12.0,200.0,22132.0,6790.0,6174.0,2979.026088898536,20.0,,,32.811391471979164,,,full_move_merge_split,C1.1
,,,,c_kam_full_move_merge_split,0.9999999999999992,full_move_merge_split,16.479859284108716,4.592067200015431,,A1,,,0.0,5.0,0.90882595035579,280.288993108348,,1.4346632845047451,0.4885757282640185,0.4303442517792286,14.43610405010986,,0.2573108976380366,0.2573108976380366,4.187418863174981,0.6494212672511068,29.20646006269091,,7.8217678180806,,0.2525473721261976,0.2525473721261976,0.590085771736965,0.9999999999999992,15.0,c_kam,47.0,,,0.0,hpc,3004,12.0,200.0,21487.0,7239.0,6165.0,2887.2208100219723,47.0,,,55.651395073371006,,,full_move_merge_split,C1.1
,,,,c_kam_full_move_merge_split,0.999490081993455,full_move_merge_split,6.919721654854936,2.8320158785221885,,A1,,,6.402066150174675,4.0,0.9290657102395488,167.13117086620517,,0.6080055449829446,0.4524321617325759,0.3900853286625226,12.336683190515032,,0.1697875287811559,0.1697875287811559,2.272072648202746,0.6679392494998387,7.21250392261366,,1.708143587505785,,0.1833885796869361,0.1833885796869361,0.7454067989270122,0.999490081993455,12.0,c_kam,44.0,,,0.0,hpc,3005,8.0,200.0,18457.0,9142.0,6120.0,2467.3366381030064,44.0,,,47.44124614732532,,,full_move_merge_split,C1.1
,,,,c_kam_full_move_merge_split,0.9999032763855406,full_move_merge_split,8.958410144284098,3.047091511856594,,A1,,,1.2020293678608525,6.0,0.859626922305925,212.8622397212198,,0.7901569669034144,0.5191980581245292,0.4644532825644508,14.417980608704966,,0.2034293164920105,0.2034293164920105,2.868018935107348,0.652459803150169,14.70592271517472,,3.7836717443325134,,0.2239659742891012,0.2239659742891012,0.7231042791826109,0.9999032763855406,14.0,c_kam,27.0,,,0.0,hpc,3006,12.0,200.0,21507.0,6279.0,6166.0,2883.596121740993,27.0,,,38.819835836940975,,,full_move_merge_split,C1.1
,,,,c_kam_full_move_merge_split,0.9998139091779904,full_move_merge_split,18.774686010222453,4.556570354821399,,A1,,,2.267602023838058,4.0,0.9058875391650314,331.53803717909966,,1.6409759762113754,0.3982377660066,0.3297202839182425,12.48628858869779,,0.1989409846329179,0.1989409846329179,3.8933951799250095,0.6693831036847283,31.39239387085897,,8.457913770810016,,0.1878983804708826,0.1878983804708826,0.5901846807725609,0.9998139091779904,18.0,c_kam,38.0,,,0.0,hpc,3007,14.0,200.0,18546.0,6286.0,6121.0,2497.257717739558,38.0,,,53.44546524670808,,,full_move_merge_split,C1.1
,,,,c_kam_full_move_merge_split,0.9999790658839708,full_move_merge_split,4.510353886969392,1.962932628447961,,A1,,,0.2601355387590832,4.0,0.9601905418062358,150.3342982014289,,0.4012134038940362,0.3313154128498701,0.2551780588674295,10.436249021004189,,0.199969524973701,0.199969524973701,2.135775178707446,0.6957497207616475,6.287000739424192,,1.4546468964419097,,0.1863606994100317,0.1863606994100317,0.8201001066049894,0.9999790658839708,15.0,c_kam,14.0,,,0.0,hpc,3008,11.0,200.0,16088.0,6278.0,6085.0,2087.2498042008374,14.0,,,26.731985669082405,,,full_move_merge_split,C1.1
,,,,c_kam_full_move_merge_split,0.9998109118754144,full_move_merge_split,4.448057833678776,1.954689388983329,,A1,,,2.171083538221603,5.0,0.9554378564446812,135.02806044229445,,0.3957420684661171,0.433772104646768,0.3693006116114991,16.59910453512566,,0.180470651285265,0.180470651285265,1.976316891616903,0.6279351140695545,5.561432860960801,,1.258476791567048,,0.1888322941324955,0.1888322941324955,0.8208068399907513,0.9998109118754144,18.0,c_kam,19.0,,,0.0,hpc,3009,15.0,200.0,24652.0,6525.0,6211.0,3319.8209070251323,19.0,,,35.79766764927069,,,full_move_merge_split,C1.1
,,,,c_kam_full_move_merge_split,0.99992502274137,full_move_merge_split,13.003501845424704,3.8874592820518585,,A1,,,0.968048104244665,4.0,0.865736638134282,262.46494908593127,,1.1427459234226194,0.4233170240988285,0.3576551011001803,12.210923671373166,,0.1743520322310295,0.1743520322310295,2.937250437148984,0.6793958846382121,17.714317128144977,,4.640313917976242,,0.1782535352872785,0.1782535352872785,0.6488237077387241,0.99992502274137,18.0,c_kam,29.0,,,0.0,hpc,3010,14.0,200.0,18499.0,6256.0,6121.0,2442.184734274633,29.0,,,41.53784502415751,,,full_move_merge_split,C1.1
,,,,c_kam_full_move_merge_split,0.999940021534626,full_move_merge_split,8.673009649717542,3.014691503276651,,A1,,,0.7165326683023711,3.0,0.9577664695005932,187.39542155594808,,0.7612275029821367,0.378259340466522,0.3074670871533042,10.30204573937226,,0.2078322933263315,0.2078322933263315,2.8975603955957485,0.705173815945512,13.35464197230723,,3.4147236208116265,,0.2153196960015975,0.2153196960015975,0.7282583117655538,0.999940021534626,15.0,c_kam,23.0,,,0.0,hpc,3011,10.0,200.0,15459.0,6244.0,6075.0,2060.409147874452,23.0,,,34.9415946715268,,,full_move_merge_split,C1.1
,,,,c_kam_full_move_merge_split,1.0,full_move_merge_split,10.53398449375916,3.6006285199200985,,A1,,,0.0,3.0,0.9582100491380096,196.10904935607533,,0.923059645451743,0.4584760426234001,0.3968173742092328,12.400776249851331,,0.2268342280321066,0.2268342280321066,3.046168025487712,0.6786588262202308,15.386862884270265,,3.970368781251369,,0.2140099890034125,0.2140099890034125,0.6765036806513891,1.0,18.0,c_kam,21.0,,,0.0,hpc,3012,13.0,200.0,18149.0,6277.0,6114.0,2480.1552499702666,21.0,,,33.95226298682938,,,full_move_merge_split,C1.1
,,,,c_kam_full_move_merge_split,0.9999896139587264,full_move_merge_split,5.924104427953832,2.450074837218541,,A1,,,0.1272178325855764,5.0,0.9286112950068665,166.69959001944488,,0.5249390407282326,0.3992549697764058,0.3308533079192639,13.636561105231522,,0.1915697646755213,0.1915697646755213,2.2274148331013395,0.6760051604165613,7.446187138590473,,1.7745573062540811,,0.1855154818363667,0.1855154818363667,0.7769584880641582,0.9999896139587264,17.0,c_kam,15.0,,,0.0,hpc,3013,14.0,200.0,20782.0,6352.0,6156.0,2727.3122210463043,15.0,,,27.63558905640198,,,full_move_merge_split,C1.1
,,,,c_kam_full_move_merge_split,0.999911488290392,full_move_merge_split,18.626147133098552,5.0873365435750495,,A1,,,1.064084754482974,3.0,0.916752989493442,284.91094343768714,,1.6197989017737278,0.3422418376341392,0.2673485815231748,8.185778180195484,,0.1683927235328332,0.1683927235328332,3.532131768397411,0.7205405679525211,24.08055268584,,6.421413524510374,,0.1491235174646949,0.1491235174646949,0.5472011593374694,0.999911488290392,11.0,c_kam,34.0,,,0.0,hpc,3014,6.0,200.0,12547.0,6180.0,6032.0,1637.1556360390969,34.0,,,44.25438359305255,,,full_move_merge_split,C1.1
,,,,c_kam_full_move_merge_split,0.9999778844975152,full_move_merge_split,14.28303997626364,4.009738056126348,,A1,,,0.2685382463250378,4.0,0.8511911157690498,263.09207473976664,,1.2426409314388014,0.3454892507444438,0.2709657495915835,10.365745706367306,,0.2458597379427456,0.2458597379427456,3.850513917386236,0.6969232515458137,28.03596884066508,,7.509620166021782,,0.2580612273575838,0.2580612273575838,0.6412281565313716,0.9999778844975152,15.0,c_kam,24.0,,,0.0,hpc,3015,11.0,200.0,15809.0,6232.0,6081.0,2073.1491412734613,24.0,,,35.46369426162836,,,full_move_merge_split,C1.1
,,,,c_kam_full_move_merge_split,0.9999999999999994,full_move_merge_split,6.112799836621923,2.35606952103014,,A1,,,0.0,3.0,0.9178496071807298,181.191122798544,,0.5414492214931205,0.3361856295417815,0.2606028051826774,7.895123299240367,,0.1422496554870707,0.1422496554870707,2.0173158546719896,0.7418343604117701,6.813673589234032,,1.6043508394647883,,0.1529239684717221,0.1529239684717221,0.7849345913457094,0.9999999999999994,10.0,c_kam,25.0,,,0.0,hpc,3016,5.0,200.0,11865.0,6194.0,6022.0,1579.0246598480735,25.0,,,29.972655687217884,,,full_move_merge_split,C1.1
,,,,c_kam_full_move_merge_split,0.9998698692584942,full_move_merge_split,19.325992820816552,4.823207940165869,,A1,,,1.6368958074177522,7.0,0.8347586071764048,316.5335440537886,,1.678823340025985,0.350719281142425,0.2767912785002259,13.678953954949977,,0.2239682118482953,0.2239682118482953,4.435299867460602,0.6635489294022858,36.60642378190069,,9.915984228956455,,0.2464446852846128,0.2464446852846128,0.5696761325032036,0.9998698692584942,14.0,c_kam,26.0,,,0.0,hpc,3017,13.0,200.0,20661.0,6362.0,6154.0,2735.790790989995,26.0,,,40.285054231024326,,,full_move_merge_split,C1.1
,,,,c_kam_full_move_merge_split,0.999573386552858,full_move_merge_split,5.006994354161567,2.2358472619866565,,A1,,,5.032441550658632,5.0,0.94383642114526,133.636574354247,,0.4453505887698417,0.4825678872566422,0.423652349667052,13.110530539706817,,0.1540594029038758,0.1540594029038758,1.9425245496760448,0.6705893063876022,5.237090132974827,,1.1555128242097503,,0.1767761713713145,0.1767761713713145,0.7955868135052898,0.999573386552858,14.0,c_kam,29.0,,,0.0,hpc,3018,11.0,200.0,19497.0,7142.0,6136.0,2622.106107941363,29.0,,,39.3987504624093,,,full_move_merge_split,C1.1
,,,,c_kam_full_move_merge_split,0.9998616817887682,full_move_merge_split,13.29713886984362,3.767709043159735,,A1,,,1.669130322145951,5.0,0.8734962168534308,252.357039825916,,1.160372830683916,0.3723098327399614,0.300840160230155,12.419660335581284,,0.1737404604703991,0.1737404604703991,3.0541352465289164,0.6678527193995099,18.74604481087799,,4.940120178136393,,0.1825097875230543,0.1825097875230543,0.6615977124527828,0.9998616817887682,14.0,c_kam,28.0,,,0.0,hpc,3019,11.0,200.0,18608.0,6245.0,6123.0,2483.932067116257,28.0,,,37.1666950929661,,,full_move_merge_split,C1.1
,,,,c_kam_full_move_merge_split,0.9999805179051486,full_move_merge_split,4.604450571473517,2.117203272734216,,A1,,,0.2479035088287188,6.0,0.8888804200578813,141.3500414128141,,0.4085677090744082,0.3718789310213052,0.3003601954445231,9.614075030112872,,0.1707561474626496,0.1707561474626496,1.911179064933234,0.7163266815529054,5.051562914238202,,1.1054372823689564,,0.1648333857935322,0.1648333857935322,0.8072253831462429,0.9999805179051486,14.0,c_kam,22.0,,,0.0,hpc,3020,12.0,200.0,14196.0,6329.0,6059.0,1922.8150060225744,22.0,,,34.01208274081431,,,full_move_merge_split,C1.1
,,,,c_kam_full_move_merge_split,0.9998863045113972,full_move_merge_split,9.80418204241798,3.5079960714011413,,A1,,,1.4351940963997458,4.0,0.9338970398715394,213.3249706532289,,0.8575517367725274,0.4541435481194911,0.3919915758756708,13.789501999272034,,0.160173351450856,0.160173351450856,2.430405870527302,0.6662854219068123,10.026726959388558,,2.4969181881109392,,0.164774893153335,0.164774893153335,0.6856145866367848,0.9998863045113972,17.0,c_kam,31.0,,,0.0,hpc,3021,13.0,200.0,20479.0,7111.0,6149.0,2757.9003998544067,31.0,,,41.85758619848914,,,full_move_merge_split,C1.1
,,,,c_kam_full_move_merge_split,0.9999999999999996,full_move_merge_split,3.43961408911295,1.69965502228322,,A1,,,0.0,6.0,0.8607129277966115,113.2544755989168,,0.3082795436176983,0.3389485987012114,0.2636803698404583,12.399312975321664,,0.1604581411506134,0.1604581411506134,1.74634634815738,0.6615470832443288,3.566164012598439,,0.7142325135182983,,0.1574163939120495,0.1574163939120495,0.8434889434691776,0.9999999999999996,15.0,c_kam,14.0,,,0.0,hpc,3022,13.0,200.0,19084.0,6402.0,6131.0,2479.8625950643327,14.0,,,23.77787519273632,,,full_move_merge_split,C1.1
,,,,c_kam_full_move_merge_split,0.9999965459645894,full_move_merge_split,6.29321570244783,2.60895209993135,,A1,,,0.0398932626578887,7.0,0.8559196036217904,150.42977132012632,,0.5566776395611273,0.3988269743216124,0.3303765803087268,12.562786519993097,,0.1649549750726899,0.1649549750726899,2.1222859891642987,0.665469161187423,6.357905976265323,,1.4811817533787448,,0.1631365816839841,0.1631365816839841,0.7632047818185083,0.9999965459645894,12.0,c_kam,18.0,,,0.0,hpc,3023,11.0,200.0,19465.0,6379.0,6137.0,2512.55730399862,18.0,,,28.26944751606305,,,full_move_merge_split,C1.1
,,,,c_kam_full_move_merge_split,0.9999999999999994,full_move_merge_split,11.36026371517872,3.579039502460895,,A1,,,0.0,4.0,0.8979722417827471,231.16058017850952,,0.9947297904890514,0.4440974519326395,0.3808016172517023,12.225478040636515,,0.1977013196048977,0.1977013196048977,3.0750584793863203,0.6828354574617902,16.888897688583004,,4.399018014909533,,0.2111945334235631,0.2111945334235631,0.6783531292236122,0.9999999999999994,13.0,c_kam,30.0,,,0.0,hpc,3024,9.0,200.0,18443.0,6769.0,6120.0,2445.0956081273034,30.0,,,41.78838757627604,,,full_move_merge_split,C1.1
,,,,c_kam_full_move_merge_split,0.9999482894947872,full_move_merge_split,3.871770579261075,1.790222971519456,,A1,,,0.6457879879408476,7.0,0.9078383570227602,128.44685822331763,,0.3452549232223598,0.4121747450981738,0.3452441467677679,14.859894595429068,,0.1651952785712948,0.1651952785712948,1.962377535182718,0.6503612819009896,4.525877082132051,,0.9715006214319764,,0.173387533964222,0.173387533964222,0.8360476359123247,0.9999482894947872,16.0,c_kam,14.0,,,0.0,hpc,3025,15.0,200.0,22515.0,6333.0,6182.0,2971.9789190858137,14.0,,,28.15701325766185,,,full_move_merge_split,C1.1
,,,,c_kam_full_move_merge_split,1.0000000000000009,full_move_merge_split,1.767711350175384,1.2040354717492203,,A1,,,0.0,7.0,0.8955796935715394,64.22430560257408,,0.1596231186968292,0.3529113810725699,0.2792329739669714,13.434082964377012,,0.1439461930697319,0.1439461930697319,1.490953825857816,0.6758856712802586,1.905717939663044,,0.2490735432848519,,0.1496291078927418,0.1496291078927418,0.8897890052767908,1.0000000000000009,15.0,c_kam,14.0,,,0.0,hpc,3026,14.0,200.0,20142.0,6332.0,6147.0,2686.8165928754024,14.0,,,26.43985958282861,,,full_move_merge_split,C1.1
,,,,c_kam_full_move_merge_split,1.0000000000000002,full_move_merge_split,6.290455152684405,2.542601471320011,,A1,,,0.0,3.0,0.9171807868082776,172.07642813963264,,0.5550044554573529,0.3789585982712857,0.3082459634209866,8.230594601336634,,0.1663591088331996,0.1663591088331996,2.298605441171816,0.7328802859783682,7.733534049600311,,1.849357352727805,,0.1829722557797901,0.1829722557797901,0.7698041709877204,1.0000000000000002,11.0,c_kam,34.0,,,0.0,hpc,3027,6.0,200.0,12616.0,6308.0,6033.0,1646.1189202673268,34.0,,,40.023965759361104,,,full_move_merge_split,C1.1
,,,,c_kam_full_move_merge_split,0.9999213071809862,full_move_merge_split,9.068885802109293,3.23236014788658,,A1,,,0.9776316339215104,3.0,0.912471528546017,201.7458601499102,,0.7935069614129325,0.4018929483868393,0.3337916504308855,11.574606015346944,,0.1953870084118652,0.1953870084118652,2.68460555898808,0.687853352021126,11.469363672408804,,2.892947707138957,,0.1803518489071631,0.1803518489071631,0.7099455011388699,0.9999213071809862,15.0,c_kam,20.0,,,0.0,hpc,3028,10.0,200.0,17511.0,6772.0,6105.0,2314.921203069389,20.0,,,30.8060914569744,,,full_move_merge_split,C1.1
,,,,c_kam_full_move_merge_split,1.0000000000000004,full_move_merge_split,3.617053471197707,1.6972633444990108,,A1,,,0.0,2.0,0.945732385308914,131.2007401781146,,0.3235570265480971,0.3813078623821726,0.3108627179999447,10.049183609517058,,0.1284116443414909,0.1284116443414909,1.654441768914834,0.7132266253675236,3.469980420967328,,0.6751840938304815,,0.1317374427933886,0.1317374427933886,0.843616687642021,1.0000000000000004,14.0,c_kam,18.0,,,0.0,hpc,3029,8.0,200.0,15194.0,6425.0,6070.0,2009.836721903412,18.0,,,27.961258456114805,,,full_move_merge_split,C1.1
,,,,c_kam_full_move_merge_split,0.9999999999999996,full_move_merge_split,4.344650889060159,1.9409075003744785,,A1,,,0.0,3.0,0.9871084062442108,140.19876995568117,,0.3858904469792515,0.4201800958636872,0.3541609978679684,10.792161930003203,,0.1222349454906606,0.1222349454906606,1.661612653631932,0.6967551474482679,3.829518361615788,,0.7752002499004276,,0.1263100723333812,0.1263100723333812,0.8226231193368986,0.9999999999999996,16.0,c_kam,21.0,,,0.0,hpc,3030,11.0,200.0,16572.0,6722.0,6091.0,2158.4323860006407,21.0,,,32.72133555139415,,,full_move_merge_split,C1.1
