accepted_event_count,accepted_operation_count,actual_worsening_fraction,actual_worsening_operation_count,analysis_method,completion_ratio,condition,disturbance_backlog_auc_mean,disturbance_service_loss_auc_mean,dkam_observation_delay,experiment_block,experimental_initial_n_units,experimental_n_agents,final_backlog,final_n_units,final_objective,max_backlog,mean_abs_delta_estimation_error,mean_backlog_to_capacity,mean_coordination_cost_normalized,mean_cross_communication_ratio,mean_decision_time_ms,mean_delta_estimation_error,mean_kam_capacity_mismatch,mean_kam_load_cv,mean_makespan_proxy,mean_management_overhead_normalized,mean_objective,mean_observation_lag_on_search_steps,mean_overload_penalty,mean_positive_underestimate_error,mean_raw_load_cv,mean_raw_load_imbalance,mean_service_ratio,mean_throughput_ratio,merge_count,method,move_count,p95_positive_underestimate_error,proposal_acceptance_fraction,repartition_count,scenario,seed,split_count,steps,total_candidate_evaluations,total_control_message_hops,total_control_messages,total_decision_time_ms,total_moved_agents,total_proposals,total_rejected_proposals,total_reorganization_cost,wall_elapsed_seconds,scale_n_agents,ablation_variant
10.0,10.0,0.0,0.0,d_kam_delay_0,0.9999999999999997,delay=0,6.244701367585371,2.0129400606505987,0.0,D1,8,64,0.0,2.0,1.1693136246505922,216.00388624376046,0.0,0.6360512202345157,0.39508618728470535,0.15771494432047586,12.560997119580861,0.0,0.22272852496204565,0.22272852496204565,2.5019678296567935,0.8971467631124622,12.481557615467167,0.0,3.1130226306262627,0.0,0.21600261992102682,0.21600261992102682,0.7840102182463176,0.9999999999999997,6.0,d_kam,4.0,0.0,0.031446540880503145,0.0,warehouse,3001,0.0,200.0,7433.0,6288.0,6288.0,2512.1994239161722,4.0,318.0,217.0,4.561151626869473,2.8072186849894933,,
11.0,11.0,0.0,0.0,d_kam_delay_2,1.0000000000000004,delay=2,6.27719730337825,2.1195237029677814,2.0,D1,8,64,0.0,2.0,1.2455563598710633,216.00388624376046,6.788595808851223,0.6391383341348392,0.5022227596627115,0.30689245016326916,12.902021785703255,-5.0720690085102795,0.26026830580524224,0.26026830580524224,2.6552603397916097,0.8610882727889877,12.581570113686823,2.0,3.1224107205115024,0.8582634001704715,0.2408553364825269,0.2408553364825269,0.773884772226185,1.0000000000000004,6.0,d_kam,5.0,4.389040835089471,0.028205128205128206,0.0,warehouse,3001,0.0,200.0,7330.0,6289.0,6289.0,2580.404357140651,5.0,390.0,284.0,4.8276250249023285,2.8919089499977417,,
11.0,11.0,0.0,0.0,d_kam_delay_4,1.0000000000000002,delay=4,6.104846558568157,1.9198733649684916,4.0,D1,8,64,0.0,2.0,1.1758565063105921,216.00388624376046,8.941799753579538,0.6227650133778804,0.3755870514942387,0.13056424891602864,13.0362781448639,-7.998008838499829,0.22047588072976596,0.22047588072976596,2.5676865430798377,0.8818583295919248,12.509655834668742,4.0,3.1288697812114203,0.4718954575398542,0.23650192751335866,0.23650192751335866,0.7928515543361176,1.0000000000000002,6.0,d_kam,5.0,2.241376658191818,0.030303030303030304,0.0,warehouse,3001,0.0,200.0,7562.0,6293.0,6293.0,2607.25562897278,5.0,363.0,258.0,4.788677387065789,2.8845658479840495,,
10.0,10.0,0.0,0.0,d_kam_delay_8,1.0000000000000002,delay=8,6.191087663508737,1.9756297011396904,8.0,D1,8,64,0.0,2.0,1.1758565063105921,216.00388624376046,13.01827415158516,0.6309579183472356,0.37252032994512263,0.12629413030333533,12.314403555501485,-12.493966384972136,0.2440556821868135,0.2440556821868135,2.6837015608354524,0.8854134556316421,12.701643622616366,8.0,3.175425892134994,0.2621538833065114,0.2594412943739215,0.2594412943739215,0.7875547023998538,1.0000000000000002,6.0,d_kam,4.0,1.2364771122569949,0.02865329512893983,0.0,warehouse,3001,0.0,200.0,7174.0,6271.0,6271.0,2462.880711100297,4.0,349.0,252.0,4.461439612969291,2.7401308130065445,,
15.0,15.0,0.0,0.0,d_kam_delay_0,0.9999999999999993,delay=0,10.108624237496501,2.8827098568631353,0.0,D1,8,64,0.0,2.0,1.2331800639957469,334.73999987897014,0.0,1.0088421798552,0.46119248159331255,0.2497616832311948,14.189218624960631,0.0,0.2671147963824535,0.2671147963824535,3.016331189519608,0.8448425052757762,17.794363369069487,0.0,4.58668377476653,0.0,0.27697130760379063,0.27697130760379063,0.6997264025310185,0.9999999999999993,6.0,d_kam,9.0,0.0,0.033632286995515695,0.0,warehouse,3002,0.0,200.0,7548.0,6339.0,6339.0,2837.843724992126,9.0,446.0,309.0,6.312958265681398,3.1224276009888854,,
14.0,14.0,0.0,0.0,d_kam_delay_2,1.0,delay=2,9.910225234741835,2.722417534494028,2.0,D1,8,64,0.0,2.0,1.2284434438744176,334.73999987897014,2.869653086821081,0.9899942745935068,0.45980221049630743,0.2478258627163774,14.425523654208519,-1.9916374760063316,0.22775147661768202,0.22775147661768202,2.9243699366940494,0.8451559354550322,17.701868751123246,2.0,4.571994909494233,0.43900780540737483,0.25522798349224174,0.25522798349224174,0.7149541731560837,1.0,6.0,d_kam,8.0,2.9470225906122804,0.03309692671394799,0.0,warehouse,3002,0.0,200.0,7720.0,6330.0,6330.0,2885.1047308417037,8.0,423.0,290.0,6.0954120043059,3.169709531008266,,
15.0,15.0,0.0,0.0,d_kam_delay_4,0.99992668140365,delay=4,9.877471828332181,2.695970104767177,4.0,D1,8,64,0.873619343768525,2.0,1.264880841355076,334.73999987897014,4.1991945019444765,0.9868827009845899,0.46623238263269073,0.2567792669569113,14.864409330184571,-3.8086837117088552,0.24935037632801552,0.24935037632801552,3.0013617986479098,0.8442432966212582,17.81042301844909,4.0,4.595441488566837,0.19525539511781034,0.2592889889413907,0.2592889889413907,0.7174666789801346,0.99992668140365,6.0,d_kam,9.0,1.067360400688106,0.035211267605633804,0.0,warehouse,3002,0.0,200.0,7786.0,6347.0,6347.0,2972.8818660369143,9.0,426.0,286.0,6.180837125065266,3.259808250993956,,
16.0,16.0,0.0625,1.0,d_kam_delay_8,0.9999933031919251,delay=8,9.357401275177674,2.694282938460471,8.0,D1,8,64,0.07979505018134742,2.0,1.2738914214463384,321.3857974402337,7.3399888426503725,0.9374759984349117,0.4852973211532341,0.28332538388425016,16.148635789286345,-6.776386017962882,0.29728489565307775,0.29728489565307775,3.084068083719622,0.8341280036034836,17.50604594138961,8.0,4.496670724674355,0.281801412343745,0.30596247902379037,0.30596247902379037,0.7176269597792717,0.9999933031919251,6.0,d_kam,10.0,1.4557175120790768,0.03389830508474576,0.0,warehouse,3002,0.0,200.0,8415.0,6358.0,6358.0,3229.727157857269,10.0,472.0,287.0,6.930712650155189,3.5170440720103215,,
6.0,6.0,0.0,0.0,d_kam_delay_0,0.9999999999999997,delay=0,1.7552098030070198,0.8622140822548016,0.0,D1,8,64,0.0,2.0,1.1620279478820024,94.33413462068475,0.0,0.18819053820725867,0.4551994595122914,0.24141696894116527,12.284591444622492,0.0,0.15933985062007675,0.15933985062007675,1.551050312010043,0.8583014591166712,3.3814347457580167,0.0,0.5912622239506848,0.0,0.16879337091118984,0.16879337091118984,0.902109803456867,0.9999999999999997,6.0,d_kam,0.0,0.0,0.014388489208633094,0.0,warehouse,3003,0.0,200.0,6884.0,6209.0,6209.0,2456.9182889244985,0.0,417.0,336.0,3.0,2.7347587260010187,,
9.0,9.0,0.0,0.0,d_kam_delay_2,0.9999999999999993,delay=2,1.933135521514965,0.9838167821027503,2.0,D1,8,64,0.0,2.0,1.2145719239133095,94.33413462068475,1.004995381734184,0.2050934814655135,0.39059655571918867,0.15146355859633873,13.025121083774138,-0.5376308124051761,0.2535393997613251,0.2535393997613251,1.6538454718392723,0.8785968584420436,3.565427209568008,2.0,0.6215336396609009,0.23368228466450397,0.28015781644986154,0.28015781644986154,0.8905575469713116,0.9999999999999993,6.0,d_kam,3.0,0.8099340431635274,0.02452316076294278,0.0,warehouse,3003,0.0,200.0,7422.0,6247.0,6247.0,2605.0242167548276,3.0,367.0,254.0,4.03714338210324,2.88473970600171,,
9.0,9.0,0.0,0.0,d_kam_delay_4,0.9999999999999993,delay=4,1.9559847524413887,0.9976578332723022,4.0,D1,8,64,0.0,2.0,1.2145719239133095,94.33413462068475,1.4973103495185178,0.20726415840352375,0.3919695716309412,0.15337535290384216,13.300976960017579,-1.1590953120597607,0.259858418836586,0.259858418836586,1.6853470371200916,0.8768115791120608,3.6206683672792264,4.0,0.6354416879256387,0.1691075187293786,0.28594893799626364,0.28594893799626364,0.8892426471102043,0.9999999999999993,6.0,d_kam,3.0,0.6754129345833186,0.024128686327077747,0.0,warehouse,3003,0.0,200.0,7526.0,6253.0,6253.0,2660.1953920035157,3.0,373.0,261.0,4.03714338210324,2.940809388004709,,
10.0,10.0,0.0,0.0,d_kam_delay_8,0.9999999999999997,delay=8,4.084672384340532,2.616078435604692,8.0,D1,8,64,0.0,2.0,1.2908116378537484,94.33413462068475,3.8441779453574356,0.40948948343394226,0.44848451742354156,0.23206704957708318,19.100351419474464,-3.497652756150334,0.36936712559712775,0.36936712559712775,2.1115156156913137,0.8419257795022622,4.337469842730066,8.0,0.8049853326634627,0.17326259460355092,0.3789833533139262,0.3789833533139262,0.7354926898886273,0.9999999999999997,6.0,d_kam,4.0,0.8664120407100577,0.018050541516245487,0.0,warehouse,3003,0.0,200.0,10612.0,6314.0,6314.0,3820.070283894893,4.0,554.0,434.0,4.448006093709479,4.102779147011461,,
8.0,8.0,0.0,0.0,d_kam_delay_0,1.0000000000000002,delay=0,2.9369413633836055,1.2872566551961129,0.0,D1,8,64,0.0,2.0,1.1949629121218104,137.08282876528858,2.7755575615628914e-17,0.30540375055700447,0.4001663140176165,0.164788538505542,12.326740695571061,2.7755575615628914e-17,0.26422714401626096,0.26422714401626096,2.0415533139482474,0.8899805258874884,5.191544664080012,0.0,1.0677770667581101,2.7755575615628914e-17,0.22603580062549278,0.22603580062549278,0.8593516818930922,1.0000000000000002,6.0,d_kam,2.0,1.4432899320127023e-16,0.02346041055718475,0.0,warehouse,3004,0.0,200.0,6954.0,6248.0,6248.0,2465.3481391142122,2.0,341.0,250.0,3.779004594325058,2.7404317210020963,,
8.0,8.0,0.0,0.0,d_kam_delay_2,1.0000000000000002,delay=2,2.9982730221907334,1.3149177515729462,2.0,D1,8,64,0.0,2.0,1.1949629121218104,137.08282876528858,1.8192275280181454,0.3112302581436817,0.3988972428197974,0.1630214773440217,12.25062003461062,-1.2667905437486562,0.2710356505985166,0.2710356505985166,2.083029009933798,0.8906772871074667,5.2441496820140765,2.0,1.080583129164625,0.2762184921347445,0.23133825019810084,0.23133825019810084,0.8567238777372931,1.0000000000000002,6.0,d_kam,2.0,0.98833608400359,0.02359882005899705,0.0,warehouse,3004,0.0,200.0,6889.0,6247.0,6247.0,2450.124006922124,2.0,339.0,250.0,3.779004594325058,2.7265864569926634,,
9.0,9.0,0.0,0.0,d_kam_delay_4,1.0,delay=4,3.0167447566320362,1.332190285531386,4.0,D1,8,64,0.0,2.0,1.245349165514313,137.08282876528858,2.691917270178307,0.31298507291560546,0.39120455138090066,0.15231013483416547,12.174558948900085,-2.079022131639604,0.2927610640615942,0.2927610640615942,2.099461564154762,0.895622714139825,5.269388881429059,4.0,1.081480709451335,0.3064475692693515,0.25618343098313495,0.25618343098313495,0.8550829870112413,1.0,6.0,d_kam,3.0,1.0028399132448682,0.029801324503311258,0.0,warehouse,3004,0.0,200.0,6756.0,6258.0,6258.0,2434.911789780017,3.0,302.0,210.0,4.240466010938966,2.715330103994347,,
10.0,10.0,0.0,0.0,d_kam_delay_8,1.0,delay=8,3.027959086010182,1.272335814388719,8.0,D1,8,64,0.0,2.0,1.1780757998308498,137.08282876528858,5.0147856219293985,0.3140504342065293,0.40431404522227593,0.17056386043608052,12.439632199821062,-4.494962609057808,0.22845041128478857,0.22845041128478857,2.050392076766291,0.8937211944346649,5.375068994460256,8.0,1.1272684041837733,0.2599115064357952,0.21451220857263528,0.21451220857263528,0.8607691617697947,1.0,6.0,d_kam,4.0,0.9703034756619686,0.029498525073746312,0.0,warehouse,3004,0.0,200.0,6883.0,6267.0,6267.0,2487.9264399642125,4.0,339.0,244.0,4.408425633890044,2.7688871990249027,,
17.0,17.0,0.0,0.0,d_kam_delay_0,0.9999999999999996,delay=0,2.9981989238507727,1.5236261958713968,0.0,D1,8,64,0.0,2.0,1.228333409921595,137.52485119154045,4.702121045471251e-16,0.3108395340092033,0.5968134547532944,0.4386010129476252,18.594735404331004,4.179663151530001e-16,0.2480205552519104,0.2480205552519104,2.2428669343735868,0.788692720911732,4.615224030043051,0.0,0.9060256719561989,4.440892098500626e-16,0.24612335418016937,0.24612335418016937,0.8372059150038571,0.9999999999999996,6.0,d_kam,11.0,1.7763568394002457e-15,0.027777777777777776,0.0,warehouse,3005,0.0,200.0,10098.0,6379.0,6379.0,3718.947080866201,11.0,612.0,406.0,7.459484565865082,4.0011516619997565,,
11.0,11.0,0.0,0.0,d_kam_delay_2,0.9999515697100277,delay=2,2.846346321790135,1.3351352365067106,2.0,D1,8,64,0.5338115273965371,2.0,1.21169453589855,137.52485119154045,1.5711337617905792,0.2964135368134426,0.5583042275140455,0.3849805699562659,18.687898284115363,-1.5306899729898584,0.21005727493941642,0.21005727493941642,2.081745612632095,0.8053403962153791,4.51914336071822,2.0,0.8917920593057054,0.020221894400360284,0.22020163363551012,0.22020163363551012,0.8551125561435023,0.9999515697100277,6.0,d_kam,5.0,0.11122041920198156,0.017857142857142856,0.0,warehouse,3005,0.0,200.0,10179.0,6313.0,6313.0,3737.5796568230726,5.0,616.0,444.0,5.095260600878151,4.023250302008819,,
11.0,11.0,0.0,0.0,d_kam_delay_4,0.9999999999999999,delay=4,2.970924101704282,1.3596075210258125,4.0,D1,8,64,0.0,2.0,1.1689628932254061,137.52485119154045,2.3448692436039256,0.30824842590528667,0.5101947238589238,0.3179926534744509,17.013058014708804,-2.0345119046932987,0.22126927693621545,0.22126927693621545,2.115362299673681,0.813411117585566,4.667408785435957,4.0,0.9358682891751977,0.15517866945531333,0.23691960745336232,0.23691960745336232,0.8527876891141876,0.9999999999999999,6.0,d_kam,5.0,0.8534826820042234,0.019538188277087035,0.0,warehouse,3005,0.0,200.0,9229.0,6308.0,6308.0,3402.611602941761,5.0,563.0,391.0,4.949031887465919,3.688956911006244,,
18.0,18.0,0.0,0.0,d_kam_delay_8,0.9999731251218972,delay=8,3.737958260490019,1.8749982567770571,8.0,D1,8,64,0.29622204898841253,2.0,1.298233764600017,134.35607316908556,2.84655586273506,0.38111667098993157,0.5463656900266624,0.3683572899105427,17.54067400470376,-2.6135835379258046,0.3461302271694546,0.3461302271694546,2.4614178806218323,0.8176572303666464,5.544228232458679,8.0,1.1385113629177186,0.11648616240462742,0.3334519624274077,0.3334519624274077,0.8038255692178194,0.9999731251218972,6.0,d_kam,12.0,0.5950814905935186,0.03383458646616541,0.0,warehouse,3005,0.0,200.0,9261.0,6389.0,6389.0,3508.134800940752,12.0,532.0,299.0,7.596849635707359,3.806923402007669,,
9.0,9.0,0.0,0.0,d_kam_delay_0,1.0000000000000002,delay=0,6.500894051209468,2.039009288307823,0.0,D1,8,64,0.0,2.0,1.3395114305848066,226.41540272751143,0.0,0.6597294486624662,0.3776149935096754,0.13338796564638344,13.566512459074147,0.0,0.3248652286486579,0.3248652286486579,2.645709451953099,0.9018538491487778,13.18071345936371,0.0,3.2813100520168375,0.0,0.33256609396683373,0.33256609396683373,0.7820352668322025,1.0000000000000002,6.0,d_kam,3.0,0.0,0.032490974729241874,0.0,warehouse,3006,0.0,200.0,6847.0,6253.0,6253.0,2713.3024918148294,3.0,277.0,169.0,4.339217436755246,3.0074964899977203,,
9.0,9.0,0.0,0.0,d_kam_delay_2,1.0,delay=2,6.456552576952507,2.0171101707661134,2.0,D1,8,64,0.0,2.0,1.3395114305848066,226.41540272751143,5.689488384659026,0.655517008608055,0.3780299696991189,0.1339657805937099,13.055723465367919,-4.828938334851715,0.32510119330847337,0.32510119330847337,2.6558112374610134,0.901733268259442,13.166264099707305,2.0,3.2771732393793305,0.43027502490365577,0.3316080686984371,0.3316080686984371,0.7841156829986651,1.0,6.0,d_kam,3.0,2.094259349385972,0.03237410071942446,0.0,warehouse,3006,0.0,200.0,6856.0,6253.0,6253.0,2611.1446930735838,3.0,278.0,170.0,4.339217436755246,2.896263528993586,,
13.0,13.0,0.0,0.0,d_kam_delay_4,1.0000000000000002,delay=4,6.511270355881776,2.017184161439288,4.0,D1,8,64,0.0,2.0,1.3395114305848066,226.41540272751143,6.294107791149719,0.6607151976063355,0.3823581463078581,0.13999235561853657,13.554129509138875,-5.41034250402338,0.3372110903610811,0.3372110903610811,2.7819935995482625,0.8999553919748218,13.497201263061516,4.0,3.3658982450466186,0.44188264356317003,0.3470911300557324,0.3470911300557324,0.7841086538847134,1.0000000000000002,6.0,d_kam,7.0,2.421367924812127,0.04609929078014184,0.0,warehouse,3006,0.0,200.0,6978.0,6303.0,6303.0,2710.825901827775,7.0,282.0,159.0,6.133578871761162,2.996485653013224,,
13.0,13.0,0.0,0.0,d_kam_delay_8,1.0,delay=8,6.648830838677264,2.0374546202634627,8.0,D1,8,64,0.0,2.0,1.3395114305848066,226.41540272751143,10.076814842416153,0.6737834434719068,0.3854293362835435,0.1442686960910099,13.480432730866596,-9.128538783877309,0.3650646887057151,0.3650646887057151,3.0466919376943906,0.8984215811562855,14.054977765087592,8.0,3.513707994681586,0.47413802926942183,0.37098715715283953,0.37098715715283953,0.7821829602964168,1.0,6.0,d_kam,7.0,2.0200998691539174,0.04498269896193772,0.0,warehouse,3006,0.0,200.0,7093.0,6305.0,6305.0,2696.086546173319,7.0,289.0,166.0,6.133578871761162,2.9787337000016123,,
15.0,15.0,0.0,0.0,d_kam_delay_0,0.9999999999999998,delay=0,3.017802737085874,1.4144060825177907,0.0,D1,8,64,0.0,2.0,1.1720631926526937,136.54870716432106,1.4802973661668754e-17,0.3129561544398551,0.48942872731022846,0.2890779747357611,19.473101748881163,1.4802973661668754e-17,0.21179924526619678,0.21179924526619678,2.1128640912003513,0.8386180420004133,4.58946575872902,0.0,0.9133334975868849,1.4802973661668754e-17,0.2046832108834648,0.2046832108834648,0.8475459686180398,0.9999999999999998,6.0,d_kam,9.0,6.661338147750916e-17,0.02702702702702703,0.0,warehouse,3007,0.0,200.0,10301.0,6396.0,6396.0,3894.6203497762326,9.0,555.0,338.0,6.924643316733697,4.185384497017367,,
12.0,12.0,0.0,0.0,d_kam_delay_2,1.0,delay=2,2.8462974606212756,1.258129881980469,2.0,D1,8,64,0.0,2.0,1.1566503880088053,136.54870716432103,1.2769248933839579,0.2966631531757182,0.4806083572555076,0.27679644681146626,16.579725450574188,-0.904580837379869,0.19956336151889723,0.19956336151889723,2.163134479448454,0.8818787992108276,4.659250247309698,2.0,0.9260109345923232,0.18617202800204433,0.18730055148077734,0.18730055148077734,0.8623922076690852,1.0,6.0,d_kam,6.0,0.805648734205714,0.03183023872679045,0.0,warehouse,3007,0.0,200.0,9108.0,6331.0,6331.0,3315.9450901148375,6.0,377.0,233.0,5.777582108645586,3.598856462020194,,
11.0,11.0,0.0,0.0,d_kam_delay_4,1.0000000000000002,delay=4,3.3505301447632925,1.6911351770508247,4.0,D1,8,64,0.0,2.0,1.2067411747848826,136.54870716432103,2.485169359822754,0.3445652581692098,0.4973797275828548,0.30014898777359533,16.019355666066986,-2.312273968338632,0.26249164015778065,0.26249164015778065,2.271188803509137,0.8320966239890814,4.752308271032948,4.0,0.9451282586663643,0.08644769574206122,0.2711833926697689,0.2711833926697689,0.8212567046374013,1.0000000000000002,6.0,d_kam,5.0,0.32382232280441725,0.02286902286902287,0.0,warehouse,3007,0.0,200.0,8278.0,6315.0,6315.0,3203.871133213397,5.0,481.0,348.0,5.205908285415925,3.4940326969954185,,
12.0,12.0,0.08333333333333333,1.0,d_kam_delay_8,1.0,delay=8,3.634030156271014,1.7525229629731722,8.0,D1,8,64,0.0,2.0,1.2345527871353759,136.54870716432103,6.841112932769381,0.3714977592624434,0.4946307596278632,0.29632131087423996,15.063217039423762,-6.291484730337587,0.30802969545843917,0.30802969545843917,2.502407617653054,0.8366590830238249,5.573494999778308,8.0,1.1608416859302428,0.2748141012158965,0.31082177025851015,0.31082177025851015,0.8154248649747783,1.0,6.0,d_kam,6.0,1.2619777879167804,0.025423728813559324,0.0,warehouse,3007,0.0,200.0,7962.0,6315.0,6315.0,3012.6434078847524,6.0,472.0,333.0,5.528235653516833,3.3019105510029476,,
10.0,10.0,0.0,0.0,d_kam_delay_0,1.0,delay=0,3.6740346454510386,1.332382425395927,0.0,D1,8,64,0.0,2.0,1.1482388573311781,158.09424962081312,4.4408920985006264e-17,0.38444632852350247,0.47470344163633427,0.2685744124050224,14.215430439944612,4.4408920985006264e-17,0.1323721380168844,0.1323721380168844,1.71679948450911,0.8547743409177102,5.3008199780533864,0.0,1.132210952123005,4.4408920985006264e-17,0.14631620644438215,0.14631620644438215,0.8518051465144864,1.0,6.0,d_kam,4.0,2.4424906541753397e-16,0.02666666666666667,0.0,warehouse,3008,0.0,200.0,7897.0,6286.0,6286.0,2843.0860879889224,4.0,375.0,268.0,4.55747946427098,3.132436323008733,,
11.0,11.0,0.0,0.0,d_kam_delay_2,1.0000000000000004,delay=2,3.4158760653269282,1.3171123893333483,2.0,D1,8,64,0.0,2.0,1.1482388573311781,150.24082286394102,1.091105353362128,0.359921263411712,0.5024675857021405,0.3072333471801955,17.965094384853728,-0.9865188332832112,0.17434156564219738,0.17434156564219738,1.8574455635507257,0.8321366074326615,5.002308659518946,2.0,1.038657501828573,0.052293260039458354,0.18246681450198163,0.18246681450198163,0.8532557999404312,1.0000000000000004,6.0,d_kam,5.0,0.28761293021702095,0.022267206477732792,0.0,warehouse,3008,0.0,200.0,10249.0,6342.0,6342.0,3593.0188769707456,5.0,494.0,370.0,4.93362620247415,3.877071398019325,,
16.0,16.0,0.0,0.0,d_kam_delay_4,0.9992598365015364,delay=4,5.472252431821857,2.7111157768656713,4.0,D1,8,64,7.779872170314145,2.0,1.5327534446198054,158.09424962081312,1.1853396353956505,0.5552770182287303,0.5573615896402169,0.3836680362078968,13.116296734224306,-1.0717842004013287,0.3060641607155226,0.3060641607155226,2.152991109727851,0.7878113898995551,6.072158529212896,4.0,1.3033235389173512,0.056777717497160846,0.3066031730239277,0.3066031730239277,0.7208254781248606,0.9992598365015364,6.0,d_kam,10.0,0.23558130133707067,0.03686635944700461,0.0,warehouse,3008,0.0,200.0,7446.0,6326.0,6326.0,2623.2593468448613,10.0,434.0,305.0,7.341195747588015,2.9120024150179233,,
11.0,11.0,0.0,0.0,d_kam_delay_8,1.0,delay=8,3.7127908894833657,1.532381189606669,8.0,D1,8,64,0.0,2.0,1.2485598180422441,150.24082286394102,2.6072515754408268,0.38812817170657354,0.4464319740506937,0.2292090777921051,16.469754580321023,-2.305544544917249,0.22716509464177345,0.22716509464177345,1.9283214264386275,0.8454678138605352,5.229524859667772,8.0,1.0930541295631946,0.150853515261789,0.22548505114885495,0.22548505114885495,0.8328052639144659,1.0,6.0,d_kam,5.0,0.7159453062158594,0.023655913978494623,0.0,warehouse,3008,0.0,200.0,9438.0,6310.0,6310.0,3293.9509160642046,5.0,465.0,349.0,4.98209180304192,3.5757255690114107,,
9.0,9.0,0.0,0.0,d_kam_delay_0,0.9999999999999993,delay=0,2.658602317461795,1.3507958374430373,0.0,D1,8,64,0.0,2.0,1.2427025587865919,109.38121689837368,2.4671622769447924e-16,0.2740394452502576,0.5474087576241078,0.3698096625145806,20.380535180011066,-1.9737298215558337e-16,0.20168133989877746,0.20168133989877746,1.63285540742192,0.7805280112593128,3.4416642995615088,0.0,0.6019285533691253,2.4671622769447922e-17,0.20138853420841712,0.20138853420841712,0.8559465703183333,0.9999999999999993,6.0,d_kam,3.0,1.332267629550187e-16,0.014657980456026058,0.0,warehouse,3009,0.0,200.0,10988.0,6304.0,6304.0,4076.107036002213,3.0,614.0,489.0,4.332446983571307,4.366202617005911,,
10.0,10.0,0.0,0.0,d_kam_delay_2,0.9999999999999994,delay=2,2.5711476656812513,1.2405503567097103,2.0,D1,8,64,0.0,2.0,1.2427025587865919,109.38121689837368,0.5381277279118917,0.26573125333110587,0.5374132296080042,0.35589183869468927,18.277265201031696,-0.4379101992044565,0.18968107533762268,0.18968107533762268,1.6088400327653067,0.7871397888627368,3.462443794879483,2.0,0.6109367132464701,0.050108764353717514,0.18547396460043308,0.18547396460043308,0.8664198909879994,0.9999999999999994,6.0,d_kam,4.0,0.1929281375764719,0.01721170395869191,0.0,warehouse,3009,0.0,200.0,9698.0,6308.0,6308.0,3655.453040206339,4.0,581.0,443.0,4.773633122507562,3.9485257169872057,,
12.0,12.0,0.0,0.0,d_kam_delay_4,0.9999999999999997,delay=4,3.4110752603513306,1.9324845483564963,4.0,D1,8,64,0.0,2.0,1.194559149008097,109.38121689837368,1.0102894493366381,0.3455243748247635,0.5565593531391823,0.3825509980418994,14.34433881950099,-0.8170998167443907,0.25187701423185405,0.25187701423185405,1.7885918210600833,0.7924692176071733,3.6923568998570886,4.0,0.6530980907446261,0.09659481629612358,0.2554321996314239,0.2554321996314239,0.8006861427815548,0.9999999999999997,6.0,d_kam,6.0,0.43773192120647253,0.02531645569620253,0.0,warehouse,3009,0.0,200.0,7808.0,6287.0,6287.0,2868.867763900198,6.0,474.0,338.0,5.334026119445793,3.164944538002601,,
10.0,10.0,0.0,0.0,d_kam_delay_8,0.9999999999999993,delay=8,2.6305765423883885,1.2951557032505503,8.0,D1,8,64,0.0,2.0,1.2467222183108553,109.38121689837368,1.8446943351998257,0.2713769966182839,0.487924011865406,0.2869828013315781,13.807347053807462,-1.5838823396764279,0.2425648824855304,0.2425648824855304,1.7096529229403077,0.8278066637712223,3.614155561396272,8.0,0.6357535325494876,0.1304059977616988,0.2342196402880672,0.2342196402880672,0.8612323830666198,0.9999999999999993,6.0,d_kam,4.0,0.6691317498393348,0.02145922746781116,0.0,warehouse,3009,0.0,200.0,7667.0,6271.0,6271.0,2761.4694107614923,4.0,466.0,348.0,4.542672175023327,3.0580280389986,,
12.0,12.0,0.0,0.0,d_kam_delay_0,1.0,delay=0,6.1348929402521595,1.981501912427476,0.0,D1,8,64,0.0,2.0,1.249823252803443,259.7454670357221,5.921189464667501e-16,0.6239159382355229,0.4096984699810426,0.17806116073309727,14.972051024524262,0.0,0.29602791898139863,0.29602791898139863,2.8074124398055607,0.8624099703197706,14.012873933098044,0.0,3.5269567151371155,2.9605947323337506e-16,0.28463331434784017,0.28463331434784017,0.7877166450559892,1.0,6.0,d_kam,6.0,1.5987211554602229e-15,0.03361344537815126,0.0,warehouse,3010,0.0,200.0,7287.0,6292.0,6292.0,2994.4102049048524,6.0,357.0,238.0,5.095467806308015,3.296736707998207,,
13.0,13.0,0.0,0.0,d_kam_delay_2,0.9999999999999996,delay=2,6.1262550491908305,1.9702714864401318,2.0,D1,8,64,0.0,2.0,1.199028366133951,259.7454670357221,3.575216078222339,0.6230953385846969,0.42665213759342757,0.20166753335793713,14.51179135896382,-2.871612044501099,0.2845478412680225,0.2845478412680225,2.875066269783273,0.8551823283320789,14.084878544657354,2.0,3.5493911204691004,0.3518020168606198,0.26507149214437975,0.26507149214437975,0.7887835355247869,0.9999999999999996,6.0,d_kam,7.0,1.6274206435502758,0.033942558746736295,0.0,warehouse,3010,0.0,200.0,7250.0,6304.0,6304.0,2902.358271792764,7.0,383.0,257.0,5.418511926084765,3.1947756730078254,,
15.0,15.0,0.06666666666666667,1.0,d_kam_delay_4,1.0,delay=4,6.379894869969914,2.1056035247915297,4.0,D1,8,64,0.0,2.0,1.2652112023752935,259.7454670357221,6.396970068744479,0.6471911215587097,0.44347730739722957,0.2250949849834842,14.887440025340766,-5.488147306869523,0.3451903984559283,0.3451903984559283,2.970439827668929,0.8587096633496349,14.408008264129355,4.0,3.618884967854315,0.4544113809374768,0.32735360926570467,0.32735360926570467,0.7759269918814041,1.0,6.0,d_kam,9.0,1.969667451428811,0.03926701570680628,0.0,warehouse,3010,0.0,200.0,7431.0,6326.0,6326.0,2977.488005068153,9.0,382.0,252.0,6.262778892971269,3.271462343982421,,
10.0,10.0,0.0,0.0,d_kam_delay_8,0.9999999999999996,delay=8,6.188053110553945,2.0309988263384136,8.0,D1,8,64,0.0,2.0,1.199028366133951,259.7454670357221,14.832100130208673,0.6289661544141928,0.4184875855311953,0.19029916972698085,14.060964127274929,-13.580303612459948,0.30362717385542665,0.30362717385542665,2.908932596707855,0.8593153950598136,14.100150317786238,8.0,3.5485667718968923,0.6258982588743607,0.2850322613462373,0.2850322613462373,0.7830144382344502,0.9999999999999996,6.0,d_kam,4.0,2.773799426506396,0.027247956403269755,0.0,warehouse,3010,0.0,200.0,6968.0,6267.0,6267.0,2812.1928254549857,4.0,367.0,261.0,4.620103969649348,3.111869696993381,,
13.0,13.0,0.0,0.0,d_kam_delay_0,0.9999999999999993,delay=0,2.539763182942132,1.1754285717091688,0.0,D1,8,64,0.0,2.0,1.2097887516916432,128.8769120115561,1.708035422500241e-16,0.2654466799851005,0.46894767291876405,0.260560050899545,16.518037759960862,1.708035422500241e-16,0.24788042531063922,0.24788042531063922,2.15527166118937,0.8431984267102564,4.541526079751996,0.0,0.892067903167914,1.708035422500241e-16,0.24492381644729064,0.24492381644729064,0.8709808975100464,0.9999999999999993,6.0,d_kam,7.0,9.769962616701359e-16,0.02914798206278027,0.0,warehouse,3011,0.0,200.0,9184.0,6338.0,6338.0,3303.6075519921724,7.0,446.0,300.0,5.804541635561955,3.5895669579913374,,
14.0,14.0,0.0,0.0,d_kam_delay_2,0.9999999999999996,delay=2,2.8009202878894737,1.3743883955853424,2.0,D1,8,64,0.0,2.0,1.2318754541987975,128.8769120115561,1.2081573336035345,0.290256604955098,0.4922435993561092,0.2929974168249623,20.05480431849719,-0.8901792274495458,0.2812762188471135,0.2812762188471135,2.2420402842767073,0.8166854306111326,4.68234421982472,2.0,0.9253378255217846,0.15898905307699446,0.28283222397696905,0.28283222397696905,0.8520797142418098,0.9999999999999996,6.0,d_kam,8.0,0.8817939506365764,0.025179856115107913,0.0,warehouse,3011,0.0,200.0,11063.0,6379.0,6379.0,4010.960863699438,8.0,556.0,374.0,6.590207937264819,4.298498657997698,,
18.0,18.0,0.0,0.0,d_kam_delay_4,1.0,delay=4,2.928617324570722,1.4825297589202975,4.0,D1,8,64,0.0,2.0,1.2870352108480063,128.8769120115561,1.3016968338764174,0.30238782343981657,0.4812042092252869,0.27762611411115895,16.368969160830602,-1.156200945645876,0.3308900101851069,0.3308900101851069,2.432541693711963,0.833641555118976,4.925949611030244,4.0,0.976684841838328,0.07274794411527073,0.30027816943587254,0.30027816943587254,0.8418062847249891,1.0,6.0,d_kam,12.0,0.4242634947966466,0.03592814371257485,0.0,warehouse,3011,0.0,200.0,8903.0,6399.0,6399.0,3273.7938321661204,12.0,501.0,290.0,7.960622206796016,3.5607597100024577,,
23.0,23.0,0.043478260869565216,1.0,d_kam_delay_8,0.9972438562759081,delay=8,4.5104129256759675,2.6896224085117515,8.0,D1,8,64,31.191975899730874,2.0,2.8151075006071125,128.8769120115561,2.1359544381761624,0.45265840554481485,0.5828119019426479,0.4191051799201426,22.587689249048708,-1.8075807909793202,0.44068043803600887,0.44068043803600887,2.88627048149977,0.7591712965195251,5.651592340274958,8.0,1.1517856218973515,0.16418682359842118,0.4146751578743581,0.4146751578743581,0.7271324830138011,0.9972438562759081,6.0,d_kam,17.0,0.7263819630904302,0.033045977011494254,0.0,warehouse,3011,0.0,200.0,12165.0,6513.0,6513.0,4517.537849809742,17.0,696.0,452.0,9.69717208807197,4.807854776998283,,
10.0,10.0,0.0,0.0,d_kam_delay_0,1.0000000000000004,delay=0,1.6566839118363732,0.9771753524218681,0.0,D1,8,64,0.0,3.0,1.222132166166835,57.311445786545534,4.4408920985006264e-17,0.17264757798211303,0.5249766344190807,0.33857506058353,26.508531935687643,4.4408920985006264e-17,0.22298187775790698,0.22298187775790698,1.5806848662195565,0.7913757841152411,2.8072518490061595,0.0,0.41966102230916896,4.4408920985006264e-17,0.21931726338914678,0.21931726338914678,0.8949398514038598,1.0000000000000004,5.0,d_kam,5.0,2.4424906541753397e-16,0.01335113484646195,0.0,warehouse,3012,0.0,200.0,15685.0,6373.0,6373.0,5301.7063871375285,5.0,749.0,609.0,4.454830303891031,5.592599099007202,,
10.0,10.0,0.0,0.0,d_kam_delay_2,1.0000000000000004,delay=2,1.6874851938041588,1.0061066977351694,2.0,D1,8,64,0.0,3.0,1.222132166166835,57.311445786545534,0.531066305577587,0.17557369976905263,0.5265542998344814,0.34077180989611333,26.21189148077974,-0.49521368493608736,0.232202655056305,0.232202655056305,1.6111657114925542,0.7904243112211802,2.8280932680002295,2.0,0.42289931599661684,0.017926310320749872,0.22690024478905713,0.22690024478905713,0.8921913735990961,1.0000000000000004,5.0,d_kam,5.0,0.09478575420615351,0.013315579227696404,0.0,warehouse,3012,0.0,200.0,15740.0,6374.0,6374.0,5242.378296155948,5.0,751.0,612.0,4.454830303891031,5.533050461002858,,
13.0,13.0,0.0,0.0,d_kam_delay_4,1.0,delay=4,1.830038809957726,1.088570236446725,4.0,D1,8,64,0.0,2.0,1.159747121880326,57.311445786545534,1.1669423720209655,0.18911629330364146,0.5131174087760371,0.3220622147514441,18.350188799086027,-1.0996856492555531,0.24558365080452949,0.24558365080452949,1.7389595733476317,0.8178107988843882,3.016101620222049,4.0,0.46640534850466103,0.033628361382706196,0.22506390488243624,0.22506390488243624,0.8843573374214984,1.0,6.0,d_kam,7.0,0.2145686775448908,0.021172638436482084,0.0,warehouse,3012,0.0,200.0,11025.0,6360.0,6360.0,3670.0377598172054,7.0,614.0,424.0,5.739990613741518,3.950959084992064,,
9.0,9.0,0.0,0.0,d_kam_delay_8,1.0000000000000007,delay=8,1.6886788129667467,1.0810994520926493,8.0,D1,8,64,0.0,2.0,1.1338778357586228,54.51474411270313,2.1363425080454745,0.17568709358949847,0.5607442172105338,0.3883780239640345,19.166881600831402,-1.9268894368450684,0.2512467278421211,0.2512467278421211,1.8031101613289917,0.7854367017735321,2.9015116782387707,8.0,0.4337456759382552,0.10472653560020298,0.2480772340477521,0.2480772340477521,0.8850670619351355,1.0000000000000007,6.0,d_kam,3.0,0.5239612042613462,0.014018691588785047,0.0,warehouse,3012,0.0,200.0,11342.0,6324.0,6324.0,3833.3763201662805,3.0,642.0,522.0,4.151432799886964,4.118720629980089,,
10.0,10.0,0.0,0.0,d_kam_delay_0,1.0000000000000007,delay=0,2.148561498597586,1.7640877144726816,0.0,D1,8,64,0.0,2.0,1.2014453981527704,37.1773090380394,1.1102230246251565e-16,0.20874911632132573,0.6007859524297229,0.4441323388261964,30.878446989372605,6.661338147750939e-17,0.2716671553646858,0.2716671553646858,1.5574727599673428,0.7250938756664083,1.765900557242496,0.0,0.12075232602099809,8.881784197001253e-17,0.2602301061591021,0.2602301061591021,0.8277494355186374,1.0000000000000007,6.0,d_kam,4.0,4.440892098500626e-16,0.010672358591248666,0.0,warehouse,3013,0.0,200.0,16253.0,6451.0,6451.0,6175.689397874521,4.0,937.0,807.0,4.401626246968063,6.472664216009434,,
10.0,10.0,0.0,0.0,d_kam_delay_2,1.0000000000000013,delay=2,2.6195575841897956,2.0217858255920245,2.0,D1,8,64,0.0,2.0,1.1723520927833788,52.36398319774231,0.43077570601153514,0.25349374445258555,0.5940996715016201,0.4348223274073193,30.133176381350495,-0.38322130346694117,0.2809449670208646,0.2809449670208646,1.6510895406179942,0.732016571934187,1.9898396396905673,2.0,0.1799228100878208,0.02377720127229699,0.26732254407331213,0.26732254407331213,0.8032681149622999,1.0000000000000013,6.0,d_kam,4.0,0.11956980581240442,0.011037527593818985,0.0,warehouse,3013,0.0,200.0,15705.0,6445.0,6445.0,6026.635276270099,4.0,906.0,776.0,4.4558623684018634,6.327903759985929,,
19.0,19.0,0.0,0.0,d_kam_delay_4,0.9994367404475359,delay=4,3.2405858316105456,2.345165746292723,4.0,D1,8,64,6.976577769279899,2.0,1.4275441535844011,60.85871348441485,0.5864387090971118,0.31249142795755686,0.6369587827206099,0.4944995708767987,20.57558187021641,-0.4124806338077387,0.3234440032810837,0.3234440032810837,1.797817652159586,0.7426417676240251,2.6137021996996506,4.0,0.332104775848082,0.0869790376446866,0.312303098611105,0.312303098611105,0.7725470224957334,0.9994367404475359,6.0,d_kam,13.0,0.27551317358620403,0.028528528528528527,0.0,warehouse,3013,0.0,200.0,10851.0,6420.0,6420.0,4115.116374043282,13.0,666.0,504.0,7.944544301716717,4.410536413983209,,
11.0,11.0,0.09090909090909091,1.0,d_kam_delay_8,0.9999999999999997,delay=8,2.3317621631448837,1.3413796944335339,8.0,D1,8,64,0.0,2.0,1.2693195142146374,102.15159715565909,2.3457422858780466,0.22615317945331895,0.4978991209819113,0.30087219377228164,19.551590819464764,-2.107382029130584,0.28807496279357186,0.28807496279357186,1.7394692102697646,0.8285732377031882,3.122903418430335,8.0,0.48405662399611715,0.11918012837373099,0.2745558719179351,0.2745558719179351,0.8679066974223565,0.9999999999999997,6.0,d_kam,5.0,0.6554907060555204,0.020257826887661142,0.0,warehouse,3013,0.0,200.0,10709.0,6363.0,6363.0,3910.3181638929527,5.0,543.0,405.0,4.883880950282736,4.201367913978174,,
14.0,14.0,0.0,0.0,d_kam_delay_0,1.0000000000000004,delay=0,2.752825604192839,1.5393519561067994,0.0,D1,8,64,0.0,2.0,1.1666854180453408,98.47285800353775,4.7580986769649563e-17,0.2794893765399852,0.6264787131374686,0.4799070689255891,28.782977620285237,1.586032892321652e-17,0.2762948913579542,0.2762948913579542,1.88590596513606,0.7265135963787158,3.4779929617963763,0.0,0.5926638474120823,3.172065784643304e-17,0.24127073028171941,0.24127073028171941,0.839398843241654,1.0000000000000004,6.0,d_kam,8.0,2.220446049250313e-16,0.015927189988623434,0.0,warehouse,3014,0.0,200.0,14607.0,6441.0,6441.0,5756.595524057047,8.0,879.0,674.0,5.788485377454279,6.052603796997573,,
9.0,9.0,0.0,0.0,d_kam_delay_2,1.0,delay=2,2.399100479987168,1.283318325463958,2.0,D1,8,64,0.0,2.0,1.1750746271670858,98.47285800353775,0.8842246653676816,0.24588548974044652,0.6102237297020672,0.4572735476864226,14.107635464752093,-0.7879587733437415,0.19958655540369022,0.19958655540369022,1.7312297363008864,0.7924007591079472,3.352416652480577,2.0,0.5639803742360613,0.04813294601197003,0.19514299030811585,0.19514299030811585,0.8637220381527239,1.0,6.0,d_kam,3.0,0.20020531955163617,0.0200445434298441,0.0,warehouse,3014,0.0,200.0,7353.0,6252.0,6252.0,2821.5270929504186,3.0,449.0,324.0,3.940930971590361,3.1094683519913815,,
19.0,19.0,0.05263157894736842,1.0,d_kam_delay_4,0.9991267454642384,delay=4,2.99520506385441,1.6811664930238945,4.0,D1,8,64,9.332496913851104,2.0,1.467831500507758,98.47285800353775,1.0893084189587825,0.3025154252078345,0.5145627267303202,0.3240746827890536,19.379297955019865,-0.6024740012962339,0.34088083427757054,0.34088083427757054,2.0660783006466414,0.8165273782556699,3.8463167642224234,4.0,0.6716124674714752,0.24341720883127418,0.3135236245946336,0.3135236245946336,0.82592646223453,0.9991267454642384,6.0,d_kam,13.0,0.8754219200230567,0.03460837887067395,0.0,warehouse,3014,0.0,200.0,10032.0,6418.0,6418.0,3875.859591003973,13.0,549.0,315.0,7.574894060819841,4.167276029009372,,
17.0,17.0,0.058823529411764705,1.0,d_kam_delay_8,1.000000000000001,delay=8,3.419383272693254,1.7540296994322184,8.0,D1,8,64,0.0,3.0,1.1841604855782746,98.47285800353775,1.7534642505328841,0.3428123550475247,0.6151099463919696,0.4640771405457804,26.30795794466394,-1.4057272550822932,0.2617398122308441,0.2617398122308441,2.0737686909429933,0.7410932326597277,4.264735778665129,8.0,0.8142537421757133,0.17386849772529542,0.25955587988524126,0.25955587988524126,0.8190044576257393,1.000000000000001,5.0,d_kam,12.0,0.7901392292216771,0.02028639618138425,0.0,warehouse,3014,0.0,200.0,14656.0,6481.0,6481.0,5261.591588932788,12.0,838.0,578.0,7.031771829089662,5.537474429002032,,
7.0,7.0,0.0,0.0,d_kam_delay_0,1.0000000000000002,delay=0,3.41424323028276,1.4426379585793174,0.0,D1,8,64,0.0,2.0,1.1017939959634144,176.8140197145346,1.2688263138573217e-16,0.3515623264109828,0.51497381660541,0.32464708641259626,12.056725273287157,1.2688263138573217e-16,0.16506258783368313,0.16506258783368313,1.9298269616724513,0.7910220025339669,5.289540774800878,0.0,1.130536962490881,1.2688263138573217e-16,0.17589763242904025,0.17589763242904025,0.8443258308111694,1.0000000000000002,6.0,d_kam,1.0,6.21724893790087e-16,0.016018306636155607,0.0,warehouse,3015,0.0,200.0,7277.0,6231.0,6231.0,2411.3450546574313,1.0,437.0,347.0,3.5024000244069544,2.6731652159942314,,
7.0,7.0,0.0,0.0,d_kam_delay_2,1.0000000000000002,delay=2,3.507617028556616,1.5045895088352537,2.0,D1,8,64,0.0,2.0,1.1017939959634144,176.8140197145346,1.874190070145472,0.3604328372469991,0.5161119771507807,0.3262318669188086,12.336892530001933,-1.6452147517130544,0.17602837480197359,0.17602837480197359,1.9669765831801078,0.7897172851917538,5.346872562644534,2.0,1.1436402727793746,0.11448765921620867,0.18586899579803157,0.18586899579803157,0.8384404335368555,1.0000000000000002,6.0,d_kam,1.0,0.5040242278755827,0.01580135440180587,0.0,warehouse,3015,0.0,200.0,7409.0,6233.0,6233.0,2467.3785060003866,1.0,443.0,353.0,3.5024000244069544,2.7299537140061148,,
8.0,8.0,0.0,0.0,d_kam_delay_4,0.9999999999999997,delay=4,3.9300774967462098,1.9314433958386956,4.0,D1,8,64,0.0,2.0,1.22970011680966,172.97119897196148,2.2478429570944214,0.4005665817250105,0.6046385859420822,0.4494967652358106,11.842630400933558,-2.0735329160705085,0.2477664895252914,0.2477664895252914,2.1132216068016008,0.7895233198989715,5.476055224149974,4.0,1.14500001831954,0.0871550205119564,0.2532829791587286,0.2532829791587286,0.7978893142715286,0.9999999999999997,6.0,d_kam,2.0,0.38270448473217356,0.018648018648018648,0.0,warehouse,3015,0.0,200.0,7126.0,6237.0,6237.0,2368.5260801867116,2.0,429.0,340.0,3.627422232941997,2.630633394990582,,
9.0,9.0,0.1111111111111111,1.0,d_kam_delay_8,0.9999931024292871,delay=8,3.687418964172423,1.6566253122569177,8.0,D1,8,64,0.07875855797441259,2.0,1.3014797401081086,172.97119897196148,4.3556065333156,0.3775140211305007,0.4339459390730845,0.21182345946885192,11.950401404465083,-3.707834765623466,0.28173397512255105,0.28173397512255105,2.0561073046317166,0.8668912221828302,5.575511122341895,8.0,1.1707007631332471,0.32388588384606687,0.29490962151759315,0.29490962151759315,0.8239970322117975,0.9999931024292871,6.0,d_kam,3.0,1.0901036626450606,0.025069637883008356,0.0,warehouse,3015,0.0,200.0,7301.0,6257.0,6257.0,2390.0802808930166,3.0,359.0,263.0,4.253821106372757,2.6486928280210122,,
13.0,13.0,0.0,0.0,d_kam_delay_0,0.9999999999999997,delay=0,2.9492194183952107,1.4979808949087958,0.0,D1,8,64,0.0,2.0,1.108829331905761,147.11146409535968,1.1956247957501685e-16,0.304156619832734,0.5374592496102302,0.3559559171788015,22.304356713866582,-5.124106267500723e-17,0.21166520923569762,0.21166520923569762,1.7975844251334205,0.7614530739293732,3.7361546586824557,0.0,0.6881262306478498,3.416070845000482e-17,0.2174118408365238,0.2174118408365238,0.8404975377816528,0.9999999999999997,6.0,d_kam,7.0,1.7763568394002442e-16,0.01870503597122302,0.0,warehouse,3016,0.0,200.0,12932.0,6407.0,6407.0,4460.871342773316,7.0,695.0,516.0,5.862288806407607,4.726816345995758,,
11.0,11.0,0.0,0.0,d_kam_delay_2,0.9999999999999999,delay=2,2.6804190002338366,1.2890716909925506,2.0,D1,8,64,0.0,2.0,1.1257763078194576,147.11146409535968,0.851352911801408,0.2786205801074033,0.5172501512957242,0.32781666636113493,21.84194649613346,-0.5187275429446871,0.1980170647792928,0.1980170647792928,1.7775988546258865,0.7779124860871965,3.7032675365087147,2.0,0.6816893841077772,0.16631268442836034,0.20550137595705528,0.20550137595705528,0.8603439121536962,0.9999999999999999,6.0,d_kam,5.0,0.7622396490990457,0.016845329249617153,0.0,warehouse,3016,0.0,200.0,12744.0,6359.0,6359.0,4368.389299226692,5.0,653.0,508.0,4.834515112938192,4.6336486479849555,,
11.0,11.0,0.0,0.0,d_kam_delay_4,1.0000000000000002,delay=4,2.8203255087626857,1.383246665867956,4.0,D1,8,64,0.0,2.0,1.1257763078194576,147.11146409535968,1.4771637831140387,0.2919116984176441,0.5225782349545763,0.33523551702535953,22.20541405462427,-1.1875817350962246,0.21258260263044504,0.21258260263044504,1.8435373399451875,0.77485983041725,3.81675966140306,4.0,0.7092407615192512,0.144791024008907,0.2215526736394743,0.2215526736394743,0.8513972895405325,1.0000000000000002,6.0,d_kam,5.0,0.6279615133819023,0.016591251885369532,0.0,warehouse,3016,0.0,200.0,12936.0,6363.0,6363.0,4441.082810924854,5.0,663.0,518.0,4.972778166167557,4.706079144001706,,
13.0,13.0,0.07692307692307693,1.0,d_kam_delay_8,1.0,delay=8,4.020187787524478,1.7584326468426763,8.0,D1,8,64,0.0,2.0,1.1041711251865518,147.04873754317828,2.7319709864803414,0.4058986149000143,0.459960254618718,0.24804592415264523,16.20365399037837,-2.3107015087411904,0.221222940787967,0.221222940787967,1.9214400025364988,0.8210262661219312,4.950042726560187,8.0,1.0210761917517381,0.21063473886957548,0.19515724898158948,0.19515724898158948,0.8157546213479343,1.0,6.0,d_kam,7.0,1.200827309266455,0.024074074074074074,0.0,warehouse,3016,0.0,200.0,9181.0,6327.0,6327.0,3240.730798075674,7.0,540.0,366.0,5.770399409321169,3.504010078002466,,
9.0,9.0,0.0,0.0,d_kam_delay_0,1.0000000000000004,delay=0,2.733813456465333,1.2829300772382568,0.0,D1,8,64,0.0,2.0,1.2725271506709457,171.69470367346275,2.4671622769447922e-17,0.2830581400937405,0.5020857996665575,0.30670174637115594,11.656565734738251,-2.4671622769447922e-17,0.24344768060091881,0.24344768060091881,1.8449399112940505,0.8562938505308095,4.8013808953781885,0.0,0.9568385048789841,0.0,0.20552122802517675,0.20552122802517675,0.8611162568409102,1.0000000000000004,6.0,d_kam,3.0,0.0,0.02425876010781671,0.0,warehouse,3017,0.0,200.0,7311.0,6260.0,6260.0,2331.3131469476502,3.0,371.0,285.0,4.229072573907063,2.588097492000088,,
9.0,9.0,0.0,0.0,d_kam_delay_2,1.0000000000000004,delay=2,2.6233809189044863,1.1825118831817603,2.0,D1,8,64,0.0,2.0,1.2725271506709457,171.69470367346275,2.477809926573749,0.27256704902546003,0.49885730790472893,0.30220637809519213,11.659403840021696,-1.5088799538660636,0.2220966445486475,0.2220966445486475,1.780891347986575,0.8565732826967027,4.737396815083503,2.0,0.9454018924520873,0.4844649863538428,0.1839895271260925,0.1839895271260925,0.8706559852762774,1.0000000000000004,6.0,d_kam,3.0,2.2540630780006206,0.024657534246575342,0.0,warehouse,3017,0.0,200.0,7298.0,6260.0,6260.0,2331.880768004339,3.0,365.0,279.0,4.229072573907063,2.590541457000654,,
11.0,11.0,0.0,0.0,d_kam_delay_4,1.0000000000000002,delay=4,2.8019540122323123,1.3291313942262402,4.0,D1,8,64,0.0,2.0,1.206621870782466,171.69470367346275,2.248341574803651,0.28953149289160346,0.5038110400234792,0.30910397977952814,13.980410186049994,-1.8088300974196068,0.22341360729487067,0.22341360729487067,1.8837997796502293,0.8495789139632691,4.840410982007543,4.0,0.9748139092898256,0.21975573869202203,0.24673458644893734,0.24673458644893734,0.8567271317270517,1.0000000000000002,6.0,d_kam,5.0,0.8114246945334611,0.02546296296296296,0.0,warehouse,3017,0.0,200.0,8751.0,6306.0,6306.0,2796.082037209999,5.0,432.0,340.0,5.23766810710424,3.0543463980138768,,
11.0,11.0,0.0,0.0,d_kam_delay_8,1.0000000000000002,delay=8,2.7089712565573074,1.2178945427361265,8.0,D1,8,64,0.0,2.0,1.2257052073601413,171.69470367346275,3.4505747171845047,0.280698131102478,0.3913176777718493,0.15246765259371423,11.091986809915397,-3.037208498456678,0.24156081336838375,0.24156081336838375,1.8678516016311062,0.8839346370561927,4.872902985444272,8.0,0.9882483815000274,0.20668310936391376,0.25332145489223934,0.25332145489223934,0.8672946326186124,1.0000000000000002,6.0,d_kam,5.0,0.6772883177283795,0.03374233128834356,0.0,warehouse,3017,0.0,200.0,6951.0,6279.0,6279.0,2218.3973619830795,5.0,326.0,237.0,5.26506431386489,2.4747132360062096,,
8.0,8.0,0.0,0.0,d_kam_delay_0,0.9999605363080504,delay=0,1.490924905930943,0.8596077184485976,0.0,D1,8,64,0.47424636670571996,2.0,1.3177812253709156,95.97801795159745,4.440892098500626e-16,0.15621128064209194,0.43768188401207264,0.21702540811807583,14.191783194546588,-4.440892098500626e-16,0.22953065716900703,0.22953065716900703,1.7199947995413243,0.8633546106390881,2.89250387640549,0.0,0.43670531471331053,0.0,0.22406764823550468,0.22406764823550468,0.906270946797403,0.9999605363080504,6.0,d_kam,2.0,0.0,0.017391304347826087,0.0,warehouse,3018,0.0,200.0,8806.0,6277.0,6277.0,2838.3566389093176,2.0,460.0,356.0,3.6659870442950737,3.0941363559977617,,
8.0,8.0,0.0,0.0,d_kam_delay_2,0.9999605363080504,delay=2,1.6694559384429855,0.8895917684011604,2.0,D1,8,64,0.47424636670571996,2.0,1.3177812253709156,104.74435568066187,1.2867329896789792,0.17317172873073589,0.4046833762030768,0.17107811876377776,12.369014390424127,-1.032451686830473,0.22770588409485343,0.22770588409485343,1.7415442747738183,0.8803126738462486,3.061717196660922,2.0,0.4853598437134153,0.12714065142425315,0.21968428868172904,0.21968428868172904,0.9034224620519098,0.9999605363080504,6.0,d_kam,2.0,0.5686223001087264,0.0199501246882793,0.0,warehouse,3018,0.0,200.0,7759.0,6261.0,6261.0,2473.8028780848254,2.0,401.0,290.0,3.5660353098217548,2.72777961200336,,
11.0,11.0,0.0,0.0,d_kam_delay_4,0.9999605363080504,delay=4,2.816441701442785,1.6926714967324925,4.0,D1,8,64,0.47424636670571996,2.0,1.3177812253709156,110.77772102990632,1.7136003028185842,0.2821353762157168,0.45182081734956314,0.2367125304867335,16.66459868036327,-1.4542372872434906,0.27698348651755067,0.27698348651755067,1.945346034705265,0.8443649031794154,3.5406460617529603,4.0,0.6071564382795437,0.12968150778754697,0.2710290358723076,0.2710290358723076,0.8271298878604331,0.9999605363080504,6.0,d_kam,5.0,0.5789899270402685,0.02029520295202952,0.0,warehouse,3018,0.0,200.0,10042.0,6320.0,6320.0,3332.919736072654,5.0,542.0,389.0,4.71608662537543,3.598194391001016,,
11.0,11.0,0.0,0.0,d_kam_delay_8,0.9998537951667513,delay=8,1.9717335479031546,1.1876296537490094,8.0,D1,8,64,1.7569849027559554,2.0,1.2616531302992078,95.97801795159745,2.7758416193622897,0.20188810162945198,0.4775495802148137,0.2725373901725255,13.174314480711473,-2.412842880911314,0.31034424054612275,0.31034424054612275,1.9351556374778758,0.8566124545100888,3.3592944878117406,8.0,0.5396137309630727,0.18149936922548798,0.314296374879065,0.314296374879065,0.8751088629438641,0.9998537951667513,6.0,d_kam,5.0,0.6796583936139535,0.026570048309178744,0.0,warehouse,3018,0.0,200.0,7905.0,6297.0,6297.0,2634.8628961422946,5.0,414.0,297.0,4.621310193447212,2.903817040991271,,
8.0,8.0,0.0,0.0,d_kam_delay_0,1.0,delay=0,3.2322590064137136,1.2459943111288518,0.0,D1,8,64,0.0,2.0,1.1336257068526232,153.49746467662246,0.0,0.3353010737400486,0.4367212964014019,0.21568788106524323,13.569507524080109,0.0,0.2134298365439935,0.2134298365439935,2.2112723661575266,0.8509326051597094,7.820869984516894,0.0,1.820349268830477,0.0,0.21296125691207124,0.21296125691207124,0.8623602887595865,1.0,6.0,d_kam,2.0,0.0,0.02168021680216802,0.0,warehouse,3019,0.0,200.0,7414.0,6247.0,6247.0,2713.9015048160218,2.0,369.0,270.0,3.6974237087757755,2.992220485000871,,
12.0,12.0,0.0,0.0,d_kam_delay_2,1.0000000000000002,delay=2,3.6457627570060733,1.6181311124149087,2.0,D1,8,64,0.0,2.0,1.1020885385273054,153.49746467662246,3.0846920633373345,0.3745839300463228,0.5366689135378524,0.35485544922992107,20.10625702489051,-2.521238827258628,0.2665260188218704,0.2665260188218704,2.4042370398827178,0.7945328812730967,8.01203157811773,2.0,1.857498911087915,0.2817266180393532,0.26250792617061347,0.26250792617061347,0.8270072926374111,1.0000000000000002,6.0,d_kam,6.0,1.2458477574667228,0.022058823529411766,0.0,warehouse,3019,0.0,200.0,11150.0,6360.0,6360.0,4021.251404978102,6.0,544.0,402.0,4.87420614275679,4.293301012017764,,
10.0,10.0,0.1,1.0,d_kam_delay_4,1.0,delay=4,3.2138353699229425,1.235739461504562,4.0,D1,8,64,0.0,2.0,1.149572262197261,153.49746467662246,5.218383302269021,0.33355082827342536,0.4501332475429689,0.2343627497433744,13.263732524210354,-4.363117114433774,0.2188595383228661,0.2188595383228661,2.2947888691518425,0.8531951234873151,7.916028100965054,4.0,1.84253968253497,0.42763309391762333,0.21254708988642418,0.21254708988642418,0.863334499473894,1.0,6.0,d_kam,4.0,1.1205493815290146,0.026881720430107527,0.0,warehouse,3019,0.0,200.0,7389.0,6271.0,6271.0,2652.746504842071,4.0,372.0,252.0,4.268695833464438,2.9242921360128094,,
11.0,11.0,0.0,0.0,d_kam_delay_8,1.0,delay=8,3.2506431122231674,1.2709455699862187,8.0,D1,8,64,0.0,2.0,1.149572262197261,153.49746467662246,7.577365839889305,0.3370475637919468,0.4550503937605443,0.24120940903366922,14.119951139000477,-6.901044849234132,0.24174639128103104,0.24174639128103104,2.364713067173895,0.8488633023978502,8.060866941277844,8.0,1.8769152448354403,0.3381604953275859,0.2334490833079703,0.2334490833079703,0.8599899191681366,1.0,6.0,d_kam,5.0,1.7268574420879048,0.027989821882951654,0.0,warehouse,3019,0.0,200.0,7763.0,6288.0,6288.0,2823.9902278000955,5.0,393.0,264.0,4.789260729127927,3.099314951978158,,
8.0,8.0,0.0,0.0,d_kam_delay_0,0.9999469045963963,delay=0,3.404935121935806,1.4041573905761475,0.0,D1,8,64,0.5995709927379183,2.0,1.142879888752309,124.7077693268658,3.3306690738754696e-16,0.3486197778501332,0.4109898429946945,0.17985927505590382,11.63931085015065,3.3306690738754696e-16,0.20877286160313052,0.20877286160313052,2.1569656792302117,0.8649862638334141,6.606704687082095,0.0,1.4832185161685998,3.3306690738754696e-16,0.2157707415968454,0.2157707415968454,0.8488502242700904,0.9999469045963963,6.0,d_kam,2.0,1.4654943925052062e-15,0.02203856749311295,0.0,warehouse,3020,0.0,200.0,7444.0,6236.0,6236.0,2327.86217003013,2.0,363.0,266.0,3.748764423626005,2.585651303001214,,
8.0,8.0,0.0,0.0,d_kam_delay_2,0.9999469045963963,delay=2,3.43707118217806,1.419440048821016,2.0,D1,8,64,0.5995709927379183,2.0,1.142879888752309,124.7077693268658,3.974629288406258,0.3516727035731474,0.41191466121307313,0.18114699662579806,11.903965638921363,-3.8142283788734423,0.21084581496804813,0.21084581496804813,2.1633714368361763,0.8635883719652168,6.6356771580039045,2.0,1.4909505256957076,0.08020045476640791,0.21871186945219775,0.21871186945219775,0.8473983717368279,0.9999469045963963,6.0,d_kam,2.0,0.3258202645101105,0.02168021680216802,0.0,warehouse,3020,0.0,200.0,7569.0,6238.0,6238.0,2380.7931277842727,2.0,369.0,272.0,3.748764423626005,2.644143140001688,,
9.0,9.0,0.0,0.0,d_kam_delay_4,0.9999999999999997,delay=4,3.6646004286232072,1.5218862586301067,4.0,D1,8,64,0.0,2.0,1.1778738368281092,124.7077693268658,5.235668220373799,0.3732879819854364,0.42118399713496446,0.19405366689678594,11.906629705481464,-4.934066391611444,0.2532675927055101,0.2532675927055101,2.1724713662503006,0.8474555250707287,6.808564013067565,4.0,1.530183956142823,0.15080091438117707,0.2423161390283902,0.2423161390283902,0.8376659818049643,0.9999999999999997,6.0,d_kam,3.0,0.7073951723278575,0.020454545454545454,0.0,warehouse,3020,0.0,200.0,7514.0,6248.0,6248.0,2381.325941096293,3.0,440.0,339.0,4.145179979831078,2.641712820972316,,
11.0,11.0,0.09090909090909091,1.0,d_kam_delay_8,0.9999999999999999,delay=8,3.8452410513431814,1.5881921267438563,8.0,D1,8,64,0.0,2.0,1.1590517526744324,124.7077693268658,7.477087731084844,0.3904488411438339,0.4455967127577668,0.22804605573866268,12.398942146537593,-6.803895520672481,0.20996961529320873,0.20996961529320873,2.272470791206693,0.8376431241061075,7.018719535600209,8.0,1.599502043458096,0.33659610520618094,0.21592752244456317,0.21592752244456317,0.8313669243341582,0.9999999999999999,6.0,d_kam,5.0,1.4042430958527659,0.023965141612200435,0.0,warehouse,3020,0.0,200.0,7806.0,6281.0,6281.0,2479.7884293075185,5.0,459.0,340.0,5.05542922409269,2.7363816679862794,,
18.0,18.0,0.0,0.0,d_kam_delay_0,1.0,delay=0,5.346127237201114,2.084806832657101,0.0,D1,8,64,0.0,2.0,1.1859371601812954,186.50821632886212,8.018277400070575e-16,0.5416978261273822,0.5747317347067726,0.4078543141486709,19.608104620710947,-7.771561172376096e-16,0.24685183695486634,0.24685183695486634,2.6349992003127123,0.7795222857091482,8.700810398670502,0.0,2.052879645661776,1.2335811384723961e-17,0.25775108089798804,0.25775108089798804,0.7808607889211483,1.0,6.0,d_kam,12.0,3.330669073875438e-17,0.026587887740029542,0.0,warehouse,3021,0.0,200.0,11864.0,6436.0,6436.0,3921.6209241421893,12.0,677.0,438.0,7.294006841385199,4.187912863999372,,
16.0,16.0,0.0,0.0,d_kam_delay_2,1.0,delay=2,5.247522733280934,1.9082814089414102,2.0,D1,8,64,0.0,2.0,1.1821638989834544,186.50821632886212,1.4109749351575331,0.532330398254965,0.5911958696385095,0.4307790589903297,21.052642450813437,-1.1037185175565047,0.2468176911480889,0.2468176911480889,2.5072731280477485,0.7617495252648183,8.74887201370349,2.0,2.068427101137097,0.1536282088005142,0.2514409388190565,0.2514409388190565,0.7976307041741388,1.0,6.0,d_kam,10.0,0.8207855452793864,0.02302158273381295,0.0,warehouse,3021,0.0,200.0,12934.0,6429.0,6429.0,4210.528490162687,10.0,695.0,491.0,6.382603522703759,4.4805635860248,,
16.0,16.0,0.0,0.0,d_kam_delay_4,0.9999999999999997,delay=4,5.391498374890819,1.942159152215572,4.0,D1,8,64,0.0,2.0,1.2091074613773882,186.50821632886212,2.606259983866677,0.546008084207904,0.446663164267067,0.22953098821996673,14.055284439673414,-2.1242868994370583,0.2558563694993832,0.2558563694993832,2.5889918622742987,0.8354031163157819,8.96731034145048,4.0,2.1309691923710927,0.2409865422148094,0.30763469511703645,0.30763469511703645,0.7944123185630936,0.9999999999999997,6.0,d_kam,10.0,0.8378222784374252,0.034782608695652174,0.0,warehouse,3021,0.0,200.0,8698.0,6370.0,6370.0,2811.056887934683,10.0,460.0,275.0,6.136589819559082,3.0688171630026773,,
16.0,16.0,0.125,2.0,d_kam_delay_8,0.9999999999999997,delay=8,5.850050811075405,2.1831779310431156,8.0,D1,8,64,0.0,2.0,1.1599627541295625,186.51500390022497,4.765577825953126,0.5895705656454396,0.49005303184519483,0.289947259531284,15.593579210544704,-4.319704343710263,0.2904464264795196,0.2904464264795196,2.864194432096945,0.8247559743236966,9.668056215836394,8.0,2.312579743951593,0.2229367411214318,0.29091093540133595,0.29091093540133595,0.7715155345744767,0.9999999999999997,6.0,d_kam,10.0,1.3515268793835338,0.03180914512922465,0.0,warehouse,3021,0.0,200.0,8888.0,6373.0,6373.0,3118.7158421089407,10.0,503.0,310.0,6.389538257230992,3.3949257739877794,,
10.0,10.0,0.0,0.0,d_kam_delay_0,1.0000000000000002,delay=0,3.2766468637450927,1.277506707149227,0.0,D1,8,64,0.0,2.0,1.177525906753773,137.43376592076012,2.220446049250313e-16,0.3396995470838759,0.487388212598719,0.2862367517197354,12.781737264303956,-1.3322676295501878e-16,0.19297703463433483,0.19297703463433483,1.824232178532776,0.8583944866933467,5.548417566971926,0.0,1.1813129186931821,4.4408920985006264e-17,0.18233555372566498,0.18233555372566498,0.8595668732191066,1.0000000000000002,6.0,d_kam,4.0,2.4424906541753397e-16,0.025906735751295335,0.0,warehouse,3022,0.0,200.0,7554.0,6297.0,6297.0,2556.3474528607912,4.0,386.0,256.0,4.490927404310147,2.8295728850062005,,
12.0,12.0,0.0,0.0,d_kam_delay_2,0.9999999999999993,delay=2,3.396102384219076,1.3951558178870074,2.0,D1,8,64,0.0,2.0,1.244279312093866,137.43376592076012,1.2381626030759147,0.3510478215289043,0.47680169450627313,0.27149603032519043,12.024172835372156,-0.7704804496099006,0.23890725259536005,0.23890725259536005,1.9075038647683729,0.8697893482724376,5.663244862623706,2.0,1.1991912157596167,0.23384107673300703,0.23838761333192834,0.23838761333192834,0.8483902076990175,0.9999999999999993,6.0,d_kam,6.0,0.9695212535618802,0.032520325203252036,0.0,warehouse,3022,0.0,200.0,7232.0,6305.0,6305.0,2404.834567074431,6.0,369.0,234.0,5.386315234781938,2.666764224995859,,
12.0,12.0,0.0,0.0,d_kam_delay_4,0.9999999999999997,delay=4,3.597472863206901,1.557735578906654,4.0,D1,8,64,0.0,2.0,1.244279312093866,137.43376592076012,1.7150758900254515,0.3701780170327476,0.45472376249557184,0.24075460600649243,12.251710884302156,-1.4347680777154606,0.26025417796617417,0.26025417796617417,1.9138708972049658,0.8742444703425397,5.740780206517895,4.0,1.2173332291940853,0.1401539061549956,0.28096230451313775,0.28096230451313775,0.8329451304021511,0.9999999999999997,6.0,d_kam,6.0,0.6295498550595032,0.03183023872679045,0.0,warehouse,3022,0.0,200.0,7371.0,6307.0,6307.0,2450.342176860431,6.0,377.0,241.0,5.386315234781938,2.7147232049901504,,
15.0,15.0,0.06666666666666667,1.0,d_kam_delay_8,0.9993306772520957,delay=8,3.537695882981927,1.6036103414796286,8.0,D1,8,64,7.867060392217682,2.0,1.4010242992523017,126.89165645102133,3.138188416486488,0.3644992039113751,0.4871096120752814,0.2858488269402653,13.926917670469265,-2.4402612083029327,0.2963281606522517,0.2963281606522517,2.090179719975389,0.846357180962594,5.691405084633702,8.0,1.1956209004155152,0.34896360409177785,0.29813734312813767,0.29813734312813767,0.8285870279577184,0.9993306772520957,6.0,d_kam,9.0,1.0207555309993033,0.03456221198156682,0.0,warehouse,3022,0.0,200.0,8234.0,6352.0,6352.0,2785.383534093853,9.0,434.0,268.0,6.2381215240288475,3.0524071010004263,,
9.0,9.0,0.0,0.0,d_kam_delay_0,1.0,delay=0,5.436728720867987,1.8096575609287642,0.0,D1,8,64,0.0,2.0,1.1386806643944214,202.24721670639633,0.0,0.5513025510742727,0.4187907061207502,0.1907212363706649,12.335074856091524,0.0,0.20079971677878677,0.20079971677878677,2.4867941057363074,0.8813417805541127,9.952666406818572,0.0,2.4136430473514205,0.0,0.2129979859874534,0.2129979859874534,0.8062888358467465,1.0,6.0,d_kam,3.0,0.0,0.025210084033613446,0.0,warehouse,3023,0.0,200.0,7280.0,6257.0,6257.0,2467.0149712183047,3.0,357.0,254.0,4.589641233737028,2.7291469859774224,,
13.0,13.0,0.0,0.0,d_kam_delay_2,0.9999359823825632,delay=2,5.626689099412732,1.9906240426030608,2.0,D1,8,64,0.7551747783710365,3.0,1.2623939587184583,202.24721670639633,2.8231019797591594,0.5693487870360237,0.49483837435182904,0.29661039466710376,22.380369810853153,-2.3902642114162074,0.2841795255894223,0.2841795255894223,2.5848026009274254,0.8056797917135071,10.111116674784366,2.0,2.442383274883531,0.21641888417147614,0.280318391544774,0.280318391544774,0.7890970200876882,0.9999359823825632,5.0,d_kam,8.0,1.2174012889705894,0.02066772655007949,0.0,warehouse,3023,0.0,200.0,13217.0,6407.0,6407.0,4476.073962170631,8.0,629.0,479.0,7.462164573661073,4.7468481920077465,,
15.0,15.0,0.0,0.0,d_kam_delay_4,0.9999999999999999,delay=4,5.1480311443043725,1.919875023277393,4.0,D1,8,64,0.0,2.0,1.2790383342520997,181.33822128130896,3.64720980872466,0.5238762813007295,0.5499511285574492,0.3733496726749294,21.223728936020052,-3.279073400613768,0.3221343847264858,0.3221343847264858,2.6639733865193556,0.7990900259267292,9.791311845370503,4.0,2.335132832007563,0.1840682040554457,0.3128797074241094,0.3128797074241094,0.7958181769236268,0.9999999999999999,6.0,d_kam,9.0,1.0826600755608113,0.023696682464454975,0.0,warehouse,3023,0.0,200.0,12233.0,6401.0,6401.0,4244.74578720401,9.0,633.0,432.0,6.8321223877294095,4.51213073899271,,
16.0,16.0,0.0625,1.0,d_kam_delay_8,0.9995893745617378,delay=8,5.528070821284055,1.9884561168691373,8.0,D1,8,64,4.843884960894984,2.0,1.6251184571556472,181.36262432819285,6.577279025505848,0.5599800506137992,0.528595317223671,0.3436137328430865,15.21369923983002,-6.253923927490035,0.2736125057175452,0.2736125057175452,2.7801687317764547,0.8280079906762902,10.401882754371353,8.0,2.5148285372340293,0.16167754900790665,0.2613650882400636,0.2613650882400636,0.789302973032411,0.9995893745617378,6.0,d_kam,10.0,0.8433561947294455,0.030947775628626693,0.0,warehouse,3023,0.0,200.0,8749.0,6360.0,6360.0,3042.739847966004,10.0,517.0,311.0,7.767879653713164,3.3081847630091943,,
9.0,9.0,0.0,0.0,d_kam_delay_0,0.999994113753632,delay=0,1.8732986387195336,1.0059783760829686,0.0,D1,8,64,0.06431659580157587,2.0,1.212446145896727,93.53631554834703,1.9737298215558337e-16,0.19451056549411289,0.4184529125336337,0.19025089086961658,16.42927485110704,-1.9737298215558337e-16,0.23943102179754816,0.23943102179754816,1.6072513991491173,0.8481243853781067,2.9907239493604942,0.0,0.46865538046960536,0.0,0.24886132115797596,0.24886132115797596,0.8910644783155871,0.999994113753632,6.0,d_kam,3.0,0.0,0.018442622950819672,0.0,warehouse,3024,0.0,200.0,10319.0,6302.0,6302.0,3285.8549702214077,3.0,488.0,387.0,4.1657862425294745,3.547847849986283,,
8.0,8.0,0.0,0.0,d_kam_delay_2,0.9999941137536317,delay=2,1.6576999140336566,0.8506279457929814,2.0,D1,8,64,0.06431659580157587,2.0,1.212446145896727,93.53631554834703,0.993468420399958,0.1740286866489546,0.38768487360933207,0.1474093176838802,11.540325374517124,-0.7654782535059701,0.21351192053332027,0.21351192053332027,1.541025709875767,0.8829762875034664,2.9400715945443863,2.0,0.4574582152808566,0.11399508344699394,0.23652418477530912,0.23652418477530912,0.9058227691931359,0.9999941137536317,6.0,d_kam,2.0,0.4690571413033824,0.022598870056497175,0.0,warehouse,3024,0.0,200.0,7229.0,6247.0,6247.0,2308.065074903425,2.0,354.0,266.0,3.7771908283529827,2.564622261998011,,
9.0,9.0,0.0,0.0,d_kam_delay_4,0.999985792550779,delay=4,1.8217110690702902,0.9915260084107661,4.0,D1,8,64,0.1552389607448323,2.0,1.2115207225946514,93.53631554834703,1.4534817847828974,0.18960974637743486,0.4623221550185273,0.25133464622832924,13.076565290248254,-1.327021170828417,0.20624330944650932,0.20624330944650932,1.683271797940769,0.86055481744838,3.0175640158204486,4.0,0.4747758991123806,0.06323030697724012,0.1801059103267636,0.1801059103267636,0.8924374532444463,0.999985792550779,6.0,d_kam,3.0,0.2585990038444036,0.02349869451697128,0.0,warehouse,3024,0.0,200.0,7999.0,6271.0,6271.0,2615.313058049651,3.0,383.0,285.0,3.883246568247204,2.8739001590001862,,
8.0,8.0,0.0,0.0,d_kam_delay_8,0.9999999999999999,delay=8,1.780136600506518,0.9530094639432558,8.0,D1,8,64,0.0,2.0,1.1630012231955735,93.53631554834703,3.046517327413833,0.18566017186387648,0.41579103484362634,0.1865444788961886,14.780091300344793,-2.805638459369576,0.21555364574275232,0.21555364574275232,1.6725055995319287,0.8491575433881269,3.0611876838718786,8.0,0.4951813125555374,0.12043943402212876,0.24171526305625285,0.24171526305625285,0.8960965249688598,0.9999999999999999,6.0,d_kam,2.0,0.5090986503474821,0.018018018018018018,0.0,warehouse,3024,0.0,200.0,9298.0,6276.0,6276.0,2956.0182600689586,2.0,444.0,345.0,3.6870186866175585,3.214785659016343,,
9.0,9.0,0.0,0.0,d_kam_delay_0,0.9999999999999999,delay=0,2.179824640115286,1.248638849101427,0.0,D1,8,64,0.0,2.0,1.1726958455734309,114.37383902615196,3.9474596431116675e-16,0.22521266720760033,0.5639342447945045,0.3928198345239937,12.415871614211937,3.9474596431116675e-16,0.21697762446222651,0.21697762446222651,1.7099615011527194,0.7982866518875116,3.23152089812915,0.0,0.5314545416333829,3.9474596431116675e-16,0.21272502717339875,0.21272502717339875,0.8671050571593614,0.9999999999999999,6.0,d_kam,3.0,2.1316282072802993e-15,0.019955654101995565,0.0,warehouse,3025,0.0,200.0,7468.0,6263.0,6263.0,2483.1743228423875,3.0,451.0,346.0,4.413886899954364,2.7407892259943765,,
11.0,11.0,0.0,0.0,d_kam_delay_2,1.0000000000000002,delay=2,2.130709129299712,1.1988591708287146,2.0,D1,8,64,0.0,2.0,1.189631849758294,114.37383902615196,1.0323048552306957,0.22054669368012086,0.5775876610457867,0.4118309204435006,14.922626723709982,-0.8386395572766877,0.22544136909614867,0.22544136909614867,1.7451524064423558,0.7812564450290551,3.2779078095052374,2.0,0.5443516761848053,0.09683264897700394,0.22328175610654782,0.22328175610654782,0.8718341265952693,1.0000000000000002,6.0,d_kam,5.0,0.37942096877728204,0.020637898686679174,0.0,warehouse,3025,0.0,200.0,8873.0,6304.0,6304.0,2984.5253447419964,5.0,533.0,416.0,5.041325549133387,3.244510882999748,,
10.0,10.0,0.0,0.0,d_kam_delay_4,1.0,delay=4,2.0700132770354767,1.108306673561695,4.0,D1,8,64,0.0,2.0,1.1290518733732906,106.47638190129409,1.8377743051439548,0.21478058771501843,0.4399028799325781,0.22011793408333666,13.61379371563089,-1.3327917182718447,0.2256839486432102,0.2256839486432102,1.6453363987255252,0.8604351586747981,3.214189689085176,4.0,0.527991965748596,0.25249129343605514,0.247512015382626,0.247512015382626,0.880436613835636,1.0,6.0,d_kam,4.0,0.8311536217846749,0.024213075060532687,0.0,warehouse,3025,0.0,200.0,8187.0,6287.0,6287.0,2722.758743126178,4.0,413.0,283.0,4.484205416077616,2.980335055006435,,
8.0,8.0,0.0,0.0,d_kam_delay_8,1.0,delay=8,1.7506310654771657,0.9258622371985105,8.0,D1,8,64,0.0,2.0,1.1290518733732906,106.47638190129409,2.8046463935287265,0.1844392776169789,0.4328372581082239,0.2102797264798055,12.81780789970071,-2.53876430190669,0.220028488770381,0.220028488770381,1.612052464379401,0.8675045089706934,3.1174326322145203,8.0,0.5018342908405059,0.1329410458110183,0.24177076475811518,0.24177076475811518,0.8977688352901386,1.0,6.0,d_kam,2.0,0.5955346068605687,0.020671834625323,0.0,warehouse,3025,0.0,200.0,7741.0,6249.0,6249.0,2563.561579940142,2.0,387.0,282.0,3.7882768415190258,2.8220866970077623,,
7.0,7.0,0.0,0.0,d_kam_delay_0,0.9999999999999994,delay=0,2.3203523326488096,1.618873889206557,0.0,D1,8,64,0.0,3.0,1.307486058380177,67.52675009544153,1.9032394707859825e-16,0.2340517630943438,0.5642533862540201,0.3932642087081292,22.29168330450193,1.9032394707859825e-16,0.2860173998304755,0.2860173998304755,1.5762437317683708,0.7577563823984569,2.5083276935334156,0.0,0.3212516606747922,1.9032394707859825e-16,0.2917035830414121,0.2917035830414121,0.8347054976005817,0.9999999999999994,5.0,d_kam,2.0,7.549516567451061e-16,0.009985734664764621,0.0,warehouse,3026,0.0,200.0,14399.0,6356.0,6356.0,4458.336660900386,2.0,701.0,604.0,3.4817401841158993,4.7198537250224035,,
14.0,14.0,0.0,0.0,d_kam_delay_2,0.9999999999999997,delay=2,2.258816896635845,1.5136729739036916,2.0,D1,8,64,0.0,2.0,1.2193727826528695,67.43378990306164,0.4706097251781399,0.22820589667311222,0.5255567242820487,0.3393827806458905,19.56072076005512,-0.3286297656723323,0.2565788157122561,0.2565788157122561,1.6538515346832916,0.795436776087698,2.599005539102551,2.0,0.35090881461250895,0.07098997975290378,0.26098875436909164,0.26098875436909164,0.8446995845543538,0.9999999999999997,6.0,d_kam,8.0,0.2686649085176197,0.021052631578947368,0.0,warehouse,3026,0.0,200.0,12569.0,6413.0,6413.0,3912.144152011024,8.0,665.0,473.0,5.918618929391514,4.173060783999972,,
10.0,10.0,0.0,0.0,d_kam_delay_4,1.0000000000000004,delay=4,1.2430608397670408,0.7576264441782508,4.0,D1,8,64,0.0,2.0,1.3192207894316448,67.52675009544153,0.9254557648747328,0.1317090712705758,0.4151211544961727,0.1856117341085949,10.404236953909276,-0.6641279395172702,0.2685999907907393,0.2685999907907393,1.5175643285819036,0.8976560343189496,2.4395324226398323,4.0,0.29379342036939105,0.13066391267873126,0.24563166795357877,0.24563166795357877,0.9165240048782708,1.0000000000000004,6.0,d_kam,4.0,0.43736863129366915,0.036101083032490974,0.0,warehouse,3026,0.0,200.0,6907.0,6270.0,6270.0,2080.847390781855,4.0,277.0,178.0,4.486833683006215,2.332467653992353,,
12.0,12.0,0.08333333333333333,1.0,d_kam_delay_8,1.0,delay=8,2.2798552283883398,1.3436139113360233,8.0,D1,8,64,0.0,2.0,1.1798957086456894,73.1869720345792,1.4784475861794293,0.2302045381895993,0.5389845056129164,0.358079691359757,15.380969994876068,-1.1349135063535296,0.23588831984323128,0.23588831984323128,1.8457446151732975,0.8102277398721763,3.0252504129722313,8.0,0.4694711118829875,0.17176703991294975,0.2212917629492308,0.2212917629492308,0.8608551954982824,1.0,6.0,d_kam,6.0,1.0028820684028876,0.02097902097902098,0.0,warehouse,3026,0.0,200.0,10025.0,6355.0,6355.0,3076.1939989752136,6.0,572.0,411.0,5.339995099178484,3.3323026849830057,,
9.0,9.0,0.0,0.0,d_kam_delay_0,0.9987406727005826,delay=0,2.870743436810051,1.594243009517685,0.0,D1,8,64,13.731546760029007,2.0,1.5350475159589978,136.23065087661828,0.0,0.2991479724320252,0.47153484414480246,0.264162441214282,18.829638284660177,0.0,0.276437560409908,0.276437560409908,1.9316731914328076,0.8108062902769967,3.772379315568057,0.0,0.677795776793223,0.0,0.29856715835437325,0.29856715835437325,0.8302302335200394,0.9987406727005826,6.0,d_kam,3.0,0.0,0.01744186046511628,0.0,warehouse,3027,0.0,200.0,11344.0,6325.0,6325.0,3765.9276569320355,3.0,516.0,411.0,4.09207798446554,4.028650226013269,,
9.0,9.0,0.0,0.0,d_kam_delay_2,0.9987406727005826,delay=2,2.8998620577011507,1.642229686021762,2.0,D1,8,64,13.731546760029007,2.0,1.5350475159589978,135.94113140169648,1.5564348287141856,0.30191424141667966,0.47672063624323646,0.27138316438931664,19.113311546097975,-1.2881285004288041,0.287362201977518,0.287362201977518,1.9682230237393146,0.8086151201664559,3.825362656701011,2.0,0.6892666537702348,0.13415316414269077,0.3094806814567371,0.3094806814567371,0.8256714992521522,0.9987406727005826,6.0,d_kam,3.0,0.6798825918556205,0.01717557251908397,0.0,warehouse,3027,0.0,200.0,11507.0,6328.0,6328.0,3822.662309219595,3.0,524.0,416.0,4.09207798446554,4.085706805984955,,
12.0,12.0,0.0,0.0,d_kam_delay_4,0.9999999999999991,delay=4,3.1178955204324077,1.685570660595014,4.0,D1,8,64,0.0,2.0,1.2734709375418127,135.94113140169648,1.7263642165036528,0.32262742037614905,0.5184644544311964,0.3295074681953366,16.283031865168596,-1.6071455200738336,0.26351327186031076,0.26351327186031076,2.0003807606074555,0.8394128581689821,4.046561639243763,4.0,0.742352475318036,0.05960934821490963,0.26330001453651797,0.26330001453651797,0.8215541066676931,0.9999999999999991,6.0,d_kam,6.0,0.31151563676891525,0.025974025974025976,0.0,warehouse,3027,0.0,200.0,9925.0,6341.0,6341.0,3256.606373033719,6.0,462.0,338.0,5.214464176726532,3.5184702779806685,,
12.0,12.0,0.0,0.0,d_kam_delay_8,0.9999999999999991,delay=8,3.735030830897943,2.0411476176709975,8.0,D1,8,64,0.0,2.0,1.2734709375418127,135.94113140169648,3.0656063576583286,0.38125527487037475,0.5282074261334084,0.343073631324999,16.668556749937125,-3.064787570159391,0.31606794832704854,0.31606794832704854,2.2422756298746607,0.8335434712908301,4.606562363855534,8.0,0.883962981857505,0.00040939374946857843,0.31103323690880674,0.31103323690880674,0.7877742957454749,0.9999999999999991,6.0,d_kam,6.0,0.00221072624713032,0.025,0.0,warehouse,3027,0.0,200.0,10183.0,6347.0,6347.0,3333.711349987425,6.0,480.0,356.0,5.214464176726532,3.5950034669949673,,
12.0,12.0,0.0,0.0,d_kam_delay_0,0.9999999999999998,delay=0,4.875578453481532,1.7251141936722136,0.0,D1,8,64,0.0,2.0,1.1798478911591335,195.15717139756902,2.4054832200211723e-16,0.5025088353557592,0.4842448207652892,0.2818598770149596,12.989386494300561,5.551115123125783e-17,0.23507374397710037,0.23507374397710037,2.382913490876663,0.8524955881903815,9.158818588533332,0.0,2.179394504696642,1.4802973661668753e-16,0.21964347849525198,0.21964347849525198,0.8125376763768385,0.9999999999999998,6.0,d_kam,6.0,7.993605777301114e-16,0.030303030303030304,0.0,warehouse,3028,0.0,200.0,7839.0,6304.0,6304.0,2597.877298860112,6.0,396.0,248.0,5.102294444626277,2.8542544009978883,,
13.0,13.0,0.0,0.0,d_kam_delay_2,1.0,delay=2,4.905621699662828,1.7519334284922288,2.0,D1,8,64,0.0,2.0,1.2563315123482526,195.15717139756902,1.7834536234561535,0.5053629437429823,0.505174224802319,0.3110020851677859,13.719633429864189,-1.351368163823388,0.23251742354662283,0.23251742354662283,2.386308617535476,0.8524281805715569,9.225877784572873,2.0,2.195349983300817,0.2160427298163827,0.20954409569286692,0.20954409569286692,0.8099898490689371,1.0,6.0,d_kam,7.0,0.9662458568065196,0.03140096618357488,0.0,warehouse,3028,0.0,200.0,8029.0,6329.0,6329.0,2743.9266859728377,7.0,414.0,265.0,5.262341983143583,3.0124416399921756,,
16.0,16.0,0.0,0.0,d_kam_delay_4,0.9999999999999998,delay=4,5.418964875454211,2.055914726008573,4.0,D1,8,64,0.0,2.0,1.2947683506064351,195.15717139756902,3.0440250572982306,0.5541305454431635,0.6165165951520575,0.4660357654015991,13.32709363574395,-2.4698782280730622,0.27158426571733685,0.27158426571733685,2.499264723597848,0.8135020732832843,9.733041300086741,4.0,2.3180237759030553,0.2870734146125842,0.2645851602712266,0.2645851602712266,0.7811116258048842,0.9999999999999998,6.0,d_kam,10.0,1.8832231012332268,0.034482758620689655,0.0,warehouse,3028,0.0,200.0,7691.0,6321.0,6321.0,2665.41872714879,10.0,464.0,314.0,6.17245747900986,2.9332625629904214,,
19.0,19.0,0.05263157894736842,1.0,d_kam_delay_8,0.9999999999999998,delay=8,6.33618414764808,2.397454895139528,8.0,D1,8,64,0.0,2.0,1.213137179203795,195.15717139756902,5.0477652897111875,0.6412663763015811,0.6195568979040048,0.4702690983473484,13.916553484741598,-4.702559431605834,0.29400712259676626,0.29400712259676626,2.7614694956877286,0.8077238271835953,11.144864206282316,8.0,2.7068668736529538,0.17260292905267646,0.2877702092324228,0.2877702092324228,0.7486653097374437,0.9999999999999998,6.0,d_kam,13.0,1.1658445471992123,0.03941908713692946,0.0,warehouse,3028,0.0,200.0,8001.0,6351.0,6351.0,2783.3106969483197,13.0,482.0,320.0,7.200945248295142,3.0483576609985903,,
7.0,7.0,0.0,0.0,d_kam_delay_0,0.9999999999999997,delay=0,3.826382943357686,1.5520670021529892,0.0,D1,8,64,0.0,2.0,1.1453863068060968,156.964386911359,5.075305255429287e-16,0.3971216703721971,0.44684942098293035,0.2297903330142068,11.747365484479815,5.075305255429287e-16,0.25991022846827394,0.25991022846827394,2.5814891423854864,0.8613287871895627,9.841900736749357,0.0,2.366984790110085,5.075305255429287e-16,0.280358672528467,0.280358672528467,0.831058478523451,0.9999999999999997,6.0,d_kam,1.0,2.486899575160348e-15,0.020289855072463767,0.0,warehouse,3029,0.0,200.0,6934.0,6231.0,6231.0,2349.473096895963,1.0,345.0,260.0,3.4352949213994735,2.6135692149982788,,
9.0,9.0,0.0,0.0,d_kam_delay_2,0.9999999999999993,delay=2,3.4442703600386175,1.2857668225881764,2.0,D1,8,64,0.0,2.0,1.1926846931198893,156.964386911359,8.292370236898194,0.36082097495688553,0.47179784296495497,0.26452864210310184,12.960500450863037,-7.024649204111018,0.22599777016834857,0.22599777016834857,2.5481037967518345,0.8585753400573262,9.767971061044024,2.0,2.352394606624278,0.6338605163935866,0.21744351139358278,0.21744351139358278,0.8563569955821083,0.9999999999999993,6.0,d_kam,3.0,2.647571268029658,0.023809523809523808,0.0,warehouse,3029,0.0,200.0,7660.0,6266.0,6266.0,2592.1000901726075,3.0,378.0,268.0,4.16257002894808,2.8581361869873945,,
8.0,8.0,0.0,0.0,d_kam_delay_4,0.9999999999999997,delay=4,3.691510082680232,1.4734665422457442,4.0,D1,8,64,0.0,2.0,1.1453863068060968,156.964386911359,13.193935724128194,0.3843087486078389,0.45665001942037037,0.24343673590178155,12.327579849952599,-11.997367179751517,0.2691790640768514,0.2691790640768514,2.644435949188519,0.8551839117629016,9.941723648210772,4.0,2.3922828135861907,0.5982842721883388,0.2895856128084573,0.2895856128084573,0.8385255222146393,0.9999999999999997,6.0,d_kam,2.0,2.0660592730625553,0.021621621621621623,0.0,warehouse,3029,0.0,200.0,7352.0,6250.0,6250.0,2465.51596999052,2.0,370.0,271.0,3.8134380511428447,2.726976553007262,,
7.0,7.0,0.14285714285714285,1.0,d_kam_delay_8,0.9999999999999997,delay=8,3.5841099908377294,1.404227051585447,8.0,D1,8,64,0.0,2.0,1.1453863068060968,156.964386911359,20.42998662219056,0.37410573988280116,0.44417472186610496,0.2260660684211588,11.355525830003899,-19.588839192524155,0.2552834756221719,0.2552834756221719,2.5643993458571597,0.863109831941763,9.772588569030162,8.0,2.3488902384969688,0.4205737148332026,0.2743602057752224,0.2743602057752224,0.8451032738273676,0.9999999999999997,6.0,d_kam,1.0,1.1070626186476196,0.020527859237536656,0.0,warehouse,3029,0.0,200.0,6809.0,6229.0,6229.0,2271.1051660007797,1.0,341.0,256.0,3.4352949213994735,2.530189065990271,,
14.0,14.0,0.0,0.0,d_kam_delay_0,0.9998759760770295,delay=0,5.0394196639661635,2.286229982103323,0.0,D1,8,64,1.4777320557802125,2.0,1.255222541089692,195.00915664597153,3.172065784643304e-17,0.5069783159296736,0.5678559232494699,0.3982803994612872,22.699926944624167,-3.172065784643304e-17,0.2658418858990393,0.2658418858990393,2.2923725230680185,0.7821852831576891,7.050955584823666,0.0,1.5875840545614899,0.0,0.261864273331619,0.261864273331619,0.7635045478069697,0.9998759760770295,6.0,d_kam,8.0,0.0,0.022082018927444796,0.0,warehouse,3030,0.0,200.0,12743.0,6415.0,6415.0,4539.985388924833,8.0,634.0,464.0,5.610431267510099,4.809202311997069,,
12.0,12.0,0.0,0.0,d_kam_delay_2,0.9999999999999999,delay=2,4.180830098188487,1.6200319563187724,2.0,D1,8,64,0.0,2.0,1.2041216151665908,195.00915664597153,1.7162814262954613,0.4254123071807945,0.4713846702961795,0.2639533383870854,15.142888355330797,-1.4028821388543058,0.22922152168276,0.22922152168276,2.109932449561976,0.838534486882066,6.887078712064456,2.0,1.5528611040837412,0.15669964372057774,0.22919991837388487,0.22919991837388487,0.8267933602565022,0.9999999999999999,6.0,d_kam,6.0,0.9051412052320862,0.02696629213483146,0.0,warehouse,3030,0.0,200.0,8547.0,6316.0,6316.0,3028.5776710661594,6.0,445.0,294.0,4.991677775770256,3.2949076959921513,,
10.0,10.0,0.0,0.0,d_kam_delay_4,0.9999999999999999,delay=4,3.9110290481366294,1.5201016884880978,4.0,D1,8,64,0.0,2.0,1.1998866327377755,193.04491120584566,3.480503592851479,0.399781207425868,0.4963694927463193,0.2987423316720902,13.215475960168988,-3.0421961864259215,0.2136653959508362,0.2136653959508362,2.096950006077281,0.8583431126343086,6.7691417250479455,4.0,1.5148122845628322,0.2191537032127787,0.21817265067362218,0.21817265067362218,0.8362867357004161,0.9999999999999999,6.0,d_kam,4.0,0.9546055402912442,0.026595744680851064,0.0,warehouse,3030,0.0,200.0,7488.0,6277.0,6277.0,2643.0951920337975,4.0,376.0,247.0,4.272819507474758,2.9080827870056964,,
17.0,17.0,0.11764705882352941,2.0,d_kam_delay_8,0.9960545318256914,delay=8,6.913220254739435,3.491567524675906,8.0,D1,8,64,47.00984017147036,2.0,4.210164479045138,200.6073570290405,3.993897577680838,0.6849893720531344,0.4328406445003427,0.21028444170933802,14.172385439451318,-3.4529557444583996,0.4014763642418734,0.4014763642418734,2.6063005286476923,0.8672984066152816,8.27934355760853,8.0,1.8919856078556834,0.2704709166112189,0.40457902411293645,0.40457902411293645,0.6489974812625745,0.9960545318256914,6.0,d_kam,11.0,1.5653693015128787,0.0412621359223301,0.0,warehouse,3030,0.0,200.0,7964.0,6364.0,6364.0,2834.4770878902636,11.0,412.0,234.0,6.793427160362318,3.0983435999951325,,
9.0,9.0,0.0,0.0,d_kam_delay_0,0.9998000422109248,delay=0,3.753278002436331,1.467210855199615,0.0,D1,8,64,2.0941720936906894,2.0,1.24261495899532,144.01269698562277,0.0,0.41814000358494846,0.4831214186509822,0.38979611924074287,9.27775090560317,0.0,0.19882607088635534,0.19882607088635534,2.0951100419327116,0.8367048210464729,6.2284811594724365,0.0,1.3760202377494013,0.0,0.19617202426461422,0.19617202426461422,0.8296400845056232,0.9998000422109248,6.0,d_kam,3.0,0.0,0.020316027088036117,0.0,edge,3001,0.0,200.0,7471.0,6257.0,6257.0,1855.550181120634,3.0,443.0,348.0,6.018865960996392,2.088323959003901,,
11.0,11.0,0.0,0.0,d_kam_delay_2,0.9996685366458656,delay=2,3.8677934174852235,1.4347864214747559,2.0,D1,8,64,3.4714391948358068,2.0,1.3622652737566598,147.38059342807333,1.3392035308259442,0.4301641221650821,0.46198224098289115,0.3648401456048021,8.866048464406049,-0.704691527946355,0.18134288642666632,0.18134288642666632,2.0134615553159536,0.8488229771179783,6.511154909226888,2.0,1.4599975818872537,0.3172560014397947,0.1874245540165086,0.1874245540165086,0.8330446500467333,0.9996685366458656,6.0,d_kam,5.0,1.5832879982355141,0.02669902912621359,0.0,edge,3001,0.0,200.0,6908.0,6277.0,6277.0,1773.2096928812098,5.0,412.0,316.0,8.238954825083287,2.0118137910030782,,
11.0,11.0,0.0,0.0,d_kam_delay_4,0.9993527552223774,delay=4,3.94198406321569,1.501777726854623,4.0,D1,8,64,6.778640418812012,2.0,1.7009430096303266,147.38059342807333,2.680760946714301,0.43795413996678106,0.46331413901213914,0.3664125252226642,8.597705876018154,-1.9984080903079589,0.2108933356709612,0.2108933356709612,2.1078678656327963,0.8482148819236356,6.614788600773012,4.0,1.4805732046935398,0.34117642820317134,0.2152671590542505,0.2152671590542505,0.8260105629818472,0.9993527552223774,6.0,d_kam,5.0,1.8254975068113675,0.02669902912621359,0.0,edge,3001,0.0,200.0,6898.0,6277.0,6277.0,1719.5411752036307,5.0,412.0,316.0,8.403608922219133,1.95108489098493,,
19.0,19.0,0.0,0.0,d_kam_delay_8,0.9978722670963357,delay=8,5.906866518241834,2.2967731279355537,8.0,D1,8,64,22.283897467961012,2.0,1.7443242858173842,137.42877643344144,4.491725807985164,0.6442667977445261,0.5965991882913972,0.5237629306217884,19.03875577118015,-3.929745621648972,0.3139260669085365,0.3139260669085365,2.906281202698898,0.7577495978430485,10.210758491383135,8.0,2.457801291480381,0.2809900931680957,0.3313151579215453,0.3313151579215453,0.7425360458683496,0.9978722670963357,6.0,d_kam,13.0,1.2580709213130445,0.023227383863080684,0.0,edge,3001,0.0,200.0,15051.0,6490.0,6490.0,3807.75115423603,13.0,818.0,519.0,13.779551966284892,4.047026320011355,,
10.0,10.0,0.0,0.0,d_kam_delay_0,0.9999999999999996,delay=0,7.146891826056614,2.018417613140339,0.0,D1,8,64,0.0,2.0,1.1060618324295186,285.7060644191632,0.0,0.786257036873184,0.3627143949108408,0.2476489384364092,9.339164125412935,0.0,0.19215823119604322,0.19215823119604322,2.5506948420035416,0.8804022458228932,14.32217215469238,0.0,3.64522536877943,0.0,0.19638690568818568,0.19638690568818568,0.7663745791159229,0.9999999999999996,6.0,d_kam,4.0,0.0,0.03067484662576687,0.0,edge,3002,0.0,200.0,6753.0,6265.0,6265.0,1867.832825082587,4.0,326.0,240.0,5.46188513125215,2.108388260996435,,
11.0,11.0,0.0,0.0,d_kam_delay_2,0.9999999999999994,delay=2,7.141913595246693,2.0256726216551493,2.0,D1,8,64,0.0,2.0,1.1427173040733622,285.7060644191632,4.585609528396963,0.7857343226381421,0.3613961880246843,0.24609272197358562,9.34406250496977,-0.27942929377740866,0.21011264795369525,0.21011264795369525,2.6253951474307256,0.8828388569604144,14.372589603996605,2.0,3.653797040746125,2.153090117309777,0.20913336914305705,0.20913336914305705,0.7656128032218678,0.9999999999999994,6.0,d_kam,5.0,11.003621092892459,0.03374233128834356,0.0,edge,3002,0.0,200.0,6747.0,6277.0,6277.0,1868.812500993954,5.0,326.0,237.0,6.501910798270489,2.1100197059859056,,
11.0,11.0,0.0,0.0,d_kam_delay_4,0.9999999999999997,delay=4,7.452991755419708,2.0894498237359986,4.0,D1,8,64,0.0,2.0,1.1427173040733622,285.7060644191632,4.501565337958017,0.8183975294563087,0.3681474656836629,0.25406298032099084,9.432053490454564,-2.4048237339465777,0.21195036873084605,0.21195036873084605,2.6701323436706317,0.8821564457796183,14.974399784683806,4.0,3.8203306123184033,1.0483708020057199,0.21138738418610523,0.21138738418610523,0.7589161970033786,0.9999999999999997,6.0,d_kam,5.0,5.660394426976964,0.03353658536585366,0.0,edge,3002,0.0,200.0,6813.0,6278.0,6278.0,1886.4106980909128,5.0,328.0,241.0,6.5019107982704885,2.128586256003473,,
12.0,12.0,0.08333333333333333,1.0,d_kam_delay_8,0.9999162919579575,delay=8,8.63285818775545,2.481468953622035,8.0,D1,8,64,1.085201002829735,2.0,1.2223847026502894,305.3070814731185,9.423179441670412,0.9422835048515623,0.3547178967509454,0.23820862810875496,9.551822809735313,-8.56503697482575,0.2857799120805265,0.2857799120805265,3.0729088753937908,0.8851764561585744,17.422664309650795,8.0,4.484420299404231,0.42907123342233083,0.28723157414627437,0.28723157414627437,0.7177541883653449,0.9999162919579575,6.0,d_kam,6.0,1.9258406390044125,0.03625377643504532,0.0,edge,3002,0.0,200.0,6954.0,6292.0,6292.0,1910.3645619470626,6.0,331.0,246.0,7.541912588924287,2.1513075999973807,,
10.0,10.0,0.0,0.0,d_kam_delay_0,1.0,delay=0,8.116531737293698,2.2212815646484394,0.0,D1,8,64,0.0,2.0,1.0889774518269344,273.5431436668973,4.4408920985006264e-17,0.8899263610854803,0.35718148603049416,0.24111703211933339,9.08451325551141,4.4408920985006264e-17,0.19570670931800538,0.19570670931800538,2.9824966293510933,0.8898393467285343,19.005166764197952,0.0,4.949674930353406,4.4408920985006264e-17,0.20311120566957638,0.20311120566957638,0.74492726863854,1.0,6.0,d_kam,4.0,2.4424906541753397e-16,0.030864197530864196,0.0,edge,3003,0.0,200.0,6766.0,6265.0,6265.0,1816.902651102282,4.0,324.0,240.0,6.125329842698163,2.0563662229978945,,
18.0,18.0,0.0,0.0,d_kam_delay_2,0.9999999999999996,delay=2,6.9662998178272275,2.028790317434768,2.0,D1,8,64,0.0,2.0,1.0943938817295658,256.2690637785578,4.660136653906199,0.769152009541501,0.4267202034909377,0.3232113513434682,9.300239390722709,2.5618045777004177,0.23435008205241226,0.23435008205241226,3.138236923763848,0.867085192460743,17.40454342517911,2.0,4.486633592084862,3.6109706158033084,0.23694151793707113,0.23694151793707113,0.7651388495959754,0.9999999999999996,6.0,d_kam,12.0,11.171976465111355,0.052941176470588235,0.0,edge,3003,0.0,200.0,6838.0,6357.0,6357.0,1860.0478781445418,12.0,340.0,220.0,12.417907286331847,2.100962625001557,,
20.0,20.0,0.0,0.0,d_kam_delay_4,0.9999999999999997,delay=4,7.095682108740034,2.1489843753376645,4.0,D1,8,64,0.0,2.0,1.228165500162509,256.2690637785578,3.607653819274683,0.7827371500873458,0.3944294477547462,0.2850903202660198,9.274235964549007,-1.6710709441993317,0.30996260181583096,0.30996260181583096,3.2397513734277594,0.8777760789219156,17.566924077113796,4.0,4.513246799286864,0.9682914375376755,0.31418720506438697,0.31418720506438697,0.7525184735161713,0.9999999999999997,6.0,d_kam,14.0,3.4455384230977772,0.058823529411764705,0.0,edge,3003,0.0,200.0,6838.0,6381.0,6381.0,1854.8471929098014,14.0,340.0,214.0,13.909324099732107,2.0943348630098626,,
20.0,20.0,0.05,1.0,d_kam_delay_8,1.0000000000000007,delay=8,7.642478451073113,2.329490087500398,8.0,D1,8,64,0.0,2.0,1.1999402364697962,262.32119242406964,7.000533581690067,0.8401507660323188,0.40843485624849885,0.3016244830711445,9.275899774802383,-5.829365558272889,0.33093680474961146,0.33093680474961146,3.530331223172585,0.8778725530018048,19.087454646110324,8.0,4.9294304813750305,0.5855840117085878,0.3368173141901185,0.3368173141901185,0.7335653737390844,1.0000000000000007,6.0,d_kam,14.0,3.9747683141757535,0.058823529411764705,0.0,edge,3003,0.0,200.0,6800.0,6385.0,6385.0,1855.1799549604766,14.0,340.0,217.0,14.803528336943947,2.0960652620124165,,
8.0,8.0,0.0,0.0,d_kam_delay_0,0.9999999999999998,delay=0,5.984008010675278,1.9920681407613405,0.0,D1,8,64,0.0,2.0,1.1550209107838876,263.42826668242617,0.0,0.6680525385052948,0.409103486467894,0.3024138381912638,10.028200235683471,0.0,0.23020345460832214,0.23020345460832214,2.9476688902604224,0.863510187356496,12.507334273049619,0.0,3.1249116543244178,0.0,0.23364079469047003,0.23364079469047003,0.7682378461582894,0.9999999999999998,6.0,d_kam,2.0,0.0,0.022792022792022793,0.0,edge,3004,0.0,200.0,7103.0,6238.0,6238.0,2005.6400471366942,2.0,351.0,250.0,4.804311123957037,2.255610335007077,,
13.0,13.0,0.0,0.0,d_kam_delay_2,0.99912434471109,delay=2,7.429972263613855,3.370372984097569,2.0,D1,8,64,12.375110361819026,2.0,1.362095165453452,243.38481883253945,3.0156253038049927,0.8198787850638456,0.39300148019001063,0.2834045252243181,13.63786280489876,1.631964245978023,0.36105839344691104,0.36105839344691104,3.2621282169296273,0.8672911280282665,12.220491308047581,2.0,3.009894693255144,2.3237947748915078,0.3626221409438294,0.3626221409438294,0.6235158376079855,0.99912434471109,6.0,d_kam,7.0,11.251939741382799,0.03494623655913978,0.0,edge,3004,0.0,200.0,7119.0,6310.0,6310.0,2727.572560979752,7.0,372.0,250.0,8.02785280790549,3.0771444879937917,,
13.0,13.0,0.0,0.0,d_kam_delay_4,0.9999999999999997,delay=4,6.0399736242735855,2.0118310067560863,4.0,D1,8,64,0.0,2.0,1.1550209107838876,263.42826668242617,4.526910639088573,0.6739289279331172,0.41084718331442155,0.3044723691906366,15.986503535241354,-3.6172830030378895,0.2592783643519062,0.2592783643519062,3.0941353140625596,0.8588140696545469,12.814179802736636,4.0,3.2033873443468277,0.4548138180253422,0.26367542612028955,0.26367542612028955,0.7661627452288411,0.9999999999999997,6.0,d_kam,7.0,2.071895651452888,0.033854166666666664,0.0,edge,3004,0.0,200.0,7613.0,6306.0,6306.0,3197.300707048271,7.0,384.0,249.0,8.327547674225258,3.5849539980117697,,
13.0,13.0,0.15384615384615385,2.0,d_kam_delay_8,0.9999999999999998,delay=8,5.989893491290862,1.9368112490993878,8.0,D1,8,64,0.0,2.0,1.169357468949694,263.42826668242617,9.209054949857874,0.6686705139699312,0.42508288558201746,0.32127840658988177,13.827527719986392,-8.322864278287696,0.2566023766017357,0.2566023766017357,3.224753455313969,0.8544170758069347,13.36484607141184,8.0,3.356658776139599,0.4430953357850893,0.25975175939528333,0.25975175939528333,0.7740398197827945,0.9999999999999998,6.0,d_kam,7.0,2.0970067732396087,0.0327455919395466,0.0,edge,3004,0.0,200.0,7905.0,6303.0,6303.0,2765.5055439972784,7.0,397.0,245.0,8.584724719662638,3.1187184959999286,,
9.0,9.0,0.0,0.0,d_kam_delay_0,0.9995446619948228,delay=0,3.708301115568201,1.476523470233688,0.0,D1,8,64,4.80915240980582,2.0,1.1879949992046401,141.1272260350363,1.9737298215558337e-16,0.41030326181745946,0.40554516285923115,0.29821303948659234,11.21065682542394,-1.9737298215558337e-16,0.19980608728582808,0.19980608728582808,2.0831507552937647,0.8669647462528998,7.525711094725479,0.0,1.7425771247718942,0.0,0.214359258341345,0.214359258341345,0.8294406215904712,0.9995446619948228,6.0,d_kam,3.0,0.0,0.02556818181818182,0.0,edge,3005,0.0,200.0,7229.0,6268.0,6268.0,2242.131365084788,3.0,352.0,243.0,5.354451457460199,2.541632134001702,,
9.0,9.0,0.0,0.0,d_kam_delay_2,0.9989028097811057,delay=2,3.871832626296979,1.6590354552144757,2.0,D1,8,64,11.58821562271374,2.0,1.4516215184011636,141.1272260350363,2.434231844220764,0.427474070443981,0.48970220009921506,0.397565097339351,12.47976203536382,0.8793022009462779,0.25311366809375624,0.25311366809375624,2.1580124081158156,0.8238753969910522,7.606117199610246,2.0,1.7478183264006102,1.656767022583521,0.2572909330206269,0.2572909330206269,0.8102768631674886,0.9989028097811057,6.0,d_kam,3.0,8.107503863290734,0.020134228187919462,0.0,edge,3005,0.0,200.0,7454.0,6270.0,6270.0,2495.952407072764,3.0,447.0,332.0,5.216939627777449,2.82170666300226,,
12.0,12.0,0.0,0.0,d_kam_delay_4,0.999638526085286,delay=4,3.5433642127080054,1.3905866088515235,4.0,D1,8,64,3.817786190179873,2.0,1.19754937564892,141.1272260350363,3.137110949839711,0.3929848870171389,0.5216976067791663,0.435337452447627,12.578824624069966,-0.7740335903066216,0.20507961958999274,0.20507961958999274,2.209461877547059,0.8142972789428541,7.638652100517858,4.0,1.767509398421784,1.181538679766545,0.20790796235275763,0.20790796235275763,0.8384639920355985,0.999638526085286,6.0,d_kam,6.0,5.162328019321231,0.02586206896551724,0.0,edge,3005,0.0,200.0,7716.0,6302.0,6302.0,2515.7649248139933,6.0,464.0,324.0,7.449187524192047,2.828352152981097,,
15.0,15.0,0.06666666666666667,1.0,d_kam_delay_8,0.9984094414148676,delay=8,4.154277204311542,1.7844260192833206,8.0,D1,8,64,16.79903404867949,2.0,1.617082962686299,141.1272260350363,4.437607947426784,0.4571307511355102,0.43461044973046625,0.33252622537624477,14.78794329392258,-2.9299614541863175,0.29628479999809465,0.29628479999809465,2.4032301621957197,0.8579020356889829,8.199989346938183,8.0,1.9012937079773529,0.7538232466202331,0.29887114351179533,0.29887114351179533,0.7971108539402597,0.9984094414148676,6.0,d_kam,9.0,2.544491398994489,0.038860103626943004,0.0,edge,3005,0.0,200.0,7587.0,6333.0,6333.0,2957.588658784516,9.0,386.0,240.0,10.553416153619413,3.3353631159989163,,
9.0,9.0,0.0,0.0,d_kam_delay_0,0.9999316999946403,delay=0,3.2015612263996465,1.2448639902951237,0.0,D1,8,64,0.824544369660339,2.0,1.0896802109418227,173.96079014008822,4.9343245538895844e-17,0.3675449531362021,0.43287602144306075,0.3304786364258356,12.882551713992143,4.9343245538895844e-17,0.15106747404987367,0.15106747404987367,1.7857077417464848,0.8497207462000071,5.17290553452893,0.0,1.0995828888277088,4.9343245538895844e-17,0.15670751510367795,0.15670751510367795,0.8499942845962749,0.9999316999946403,6.0,d_kam,3.0,2.664535259100374e-16,0.0200445434298441,0.0,edge,3006,0.0,200.0,7418.0,6252.0,6252.0,2576.5103427984286,3.0,449.0,342.0,5.436166918631723,2.9081065710051917,,
9.0,9.0,0.0,0.0,d_kam_delay_2,0.9996064038570156,delay=2,4.1678826612345246,1.6067250142684504,2.0,D1,8,64,4.751646532223037,2.0,1.2488980156895786,186.8064779915098,1.448968853784674,0.46900870379386433,0.40854222091895254,0.301751233029319,11.928906319662929,-0.6542226935506318,0.1999967967914691,0.1999967967914691,1.9091020629834146,0.8645312879928515,6.045588592558464,2.0,1.329557095340344,0.3973730801170212,0.20484944873962718,0.20484944873962718,0.8119988770790758,0.9996064038570156,6.0,d_kam,3.0,1.730613204759612,0.02616279069767442,0.0,edge,3006,0.0,200.0,6883.0,6250.0,6250.0,2385.7812639325857,3.0,344.0,252.0,4.838637890129034,2.7202290979912505,,
14.0,14.0,0.0,0.0,d_kam_delay_4,0.9993681987779582,delay=4,4.173327401229095,1.7920511128286851,4.0,D1,8,64,7.627351383597929,2.0,1.3343936511528347,176.29324833576877,1.1979551442307403,0.4695804014932943,0.41861535990447535,0.3136431332205612,14.715819904668024,-0.5115972365584274,0.3034340886763332,0.3034340886763332,2.2906668286344045,0.8545949698787012,6.1567350557149165,4.0,1.3326101879802172,0.34317895383615643,0.2938294231318243,0.2938294231318243,0.7925396367302511,0.9993681987779582,6.0,d_kam,8.0,1.5785732936145518,0.03357314148681055,0.0,edge,3006,0.0,200.0,7761.0,6325.0,6325.0,2943.1639809336048,8.0,417.0,285.0,8.690850462852486,3.308798891986953,,
15.0,15.0,0.06666666666666667,1.0,d_kam_delay_8,0.9994368954935318,delay=8,3.9995828988190176,1.6366213255499182,8.0,D1,8,64,6.798017773114662,2.0,1.3017765647624269,176.29324833576877,2.640495198127569,0.451337228740236,0.41250366175215475,0.3064279340129604,14.093550084653543,-1.605896368941476,0.2997612983373848,0.2997612983373848,2.2790293282054104,0.8516647079766332,6.378702700928326,8.0,1.3973643153626716,0.5172994145930468,0.2962835864368308,0.2962835864368308,0.8088597643945215,0.9994368954935318,6.0,d_kam,9.0,2.4590529712805314,0.03640776699029126,0.0,edge,3006,0.0,200.0,7906.0,6337.0,6337.0,2818.7100169307087,9.0,412.0,266.0,9.001618792645884,3.1653978880203795,,
11.0,11.0,0.0,0.0,d_kam_delay_0,1.0000000000000004,delay=0,8.10568344270957,2.141782891396864,0.0,D1,8,64,0.0,2.0,1.1652376363586,320.42241749590744,2.0185873175002847e-17,0.8930855077348175,0.39347911503145694,0.2839683996899145,12.949507294833893,2.0185873175002847e-17,0.22018723475550694,0.22018723475550694,2.8452219979546602,0.8603582739885735,18.035935156636235,0.0,4.67425768332034,2.0185873175002847e-17,0.22151580779234728,0.22151580779234728,0.7515792001801895,1.0000000000000004,6.0,d_kam,5.0,1.1102230246251565e-16,0.029490616621983913,0.0,edge,3007,0.0,200.0,6941.0,6277.0,6277.0,2589.9014589667786,5.0,373.0,268.0,6.06470502926386,2.947724516998278,,
12.0,12.0,0.0,0.0,d_kam_delay_2,0.9999755221084234,delay=2,8.260457764972159,2.2741395219451213,2.0,D1,8,64,0.33668235421464143,2.0,1.2159371574331814,320.42241749590744,5.1420016003107305,0.9093368115723895,0.38345655259316985,0.2721362079224922,12.551357533520786,0.3770827138285085,0.25135268822620543,0.25135268822620543,2.8840733522681314,0.8641335125560283,18.121217489432148,2.0,4.689976052192101,2.7595421570696193,0.25959346825641744,0.25959346825641744,0.7376817539726227,0.9999755221084234,6.0,d_kam,6.0,15.141021629709451,0.032,0.0,edge,3007,0.0,200.0,6939.0,6289.0,6289.0,2510.271506704157,6.0,375.0,266.0,6.861607683652462,2.8444462210172787,,
14.0,14.0,0.0,0.0,d_kam_delay_4,0.9999200707457743,delay=4,8.111425363431941,2.3607912029497635,4.0,D1,8,64,1.099390827824009,2.0,1.2185215560377234,314.3310101655311,3.738109839331524,0.8936884094106665,0.38290323516460395,0.271482985958213,19.72116703094798,-1.5156961314588562,0.3043626479218314,0.3043626479218314,3.075274509904836,0.8638464616797922,17.915512017127085,4.0,4.6179188424535855,1.1112068539363338,0.30998984562267873,0.30998984562267873,0.7285833274671352,0.9999200707457743,6.0,d_kam,8.0,6.990073407339224,0.03713527851458886,0.0,edge,3007,0.0,200.0,6948.0,6313.0,6313.0,3944.2334061895963,8.0,377.0,259.0,7.428396723278761,4.448267915984616,,
15.0,15.0,0.0,0.0,d_kam_delay_8,0.999755062617621,delay=8,8.635936688750801,2.697547249749102,8.0,D1,8,64,3.369003178943781,2.0,1.2637722481405318,314.3310101655311,6.188361957344431,0.9487620985691467,0.3809408117154913,0.26916623605301054,14.703802961012116,-5.142406498100656,0.3619190303343705,0.3619190303343705,3.260451415732593,0.8652651924061147,18.501780249283158,8.0,4.76540205965972,0.5229777296218874,0.3546350776181216,0.3546350776181216,0.6932239425532046,0.999755062617621,6.0,d_kam,9.0,2.3070680939864836,0.039473684210526314,0.0,edge,3007,0.0,200.0,6943.0,6325.0,6325.0,2940.760592202423,9.0,380.0,259.0,8.736241765815024,3.343598993989872,,
9.0,9.0,0.0,0.0,d_kam_delay_0,0.9990296406553087,delay=0,3.1203883013391343,1.2459036203955274,0.0,D1,8,64,12.336718004758383,2.0,1.3743270131800644,165.73024690191164,0.0,0.34988812817892057,0.4055664094877388,0.2982381223119139,19.296358194114873,0.0,0.22525007489360732,0.22525007489360732,2.042637349277446,0.8589974320044484,6.903777628719223,0.0,1.564026394538792,0.0,0.24050171364367384,0.24050171364367384,0.8533993244651294,0.9990296406553087,6.0,d_kam,3.0,0.0,0.024657534246575342,0.0,edge,3008,0.0,200.0,7049.0,6253.0,6253.0,3859.2716388229746,3.0,365.0,266.0,5.084074264314302,4.336460449005244,,
13.0,13.0,0.0,0.0,d_kam_delay_2,0.9990466298753704,delay=2,3.5294582359447717,1.4587268186823183,2.0,D1,8,64,12.120724601727686,2.0,1.400386473900144,165.73024690191164,0.5275228050138066,0.39284047131251243,0.5047471101299458,0.41532644945896374,17.613355539215263,0.03795268128848001,0.2559373982084181,0.2559373982084181,2.2631156172067795,0.8264119352613907,7.367297838164846,2.0,1.6771051905831798,0.28273774315114325,0.25865823696172746,0.25865823696172746,0.8310528886450165,0.9990466298753704,6.0,d_kam,7.0,1.1639590765217545,0.025341130604288498,0.0,edge,3008,0.0,200.0,9049.0,6339.0,6339.0,3522.6711078430526,7.0,513.0,381.0,7.83250912771101,3.876324756012764,,
11.0,11.0,0.0,0.0,d_kam_delay_4,0.9993355229004507,delay=4,3.5255274697993078,1.4055482519663198,4.0,D1,8,64,8.447866908901595,2.0,1.1544138754008648,165.73024690191164,2.1567294545344704,0.39242774086723875,0.4684939671980958,0.37252760016441855,18.012277013476705,-1.4184363557063462,0.2143260851808275,0.2143260851808275,2.1818100042446176,0.8272002904275996,7.321093014683883,4.0,1.681693588676936,0.3691465494140622,0.21934334686401027,0.21934334686401027,0.8366366381501962,0.9993355229004507,6.0,d_kam,5.0,1.198482344722084,0.021825396825396824,0.0,edge,3008,0.0,200.0,9910.0,6321.0,6321.0,3602.455402695341,5.0,504.0,376.0,6.269469230211968,3.948967555013951,,
12.0,12.0,0.08333333333333333,1.0,d_kam_delay_8,0.9994408861156393,delay=8,3.7580451113864344,1.4315348086393174,8.0,D1,8,64,7.108325757498397,2.0,1.1320372162180572,165.73024690191164,5.595084172744994,0.41684209323388705,0.4094578175235741,0.3028321456875527,15.811514510714915,-4.972329880405229,0.20750149009999191,0.20750149009999191,2.239836488105839,0.8532072365618898,7.808242614361079,8.0,1.822343033699942,0.31137714616988327,0.2132676495786416,0.2132676495786416,0.8339080496995315,0.9994408861156393,6.0,d_kam,6.0,0.9942169179244278,0.02977667493796526,0.0,edge,3008,0.0,200.0,8192.0,6305.0,6305.0,3162.302902142983,6.0,403.0,259.0,6.983056624521082,3.5308641309966333,,
8.0,8.0,0.0,0.0,d_kam_delay_0,0.9997035599152229,delay=0,1.1367924878196876,0.7682824547193747,0.0,D1,8,64,3.7589631994848967,2.0,1.2681328812112782,76.33453934802787,1.1102230246251565e-16,0.12896624576439225,0.4535104748585111,0.35483875504129786,12.569594289234374,-5.551115123125783e-17,0.2086837807109486,0.2086837807109486,1.5327533124723098,0.8485625104698866,2.4336637558298624,0.0,0.31579974128602906,2.7755575615628914e-17,0.19536083373187196,0.19536083373187196,0.9107248472412269,0.9997035599152229,6.0,d_kam,2.0,1.4432899320127023e-16,0.018306636155606407,0.0,edge,3009,0.0,200.0,7220.0,6241.0,6241.0,2513.9188578468747,2.0,437.0,343.0,4.166085993490831,2.887856097018812,,
9.0,9.0,0.0,0.0,d_kam_delay_2,0.9994061323143658,delay=2,1.192323199686744,0.8138692054909351,2.0,D1,8,64,7.53044844573415,2.0,1.3400898843989788,76.33453934802787,1.2696733365223192,0.1347969705104332,0.45124145965876394,0.3521600565415963,12.725200460117776,0.56561771736632,0.22206921545912764,0.22206921545912764,1.5641206008787565,0.8483147926837619,2.4829947356597177,2.0,0.3262498116824944,0.9176455269443196,0.211001163468299,0.211001163468299,0.905938238410213,0.9994061323143658,6.0,d_kam,3.0,4.396876676141579,0.02122641509433962,0.0,edge,3009,0.0,200.0,7342.0,6255.0,6255.0,2545.040092023555,3.0,424.0,326.0,4.920673535591433,2.880612505978206,,
8.0,8.0,0.0,0.0,d_kam_delay_4,0.9997035599152229,delay=4,1.3435304193384296,0.9481905741009056,4.0,D1,8,64,3.7589631994848967,2.0,1.2681328812112782,76.33453934802787,1.1315087388323224,0.1506737285738602,0.45353230929881305,0.3548645318110988,13.896242195478408,-0.6168829794810964,0.24692229857079465,0.24692229857079465,1.6265269167146341,0.8461439147908045,2.5391529657214584,4.0,0.33521739472564926,0.25731287967561295,0.2371675742053754,0.2371675742053754,0.891834494706166,0.9997035599152229,6.0,d_kam,2.0,0.9191697348729883,0.017582417582417582,0.0,edge,3009,0.0,200.0,7562.0,6246.0,6246.0,2779.2484390956815,2.0,455.0,360.0,4.166085993490831,3.1646985929983202,,
6.0,6.0,0.0,0.0,d_kam_delay_8,0.9997863167867813,delay=8,1.085006389196177,0.6935828010540632,8.0,D1,8,64,2.709577334794654,2.0,1.3173505985936225,76.33453934802787,3.2118942471641794,0.12352870540892365,0.4624062745297124,0.36534074076424383,15.172370340733323,-2.4255882944327594,0.18720216739958942,0.18720216739958942,1.560960300468031,0.8547124967676367,2.461896126552696,8.0,0.3265862699081612,0.3931529763657097,0.1683106206189076,0.1683106206189076,0.9185683108760846,0.9997863167867813,6.0,d_kam,0.0,1.4326369460936608,0.014457831325301205,0.0,edge,3009,0.0,200.0,7207.0,6217.0,6217.0,3034.4740681466646,0.0,415.0,328.0,3.0,3.447813774982933,,
12.0,12.0,0.0,0.0,d_kam_delay_0,0.9998029947451494,delay=0,8.813270538704502,2.286540923665851,0.0,D1,8,64,2.780296629877867,2.0,1.1565958137506107,337.73800927616713,1.850371707708594e-17,0.9762468510209722,0.36050924180011834,0.24504563268069524,17.036511721235,-1.850371707708594e-17,0.2383004126032874,0.2383004126032874,2.9991298560141417,0.8890832344988183,21.996154883956986,0.0,5.77226729081594,0.0,0.23789698787338573,0.23789698787338573,0.7338024109475143,0.9998029947451494,6.0,d_kam,6.0,0.0,0.03571428571428571,0.0,edge,3010,0.0,200.0,7049.0,6290.0,6290.0,3407.3023442470003,6.0,336.0,234.0,7.294668119968776,3.843317232996924,,
11.0,11.0,0.0,0.0,d_kam_delay_2,0.9997643781028794,delay=2,7.881636660370625,2.053505661682029,2.0,D1,8,64,3.325285749297022,2.0,1.17290136096826,322.14433291247497,4.0359325644739314,0.8784252937959149,0.33371698435073877,0.2134158843029555,23.964276819460792,-2.3194737352825445,0.22628485228206466,0.22628485228206466,2.755367983598877,0.8976933203730152,19.703319833193383,2.0,5.137790370823016,0.8582294145956934,0.24831214122640854,0.24831214122640854,0.7582711134558155,0.9997643781028794,6.0,d_kam,5.0,4.686912796746846,0.033950617283950615,0.0,edge,3010,0.0,200.0,6823.0,6273.0,6273.0,4792.8553638921585,5.0,324.0,237.0,6.67873221646431,5.395905374985887,,
15.0,15.0,0.0,0.0,d_kam_delay_4,0.9996060639427926,delay=4,7.585372724918944,2.103754598967888,4.0,D1,8,64,5.559542526283291,2.0,1.2291711683589788,320.94359443966914,5.578034665205747,0.8473175805734887,0.40605965206798816,0.2988204225802638,13.856364575622138,-4.282302988154737,0.2788950989030469,0.2788950989030469,2.9540099514700895,0.8492166316113778,18.433116113171977,4.0,4.769592287008001,0.6478658385255055,0.28126890135262783,0.28126890135262783,0.7529949750408005,0.9996060639427926,6.0,d_kam,9.0,3.260261354948125,0.04065040650406504,0.0,edge,3010,0.0,200.0,7170.0,6331.0,6331.0,2771.2729151244275,9.0,369.0,245.0,10.298281084364929,3.119728320016293,,
21.0,21.0,0.0,0.0,d_kam_delay_8,0.9996779922186723,delay=8,8.631468264677597,2.5308859937501773,8.0,D1,8,64,4.544432837087458,2.0,1.2898137022111213,320.94359443966914,6.875412430025809,0.957157612248147,0.5510117882712836,0.46994447226470976,13.95868638472166,-6.164063534421051,0.2948130522953532,0.2948130522953532,3.1003499839110655,0.8219791978448948,19.69641871656532,8.0,5.100975310074247,0.3556744478023786,0.29386961524234756,0.29386961524234756,0.70814617858866,0.9996779922186723,6.0,d_kam,15.0,0.8508989056595766,0.04964539007092199,0.0,edge,3010,0.0,200.0,7098.0,6349.0,6349.0,2791.737276944332,15.0,423.0,276.0,14.520054955193881,3.1381676780001726,,
10.0,10.0,0.0,0.0,d_kam_delay_0,1.0000000000000004,delay=0,3.330925071734061,1.3461982430816017,0.0,D1,8,64,0.0,2.0,1.178736304154873,171.86238971753193,0.0,0.3824224875918646,0.37270661136254124,0.25944530508077795,12.238558763929177,0.0,0.23114873743208122,0.23114873743208122,2.1565703326075485,0.8731444268215484,6.714327159136613,0.0,1.511058457000419,0.0,0.24944357974959344,0.24944357974959344,0.8383015063911771,1.0000000000000004,6.0,d_kam,4.0,0.0,0.027624309392265192,0.0,edge,3011,0.0,200.0,6883.0,6265.0,6265.0,2447.7117527858354,4.0,362.0,264.0,7.227576621358662,2.7855689769785386,,
11.0,11.0,0.0,0.0,d_kam_delay_2,0.9998889752925298,delay=2,3.4428675649482625,1.4795531543551388,2.0,D1,8,64,1.424173831163098,2.0,1.1986562011407245,171.86238971753193,1.8315673434296635,0.3941764493793559,0.3573156994656446,0.24127547853583045,17.842689344543032,-1.6383628080025439,0.26890141592569383,0.26890141592569383,2.2553401967866376,0.8768080672236216,6.815186215975919,2.0,1.5302334830035058,0.09660226771355986,0.2964086904106351,0.2964086904106351,0.8242992407074555,0.9998889752925298,6.0,d_kam,5.0,0.37232403624292765,0.029891304347826088,0.0,edge,3011,0.0,200.0,6952.0,6278.0,6278.0,3568.5378689086065,5.0,368.0,266.0,7.552755270281352,4.026116779015865,,
12.0,12.0,0.0,0.0,d_kam_delay_4,0.9997370832369704,delay=4,4.036964436308264,1.9678056239800785,4.0,D1,8,64,3.372575188104445,2.0,1.2542873599239042,171.86238971753193,3.5296250579225164,0.456556620872156,0.34719430897136677,0.2293266147578635,17.73325881556957,-3.1991480416259077,0.3270279139835546,0.3270279139835546,2.4183824437383334,0.881154416707696,7.093612930209917,4.0,1.592189089800377,0.16523850814830454,0.3450550687819204,0.3450550687819204,0.7730327313968369,0.9997370832369704,6.0,d_kam,6.0,0.8503469916967394,0.032171581769437,0.0,edge,3011,0.0,200.0,7020.0,6291.0,6291.0,3546.651763113914,6.0,373.0,268.0,8.46640288273312,3.99607449900941,,
12.0,12.0,0.08333333333333333,1.0,d_kam_delay_8,0.9997370832369704,delay=8,4.142457796072909,1.9979576605123437,8.0,D1,8,64,3.372575188104453,2.0,1.2542873599239042,171.86238971753193,5.699943437075787,0.4676334236474437,0.343856244030065,0.22538584364660447,12.117622488585766,-5.248342214535875,0.3316746771145759,0.3316746771145759,2.4335546530949568,0.8832835750951398,7.159450047680281,8.0,1.609188920002436,0.22580061126995518,0.3529062686961035,0.3529062686961035,0.7698667675609491,0.9997370832369704,6.0,d_kam,6.0,0.9159686438037858,0.0339943342776204,0.0,edge,3011,0.0,200.0,6874.0,6289.0,6289.0,2423.5244977171533,6.0,353.0,248.0,8.46640288273312,2.7568944439990446,,
11.0,11.0,0.0,0.0,d_kam_delay_0,0.9982431887500355,delay=0,8.636124808879053,3.147600581270229,0.0,D1,8,64,22.964641557348926,2.0,1.9184515252895178,259.3283576215008,6.459479416000911e-16,0.939882710102099,0.5583298888210484,0.4785838965248488,12.790583668684121,6.459479416000911e-16,0.28476624814231233,0.28476624814231233,2.973102743849736,0.818700377221495,15.792698207758821,0.0,4.013963729796562,6.459479416000911e-16,0.2900066965260526,0.2900066965260526,0.6493245747014114,0.9982431887500355,6.0,d_kam,5.0,3.552713678800501e-15,0.026066350710900472,0.0,edge,3012,0.0,200.0,7036.0,6280.0,6280.0,2558.1167337368242,5.0,422.0,316.0,7.003998262198183,2.896350592985982,,
17.0,17.0,0.0,0.0,d_kam_delay_2,1.0000000000000007,delay=2,8.79146527886102,3.049855283854454,2.0,D1,8,64,0.0,2.0,1.119416215903579,262.53066629447153,2.4781203840282826,0.9561934594502055,0.5533235716494016,0.4726736609749879,12.600125233875588,0.5633125655641331,0.2762717712432969,0.2762717712432969,3.0594130381845197,0.8172057871734338,16.247921066272724,2.0,4.144500851487611,1.5207164747962079,0.27518475338370324,0.27518475338370324,0.6595878309300676,1.0000000000000007,6.0,d_kam,11.0,5.924425622345394,0.040380047505938245,0.0,edge,3012,0.0,200.0,7028.0,6351.0,6351.0,2520.0250467751175,11.0,421.0,292.0,13.172103003448838,2.850769978016615,,
15.0,15.0,0.0,0.0,d_kam_delay_4,0.9989928253430418,delay=4,7.758802434199003,2.469656014166494,4.0,D1,8,64,13.165560604852999,2.0,1.703065227182253,259.3283576215008,3.500690351765273,0.847763860760694,0.5947400716673927,0.5215681401628942,20.651246579363942,-1.0908325123953313,0.25081789194328996,0.25081789194328996,3.0623304666219378,0.791089256558188,16.26456225484173,4.0,4.15649211053331,1.2049289196849706,0.2510333135267618,0.2510333135267618,0.7205087542473035,0.9989928253430418,6.0,d_kam,9.0,5.886735469704475,0.03296703296703297,0.0,edge,3012,0.0,200.0,7700.0,6334.0,6334.0,4130.249315872788,9.0,455.0,300.0,12.590169997093486,4.63994544299203,,
31.0,31.0,0.12903225806451613,4.0,d_kam_delay_8,0.996868181660354,delay=8,10.284349055173688,4.125275419603065,8.0,D1,8,64,40.938424998227184,2.0,4.26962099658695,250.46715861466743,3.1304879694292733,1.1129462559630356,0.6234034797650687,0.5554068858337617,16.1734693798644,-2.1365279718704877,0.4197382465443545,0.4197382465443545,3.5062334910347652,0.7944961849080489,16.995948835250466,8.0,4.307423666022144,0.4969799987793921,0.419101141082322,0.419101141082322,0.5466687166764634,0.996868181660354,6.0,d_kam,25.0,1.2220981862031455,0.07416267942583732,0.0,edge,3012,0.0,200.0,6907.0,6417.0,6417.0,3234.69387597288,25.0,418.0,236.0,26.417981601937417,3.6401599009986967,,
10.0,10.0,0.0,0.0,d_kam_delay_0,0.999893524991062,delay=0,7.089161460087178,2.084125782172229,0.0,D1,8,64,1.2760588401778028,2.0,1.2654970135891273,230.58759217475296,0.0,0.7829946388054723,0.6123925153108652,0.542407830575327,15.335444874071982,0.0,0.17874508059755997,0.17874508059755997,2.5503091473140103,0.7870538238271336,13.446812818611823,0.0,3.3883886150119467,0.0,0.17878659198108127,0.17878659198108127,0.758818904883811,0.999893524991062,6.0,d_kam,4.0,0.0,0.020242914979757085,0.0,edge,3013,0.0,200.0,8279.0,6287.0,6287.0,3067.0889748143964,4.0,494.0,360.0,6.922757703157489,3.4086337510088924,,
14.0,14.0,0.0,0.0,d_kam_delay_2,0.9999929065058499,delay=2,7.119458391123823,2.120872735303215,2.0,D1,8,64,0.08501258659486977,2.0,1.2633202532993413,230.58759217475296,1.4558240445603505,0.7861758165643199,0.4288591167574039,0.3257364572830463,13.394489639031235,-0.5728351213031988,0.25773411982434674,0.25773411982434674,2.615317728414401,0.8566486708775713,13.569831009078152,2.0,3.412277860804242,0.441494461628576,0.2646592861074443,0.2646592861074443,0.7549604748050576,0.9999929065058499,6.0,d_kam,8.0,2.8076152645277452,0.03571428571428571,0.0,edge,3013,0.0,200.0,7363.0,6331.0,6331.0,2678.897927806247,8.0,392.0,252.0,8.866767437801922,3.014049705991056,,
14.0,14.0,0.0,0.0,d_kam_delay_4,0.9995912069349855,delay=4,7.333352625660497,2.2133072079561296,4.0,D1,8,64,4.89921540855501,2.0,1.3846566146882444,230.58759217475296,2.726692979501778,0.8086347111906709,0.6081211231269615,0.5373652148026631,14.073076639033388,-2.094996471974393,0.216171569483428,0.216171569483428,2.744878673149364,0.7902044247729104,13.950989509041406,4.0,3.5184370568660057,0.3158482537636926,0.21531268334733134,0.21531268334733134,0.7452548551765017,0.9995912069349855,6.0,d_kam,8.0,1.9764853957509447,0.029723991507430998,0.0,edge,3013,0.0,200.0,7742.0,6328.0,6328.0,2814.6153278066777,8.0,471.0,310.0,11.270848919610703,3.1504791020124685,,
16.0,16.0,0.0625,1.0,d_kam_delay_8,1.0000000000000002,delay=8,9.094779803906713,3.1319911307046002,8.0,D1,8,64,0.0,2.0,1.2358844368785116,238.37025056751526,5.23842319833429,0.9935845649065235,0.552060441586805,0.4711824657622003,20.812770479824394,-4.8274634950158655,0.30620225059083345,0.30620225059083345,3.116502558312906,0.8122328436064449,16.065442128246207,8.0,4.086802488513398,0.20547985165921256,0.3069270300136757,0.3069270300136757,0.6487930432879122,1.0000000000000002,6.0,d_kam,10.0,1.101004677492777,0.037037037037037035,0.0,edge,3013,0.0,200.0,7079.0,6305.0,6305.0,4162.554095964879,10.0,432.0,296.0,11.23889410794278,4.692521288001444,,
9.0,9.0,0.0,0.0,d_kam_delay_0,0.9997696521265842,delay=0,4.12931190121526,1.606946670699,0.0,D1,8,64,2.496857684044735,2.0,1.1252853916821366,139.46722473522158,3.9474596431116675e-16,0.459857166275174,0.4418626232390461,0.3410878191016517,14.045113075699192,3.9474596431116675e-16,0.19453668296971613,0.19453668296971613,1.9623053183461945,0.8486873071996299,6.031252952381242,0.0,1.3257985637554879,3.9474596431116675e-16,0.19399858890029564,0.19399858890029564,0.8140871788859613,0.9997696521265842,6.0,d_kam,3.0,2.1316282072802993e-15,0.02127659574468085,0.0,edge,3014,0.0,200.0,7080.0,6252.0,6252.0,2809.0226151398383,3.0,423.0,321.0,5.947809782314822,3.1874616429849993,,
10.0,10.0,0.0,0.0,d_kam_delay_2,0.999100519641727,delay=2,3.624168712345782,1.420110131939731,2.0,D1,8,64,9.749924802430861,2.0,1.4293817583429649,139.46722473522158,1.8661043087776172,0.40681713144387877,0.5081590701661,0.41935445783497904,15.964157950802473,-0.3445697039755743,0.16226695044922074,0.16226695044922074,1.8023520751242232,0.8288227269267577,5.512278488851437,2.0,1.1842729055757033,0.7607673024010213,0.16155905207557528,0.16155905207557528,0.8337050154556845,0.999100519641727,6.0,d_kam,4.0,3.5724650496432804,0.023809523809523808,0.0,edge,3014,0.0,200.0,6920.0,6253.0,6253.0,3192.8315901604947,4.0,420.0,320.0,6.465335706110201,3.6086544090067036,,
10.0,10.0,0.0,0.0,d_kam_delay_4,0.999100519641727,delay=4,3.5768691585387042,1.419908291076805,4.0,D1,8,64,9.749924802430879,2.0,1.4293817583429655,139.46722473522158,2.6171443176639713,0.4018506782941357,0.5092785962084667,0.42067612052388426,13.468820685520768,-1.8925345176747683,0.1686428657920046,0.1686428657920046,1.8280670113771598,0.8285524515459542,5.483615222760917,4.0,1.1743770757917154,0.36230489999460147,0.16760770213415582,0.16760770213415582,0.8337262087462918,0.999100519641727,6.0,d_kam,4.0,1.8706151885061955,0.023809523809523808,0.0,edge,3014,0.0,200.0,6940.0,6253.0,6253.0,2693.7641371041536,4.0,420.0,320.0,6.465335706110201,3.0647865409846418,,
10.0,10.0,0.0,0.0,d_kam_delay_8,0.9995956065628266,delay=8,3.837630354474198,1.5363551477089668,8.0,D1,8,64,4.383426015672341,2.0,1.160120181767065,139.46722473522158,4.485677326582648,0.42923060386736245,0.42812974952966215,0.32487539875029553,11.927303965494502,-3.536693525801824,0.22161230872954427,0.22161230872954427,2.005822296667148,0.8541491129850666,5.939843874505778,8.0,1.2935141270592347,0.4744919003904123,0.22760021745959308,0.22760021745959308,0.8214992887999147,0.9995956065628266,6.0,d_kam,4.0,1.528870266407934,0.024213075060532687,0.0,edge,3014,0.0,200.0,6978.0,6265.0,6265.0,2385.4607930989005,4.0,413.0,313.0,6.165984084711287,2.712325928005157,,
11.0,11.0,0.0,0.0,d_kam_delay_0,0.9997472921642311,delay=0,5.24265466505396,1.9355241557627934,0.0,D1,8,64,3.167126665772033,2.0,1.2684050039552142,214.6573026963852,0.0,0.5774281027129134,0.37181926147485705,0.2583977392411507,13.801064895524178,0.0,0.25511610810918717,0.25511610810918717,2.3591150989089753,0.8723883563706869,7.851469897402292,0.0,1.8221386283075298,0.0,0.26014898664415553,0.26014898664415553,0.778606008094481,0.9997472921642311,6.0,d_kam,5.0,0.0,0.02972972972972973,0.0,edge,3015,0.0,200.0,7404.0,6279.0,6279.0,2760.2129791048355,5.0,370.0,260.0,7.212839318891709,3.103456913988339,,
12.0,12.0,0.08333333333333333,1.0,d_kam_delay_2,0.9991131746409403,delay=2,5.113176751385042,2.111024246568068,2.0,D1,8,64,11.114369421959168,2.0,1.4074938337930636,208.85600230840032,2.2449233868398903,0.5638329217776772,0.35765455303183896,0.2416755139959211,12.859390456724213,-0.8394453855312157,0.2981384128796176,0.2981384128796176,2.445511816889059,0.8780651289508683,7.532189931141501,2.0,1.7218179143004384,0.7027390006543376,0.3012465933747648,0.3012465933747648,0.7601784985599273,0.9991131746409403,6.0,d_kam,6.0,2.794031546766897,0.03314917127071823,0.0,edge,3015,0.0,200.0,7256.0,6289.0,6289.0,2571.8780913448427,6.0,362.0,248.0,7.82367953606364,2.898162858997239,,
14.0,14.0,0.0,0.0,d_kam_delay_4,0.9999999999999999,delay=4,4.753085181028965,1.6826444947377286,4.0,D1,8,64,0.0,2.0,1.2301469604509148,189.93542872801288,2.216576119834092,0.5260233068902891,0.454294979047402,0.35576490581984954,15.524213301105192,-1.682704974019991,0.22049839857254291,0.22049839857254291,2.3715406956791143,0.8408694785297809,7.626092742548505,4.0,1.7636993017173723,0.26693557290705056,0.21833304767085437,0.21833304767085437,0.8051583725021128,0.9999999999999999,6.0,d_kam,8.0,1.468757110304082,0.03211009174311927,0.0,edge,3015,0.0,200.0,8365.0,6342.0,6342.0,3104.8426602210384,8.0,436.0,256.0,11.190588705160797,3.4430835350067355,,
14.0,14.0,0.0,0.0,d_kam_delay_8,0.9999323711448352,delay=8,5.418102171823213,1.9757543718905595,8.0,D1,8,64,0.8475762135177972,2.0,1.20934425907265,189.93541959000197,4.221219727129545,0.5958500909236851,0.38952633844613943,0.2793019273322479,15.280404060613364,-3.720744352318381,0.2707225006794274,0.2707225006794274,2.580655434663618,0.8577612533849605,8.625933503712504,8.0,2.0349491193108538,0.2502376874055816,0.2787164458264953,0.2787164458264953,0.7743818354010653,0.9999323711448352,6.0,d_kam,8.0,1.3631520712929937,0.03341288782816229,0.0,edge,3015,0.0,200.0,8077.0,6326.0,6326.0,3056.080812122673,8.0,419.0,247.0,10.435127697588769,3.4023847279895563,,
11.0,11.0,0.0,0.0,d_kam_delay_0,0.9998051027718424,delay=0,5.0036828601046714,1.6234907027450731,0.0,D1,8,64,2.2300731759378882,2.0,1.174198519176742,194.13223715710814,4.0371746350005693e-17,0.5573425964788383,0.3834311199120761,0.2721061832295344,11.974022285285173,-4.0371746350005693e-17,0.24094666915215776,0.24094666915215776,2.478042571600546,0.875340568709737,12.041087048864808,0.0,2.9927620052074615,0.0,0.2543220092802715,0.2543220092802715,0.8097425026991707,0.9998051027718424,6.0,d_kam,5.0,0.0,0.031791907514450865,0.0,edge,3016,0.0,200.0,7041.0,6286.0,6286.0,2394.8044570570346,5.0,346.0,240.0,6.865693751780849,2.720934570010286,,
12.0,12.0,0.0,0.0,d_kam_delay_2,0.9995832981050113,delay=2,4.849563944272582,1.6352394602913198,2.0,D1,8,64,4.7680294233019165,2.0,1.251553226211025,194.13223715710814,2.1973461824578036,0.5411601103164688,0.37013162452155335,0.25640539006016716,12.015212925325613,0.4957389711233893,0.2873217792428954,0.2873217792428954,2.5065051727422603,0.8807791519237537,11.870288104946871,2.0,2.9328260228585834,1.3465425767905963,0.3077967094996881,0.3077967094996881,0.8085088831568146,0.9995832981050113,6.0,d_kam,6.0,6.892850122402167,0.034383954154727794,0.0,edge,3016,0.0,200.0,7037.0,6298.0,6298.0,2403.0425850651227,6.0,349.0,237.0,7.93046025761078,2.7339518690132536,,
12.0,12.0,0.0,0.0,d_kam_delay_4,0.9999984267330534,delay=4,5.056380909677947,1.6504361447916829,4.0,D1,8,64,0.01800179740412805,2.0,1.1152176178648159,194.13223715710814,2.2149472006530906,0.5628758916840322,0.4189738439041419,0.31406634349794527,11.975073150533717,-0.985180792092538,0.22256971243709447,0.22256971243709447,2.473583855545266,0.8561012295041438,12.089929009755592,4.0,3.010871193739813,0.6148832042802764,0.2234867485687038,0.2234867485687038,0.8069132312842767,0.9999984267330534,6.0,d_kam,6.0,2.6910496250261424,0.02810304449648712,0.0,edge,3016,0.0,200.0,7122.0,6298.0,6298.0,2395.0146301067434,6.0,427.0,312.0,7.021212536191813,2.716329680988565,,
13.0,13.0,0.07692307692307693,1.0,d_kam_delay_8,0.999585455262779,delay=8,5.0925400146585,1.6829261008031813,8.0,D1,8,64,4.743346570090049,2.0,1.2530509365824851,191.0578417829159,7.055932958677345,0.5666725977069903,0.37635686310351685,0.26375463005276295,12.23781740438426,-6.046760755474738,0.29726564168736275,0.29726564168736275,2.5540698792417866,0.878818863169665,12.009771452566813,8.0,2.968473230786301,0.5045861016013025,0.31585004701709896,0.31585004701709896,0.8035017859030692,0.999585455262779,6.0,d_kam,7.0,2.6040593221712163,0.037142857142857144,0.0,edge,3016,0.0,200.0,7104.0,6306.0,6306.0,2447.563480876852,7.0,350.0,235.0,8.469321507752905,2.780270824994659,,
11.0,11.0,0.0,0.0,d_kam_delay_0,0.9999999999999994,delay=0,3.876706639906012,1.5399444689299335,0.0,D1,8,64,0.0,2.0,1.2308259529105112,151.69131028963972,2.0185873175002846e-16,0.43581397898329644,0.4301664906127735,0.3272798847511909,14.06850621526246,1.2111523905001707e-16,0.24834017627489402,0.24834017627489402,2.2548870166582544,0.8702792779440662,8.68281229423502,0.0,2.0469372568104665,1.6148698540002277e-16,0.2682716814327952,0.2682716814327952,0.8201992334524908,0.9999999999999994,6.0,d_kam,5.0,8.881784197001252e-16,0.03142857142857143,0.0,edge,3017,0.0,200.0,6927.0,6283.0,6283.0,2813.701243052492,5.0,350.0,241.0,7.654783894768881,3.193121907999739,,
9.0,9.0,0.0,0.0,d_kam_delay_2,0.9999999999999994,delay=2,3.912627487183483,1.5140855145894736,2.0,D1,8,64,0.0,2.0,1.1339159805909973,151.69131028963972,2.1855706495369818,0.43958566794743076,0.36158786376584645,0.2463190058346798,12.501678035332588,-1.1655491812154872,0.21751631537534125,0.21751631537534125,2.2491639381279596,0.8758850891773875,8.694640777005535,2.0,2.068779736134269,0.5100107341607472,0.23907455428331367,0.23907455428331367,0.8229144236582391,0.9999999999999994,6.0,d_kam,3.0,1.634535876969812,0.025423728813559324,0.0,edge,3017,0.0,200.0,7255.0,6268.0,6268.0,2500.3356070665177,3.0,354.0,252.0,5.7179310754659705,2.841193080996163,,
12.0,12.0,0.0,0.0,d_kam_delay_4,1.0,delay=4,4.111924680181425,1.6199801263757152,4.0,D1,8,64,0.0,2.0,1.0842498942478316,151.69131028963972,4.222635194278104,0.4605118732122147,0.37332595679917546,0.26017647677680433,11.211071315774461,-2.9033391314838224,0.21122309505084336,0.21122309505084336,2.338097049911632,0.8660048947473203,8.935946287103201,4.0,2.1385300543635717,0.6596480313971411,0.23922587909375234,0.23922587909375234,0.8117954894206837,1.0,6.0,d_kam,6.0,3.4271437064288937,0.03498542274052478,0.0,edge,3017,0.0,200.0,6848.0,6286.0,6286.0,2242.2142631548923,6.0,343.0,234.0,9.30268604426766,2.563339579006424,,
9.0,9.0,0.0,0.0,d_kam_delay_8,1.0000000000000004,delay=8,3.49748917647385,1.3089323388894532,8.0,D1,8,64,0.0,2.0,1.1268397541991806,144.3296153610135,9.045831170652583,0.3959961453229192,0.3613609489853842,0.24605112032996737,11.854993545566685,-7.9318188741859315,0.20866100847707517,0.20866100847707517,2.27151024553962,0.878577188016564,8.371111069691807,8.0,1.980243587361342,0.5570061482333257,0.22177895704406797,0.22177895704406797,0.8444555071067412,1.0000000000000004,6.0,d_kam,3.0,2.89320561230325,0.02608695652173913,0.0,edge,3017,0.0,200.0,7019.0,6260.0,6260.0,2370.998709113337,3.0,345.0,246.0,5.636427688493594,2.70035969701712,,
11.0,11.0,0.0,0.0,d_kam_delay_0,1.0000000000000004,delay=0,8.47126489662064,2.3758497518551605,0.0,D1,8,64,0.0,2.0,1.1214301019227928,248.8987966335077,0.0,0.9318884093093917,0.4378095385995094,0.3363029275133097,12.879930354247335,0.0,0.2114605193074735,0.2114605193074735,2.90940249913731,0.8505456022500968,17.742074376651114,0.0,4.589928384395726,0.0,0.21149158622716477,0.21149158622716477,0.7277823636890592,1.0000000000000004,6.0,d_kam,5.0,0.0,0.02588235294117647,0.0,edge,3018,0.0,200.0,7163.0,6281.0,6281.0,2575.986070849467,5.0,425.0,322.0,7.779043320501005,2.9123116609989665,,
13.0,13.0,0.0,0.0,d_kam_delay_2,1.0000000000000002,delay=2,7.889409036480727,2.3260582046334313,2.0,D1,8,64,0.0,2.0,1.2237435915730683,234.39527835991782,2.518890441518972,0.8707935439947004,0.5282670035868984,0.4430929903456438,12.842805266700452,-0.9624003969366258,0.2514961524210313,0.2514961524210313,2.8123512575482357,0.8241253992986932,16.180157538961748,2.0,4.134873761197087,0.778245022291173,0.24707493850651782,0.24707493850651782,0.7330104761473407,1.0000000000000002,6.0,d_kam,7.0,4.165502020507759,0.030660377358490566,0.0,edge,3018,0.0,200.0,6995.0,6275.0,6275.0,2568.5610533400904,7.0,424.0,308.0,8.177455135699157,2.9113235989934765,,
16.0,16.0,0.0,0.0,d_kam_delay_4,0.9994725168263602,delay=4,7.994679039492338,2.2283990522906287,4.0,D1,8,64,5.708194469930846,2.0,1.450873195500523,239.05848858806422,4.26534839109986,0.8818468943109194,0.5372450047944894,0.45369201954905025,13.444395155383972,-3.6680017271544196,0.2079516276119103,0.2079516276119103,2.8041072125592836,0.8212651359237868,16.854959813081962,4.0,4.334678202476123,0.2986733319727203,0.20857109759498493,0.20857109759498493,0.7432646871433352,0.9994725168263602,6.0,d_kam,10.0,1.3480848813661694,0.037037037037037035,0.0,edge,3018,0.0,200.0,7123.0,6309.0,6309.0,2688.8790310767945,10.0,432.0,296.0,10.183092007697118,3.046600606990978,,
21.0,21.0,0.0,0.0,d_kam_delay_8,1.0,delay=8,9.364394714027064,2.7948527681843194,8.0,D1,8,64,0.0,2.0,1.181137294477864,244.5851618944838,5.7785299335636315,1.0256670401370658,0.39772966586052666,0.288986411085344,23.39035195444012,-5.081656510160117,0.33350658816008016,0.33350658816008016,3.2827619442711504,0.86131241674289,18.717660158433397,8.0,4.831698256443303,0.34843671170175694,0.34299623468414686,0.34299623468414686,0.6837870469744977,1.0,6.0,d_kam,15.0,0.8530205845701706,0.056,0.0,edge,3018,0.0,200.0,7088.0,6405.0,6405.0,4678.070390888024,15.0,375.0,233.0,14.934813754110749,5.254688159999205,,
8.0,8.0,0.0,0.0,d_kam_delay_0,0.9999999999999999,delay=0,4.357578123960064,1.5695983002290617,0.0,D1,8,64,0.0,2.0,1.0843544413707038,176.0732498317264,4.440892098500626e-16,0.4833187414403896,0.4268505700873888,0.3233652563531673,13.017039086407749,-4.440892098500626e-16,0.21274659457605147,0.21274659457605147,2.4287720260446566,0.8563039187615766,9.227763207392405,0.0,2.213403537549746,0.0,0.20278123538791576,0.20278123538791576,0.8178321958989977,0.9999999999999999,6.0,d_kam,2.0,0.0,0.019138755980861243,0.0,edge,3019,0.0,200.0,6912.0,6241.0,6241.0,2603.40781728155,2.0,418.0,328.0,4.001069158234671,2.9438846120028757,,
8.0,8.0,0.0,0.0,d_kam_delay_2,0.9999999999999999,delay=2,4.35313166263159,1.5734031373425392,2.0,D1,8,64,0.0,2.0,1.0843544413707038,176.0732498317264,1.357242669423776,0.48285186300089983,0.42757219906027055,0.3242171794461527,13.538502735318616,-0.529006212675535,0.21946650560662775,0.21946650560662775,2.46067979789324,0.8561677554915369,9.243463808636227,2.0,2.2158249627012716,0.4141182283741205,0.20754184847556964,0.20754184847556964,0.8174326880020826,0.9999999999999999,6.0,d_kam,2.0,1.6273098268279402,0.019138755980861243,0.0,edge,3019,0.0,200.0,6921.0,6241.0,6241.0,2707.700547063723,2.0,418.0,328.0,4.001069158234671,3.0644373210088816,,
11.0,11.0,0.0,0.0,d_kam_delay_4,0.9999999999999999,delay=4,4.513947455854393,1.6619805062564978,4.0,D1,8,64,0.0,2.0,1.1464750362844898,176.0732498317264,5.289861889983883,0.4997375212892942,0.42658730673955264,0.3230544593453052,14.8175763139443,-4.072721206689451,0.24274516417189107,0.24274516417189107,2.5754407957818546,0.8544996984511486,9.576976019000407,4.0,2.302973903955946,0.6085703416472167,0.23821565993177188,0.23821565993177188,0.808132064266117,0.9999999999999999,6.0,d_kam,5.0,3.1316114769447547,0.02588235294117647,0.0,edge,3019,0.0,200.0,7054.0,6275.0,6275.0,2963.51526278886,5.0,425.0,316.0,6.8120855624697185,3.3631681150000077,,
12.0,12.0,0.08333333333333333,1.0,d_kam_delay_8,1.0000000000000002,delay=8,4.302181388887067,1.6763153468461474,8.0,D1,8,64,0.0,2.0,1.1944423143958698,163.35227240579383,11.476040598665803,0.477502084257725,0.40166703425083305,0.293634693212789,24.138043303828454,-10.298270409574839,0.28967831819047474,0.28967831819047474,2.7252068095308313,0.8583218255099894,9.924808788160274,8.0,2.390065949767415,0.5888850945454841,0.3072570632918042,0.3072570632918042,0.8066269060042037,1.0000000000000002,6.0,d_kam,6.0,2.5483703989271294,0.03296703296703297,0.0,edge,3019,0.0,200.0,7269.0,6295.0,6295.0,4827.608660765691,6.0,364.0,243.0,7.492950779828168,5.438445017003687,,
10.0,10.0,0.0,0.0,d_kam_delay_0,1.0000000000000002,delay=0,6.022077002077341,1.8715797408818307,0.0,D1,8,64,0.0,2.0,1.2245894085231201,286.08154929894414,0.0,0.6569092961787609,0.6226955055708173,0.5545710829655481,12.696360650588758,0.0,0.20647536448688839,0.20647536448688839,2.4822194751238547,0.7963836480463202,13.674349430507238,0.0,3.4399404819247064,0.0,0.20397658951972308,0.20397658951972308,0.7860807893745894,1.0000000000000002,6.0,d_kam,4.0,0.0,0.023474178403755867,0.0,edge,3020,0.0,200.0,7047.0,6260.0,6260.0,2539.2721301177517,4.0,426.0,320.0,5.607164305571051,2.8831735319981817,,
13.0,13.0,0.0,0.0,d_kam_delay_2,1.0,delay=2,6.963061366941891,2.1233973199094156,2.0,D1,8,64,0.0,2.0,1.1634415842000294,313.11991388822594,2.5213083676819443,0.7557126544895386,0.6264588802834578,0.559013955890193,13.173147119523492,-1.6035146877462507,0.2494127381060072,0.2494127381060072,2.747384657730779,0.7939809263039439,15.965549498615369,2.0,4.067464275639808,0.45889683996784664,0.24772943944298137,0.24772943944298137,0.7596399435766927,1.0,6.0,d_kam,7.0,2.34709856623681,0.029612756264236904,0.0,edge,3020,0.0,200.0,7247.0,6297.0,6297.0,2634.6294239046983,7.0,439.0,308.0,8.234775847986372,2.9867995509994216,,
13.0,13.0,0.15384615384615385,2.0,d_kam_delay_4,0.9998082058307307,delay=4,6.26261869092758,1.9007817098806477,4.0,D1,8,64,2.941451707594818,2.0,1.2016227703184303,294.39171056572576,4.0923390295219155,0.6821661735080359,0.4081871843099634,0.3013320925881512,13.073323840799276,-3.0595007312294644,0.2603753504985077,0.2603753504985077,2.674817569010391,0.8599166564189673,14.545631618034086,4.0,3.6865113797038247,0.5164191491462256,0.25579048018814565,0.25579048018814565,0.7830145826297135,0.9998082058307307,6.0,d_kam,7.0,2.380227254260035,0.03551912568306011,0.0,edge,3020,0.0,200.0,6868.0,6301.0,6301.0,2614.664768159855,7.0,366.0,260.0,7.711053915705442,3.0123120880161878,,
17.0,17.0,0.058823529411764705,1.0,d_kam_delay_8,0.9999901908744223,delay=8,6.269502801689127,2.0761399507753815,8.0,D1,8,64,0.15043767644875616,2.0,1.1401496567857183,275.49893596239065,8.024144657934894,0.6828890051379986,0.40590144865652583,0.2986336546639541,13.759116794244619,-5.757512144087837,0.28379932573310435,0.28379932573310435,2.9995987075759785,0.870061509667267,14.873115937223199,8.0,3.7689471074175755,1.1333162569235287,0.2833781770819582,0.2833781770819582,0.7646019673357665,0.9999901908744223,6.0,d_kam,11.0,5.901023121005994,0.04843304843304843,0.0,edge,3020,0.0,200.0,7140.0,6342.0,6342.0,2751.823358848924,11.0,351.0,219.0,11.916997662026139,3.1324746109894477,,
11.0,11.0,0.0,0.0,d_kam_delay_0,0.9992762363815264,delay=0,4.888634777065891,1.6482269734073025,0.0,D1,8,64,7.869089297839931,2.0,1.3296389968039408,185.58616803114234,0.0,0.5417086188077023,0.413534697131178,0.30764512855764076,30.05116459025885,0.0,0.21557549728325845,0.21557549728325845,2.2010918195119977,0.8634238978017555,9.048184097454087,0.0,2.162687603099575,0.0,0.21535299805158162,0.21535299805158162,0.8084381241229402,0.9992762363815264,6.0,d_kam,5.0,0.0,0.028795811518324606,0.0,edge,3021,0.0,200.0,6992.0,6276.0,6276.0,6010.23291805177,5.0,382.0,277.0,7.381753562460939,6.79709284400451,,
10.0,10.0,0.0,0.0,d_kam_delay_2,0.9997645437109406,delay=2,4.9059364305402235,1.6058803592026667,2.0,D1,8,64,2.559988533626,2.0,1.234107151974511,185.09783178156994,1.5135621294130608,0.5435252924225071,0.43947217650424136,0.33826576392861823,20.13324909072253,-0.3756762284747488,0.2103387320466208,0.2103387320466208,2.1656833151049573,0.8551638157010798,9.298016543521463,2.0,2.2318672981454775,0.568942950469156,0.20301533861572976,0.20301533861572976,0.8128845186144271,0.9997645437109406,6.0,d_kam,4.0,1.6102642062523278,0.02304147465437788,0.0,edge,3021,0.0,200.0,7427.0,6289.0,6289.0,4026.649818144506,4.0,434.0,320.0,7.0541945682030525,4.55202487797942,,
14.0,14.0,0.0,0.0,d_kam_delay_4,0.9995893673347928,delay=4,4.723209647331858,1.5686307579190601,4.0,D1,8,64,4.4645862663577,2.0,1.2644371992628274,183.9236924357752,1.6744093325646607,0.5243389801856287,0.4457461276081823,0.3456725117596595,29.8744677954528,-0.9200551374809072,0.2421150302356706,0.2421150302356706,2.3100207296093287,0.8434603955778431,9.565715963052387,4.0,2.2997142192526683,0.3771770975418768,0.2544128227653674,0.2544128227653674,0.816795726749206,0.9995893673347928,6.0,d_kam,8.0,1.8561236035384783,0.03263403263403263,0.0,edge,3021,0.0,200.0,8334.0,6315.0,6315.0,5974.89355909056,8.0,429.0,259.0,10.736161860741825,6.717681273992639,,
14.0,14.0,0.07142857142857142,1.0,d_kam_delay_8,0.9989251178808286,delay=8,5.42224998606528,1.8976988512400599,8.0,D1,8,64,11.68661033039539,2.0,1.4571964335926002,185.671842931225,4.195167099060233,0.5977382157526382,0.38985722666440525,0.27969255925658953,23.60223434443469,-3.8870387195623257,0.2546290657713343,0.2546290657713343,2.3746100746574417,0.8682950734350974,9.533837906079684,8.0,2.289929691515331,0.15406418974895383,0.28421803459726896,0.28421803459726896,0.7822435769505008,0.9989251178808286,6.0,d_kam,8.0,0.8922599760649702,0.037940379403794036,0.0,edge,3021,0.0,200.0,7239.0,6319.0,6319.0,4720.446868886938,8.0,369.0,239.0,10.52609119424982,5.392418878007447,,
7.0,7.0,0.0,0.0,d_kam_delay_0,0.9998693336783411,delay=0,3.6505010719700883,1.3840608067516622,0.0,D1,8,64,1.4561766440154766,2.0,1.1564601198653288,161.0573561627013,0.0,0.4132498429480146,0.4313480303491498,0.3286747580510797,44.20198536870885,0.0,0.1703097533827369,0.1703097533827369,2.0815815274798175,0.8413777461753875,6.310517615345386,0.0,1.4142948342105512,0.0,0.1733574724357051,0.1733574724357051,0.835428453139222,0.9998693336783411,6.0,d_kam,1.0,0.0,0.01545253863134658,0.0,edge,3022,0.0,200.0,7469.0,6237.0,6237.0,8840.39707374177,1.0,453.0,360.0,3.819532683795,9.88069366000127,,
17.0,17.0,0.0,0.0,d_kam_delay_2,0.9998070667264767,delay=2,4.049348208671724,1.5527658851075872,2.0,D1,8,64,2.1500944022355157,2.0,1.208067171114246,157.0176892956411,0.8383712046788918,0.45512879230168646,0.47205362596677064,0.3767299750996597,32.57886995037552,-0.3549742543393494,0.20083993290442884,0.20083993290442884,2.3316743606275065,0.8207243715313737,7.082908242147685,2.0,1.620023158860774,0.24169847516977114,0.2051437946767631,0.2051437946767631,0.81771441991185,0.9998070667264767,6.0,d_kam,11.0,1.0498479045621942,0.031135531135531136,0.0,edge,3022,0.0,200.0,8753.0,6380.0,6380.0,6515.773990075104,11.0,546.0,292.0,11.570270596037137,7.157242282992229,,
16.0,16.0,0.0,0.0,d_kam_delay_4,0.999865238230514,delay=4,4.217529118333292,1.672907392097665,4.0,D1,8,64,1.5018172911079684,2.0,1.1875150188508052,157.0176892956411,2.32116819730129,0.47278778781615094,0.5319230740383263,0.4474091846285797,31.17520081010298,-1.9188250163293454,0.2544445019140944,0.2544445019140944,2.410291151273862,0.8020532710103171,7.23926207997535,4.0,1.6438112732769974,0.20117159048597227,0.24843174926528777,0.24843174926528777,0.8050995616778917,0.999865238230514,6.0,d_kam,10.0,1.2002624173987613,0.025518341307814992,0.0,edge,3022,0.0,200.0,10541.0,6396.0,6396.0,6235.040162020596,10.0,627.0,376.0,10.953920777226879,6.77655903599225,,
13.0,13.0,0.15384615384615385,2.0,d_kam_delay_8,0.9995438303555833,delay=8,3.9152451706645053,1.5735930480460507,8.0,D1,8,64,5.0836632842940155,2.0,1.2580930616824402,161.0573561627013,4.807902262656418,0.4410479733109283,0.3789530407907661,0.2668195620446544,21.007001274847426,-4.3773314049310965,0.28403674022670083,0.28403674022670083,2.2453364854931332,0.8622260112310508,7.086259242549447,8.0,1.6020413032345031,0.21528542886266017,0.2872739726557624,0.2872739726557624,0.8155275678033113,0.9995438303555833,6.0,d_kam,7.0,0.8687554892607343,0.03485254691689008,0.0,edge,3022,0.0,200.0,7387.0,6313.0,6313.0,4201.400254969485,7.0,373.0,247.0,7.731742179811927,4.734636287001194,,
11.0,11.0,0.0,0.0,d_kam_delay_0,0.9991556337431218,delay=0,6.243872763039511,1.8551877805660741,0.0,D1,8,64,9.132040077977546,2.0,1.3166750542329388,218.24070172474677,2.0185873175002847e-17,0.6937292363336838,0.37929218153927885,0.2672199365394264,19.544605775154196,2.0185873175002847e-17,0.2660186419597112,0.2660186419597112,2.923284253413492,0.8742926286829495,15.790042486295853,0.0,4.0331427136836115,2.0185873175002847e-17,0.2685283980352862,0.2685283980352862,0.7828266824993002,0.9991556337431218,6.0,d_kam,5.0,1.1102230246251565e-16,0.03125,0.0,edge,3023,0.0,200.0,7091.0,6289.0,6289.0,3908.921155030839,5.0,352.0,246.0,6.373595463510405,4.444110067008296,,
13.0,13.0,0.0,0.0,d_kam_delay_2,0.9987516793817952,delay=2,6.2392087208549105,1.90881198562036,2.0,D1,8,64,13.500911272509274,2.0,1.5059234056031774,218.24070172474677,2.3803564918653897,0.6932395119043006,0.361849753868449,0.24662818165025224,18.691066281171516,-0.43004757887765027,0.31425445282356373,0.31425445282356373,2.9643591538274245,0.882453022311833,15.817158786876735,2.0,4.027882282903872,0.9751544564938697,0.31706243036774245,0.31706243036774245,0.7771961409686002,0.9987516793817952,6.0,d_kam,7.0,4.860850044048668,0.0377906976744186,0.0,edge,3023,0.0,200.0,6862.0,6306.0,6306.0,3738.213256234303,7.0,344.0,238.0,7.37708722040217,4.262540652998723,,
12.0,12.0,0.0,0.0,d_kam_delay_4,0.998444477006299,delay=4,6.443969533161869,2.087681668929398,4.0,D1,8,64,16.823384644971213,2.0,1.67336544350781,218.24070172474677,8.126150642149748,0.7147393971965315,0.35037949719903255,0.23308690641552446,18.853286189987557,-5.680265124047916,0.351168414241124,0.351168414241124,3.0624848864660197,0.8888376755848475,15.97434090027717,4.0,4.061644604565279,1.222942759050917,0.35464919182386095,0.35464919182386095,0.7584148242211513,0.998444477006299,6.0,d_kam,6.0,4.945759496679237,0.03508771929824561,0.0,edge,3023,0.0,200.0,6844.0,6294.0,6294.0,3770.6572379975114,6.0,342.0,240.0,6.753285846251604,4.303373723989353,,
18.0,18.0,0.05555555555555555,1.0,d_kam_delay_8,0.9989636981280258,delay=8,6.446289482041674,2.071452246620987,8.0,D1,8,64,11.207873539079113,2.0,1.371229756325256,215.25181136583015,8.438987867523624,0.7149829918289109,0.36870232319014595,0.2547180204328112,19.204356625123182,-6.686913061091044,0.3325237915070654,0.3325237915070654,3.179086405145487,0.8815080681381379,16.12129560667091,8.0,4.106715378598909,0.8760374032162895,0.32975697746648513,0.32975697746648513,0.7601189135635346,0.9989636981280258,6.0,d_kam,12.0,4.312312515240824,0.05278592375366569,0.0,edge,3023,0.0,200.0,6907.0,6360.0,6360.0,3840.8713250246365,12.0,341.0,216.0,11.178230083468286,4.36700680697686,,
13.0,13.0,0.0,0.0,d_kam_delay_0,0.9999999999999997,delay=0,5.083431368094553,1.6820336339011943,0.0,D1,8,64,0.0,2.0,1.1446705158511228,190.92846763885984,0.0,0.557147015794943,0.38577570947858597,0.27487410146777513,21.96585339930607,0.0,0.22429282517206314,0.22429282517206314,2.5771702379602077,0.8629504071071074,11.153706182615757,0.0,2.752715557051404,0.0,0.2264893979363972,0.2264893979363972,0.806895191723169,0.9999999999999997,6.0,d_kam,7.0,0.0,0.035422343324250684,0.0,edge,3024,0.0,200.0,7552.0,6295.0,6295.0,4393.170679861214,7.0,367.0,239.0,8.435430575850365,4.93677316501271,,
15.0,15.0,0.0,0.0,d_kam_delay_2,1.0,delay=2,5.2946293545002945,1.7547131436481909,2.0,D1,8,64,0.0,2.0,1.113765289039991,193.24739357087006,1.714310471856241,0.5793228043675457,0.38765060509030136,0.27708751989827246,22.489747314393753,-0.28762492206470724,0.2324399189530082,0.2324399189530082,2.6369868862912953,0.8671287689399071,11.395504404971975,2.0,2.8164567176396584,0.7133427748957669,0.24101989959949555,0.24101989959949555,0.7992638431997343,1.0,6.0,d_kam,9.0,3.5556837019967307,0.04,0.0,edge,3024,0.0,200.0,7749.0,6322.0,6322.0,4497.949462878751,9.0,375.0,239.0,9.679391615541903,5.034009769995464,,
18.0,18.0,0.05555555555555555,1.0,d_kam_delay_4,1.0000000000000002,delay=4,4.9817926945807995,1.8088627529230332,4.0,D1,8,64,0.0,2.0,1.094775599151826,181.34639872692554,2.1659779143869864,0.5464749550759987,0.4874643125258651,0.3949231467319241,27.540890238888096,-1.7115721100306556,0.270526968141859,0.270526968141859,2.706836076070159,0.824449317983358,10.523794676896319,4.0,2.5573877862702674,0.22720290217816544,0.2683839956513484,0.2683839956513484,0.7935781342258759,1.0000000000000002,6.0,d_kam,12.0,0.8336711944660012,0.037422037422037424,0.0,edge,3024,0.0,200.0,9460.0,6397.0,6397.0,5508.178047777619,12.0,481.0,274.0,11.834269462238765,6.043183403002331,,
18.0,18.0,0.05555555555555555,1.0,d_kam_delay_8,0.9995512711407537,delay=8,5.3827513398745666,2.1253717850212572,8.0,D1,8,64,5.330810868417153,2.0,1.3194643596481,182.0659422862252,5.047293392926114,0.5885756128318443,0.4482221270395641,0.3485955666439298,20.740066563594155,-4.807702307736521,0.37785294125061214,0.37785294125061214,2.976216740589844,0.8370113152044635,10.889929653023053,8.0,2.6327560930119294,0.11979554259479623,0.38078179793883943,0.38078179793883943,0.7603446858555624,0.9995512711407537,6.0,d_kam,12.0,0.9446902498435569,0.039301310043668124,0.0,edge,3024,0.0,200.0,8803.0,6372.0,6372.0,4148.013312718831,12.0,458.0,274.0,11.18563063153537,4.558406687021488,,
11.0,11.0,0.0,0.0,d_kam_delay_0,1.0,delay=0,6.896938141664831,2.077340279668965,0.0,D1,8,64,0.0,2.0,1.0696257726492597,237.32905558606217,4.0371746350005693e-17,0.7581337369622072,0.3908470927835904,0.2808611512028497,16.897423915506806,-4.0371746350005693e-17,0.24348935181596099,0.24348935181596099,2.9467010872622468,0.8616772607668043,16.13863704518837,0.0,4.138259554105966,0.0,0.23789997799927826,0.23789997799927826,0.7616124179300098,1.0,6.0,d_kam,5.0,0.0,0.030470914127423823,0.0,edge,3025,0.0,200.0,7125.0,6281.0,6281.0,3379.4847831013612,5.0,361.0,247.0,7.098331779114288,3.8423157639917918,,
11.0,11.0,0.0,0.0,d_kam_delay_2,0.9999999999999992,delay=2,6.92561183355878,2.130872663486389,2.0,D1,8,64,0.0,2.0,1.1166438671848082,237.32905558606217,1.6206471209168718,0.7611444746110717,0.3878661416267745,0.27734197275383105,12.561924130422994,-0.5556836475500027,0.26441924668135647,0.26441924668135647,2.990557412520313,0.8654390686529905,16.14018170385686,2.0,4.1323225630381355,0.5324817366834346,0.26039029356490895,0.26039029356490895,0.7559915176291804,0.9999999999999992,6.0,d_kam,5.0,2.7742888828935754,0.03089887640449438,0.0,edge,3025,0.0,200.0,6865.0,6277.0,6277.0,2512.384826084599,5.0,356.0,257.0,6.124048796912543,2.8676067119813524,,
13.0,13.0,0.15384615384615385,2.0,d_kam_delay_4,1.0,delay=4,7.001213343111186,2.1683197646170145,4.0,D1,8,64,0.0,2.0,1.1166438671848082,237.32905558606217,6.278219272409464,0.7690826331140744,0.37833164082389265,0.26608596486154,12.571732669894118,-5.0722574751847604,0.28557273829989627,0.28557273829989627,3.075994657313886,0.8675421949841372,16.394420661454866,4.0,4.198341801174372,0.6029808986123515,0.2876969739326888,0.2876969739326888,0.7520595720104649,1.0,6.0,d_kam,7.0,3.1757906019561304,0.03591160220994475,0.0,edge,3025,0.0,200.0,6937.0,6306.0,6306.0,2514.3465339788236,7.0,362.0,253.0,8.241171461046566,2.868133295007283,,
13.0,13.0,0.0,0.0,d_kam_delay_8,1.0,delay=8,7.135818085669259,2.24332742329486,8.0,D1,8,64,0.0,2.0,1.1166438671848082,237.32905558606217,9.635314955676723,0.783216131082672,0.3760039701497182,0.2633380203156396,12.930101049132645,-9.199408641597183,0.30875821317234736,0.30875821317234736,3.2050909084188755,0.8685171737292633,16.57077039656895,8.0,4.2412136364827475,0.2179531570397702,0.30652510084642914,0.30652510084642914,0.744183767849291,1.0,6.0,d_kam,7.0,1.0486326167019215,0.036312849162011177,0.0,edge,3025,0.0,200.0,6848.0,6301.0,6301.0,2586.020209826529,7.0,358.0,253.0,8.241171461046566,2.9599572629958857,,
8.0,8.0,0.0,0.0,d_kam_delay_0,0.9994556958785312,delay=0,2.628870752780098,1.158528666184351,0.0,D1,8,64,6.685102685625084,2.0,1.1594597947437748,149.46248462014105,0.0,0.29457829089872445,0.4006840029082217,0.2924741700999839,12.933351683896035,0.0,0.1771812540315152,0.1771812540315152,1.7633837125918523,0.8636167892360628,4.520407599940778,0.0,0.911751510351346,0.0,0.1828507400953071,0.1828507400953071,0.8641544507322878,0.9994556958785312,6.0,d_kam,2.0,0.0,0.022099447513812154,0.0,edge,3026,0.0,200.0,7214.0,6238.0,6238.0,2586.670336779207,2.0,362.0,272.0,4.95680013416357,2.943470031983452,,
9.0,9.0,0.0,0.0,d_kam_delay_2,0.9992386332188176,delay=2,2.62414246115883,1.1517012504187447,2.0,D1,8,64,9.35105010759553,2.0,1.3209554538450394,149.46248462014105,1.7399949248771505,0.29408182027849133,0.40076019974005034,0.29256412469311505,13.033197175391251,0.7006243982940681,0.18002521017627665,0.18002521017627665,1.7654842136701767,0.8635979668480631,4.547541575035234,2.0,0.9184823673000121,1.2203096615856093,0.1883387892604329,0.1883387892604329,0.8648713293876764,0.9992386332188176,6.0,d_kam,3.0,5.430930596191821,0.02452316076294278,0.0,edge,3026,0.0,200.0,7297.0,6251.0,6251.0,2606.6394350782502,3.0,367.0,274.0,5.977957479888141,2.9672659310163,,
9.0,9.0,0.0,0.0,d_kam_delay_4,0.9992386332188173,delay=4,2.6489104740822365,1.1733071361640017,4.0,D1,8,64,9.351050107595505,2.0,1.320955453845039,149.46248462014105,1.9597014280063425,0.296682461635449,0.4046478977001658,0.2971537681182513,13.402517029462615,-0.28690234816359933,0.19802849444167514,0.19802849444167514,1.8505621464327175,0.8619923255041961,4.677367619888237,4.0,0.9494729292615063,0.8363995399213714,0.20533359387945344,0.20533359387945344,0.8626027113844245,0.9992386332188173,6.0,d_kam,3.0,3.109466689091445,0.024128686327077747,0.0,edge,3026,0.0,200.0,7366.0,6252.0,6252.0,2680.503405892523,3.0,373.0,279.0,5.977957479888141,3.045992622995982,,
12.0,12.0,0.08333333333333333,1.0,d_kam_delay_8,0.9992386332188182,delay=8,2.8835665730239874,1.303518374148002,8.0,D1,8,64,9.351050107595505,2.0,1.320955453845039,149.46248462014105,3.900777859644034,0.3213213520243329,0.3797318403793269,0.2677389782255942,13.411573350458639,-3.036330575995161,0.28418996718065487,0.28418996718065487,2.0421356318627137,0.8717674448829164,5.197103237535105,8.0,1.071926937472713,0.4322236418244361,0.2985148962553066,0.2985148962553066,0.8489305313961044,0.9992386332188182,6.0,d_kam,6.0,2.1147789219950144,0.03225806451612903,0.0,edge,3026,0.0,200.0,7362.0,6288.0,6288.0,2682.3146700917277,6.0,372.0,256.0,8.14597070975109,3.0489909919851925,,
14.0,14.0,0.0,0.0,d_kam_delay_0,0.9994487502775405,delay=0,6.791068587633935,1.949064445655237,0.0,D1,8,64,5.781358404421033,2.0,1.2352525459130095,227.0577941936162,3.172065784643304e-17,0.7513242134757917,0.3937061524624801,0.2842364299904279,14.288339735212503,-3.172065784643304e-17,0.1984132138552347,0.1984132138552347,2.693552713391502,0.8723674736670595,14.1349804857406,0.0,3.588145137064797,0.0,0.21995027092645755,0.21995027092645755,0.772881089705574,0.9994487502775405,6.0,d_kam,8.0,0.0,0.03977272727272727,0.0,edge,3027,0.0,200.0,7140.0,6326.0,6326.0,2857.6679470425006,8.0,352.0,230.0,9.283138007750793,3.2535894280008506,,
14.0,14.0,0.0,0.0,d_kam_delay_2,0.9994807814700708,delay=2,6.9288786254273775,2.084330290712319,2.0,D1,8,64,5.445423896708072,2.0,1.23419553219289,227.0577941936162,3.4072644577804745,0.765794267444103,0.425470814171562,0.3217363778414274,24.685316759132547,-0.06586300325709038,0.2498608929626319,0.2498608929626319,2.820281234264309,0.8540754392393825,14.294620952019937,2.0,3.6179452720055734,1.670700727261692,0.25537336305330244,0.25537336305330244,0.7586781759745804,0.9994807814700708,6.0,d_kam,8.0,8.649080491190173,0.03636363636363636,0.0,edge,3027,0.0,200.0,7362.0,6333.0,6333.0,4937.0633518265095,8.0,385.0,251.0,10.395685422297472,5.580592323996825,,
20.0,20.0,0.0,0.0,d_kam_delay_4,0.9991748899971372,delay=4,7.160605474702429,2.189541083947565,4.0,D1,8,64,8.65353115886551,2.0,1.350153471727274,227.0577941936162,2.6990224443817175,0.7901255866179834,0.4595215471352651,0.3619351598124657,27.31803527014563,-1.777002664409314,0.2689466419756739,0.2689466419756739,3.0981288998581773,0.8535158818419558,15.022948072872495,4.0,3.810305275506667,0.46100988998620185,0.2713273286832759,0.2713273286832759,0.7476310426848795,0.9991748899971372,6.0,d_kam,14.0,1.9231207926570408,0.0468384074941452,0.0,edge,3027,0.0,200.0,7399.0,6398.0,6398.0,5463.607054029126,14.0,427.0,266.0,14.519994819479487,6.146227219986031,,
19.0,19.0,0.10526315789473684,2.0,d_kam_delay_8,0.9996891699502816,delay=8,7.399968242733484,2.2279526966376175,8.0,D1,8,64,3.2599017234281416,2.0,1.1325777117609364,227.0577941936162,6.598391767568687,0.8152586772612441,0.39996155736192657,0.29162128299671886,22.001819700817578,-5.461720795775511,0.29834106836211,0.29834106836211,3.192011895670978,0.8760324299096687,15.727024991800395,8.0,4.002490173973577,0.5683354858965881,0.2748009816842749,0.2748009816842749,0.7435978233524242,0.9996891699502816,6.0,d_kam,13.0,3.1715890428879385,0.05337078651685393,0.0,edge,3027,0.0,200.0,7112.0,6370.0,6370.0,4400.3639401635155,13.0,356.0,213.0,12.933635405223399,4.9817819820018485,,
11.0,11.0,0.0,0.0,d_kam_delay_0,0.9999999999999988,delay=0,4.446637662049547,1.5582723585695621,0.0,D1,8,64,0.0,2.0,1.1521287550728685,205.4591338168703,2.4223047810003414e-16,0.5055364937223501,0.41148015059961723,0.30521962223565924,20.050207436288474,8.074349270001139e-17,0.18276219681690126,0.18276219681690126,2.2766395245931137,0.8583881505881916,8.671324185982618,0.0,2.068378258493314,1.6148698540002277e-16,0.18659551210544925,0.18659551210544925,0.8144998938544268,0.9999999999999988,6.0,d_kam,5.0,8.881784197001252e-16,0.029891304347826088,0.0,edge,3028,0.0,200.0,7348.0,6277.0,6277.0,4010.041487257695,5.0,368.0,248.0,7.469424722899382,4.553993676992832,,
12.0,12.0,0.0,0.0,d_kam_delay_2,0.9999999999999999,delay=2,4.4488707245038634,1.5726030574626004,2.0,D1,8,64,0.0,2.0,1.1698458670193221,205.4591338168703,1.339035545431644,0.5057709652800535,0.4347077886778736,0.3326411394113786,13.679825615981827,0.35938562852980277,0.20891347563205737,0.20891347563205737,2.3511384956923735,0.8486387952920091,8.779919522247173,2.0,2.090180648238449,0.8492105869807234,0.21453198941405055,0.21453198941405055,0.8129951704706576,0.9999999999999999,6.0,d_kam,6.0,4.9025217451290075,0.026905829596412557,0.0,edge,3028,0.0,200.0,7444.0,6294.0,6294.0,2735.9651231963653,6.0,446.0,312.0,7.274780825640781,3.1048422250023577,,
10.0,10.0,0.0,0.0,d_kam_delay_4,0.999999999999999,delay=4,4.438668246014852,1.5446605706563674,4.0,D1,8,64,0.0,2.0,1.1427548335053774,205.4591338168703,4.01092735678526,0.5046997050387072,0.3875319294448269,0.27694741670569856,27.24535373141407,-2.591327842504473,0.1994085508229266,0.1994085508229266,2.2858778787588134,0.8691533412692348,8.603780528298433,4.0,2.0459876126355128,0.7097997571403932,0.20874059382481022,0.20874059382481022,0.8159291315853122,0.999999999999999,6.0,d_kam,4.0,3.243375319386646,0.027624309392265192,0.0,edge,3028,0.0,200.0,7305.0,6261.0,6261.0,5449.070746282814,4.0,362.0,244.0,5.745787676709494,6.150005920993863,,
18.0,18.0,0.05555555555555555,1.0,d_kam_delay_8,0.9979514898063286,delay=8,6.811153479143808,3.2247570041162636,8.0,D1,8,64,24.77546324696674,2.0,1.90056130896156,204.95761611479634,4.876663747030683,0.7538106545172478,0.3861045664578088,0.27526233540157974,17.85297629859997,-4.5029915040684845,0.36436816936532723,0.36436816936532723,2.8488142834430867,0.8663277938690919,10.25164013667792,8.0,2.4607281084566712,0.18683612148109977,0.3800748419822355,0.3800748419822355,0.639519006072023,0.9979514898063286,6.0,d_kam,12.0,1.0003404106057663,0.0481283422459893,0.0,edge,3028,0.0,200.0,7432.0,6370.0,6370.0,3570.595259719994,12.0,374.0,226.0,12.753007617835364,3.9951211730076466,,
10.0,10.0,0.0,0.0,d_kam_delay_0,0.9997012972360714,delay=0,4.414604939549063,1.6217267351907436,0.0,D1,8,64,2.952485267301173,2.0,1.1938420733494155,159.0294901038582,4.4408920985006264e-17,0.4929531014732258,0.43881991663267317,0.3374957349135724,13.170657513692277,-4.4408920985006264e-17,0.2138712396926018,0.2138712396926018,2.463686499467974,0.8436238568090748,8.797754957081672,0.0,2.094428452913805,0.0,0.22359241040910993,0.22359241040910993,0.8104713265221628,0.9997012972360714,6.0,d_kam,4.0,0.0,0.022172949002217297,0.0,edge,3029,0.0,200.0,7473.0,6274.0,6274.0,2634.1315027384553,4.0,451.0,335.0,7.113835483221808,2.9963401080167387,,
9.0,9.0,0.0,0.0,d_kam_delay_2,0.9996484425189992,delay=2,4.334756313725633,1.5823401393061372,2.0,D1,8,64,3.4749202505282026,2.0,1.234375881024961,159.0294901038582,4.758577833486915,0.48456899576176554,0.3702029144323131,0.25648955176036964,11.802564675890608,2.848774663678244,0.23767292440926532,0.23767292440926532,2.471834225384942,0.8779957085461885,8.77169099390515,2.0,2.082656638922937,3.80367624858258,0.24175337309984332,0.24175337309984332,0.8146069190900466,0.9996484425189992,6.0,d_kam,3.0,19.8651411902189,0.026239067055393587,0.0,edge,3029,0.0,200.0,6895.0,6254.0,6254.0,2360.5129351781216,3.0,343.0,249.0,5.051720688302549,2.7232883870019577,,
9.0,9.0,0.0,0.0,d_kam_delay_4,0.9996484425189992,delay=4,4.315959459770183,1.568789568892686,4.0,D1,8,64,3.4749202505282026,2.0,1.234375881024961,159.0294901038582,3.0271743363955257,0.4825953260964434,0.3739818129734603,0.2609507514270017,12.039332741260296,-2.661744148546317,0.24199700703321142,0.24199700703321142,2.496979269381199,0.8759750124232727,8.813134887722628,4.0,2.0929343321025438,0.18271509392460436,0.24588944427911585,0.24588944427911585,0.8160297289834588,0.9996484425189992,6.0,d_kam,3.0,0.7379384976620442,0.02564102564102564,0.0,edge,3029,0.0,200.0,7029.0,6256.0,6256.0,2407.866548252059,3.0,351.0,257.0,5.051720688302549,2.7674978190043475,,
13.0,13.0,0.15384615384615385,2.0,d_kam_delay_8,0.9990049978477433,delay=8,5.212223040587483,2.222213341064097,8.0,D1,8,64,9.834958193322686,2.0,1.426780123627898,159.0294901038582,11.855269460561884,0.5767030020822599,0.357024567859569,0.24093178150088007,13.043423083145171,-10.962644035229896,0.36057123583744655,0.36057123583744655,3.03010437241916,0.8823700967241765,10.666504704538232,8.0,2.5781229500462035,0.44631271266599437,0.36839774110600104,0.36839774110600104,0.7474202329054607,0.9990049978477433,6.0,d_kam,7.0,2.024853005006658,0.034031413612565446,0.0,edge,3029,0.0,200.0,7454.0,6321.0,6321.0,2608.6846166290343,7.0,382.0,254.0,9.047884202252053,2.980034885025816,,
10.0,10.0,0.0,0.0,d_kam_delay_0,0.9995893645121943,delay=0,6.256553074748467,2.0030486619066465,0.0,D1,8,64,5.605614355528875,2.0,1.2395561938588586,273.713054353902,0.0,0.6941092687636125,0.48060776313225534,0.38682860925335705,14.225253515760414,0.0,0.19838196635913324,0.19838196635913324,2.4112651724344496,0.8333390796951332,11.582257545152538,0.0,2.871817228687284,0.0,0.1995320161662961,0.1995320161662961,0.7677253691491837,0.9995893645121943,6.0,d_kam,4.0,0.0,0.02288329519450801,0.0,edge,3030,0.0,200.0,7247.0,6254.0,6254.0,2845.050703152083,4.0,437.0,331.0,7.52190656423537,3.2164318900031503,,
15.0,15.0,0.0,0.0,d_kam_delay_2,0.9995189641354347,delay=2,7.29920484272001,2.2304535253713507,2.0,D1,8,64,6.56665492390864,2.0,1.2464424646805763,280.237646107211,3.4259594239689863,0.8035877044006244,0.4197221463697947,0.3149497561310076,14.58123422562494,-1.7980184812852873,0.24194121510117264,0.24194121510117264,2.820325259540968,0.8507493538117719,14.541400523870047,2.0,3.690963704891203,0.8139704713418495,0.2551938681723923,0.2551938681723923,0.7438478584853897,0.9995189641354347,6.0,d_kam,9.0,4.67939571685354,0.03416856492027335,0.0,edge,3030,0.0,200.0,7400.0,6318.0,6318.0,2916.246845124988,9.0,439.0,300.0,11.447504126416623,3.284497120010201,,
22.0,22.0,0.045454545454545456,1.0,d_kam_delay_4,0.9999346546028328,delay=4,7.919615735623883,2.4639907927767077,4.0,D1,8,64,0.8920346811336577,2.0,1.15994940249523,286.8487631720444,2.783713872935322,0.8687308481555314,0.5255154922363279,0.4398446783345538,14.25028525525704,-2.6026863606418553,0.23360949798978378,0.23360949798978378,2.8932801797279306,0.8274922899040476,14.893176699838767,4.0,3.7800884259303897,0.09051375614673265,0.2333485962497742,0.2333485962497742,0.7193264454078272,0.9999346546028328,6.0,d_kam,16.0,0.3525042349443881,0.0514018691588785,0.0,edge,3030,0.0,200.0,7201.0,6402.0,6402.0,2850.057051051408,16.0,428.0,272.0,17.908869474191555,3.2242291390139144,,
12.0,12.0,0.0,0.0,d_kam_delay_8,0.9997573148915774,delay=8,6.7234587507283,2.022721598925103,8.0,D1,8,64,3.3129117381367497,2.0,1.1801442811199674,287.6084479294677,10.962772444990483,0.7431343647414949,0.43895795859574216,0.33765870111997337,14.848722984897904,-10.916570636079973,0.22930528646334847,0.22930528646334847,2.9043336321783744,0.8463180355530804,14.231741928613106,8.0,3.6061494744402176,0.023100904455253996,0.227765695558015,0.227765695558015,0.7656597107622457,0.9997573148915774,6.0,d_kam,6.0,0.12474488405837139,0.02708803611738149,0.0,edge,3030,0.0,200.0,7521.0,6273.0,6273.0,2969.744596979581,6.0,443.0,320.0,7.634838028207934,3.3444848479994107,,
5.0,5.0,0.0,0.0,d_kam_delay_0,1.0,delay=0,0.6720310217236427,0.5074642336025572,0.0,D1,8,64,0.0,5.0,1.1254815744989943,14.338072867343016,2.220446049250313e-16,0.058840494551478176,0.6101346626884099,0.38271321592331575,45.034169986029156,-1.3322676295501878e-16,0.18263680256357012,0.18263680256357012,1.2045131664488464,0.709989109973303,1.5043395634926071,0.0,0.07497046617203619,4.4408920985006264e-17,0.16603958137230473,0.16603958137230473,0.9535380592979181,1.0,3.0,d_kam,2.0,1.77635683940025e-16,0.005241090146750524,0.0,enterprise,3001,0.0,200.0,18048.0,6460.0,6460.0,9006.833997205831,2.0,954.0,871.0,2.9214524933440034,9.425222577992827,,
5.0,5.0,0.0,0.0,d_kam_delay_2,1.0,delay=2,0.6970624186896274,0.5315402193199191,2.0,D1,8,64,0.0,5.0,1.1254815744989943,14.338072867343016,0.18639506719840723,0.0605926923390971,0.6118482323927923,0.3854263679552545,48.59341589079122,-0.10788018957978722,0.1867790200807633,0.1867790200807633,1.2116810651165262,0.7084809726050578,1.515790423081852,2.0,0.07712905046398355,0.03925743880931001,0.17024424062565366,0.17024424062565366,0.9518527402977028,1.0,3.0,d_kam,2.0,0.11277128456955875,0.005213764337851929,0.0,enterprise,3001,0.0,200.0,18107.0,6462.0,6462.0,9718.683178158244,2.0,959.0,876.0,2.9214524933440034,10.16209220001474,,
5.0,5.0,0.0,0.0,d_kam_delay_4,1.0,delay=4,0.7352314191200947,0.5680549763407272,4.0,D1,8,64,0.0,5.0,1.1254815744989943,14.338072867343016,0.3783977588268405,0.06326452236922982,0.6135524010665759,0.3881246350220785,46.46395941032097,-0.23145192712888146,0.19094358920665278,0.19094358920665278,1.2198288409714224,0.7069728352368125,1.5261791183403524,4.0,0.07898579937751879,0.07347291584897953,0.17464043710973812,0.17464043710973812,0.9492967073062463,1.0,3.0,d_kam,2.0,0.29389166339591805,0.005186721991701245,0.0,enterprise,3001,0.0,200.0,18166.0,6464.0,6464.0,9292.791882064193,2.0,964.0,881.0,2.9214524933440034,9.720493884989992,,
6.0,6.0,0.0,0.0,d_kam_delay_8,1.0000000000000004,delay=8,1.2748302496367263,0.9841396849344134,8.0,D1,8,64,0.0,4.0,1.1487949952074201,14.338072867343016,2.192656369828479,0.10103644050539401,0.6298193453012939,0.41388063006038195,45.47966995363822,-1.9729715458474086,0.21342538693042873,0.21342538693042873,1.372859929072135,0.7184651303587821,1.779926287519703,8.0,0.13769603865539617,0.10984241199053506,0.1902701341729073,0.1902701341729073,0.9201707777046884,1.0000000000000004,4.0,d_kam,2.0,0.4329921059971548,0.00646551724137931,0.0,enterprise,3001,0.0,200.0,18041.0,6412.0,6412.0,9095.933990727644,2.0,928.0,832.0,3.3666439168476088,9.518520315003116,,
5.0,5.0,0.0,0.0,d_kam_delay_0,0.9998851321790809,delay=0,1.1397715046233943,0.8330207647498593,0.0,D1,8,64,0.40439358239026424,5.0,1.2184928084075946,18.182928909712114,1.7763568394002506e-16,0.09689278328996308,0.7097423444982883,0.5404253787889562,44.56985168566462,-1.7763568394002506e-16,0.28213345557722413,0.28213345557722413,1.614148216070876,0.6657341542537718,2.2792270350218033,0.0,0.25893088499290406,0.0,0.2558660398034306,0.2558660398034306,0.9270520572315383,0.9998851321790809,3.0,d_kam,2.0,0.0,0.004472271914132379,0.0,enterprise,3002,0.0,200.0,18751.0,6480.0,6480.0,8913.970337132923,2.0,1118.0,1040.0,3.0188833003739695,9.328387540997937,,
5.0,5.0,0.0,0.0,d_kam_delay_2,0.9998851321790811,delay=2,1.0708618636367793,0.7735968413256951,2.0,D1,8,64,0.40439358239026424,5.0,1.2229771890097494,18.182928909712114,0.5333091309777247,0.09206910842090005,0.707339049163969,0.5366201611762842,45.89965412043966,-0.484025577896724,0.2769252691719348,0.2769252691719348,1.6056505040637765,0.6657247067090626,2.254314291004018,2.0,0.25382757797592354,0.02464177654050035,0.24950889850575259,0.24950889850575259,0.9312117318712296,0.9998851321790811,3.0,d_kam,2.0,0.0967343409685032,0.004476275738585497,0.0,enterprise,3002,0.0,200.0,18805.0,6480.0,6480.0,9179.930824087933,2.0,1117.0,1039.0,3.0188833003739695,9.60351449699374,,
7.0,7.0,0.0,0.0,d_kam_delay_4,1.0000000000000002,delay=4,1.3281326101380568,0.9712978447540147,4.0,D1,8,64,0.0,4.0,1.177743705748507,18.182928909712114,1.0802286321210333,0.11007806067598948,0.6365471337117972,0.4245329617103455,43.37861980951857,-0.7062493545764156,0.25944975727201897,0.25944975727201897,1.6343032901957455,0.7276127625777462,2.330723444866351,4.0,0.27491023752439,0.18698963877230892,0.24074949142770896,0.24074949142770896,0.9173726616312473,1.0000000000000002,4.0,d_kam,3.0,0.5841513063140186,0.007829977628635347,0.0,enterprise,3002,0.0,200.0,18152.0,6422.0,6422.0,8675.723961903714,3.0,894.0,791.0,4.170345894030639,9.090658907982288,,
6.0,6.0,0.0,0.0,d_kam_delay_8,1.0,delay=8,1.2703952207491849,0.9402708159472022,8.0,D1,8,64,0.0,5.0,1.2518462872907374,18.182928909712114,1.9212637304289075,0.10603644341876844,0.6983535149165541,0.5223930652845438,45.24142123016645,-1.701548983260316,0.28015727383664535,0.28015727383664535,1.6692478256142982,0.7047649377085621,2.3535679618898477,8.0,0.27148431911649995,0.10985737358429604,0.24717943467645648,0.24717943467645648,0.9195445536477241,1.0,3.0,d_kam,3.0,0.4572883922523584,0.005719733079122974,0.0,enterprise,3002,0.0,200.0,18704.0,6486.0,6486.0,9048.28424603329,3.0,1049.0,957.0,3.6846770615385136,9.467183897999348,,
6.0,6.0,0.0,0.0,d_kam_delay_0,0.9999999999999998,delay=0,1.732900235785015,0.8990905789580121,0.0,D1,8,64,0.0,3.0,1.2305338031074577,33.532310175164596,3.700743415417188e-17,0.14815694941040228,0.6578185091166847,0.4582126394347509,31.16051325618173,3.700743415417188e-17,0.1892111172232246,0.1892111172232246,1.4944971415073443,0.7741606256792914,2.6576918889237002,0.0,0.3698340030416024,3.700743415417188e-17,0.16082834278892646,0.16082834278892646,0.9168334378294861,0.9999999999999998,5.0,d_kam,1.0,1.6653345369377348e-16,0.008356545961002786,0.0,enterprise,3003,0.0,200.0,13428.0,6323.0,6323.0,6232.102651236346,1.0,718.0,633.0,3.255996794416396,6.639243066980271,,
6.0,6.0,0.0,0.0,d_kam_delay_2,1.0,delay=2,1.8354430612043824,0.9903465548162169,2.0,D1,8,64,0.0,2.0,1.1989380165562418,33.532310175164596,0.6871742111952849,0.15533494718975796,0.5323191109276325,0.25950525896875165,17.977550365321804,-0.4372789620187724,0.16419136039933324,0.16419136039933324,1.5229679791151043,0.8634902669488264,2.6694028921830077,2.0,0.37678440510207767,0.12494762458825621,0.15335300527727366,0.15335300527727366,0.9104455195194118,1.0,6.0,d_kam,0.0,0.3856737239059542,0.015037593984962405,0.0,enterprise,3003,0.0,200.0,7933.0,6235.0,6235.0,3595.5100730643608,0.0,399.0,324.0,3.0,3.995229322987143,,
7.0,7.0,0.0,0.0,d_kam_delay_4,1.0,delay=4,1.771871419245057,0.898222665772753,4.0,D1,8,64,0.0,2.0,1.1989380165562418,33.532310175164596,1.3470713775854588,0.15088493225260521,0.5033329556396481,0.21361051309610943,15.581187520147068,-1.0316772555234792,0.1512676294534725,0.1512676294534725,1.5263649211770283,0.8850231407335647,2.7197585117077505,4.0,0.3933909277072747,0.15769706103098965,0.14164424448916577,0.14164424448916577,0.9168941917524542,1.0,6.0,d_kam,1.0,0.7727155990518486,0.020348837209302327,0.0,enterprise,3003,0.0,200.0,6995.0,6234.0,6234.0,3116.2375040294137,1.0,344.0,257.0,3.755996794416396,3.517008092981996,,
9.0,9.0,0.0,0.0,d_kam_delay_8,1.0,delay=8,2.13028998676721,1.137876103019358,8.0,D1,8,64,0.0,2.0,1.2407518124900279,33.532310175164596,1.8883924432985582,0.17597423197915596,0.5376865725024029,0.2680037397954713,16.50810135542997,-1.364608534809321,0.23040473820328145,0.23040473820328145,1.6354153402143816,0.8333107132643106,2.9030482858856295,8.0,0.4305728072617073,0.2618919542446185,0.2317294775899586,0.2317294775899586,0.9001184511451917,1.0,6.0,d_kam,3.0,0.889346532651781,0.02102803738317757,0.0,enterprise,3003,0.0,200.0,7079.0,6254.0,6254.0,3301.6202710859943,3.0,428.0,332.0,5.3237832613108615,3.705444694001926,,
7.0,7.0,0.0,0.0,d_kam_delay_0,1.0,delay=0,1.879038142835041,1.022269779859992,0.0,D1,8,64,0.0,2.0,1.2423983562499104,29.615271446689643,6.344131569286609e-16,0.1559872705537258,0.47097449507115413,0.16237628386266084,18.44067956044455,6.344131569286609e-16,0.22677340789957368,0.22677340789957368,1.6009845058072063,0.8872301021718815,3.38120688967736,0.0,0.5616068544540758,6.344131569286609e-16,0.21552389992315354,0.21552389992315354,0.9093856863665271,1.0,6.0,d_kam,1.0,2.7533531010703863e-15,0.01891891891891892,0.0,enterprise,3004,0.0,200.0,7723.0,6243.0,6243.0,3688.13591208891,1.0,370.0,291.0,3.9319365273923745,4.082751558016753,,
7.0,7.0,0.0,0.0,d_kam_delay_2,1.0000000000000002,delay=2,1.9899308180912054,1.0842683077177424,2.0,D1,8,64,0.0,2.0,1.2423983562499104,30.522306106331552,0.9881155260555518,0.16374975782165738,0.47295366051893095,0.1655099624883075,19.06544367055176,-0.5038366275671623,0.23597139838802314,0.23597139838802314,1.6396267385354568,0.8865201535115336,3.453504238372301,2.0,0.5790905219358387,0.24213944924419475,0.22425772572772507,0.22425772572772507,0.9050457894164845,1.0000000000000002,6.0,d_kam,1.0,0.8968845473996008,0.01876675603217158,0.0,enterprise,3004,0.0,200.0,7817.0,6240.0,6240.0,3813.0887341103517,1.0,373.0,294.0,3.9319365273923745,4.215634149004472,,
7.0,7.0,0.0,0.0,d_kam_delay_4,1.0,delay=4,1.9311024094414073,1.0858855130050427,4.0,D1,8,64,0.0,2.0,1.2423983562499104,29.27697847845431,1.6156041677046236,0.15963176921617148,0.4731943610927524,0.16589107173019146,19.037680175242713,-1.2271429337523228,0.2448330039437076,0.2448330039437076,1.6658168477751731,0.8856936170470084,3.418167268957676,4.0,0.5669415570873537,0.19423061697615054,0.23151573482583881,0.23151573482583881,0.9049325850463734,1.0,6.0,d_kam,1.0,0.758436345717465,0.018617021276595744,0.0,enterprise,3004,0.0,200.0,7878.0,6241.0,6241.0,3807.5360350485425,1.0,376.0,297.0,3.9319365273923745,4.209578790992964,,
12.0,12.0,0.0,0.0,d_kam_delay_8,1.0000000000000002,delay=8,2.191071083750685,1.2885542246574,8.0,D1,8,64,0.0,2.0,1.2834376337933868,29.27697847845431,2.561938866755168,0.17782957641782093,0.4683640663562595,0.15824310506407754,19.255457725812448,-2.260419957453669,0.3189888511487479,0.3189888511487479,1.849795230336723,0.8909812390466297,3.7016975351601986,8.0,0.6243159635199276,0.1507594546507497,0.3104581045497711,0.3104581045497711,0.8907457752307084,1.0000000000000002,6.0,d_kam,6.0,0.5595819738393816,0.03934426229508197,0.0,enterprise,3004,0.0,200.0,7818.0,6302.0,6302.0,3851.0915451624896,6.0,305.0,196.0,8.022275718765021,4.247433331998764,,
6.0,6.0,0.0,0.0,d_kam_delay_0,1.0,delay=0,1.9256876749571519,0.928714746400931,0.0,D1,8,64,0.0,4.0,1.2017289467284957,33.3928595934086,3.7007434154171886e-16,0.16641055406902416,0.5770816121152933,0.33037921918254776,42.935100724280346,-2.220446049250313e-16,0.18474459072702867,0.18474459072702867,1.4719505616567587,0.821176558080717,2.960130169628828,0.0,0.456189639050263,7.401486830834377e-17,0.19678363801569637,0.19678363801569637,0.9126273913548691,1.0,4.0,d_kam,2.0,3.3306690738754696e-16,0.008915304606240713,0.0,enterprise,3005,0.0,200.0,17324.0,6384.0,6384.0,8587.02014485607,2.0,673.0,594.0,3.590386624812319,9.05443849801668,,
7.0,7.0,0.0,0.0,d_kam_delay_2,0.9999999999999999,delay=2,2.0474048164586023,1.0104448192492563,2.0,D1,8,64,0.0,4.0,1.2282242471602505,33.3928595934086,0.6497094104008462,0.17493075397412564,0.5682081770152775,0.3163296136075227,39.591896975034615,-0.5661366879734048,0.2186250259499078,0.2186250259499078,1.490362336092593,0.8273260083557207,3.034372014341808,2.0,0.4671919392921544,0.04178636121372069,0.2461662317772259,0.2461662317772259,0.9069062862554864,0.9999999999999999,4.0,d_kam,3.0,0.20475316994723114,0.011666666666666667,0.0,enterprise,3005,0.0,200.0,16849.0,6396.0,6396.0,7918.379395006923,3.0,600.0,510.0,4.441675515667114,8.336566716985544,,
8.0,8.0,0.0,0.0,d_kam_delay_4,0.9999999999999999,delay=4,2.1781859746688985,1.1286895045022287,4.0,D1,8,64,0.0,4.0,1.2853562715324824,33.3928595934086,1.027525844804112,0.18408543504884642,0.607261218113976,0.37816359534712873,40.93578388914466,-0.9107250424305575,0.2641557732099178,0.2641557732099178,1.5545476304604526,0.7812241767105431,3.098097574150496,4.0,0.47815312561477386,0.05840040118677725,0.249511234152806,0.249511234152806,0.8986291582877783,0.9999999999999999,4.0,d_kam,4.0,0.3023291074633878,0.011527377521613832,0.0,enterprise,3005,0.0,200.0,16955.0,6410.0,6410.0,8187.156777828932,4.0,694.0,594.0,5.177510116749262,8.63430479998351,,
7.0,7.0,0.0,0.0,d_kam_delay_8,0.9999999999999999,delay=8,2.08245288919048,1.0491010523591577,8.0,D1,8,64,0.0,3.0,1.1818200115661819,33.3928595934086,2.7589690576587107,0.1773841190653571,0.5344746367299416,0.26291817482240754,29.505142034904566,-2.697577705637605,0.20875592691070136,0.20875592691070136,1.5693730819948928,0.856218486494457,3.1779434574220047,8.0,0.5078299818972942,0.030695676010552755,0.20490544541796563,0.20490544541796563,0.9042003499377933,0.9999999999999999,5.0,d_kam,2.0,0.15040881245170834,0.01364522417153996,0.0,enterprise,3005,0.0,200.0,12266.0,6323.0,6323.0,5901.028406980913,2.0,513.0,428.0,4.090386624812319,6.325919007998891,,
5.0,5.0,0.0,0.0,d_kam_delay_0,1.0000000000000002,delay=0,0.5744320468060804,0.4907867181732911,0.0,D1,8,64,0.0,3.0,1.2566107182542932,11.551865253688556,1.3322676295501878e-16,0.049880921178909327,0.5973780368575403,0.3625152250244388,46.20676006146823,-4.4408920985006264e-17,0.2260093548015844,0.2260093548015844,1.3049223427832244,0.7555949122478404,1.576578847041323,0.0,0.07280320268457247,4.4408920985006264e-17,0.18645550134385025,0.18645550134385025,0.9563802523426247,1.0000000000000002,5.0,d_kam,0.0,1.77635683940025e-16,0.006377551020408163,0.0,enterprise,3006,0.0,200.0,15981.0,6368.0,6368.0,9241.352012293646,0.0,784.0,720.0,2.5,9.720331941003678,,
5.0,5.0,0.0,0.0,d_kam_delay_2,1.0000000000000004,delay=2,0.6203263362300294,0.5368439276567961,2.0,D1,8,64,0.0,3.0,1.2566107182542932,11.551865253688556,0.2683436918080625,0.05309352143858577,0.6000351800702844,0.36672236844461714,41.9208182451257,-0.25555419532529156,0.2359985540723735,0.2359985540723735,1.353432442994277,0.7538793286608194,1.5996302013808708,2.0,0.07647613681203513,0.006394748241385484,0.1949969621090747,0.1949969621090747,0.9531562476787792,1.0000000000000004,5.0,d_kam,0.0,0.016567134275047347,0.006329113924050633,0.0,enterprise,3006,0.0,200.0,16044.0,6371.0,6371.0,8384.16364902514,0.0,790.0,726.0,2.5,8.841551569988951,,
5.0,5.0,0.0,0.0,d_kam_delay_4,1.0000000000000004,delay=4,0.6771931570421339,0.5924330714440396,4.0,D1,8,64,0.0,3.0,1.2566107182542932,11.551865253688556,0.5590171611901722,0.05707419889543306,0.6026659115472657,0.3708876932831707,38.84426463468117,-0.5590171611901722,0.24702750431825607,0.24702750431825607,1.4031076433386724,0.7521637450737984,1.626650180868198,4.0,0.08097556987225728,0.0,0.20404331007824197,0.20404331007824197,0.9492650076136724,1.0000000000000004,5.0,d_kam,0.0,0.0,0.00628140703517588,0.0,enterprise,3006,0.0,200.0,16107.0,6374.0,6374.0,7768.852926936233,0.0,796.0,732.0,2.5,8.215261717996327,,
5.0,5.0,0.0,0.0,d_kam_delay_8,1.0000000000000004,delay=8,0.8454231396182852,0.7432585631072158,8.0,D1,8,64,0.0,3.0,1.2566107182542932,11.551865253688556,1.3752036925186868,0.06885029767576366,0.6082275117765967,0.3796935603129448,38.2407019083621,-1.3752036925186868,0.2730914356588024,0.2730914356588024,1.5286319726005502,0.7487325778997561,1.7141999760920714,8.0,0.09815178432366764,0.0,0.22719385833498248,0.22719385833498248,0.9387072231972499,1.0000000000000004,5.0,d_kam,0.0,0.0,0.006188118811881188,0.0,enterprise,3006,0.0,200.0,16233.0,6380.0,6380.0,7648.14038167242,0.0,808.0,744.0,2.5,8.063568059995305,,
9.0,9.0,0.0,0.0,d_kam_delay_0,1.0,delay=0,2.8222931419412265,1.2406065847921532,0.0,D1,8,64,0.0,4.0,1.2565029931648888,36.276836684257496,0.0,0.2338895327859543,0.6548573356469746,0.4535241147743763,45.32080876495456,0.0,0.28305094621451493,0.28305094621451493,1.703380714046518,0.7307819939584743,4.398405391577432,0.0,0.8415851854719364,0.0,0.28255180644815225,0.28255180644815225,0.8886087890609369,1.0,4.0,d_kam,5.0,0.0,0.010262257696693273,0.0,enterprise,3007,0.0,200.0,18500.0,6404.0,6404.0,9064.161752990913,5.0,877.0,738.0,5.555950040354507,9.484322124015307,,
10.0,10.0,0.0,0.0,d_kam_delay_2,0.9999999999999998,delay=2,3.058185176713965,1.449613990053313,2.0,D1,8,64,0.0,3.0,1.2973417427888307,36.276836684257496,0.8532764576204432,0.250401975220046,0.602331663836647,0.3703584677413579,34.39097131311428,-0.6228550771568744,0.26316089865513886,0.26316089865513886,1.740518477458925,0.8064302497563074,4.465746068241016,2.0,0.8540988304158185,0.11521069023178446,0.27640771248575563,0.27640771248575563,0.8739782706926555,0.9999999999999998,5.0,d_kam,5.0,0.5731642449983525,0.014925373134328358,0.0,enterprise,3007,0.0,200.0,13917.0,6347.0,6347.0,6878.194262622856,5.0,670.0,522.0,6.10703666801594,7.294665878027445,,
13.0,13.0,0.07692307692307693,1.0,d_kam_delay_4,1.0000000000000002,delay=4,3.3926344242488056,1.6915563277804289,4.0,D1,8,64,0.0,2.0,1.3108658953514905,36.276836684257496,1.5814435424241822,0.27381342254748486,0.5709194349112806,0.32062243860952777,23.203712234681007,-1.0917481123737018,0.2988851020468413,0.2988851020468413,1.841634248962746,0.8419304685119541,4.634768147087751,4.0,0.8867257753354124,0.24484771502524008,0.3214378114170575,0.3214378114170575,0.8570423070517574,1.0000000000000002,6.0,d_kam,7.0,0.7824876479245823,0.028077753779697623,0.0,enterprise,3007,0.0,200.0,9213.0,6304.0,6304.0,4640.742446936201,7.0,463.0,285.0,7.874528847413128,5.0585909909859765,,
11.0,11.0,0.09090909090909091,1.0,d_kam_delay_8,1.0000000000000002,delay=8,3.313011673784753,1.6058423788260812,8.0,D1,8,64,0.0,3.0,1.2894279522237786,36.276836684257496,2.4868436832663092,0.2682398300150012,0.6280594275231772,0.41109409357836385,35.908645410090685,-2.0955931682609408,0.3328979440123224,0.3328979440123224,1.8632796760778763,0.7628834924814611,4.627198148026255,8.0,0.8871694545699205,0.1956252575026841,0.33566924690767463,0.33566924690767463,0.8630422834785618,1.0000000000000002,5.0,d_kam,6.0,0.9733003334093562,0.01478494623655914,0.0,enterprise,3007,0.0,200.0,13904.0,6355.0,6355.0,7181.729082018137,6.0,744.0,583.0,6.714007540576327,7.614582587004406,,
6.0,6.0,0.0,0.0,d_kam_delay_0,1.0000000000000002,delay=0,1.2381644894615011,0.9654837345714605,0.0,D1,8,64,0.0,3.0,1.2405022685429727,18.513396830795095,3.700743415417188e-17,0.10186824710678019,0.6977782892827287,0.5214822913643204,46.866820624127286,-3.700743415417188e-17,0.2767759312133574,0.2767759312133574,1.782593500221494,0.7325097576541572,2.0854969353669333,0.0,0.19019281355906087,0.0,0.23487509965690762,0.23487509965690762,0.9189385272265934,1.0000000000000002,5.0,d_kam,1.0,0.0,0.006514657980456026,0.0,enterprise,3008,0.0,200.0,18351.0,6441.0,6441.0,9373.364124825457,1.0,921.0,834.0,3.287191503024185,9.815728170011425,,
7.0,7.0,0.0,0.0,d_kam_delay_2,0.9999999999999991,delay=2,1.176263083424819,0.8998106864957887,2.0,D1,8,64,0.0,2.0,1.2881597295802685,18.513396830795095,0.32515809308503707,0.09753514868421241,0.7279701232408057,0.5692860284646091,37.307329979375936,-0.17409855637104268,0.2455194150207573,0.2455194150207573,1.6889292631793824,0.744650738524439,2.0527757826401563,2.0,0.18142743441743525,0.07552976835699719,0.21360206657733363,0.21360206657733363,0.9235356405918904,0.9999999999999991,6.0,d_kam,1.0,0.2294674715631511,0.00851581508515815,0.0,enterprise,3008,0.0,200.0,14306.0,6341.0,6341.0,7461.465995875187,1.0,822.0,724.0,3.787191503024185,7.900698337994982,,
6.0,6.0,0.0,0.0,d_kam_delay_4,0.9990061942904707,delay=4,1.8004196948462337,1.4776029541673414,4.0,D1,8,64,3.6291712444850512,5.0,1.7876429921820103,18.513396830795095,0.7648782838749613,0.14122611148371145,0.8244965557153228,0.722119546549261,66.50176292023389,-0.40633928679870973,0.3508937125782539,0.3508937125782539,2.005615585412037,0.6041859103455512,2.248173155781417,4.0,0.2285587476181167,0.1792694985381257,0.3183775963434694,0.3183775963434694,0.8830901818548819,0.9990061942904707,3.0,d_kam,3.0,0.6504472851314058,0.00468384074941452,0.0,enterprise,3008,0.0,200.0,22424.0,6530.0,6530.0,13300.352584046777,3.0,1281.0,1182.0,3.8560536100893295,13.820381086989073,,
7.0,7.0,0.0,0.0,d_kam_delay_8,0.9993578574624463,delay=8,2.3647259541563055,1.9652159030526148,8.0,D1,8,64,2.3449706615714394,5.0,1.5029949186036577,19.981288667980177,1.233701920003059,0.1807275496354164,0.8014286800398207,0.6855954100630496,51.15725314433803,-1.0696014050708436,0.3925968323117327,0.3925968323117327,2.062448047132643,0.6260150046638706,2.422374091750845,8.0,0.2634271955789221,0.08205025746610775,0.37041273758282484,0.37041273758282484,0.8489572754329126,0.9993578574624463,3.0,d_kam,4.0,0.4020462615839276,0.00587248322147651,0.0,enterprise,3008,0.0,200.0,20196.0,6517.0,6517.0,10231.450628867606,4.0,1192.0,1077.0,4.577611780902475,10.664036191999912,,
3.0,3.0,0.0,0.0,d_kam_delay_0,1.0,delay=0,0.800411622120082,0.6151927547731778,0.0,D1,8,64,0.0,6.0,1.1052670093243528,13.496439660050918,0.0,0.07327884269168518,0.7055333524674893,0.533761141406858,45.915098980185576,0.0,0.19785368758452498,0.19785368758452498,1.2709809871305275,0.6254284351071173,1.6256915859689258,0.0,0.1117456689000341,0.0,0.18114091834426205,0.18114091834426205,0.9421410449676185,1.0,2.0,d_kam,1.0,0.0,0.002638522427440633,0.0,enterprise,3009,0.0,200.0,19291.0,6552.0,6552.0,9183.019796037115,1.0,1137.0,1091.0,1.8678857356274166,9.598398695001379,,
3.0,3.0,0.0,0.0,d_kam_delay_2,1.0,delay=2,0.8250847800908406,0.6400847364800414,2.0,D1,8,64,0.0,6.0,1.1052670093243528,13.496439660050918,0.34603359779355736,0.07500596374963829,0.7063507743895343,0.5350553927834293,48.16639738637605,-0.34603359779355736,0.20156008244521437,0.20156008244521437,1.2843807848350008,0.6248701391160969,1.6361365192503285,2.0,0.11364312382348557,0.0,0.18536949346063422,0.18536949346063422,0.940398606248138,1.0,2.0,d_kam,1.0,0.0,0.0026338893766461808,0.0,enterprise,3009,0.0,200.0,19320.0,6553.0,6553.0,9633.27947727521,1.0,1139.0,1093.0,1.8678857356274166,10.07405781999114,,
4.0,4.0,0.0,0.0,d_kam_delay_4,0.9999999999999998,delay=4,0.8955677247692645,0.7315007096552802,4.0,D1,8,64,0.0,6.0,1.1086240336709845,13.496439660050918,0.49766528434696244,0.07993976987712795,0.7152437685202726,0.549135966823765,48.50537640522816,-0.298735722768382,0.21095519639204327,0.21095519639204327,1.3363984171491585,0.6228411137570501,1.645624729711024,4.0,0.11263492754156498,0.09946478078929022,0.20333301848948404,0.20333301848948404,0.9339994881258713,0.9999999999999998,2.0,d_kam,2.0,0.3381802546835866,0.003463203463203463,0.0,enterprise,3009,0.0,200.0,19562.0,6566.0,6566.0,9701.075281045632,2.0,1155.0,1095.0,2.871323234212853,10.136604392988374,,
5.0,5.0,0.0,0.0,d_kam_delay_8,0.9999999999999994,delay=8,1.0665053546960268,0.8666251113764406,8.0,D1,8,64,0.0,6.0,1.1086240336709845,13.496439660050918,0.7807464028676299,0.0919054039720013,0.7170467965796289,0.5519907612510792,47.82142811018275,-0.5746818246762233,0.22829073774249395,0.22829073774249395,1.4076741038276952,0.6212207975963161,1.747497210993822,8.0,0.13628903259727948,0.10303228909570325,0.2219871060231668,0.2219871060231668,0.9245407800053901,0.9999999999999994,2.0,d_kam,3.0,0.41212915638281294,0.004302925989672977,0.0,enterprise,3009,0.0,200.0,19720.0,6585.0,6585.0,9564.28562203655,3.0,1162.0,1085.0,3.59623695261138,9.978029065998271,,
4.0,4.0,0.0,0.0,d_kam_delay_0,0.9999999999999999,delay=0,0.953654449433757,0.7197811443315818,0.0,D1,8,64,0.0,5.0,1.2603742704948617,16.168436096192526,0.0,0.08040321933619499,0.7452128753586961,0.5965870526512688,45.752576379309176,0.0,0.25690088546925355,0.25690088546925355,1.5420430375598926,0.6484908751875412,1.973228871245027,0.0,0.1793861754723081,0.0,0.23173150446527,0.23173150446527,0.9373040880426851,0.9999999999999999,3.0,d_kam,1.0,0.0,0.0033195020746887966,0.0,enterprise,3010,0.0,200.0,20101.0,6506.0,6506.0,9150.515275861835,1.0,1205.0,1136.0,2.466102003796622,9.513535606994992,,
4.0,4.0,0.0,0.0,d_kam_delay_2,0.9999999999999999,delay=2,0.9935151448336867,0.7592688610194642,2.0,D1,8,64,0.0,5.0,1.2603742704948617,16.168436096192526,0.7765045867674971,0.08319346801419006,0.7459871127948119,0.5978129285917857,38.18300294529763,-0.7765045867674971,0.26263967508911984,0.26263967508911984,1.559453197392422,0.6477651375398961,1.9880666182691775,2.0,0.18200483575528154,0.0,0.2366500833580495,0.2366500833580495,0.9345399478745332,0.9999999999999999,3.0,d_kam,1.0,0.0,0.0033112582781456954,0.0,enterprise,3010,0.0,200.0,20140.0,6507.0,6507.0,7636.600589059526,1.0,1208.0,1139.0,2.466102003796622,7.928883866989054,,
4.0,4.0,0.0,0.0,d_kam_delay_4,1.0,delay=4,1.0354420074689759,0.7976483565378318,4.0,D1,8,64,0.0,5.0,1.2603742704948617,16.168436096192526,1.4694471648804297,0.0861283483986603,0.7467886217607416,0.5990819844545077,37.95775034930557,-1.4694471648804297,0.2689156456953827,0.2689156456953827,1.58052324929988,0.647039399892251,2.0098234868292577,4.0,0.18639074252575683,0.0,0.24210959473511073,0.24210959473511073,0.9318533831882475,1.0,3.0,d_kam,1.0,0.0,0.0033030553261767133,0.0,enterprise,3010,0.0,200.0,20168.0,6508.0,6508.0,7591.550069861114,1.0,1211.0,1142.0,2.466102003796622,7.883538388996385,,
4.0,4.0,0.0,0.0,d_kam_delay_8,1.0000000000000002,delay=8,1.1745450502262418,0.9169968983075759,8.0,D1,8,64,0.0,5.0,1.2603742704948617,16.168436096192526,3.3544517868655426,0.09586556139166894,0.7484339511542148,0.6016870893275069,37.99872706498718,-3.3544517868655426,0.2870360761879551,0.2870360761879551,1.6440321633713229,0.6455879245969609,2.096621758723272,8.0,0.20568472582236325,0.0,0.2582199779143879,0.2582199779143879,0.9234989852643654,1.0000000000000002,3.0,d_kam,1.0,0.0,0.003286770747740345,0.0,enterprise,3010,0.0,200.0,20207.0,6510.0,6510.0,7599.745412997436,1.0,1217.0,1148.0,2.466102003796622,7.88982751997537,,
7.0,7.0,0.0,0.0,d_kam_delay_0,1.0,delay=0,1.4372776641038496,1.0398864789895241,0.0,D1,8,64,0.0,3.0,1.2548259361391811,19.04925656713002,2.854859206178974e-16,0.11895881062901284,0.647350577572229,0.4416384144893626,26.99424176971661,-2.220446049250313e-16,0.2723139965301717,0.2723139965301717,1.5511978008535618,0.7748066890902965,2.251763053196287,0.0,0.23477691741068335,3.172065784643304e-17,0.2470600685729206,0.2470600685729206,0.911613216910944,1.0,5.0,d_kam,2.0,1.5543122344752176e-16,0.008663366336633664,0.0,enterprise,3011,0.0,200.0,15330.0,6353.0,6353.0,5398.848353943322,2.0,808.0,699.0,3.99508575067879,5.680643396015512,,
7.0,7.0,0.0,0.0,d_kam_delay_2,1.0,delay=2,1.4291220371404163,1.051110682022906,2.0,D1,8,64,0.0,3.0,1.2548259361391811,19.04925656713002,0.504356076781442,0.11838791674157251,0.6490855879808046,0.4443855143029406,26.96567665479961,-0.43219429181409247,0.27797309324853114,0.27797309324853114,1.5984635280181143,0.773709291722433,2.263279913643065,2.0,0.23641720525264442,0.036080892483674756,0.25173256308833997,0.25173256308833997,0.9108275226986072,1.0,5.0,d_kam,2.0,0.17679637317000613,0.008631319358816275,0.0,enterprise,3011,0.0,200.0,15407.0,6355.0,6355.0,5393.135330959922,2.0,811.0,702.0,3.99508575067879,5.675065754010575,,
8.0,8.0,0.0,0.0,d_kam_delay_4,1.0,delay=4,1.298643440062737,0.8002129643085162,4.0,D1,8,64,0.0,2.0,1.2440245809869397,19.04925656713002,0.8588318088159068,0.10925441494613494,0.5017309293618472,0.21107397148959137,12.58212908913265,-0.7393627842262833,0.17919314588064592,0.17919314588064592,1.4467132442670925,0.8888867580642349,2.221047312662245,4.0,0.24549807531308832,0.05973451229481169,0.20053700867120816,0.20053700867120816,0.9283903629386145,1.0,6.0,d_kam,2.0,0.2391129156338646,0.021798365122615803,0.0,enterprise,3011,0.0,200.0,7294.0,6253.0,6253.0,2516.42581782653,2.0,367.0,250.0,4.49508575067879,2.7828398310230114,,
10.0,10.0,0.0,0.0,d_kam_delay_8,1.000000000000001,delay=8,1.8643131173748537,1.3283666224311284,8.0,D1,8,64,0.0,2.0,1.2563172344744808,19.04925656713002,1.3783455322642957,0.14885129235798314,0.5472791864280397,0.2831920451777295,14.83707298990339,-1.2925216744673755,0.31060663638760116,0.31060663638760116,1.862564008797744,0.8624269879574413,2.56539020882218,8.0,0.30434954657798213,0.04291192889846007,0.2483415193641859,0.2483415193641859,0.8914196068700316,1.000000000000001,6.0,d_kam,4.0,0.23601560894152995,0.0228310502283105,0.0,enterprise,3011,0.0,200.0,8552.0,6300.0,6300.0,2967.414597980678,4.0,438.0,300.0,6.095946941219977,3.236715928011108,,
4.0,4.0,0.0,0.0,d_kam_delay_0,0.9999999999999999,delay=0,0.8525438636846682,0.5803716338129112,0.0,D1,8,64,0.0,5.0,1.2751845372780122,17.74296774720149,0.0,0.07261267547888041,0.6696918890221859,0.477012157618461,33.90099255979294,0.0,0.2351183372013632,0.2351183372013632,1.1545662309193208,0.7106571316265137,1.6467585960599302,0.0,0.09010013934746965,0.0,0.17605254395666098,0.17605254395666098,0.9474966389023228,0.9999999999999999,3.0,d_kam,1.0,0.0,0.004291845493562232,0.0,enterprise,3012,0.0,200.0,18010.0,6445.0,6445.0,6780.198511958588,1.0,932.0,869.0,2.210002965069982,7.071608022990404,,
5.0,5.0,0.0,0.0,d_kam_delay_2,0.9988137643850453,delay=2,1.4906863643752024,1.1570478487694018,2.0,D1,8,64,4.172576799022906,6.0,1.7596629324617639,17.74296774720149,0.40013148272818233,0.11728265052721784,0.7497923979605824,0.6038379634375886,39.7268696554238,-0.2570064237966238,0.2886998002571962,0.2886998002571962,1.3326023424470679,0.6256668979534316,1.7819611909947393,2.0,0.12246817252859873,0.07156252946577926,0.22933190641536114,0.22933190641536114,0.9071293038553685,0.9988137643850453,2.0,d_kam,3.0,0.28625011786311694,0.004177109440267335,0.0,enterprise,3012,0.0,200.0,20861.0,6545.0,6545.0,7945.3739310847595,3.0,1197.0,1114.0,3.4036460659952903,8.238440988992807,,
7.0,7.0,0.0,0.0,d_kam_delay_4,0.9999999999999999,delay=4,1.6994965179854165,1.3104263283190998,4.0,D1,8,64,0.0,5.0,1.2751845372780122,17.74296774720149,0.5443740939966993,0.13189936127993282,0.7678043787477692,0.6323569330173012,41.00742084585363,-0.29258564471951737,0.3099880890185528,0.3099880890185528,1.4252992486637488,0.6198086188204533,1.9012982307287785,4.0,0.14827377903627578,0.12589422463859096,0.2539158189565514,0.2539158189565514,0.8963928102868897,0.9999999999999999,3.0,d_kam,4.0,0.5137740477797758,0.005818786367414797,0.0,enterprise,3012,0.0,200.0,21785.0,6567.0,6567.0,8201.484169170726,4.0,1203.0,1091.0,4.5690682450471725,8.49029155599419,,
7.0,7.0,0.14285714285714285,1.0,d_kam_delay_8,0.9999999999999999,delay=8,1.3294960617654392,0.8775700229376057,8.0,D1,8,64,0.0,4.0,1.178788281595284,17.74296774720149,1.0909858910072352,0.10599932934453436,0.5903597967939761,0.35140301159046233,32.7934969002672,-0.6507174666794595,0.21735723025349,0.21735723025349,1.259707690031202,0.7577818078389147,1.867645034725171,8.0,0.1569254676789616,0.22013421216388776,0.163441562701944,0.163441562701944,0.9266927516635942,0.9999999999999999,4.0,d_kam,3.0,0.7363627154534006,0.008706467661691543,0.0,enterprise,3012,0.0,200.0,18214.0,6407.0,6407.0,6558.69938005344,3.0,804.0,696.0,4.40364606599529,6.835965074977139,,
6.0,6.0,0.0,0.0,d_kam_delay_0,1.0,delay=0,0.8265684483130403,0.5957053666908305,0.0,D1,8,64,0.0,3.0,1.2275962393581135,15.978367844653611,1.8503717077085943e-16,0.07347244118522359,0.6038508625731978,0.3727638657408964,27.709454169962555,-3.700743415417188e-17,0.2502709567335845,0.2502709567335845,1.389008077417109,0.757911341319641,1.9379863036596345,0.0,0.1651419207993845,7.401486830834377e-17,0.21161662519230076,0.21161662519230076,0.9444623017191296,1.0,5.0,d_kam,1.0,2.220446049250313e-16,0.007317073170731708,0.0,enterprise,3013,0.0,200.0,16296.0,6379.0,6379.0,5541.890833992511,1.0,820.0,731.0,3.2429427625187977,5.811962035018951,,
6.0,6.0,0.0,0.0,d_kam_delay_2,1.0000000000000002,delay=2,0.9433150202086699,0.7105982681343361,2.0,D1,8,64,0.0,3.0,1.2275962393581135,15.978367844653611,0.44191537253187335,0.08164470121791766,0.6073508151453102,0.3783054573134077,28.022239405545406,-0.3841113969174194,0.26236047208364105,0.26236047208364105,1.4315443463865978,0.7556634424024904,1.9730871575700661,2.0,0.17160191313194556,0.02890198780722697,0.22437517768102544,0.22437517768102544,0.9364197986180842,1.0000000000000002,5.0,d_kam,1.0,0.13005894513252136,0.007246376811594203,0.0,enterprise,3013,0.0,200.0,16382.0,6382.0,6382.0,5604.447881109081,1.0,828.0,739.0,3.2429427625187977,5.880737086990848,,
6.0,6.0,0.0,0.0,d_kam_delay_4,1.0000000000000004,delay=4,1.0920569632683783,0.845785369907434,4.0,D1,8,64,0.0,3.0,1.2275962393581135,15.978367844653611,0.9852372220173469,0.09205663723209727,0.6108724673647206,0.3838814066608075,28.239601270179264,-0.9021411757399437,0.27752203286834004,0.27752203286834004,1.4899249171989297,0.7534155434853398,2.030243003276246,4.0,0.1833709653892039,0.041548023138701616,0.24020918277008727,0.24020918277008727,0.9269567014939674,1.0000000000000004,5.0,d_kam,1.0,0.18696610412415726,0.007177033492822967,0.0,enterprise,3013,0.0,200.0,16483.0,6385.0,6385.0,5647.920254035853,1.0,836.0,747.0,3.2429427625187977,5.9212926420150325,,
6.0,6.0,0.0,0.0,d_kam_delay_8,1.0000000000000002,delay=8,1.433570791077803,1.1340842214907525,8.0,D1,8,64,0.0,3.0,1.2275962393581135,15.978367844653611,2.4054699702386757,0.11596260517875695,0.6175274888353601,0.39441852398932,30.778398430265952,-2.4054699702386757,0.3125521949093515,0.3125521949093515,1.6325040985166743,0.7489197456510385,2.2010404450437164,8.0,0.22138446273837384,0.0,0.27651755966361885,0.27651755966361885,0.906775781883135,1.0000000000000002,5.0,d_kam,1.0,0.0,0.007042253521126761,0.0,enterprise,3013,0.0,200.0,16651.0,6391.0,6391.0,6155.67968605319,1.0,852.0,763.0,3.2429427625187977,6.448966931988252,,
4.0,4.0,0.0,0.0,d_kam_delay_0,0.9999888823432832,delay=0,1.3244138923581843,0.7984595513467608,0.0,D1,8,64,0.03865843077007958,5.0,1.2871873178793116,24.51483135353245,2.220446049250313e-16,0.11630956424984021,0.6625415475949862,0.4656907836920615,38.42232839524513,2.220446049250313e-16,0.2455742720631742,0.2455742720631742,1.390324129029255,0.7026192526830823,2.2221868919748604,0.0,0.2511770856210572,2.220446049250313e-16,0.18316470926111525,0.18316470926111525,0.9258278353898536,0.9999888823432832,3.0,d_kam,1.0,7.549516567451061e-16,0.003968253968253968,0.0,enterprise,3014,0.0,200.0,20013.0,6468.0,6468.0,7684.465679049026,1.0,1008.0,950.0,2.1903834884811237,7.98757245001616,,
4.0,4.0,0.0,0.0,d_kam_delay_2,0.9999888823432832,delay=2,1.3575849714243076,0.8308843082916759,2.0,D1,8,64,0.03865843077007958,5.0,1.2871873178793116,24.51483135353245,0.29188092711882296,0.11863153978446885,0.6634295774384381,0.46709683094419363,37.47847112885211,-0.2786886589962436,0.250581390210042,0.250581390210042,1.4028130590767807,0.7017817328754263,2.2333563890113877,2.0,0.2529762256068356,0.006596134061289671,0.18721956754363167,0.18721956754363167,0.9235581024037094,0.9999888823432832,3.0,d_kam,1.0,0.022426855808384872,0.0039603960396039604,0.0,enterprise,3014,0.0,200.0,20069.0,6469.0,6469.0,7495.694225770421,1.0,1010.0,953.0,2.1903834884811237,7.792562756018015,,
6.0,6.0,0.0,0.0,d_kam_delay_4,0.9999888823432831,delay=4,1.2292409974409668,0.7115503752520952,4.0,D1,8,64,0.03865843077007958,3.0,1.273545416481371,24.51483135353245,0.9978502222170423,0.109647461605635,0.4977538326722386,0.20477690173104449,20.128564265323803,-0.9182336107371812,0.2194886321164566,0.2194886321164566,1.3915748510467312,0.8603301497246266,2.2712682492483522,4.0,0.2567500154769369,0.03980830573993055,0.1507231246675425,0.1507231246675425,0.9319114777164799,0.9999888823432831,5.0,d_kam,1.0,0.17913737582968747,0.012048192771084338,0.0,enterprise,3014,0.0,200.0,12197.0,6302.0,6302.0,4025.7128530647606,1.0,498.0,427.0,3.1903834884811237,4.287869393010624,,
6.0,6.0,0.0,0.0,d_kam_delay_8,0.9999888823432828,delay=8,1.540493473619843,1.0132615577901143,8.0,D1,8,64,0.03865843077007958,4.0,1.2710080950405005,24.51483135353245,1.7463164491104128,0.1314351349381563,0.6372506586287259,0.4256468761621493,31.143424240435706,-1.629062608130379,0.2682436573404186,0.2682436573404186,1.5318725228753336,0.7505157214769588,2.349863660080201,8.0,0.2715918305382908,0.0586269204900168,0.2191681464313078,0.2191681464313078,0.9107916949388187,0.9999888823432828,4.0,d_kam,2.0,0.2638211422050756,0.0069124423963133645,0.0,enterprise,3014,0.0,200.0,18415.0,6412.0,6412.0,6228.684848087141,2.0,868.0,786.0,3.475599543220538,6.49993947299663,,
3.0,3.0,0.0,0.0,d_kam_delay_0,0.9999999999999993,delay=0,0.5911223597245119,0.5930565996682919,0.0,D1,8,64,0.0,5.0,1.1985472204423318,6.000656832766349,2.220446049250313e-16,0.04953828327206418,0.7201506175175387,0.5569051444027697,34.84861740973429,7.401486830834377e-17,0.23937672678463784,0.23937672678463784,1.3740753544095514,0.6910655373496091,1.4810832111610024,0.0,0.03959725560788302,1.4802973661668753e-16,0.21083594628983085,0.21083594628983085,0.9504701882646629,0.9999999999999993,3.0,d_kam,0.0,3.996802888650563e-16,0.002785515320334262,0.0,enterprise,3015,0.0,200.0,19637.0,6463.0,6463.0,6969.723481946858,0.0,1077.0,1028.0,1.5,7.250361095997505,,
3.0,3.0,0.0,0.0,d_kam_delay_2,0.9999999999999991,delay=2,0.6303437821873168,0.6319489149091723,2.0,D1,8,64,0.0,5.0,1.1985472204423318,6.000656832766349,0.32161057667904425,0.05228378284446054,0.721916829576476,0.5597016468294204,34.884381859737914,-0.32161057667904425,0.24554621624297213,0.24554621624297213,1.3959976446104725,0.689717415093708,1.4984519515825183,2.0,0.04280318934272569,0.0,0.21659741289568907,0.21659741289568907,0.9477477261978011,0.9999999999999991,3.0,d_kam,0.0,0.0,0.0027726432532347504,0.0,enterprise,3015,0.0,200.0,19673.0,6465.0,6465.0,6976.876371947583,0.0,1082.0,1033.0,1.5,7.258854746003635,,
3.0,3.0,0.0,0.0,d_kam_delay_4,0.9999999999999991,delay=4,0.6904306501335975,0.6891734476197556,4.0,D1,8,64,0.0,5.0,1.1985472204423318,6.000656832766349,0.5646109239825604,0.05648986360070018,0.7237362514092338,0.5625823980646201,34.922834729222814,-0.5646109239825604,0.25287807769922493,0.25287807769922493,1.4224036240802411,0.688369292837807,1.5228029442416158,4.0,0.047618535768249946,0.0,0.22371530154893218,0.22371530154893218,0.9437420089080604,0.9999999999999991,3.0,d_kam,0.0,0.0,0.0027598896044158236,0.0,enterprise,3015,0.0,200.0,19709.0,6467.0,6467.0,6984.566945844563,0.0,1087.0,1038.0,1.5,7.267908397014253,,
3.0,3.0,0.0,0.0,d_kam_delay_8,0.9999999999999991,delay=8,0.8210956503953771,0.8024276063948105,8.0,D1,8,64,0.0,5.0,1.1985472204423318,6.836791459661503,1.1735919280978377,0.06563641361902477,0.7272943448217518,0.5682160459677735,35.11141374896397,-1.1735919280978377,0.2692942203858,0.2692942203858,1.4847459752380876,0.6856730483260048,1.5948622892518047,8.0,0.06328913882342097,0.0,0.2394314755674873,0.2394314755674873,0.9358142177938065,0.9999999999999991,3.0,d_kam,0.0,0.0,0.0027347310847766638,0.0,enterprise,3015,0.0,200.0,19781.0,6471.0,6471.0,7022.282749792794,0.0,1097.0,1048.0,1.5,7.303977786010364,,
5.0,5.0,0.0,0.0,d_kam_delay_0,0.9999999999999998,delay=0,0.5232949280353424,0.4919890840539697,0.0,D1,8,64,0.0,4.0,1.2040563362807317,7.441315749225532,8.881784197001253e-17,0.04377089129380906,0.7204616222473103,0.5573975685582411,31.62874436544371,-8.881784197001253e-17,0.19440261779110535,0.19440261779110535,1.2744237712734618,0.6753985404222224,1.4098266452717594,0.0,0.03627903212975265,0.0,0.1791109922966319,0.1791109922966319,0.9583961964256043,0.9999999999999998,4.0,d_kam,1.0,0.0,0.004897159647404506,0.0,enterprise,3016,0.0,200.0,18698.0,6447.0,6447.0,6325.748873088742,1.0,1021.0,942.0,2.7863728376912036,6.599703863001196,,
5.0,5.0,0.0,0.0,d_kam_delay_2,0.9999999999999998,delay=2,0.6767475268229344,0.640725131451138,2.0,D1,8,64,0.0,4.0,1.2040563362807317,7.441315749225532,0.2967582604526263,0.05451257320894052,0.7227696427318357,0.5610519343254067,31.72895200594212,-0.2967582604526263,0.21056331334702075,0.21056331334702075,1.3230687404717998,0.6734031008445261,1.4522148731671647,2.0,0.04376867211716744,0.0,0.19393438404154728,0.19393438404154728,0.9479846731078024,0.9999999999999998,4.0,d_kam,1.0,0.0,0.004859086491739553,0.0,enterprise,3016,0.0,200.0,18759.0,6450.0,6450.0,6345.790401188424,1.0,1029.0,950.0,2.7863728376912036,6.6193855610035826,,
5.0,5.0,0.0,0.0,d_kam_delay_4,1.0,delay=4,0.8451660725525637,0.7957301794788744,4.0,D1,8,64,0.0,4.0,1.2040563362807317,7.441315749225532,0.5732675839531476,0.06630187141001458,0.7251153758061517,0.5647660116930736,32.229137644026196,-0.5732675839531476,0.22890194857413093,0.22890194857413093,1.413799704684983,0.6712752090187263,1.52022206211693,4.0,0.0578202533478345,0.0,0.21235587335564307,0.21235587335564307,0.9371343197458608,1.0,4.0,d_kam,1.0,0.0,0.004816955684007707,0.0,enterprise,3016,0.0,200.0,18874.0,6454.0,6454.0,6445.827528805239,1.0,1038.0,959.0,2.7863728376912036,6.721422223985428,,
5.0,5.0,0.0,0.0,d_kam_delay_8,0.9999999999999998,delay=8,1.4069728546581213,1.2659497256995984,8.0,D1,8,64,0.0,4.0,1.2040563362807317,8.00915868460037,1.0838882635497884,0.10562834615740359,0.7297498058877142,0.572103859322214,32.54723931502667,-1.0838882635497884,0.27859088101994517,0.27859088101994517,1.6497920770260635,0.6670063160196762,1.7749087093665992,8.0,0.11544059840207599,0.0,0.2638907878973995,0.2638907878973995,0.9042189515104101,0.9999999999999998,4.0,d_kam,1.0,0.0,0.004734848484848485,0.0,enterprise,3016,0.0,200.0,19104.0,6462.0,6462.0,6509.4478630053345,1.0,1056.0,977.0,2.7863728376912036,6.7843998890020885,,
6.0,6.0,0.0,0.0,d_kam_delay_0,1.0000000000000004,delay=0,1.3910862376333193,0.8174686800939559,0.0,D1,8,64,0.0,2.0,1.2267699986049037,24.912158830387334,2.9605947323337506e-16,0.11879668068027673,0.4800698707765098,0.17677729539614057,19.71125488533289,2.9605947323337506e-16,0.24508687480975486,0.24508687480975486,1.6824705823540336,0.877056549456652,2.450483585236504,0.0,0.2980779327023226,2.9605947323337506e-16,0.19765554832775123,0.19765554832775123,0.9256160043981885,1.0000000000000004,6.0,d_kam,0.0,1.3322676295501878e-15,0.012269938650306749,0.0,enterprise,3017,0.0,200.0,11931.0,6299.0,6299.0,3942.2509770665783,0.0,489.0,416.0,3.0,4.20659491798142,,
7.0,7.0,0.0,0.0,d_kam_delay_2,1.0000000000000004,delay=2,1.4344412440299898,0.8548290836994281,2.0,D1,8,64,0.0,2.0,1.2267699986049037,24.849877823426386,0.5769220933006994,0.12183153112804368,0.4851322727458411,0.18479276518091506,20.343825725576608,-0.32504692428058474,0.2544428220463241,0.2544428220463241,1.7154521746650853,0.8731398851619067,2.497631073903735,2.0,0.30879373319869396,0.1259375845100574,0.20479583152143255,0.20479583152143255,0.9230007761458054,1.0000000000000004,6.0,d_kam,1.0,0.26753634148145156,0.013916500994035786,0.0,enterprise,3017,0.0,200.0,12139.0,6316.0,6316.0,4068.7651451153215,1.0,503.0,413.0,3.6213999086447233,4.341154121008003,,
8.0,8.0,0.0,0.0,d_kam_delay_4,0.9993635853484181,delay=4,1.7388265153397129,1.1869145586103929,4.0,D1,8,64,2.3568234682772475,5.0,1.9437708051260307,24.849877823426386,0.8676725295765864,0.14313850011972426,0.731132041810028,0.5742923995325445,34.40192912996281,-0.6917961340365496,0.32952889108716227,0.32952889108716227,1.8629664832602282,0.690665788613852,2.5988573676717626,4.0,0.3244620514091311,0.0879381977700184,0.298588090841964,0.298588090841964,0.899754792902038,0.9993635853484181,3.0,d_kam,5.0,0.3794530594376097,0.00819672131147541,0.0,enterprise,3017,0.0,200.0,19584.0,6514.0,6514.0,6880.385825992562,5.0,976.0,856.0,5.157782232274821,7.162646560987923,,
7.0,7.0,0.0,0.0,d_kam_delay_8,0.9997579357622989,delay=8,1.6709764777675098,1.100859502881305,8.0,D1,8,64,0.8964323414415692,4.0,1.9084160263409866,24.849877823426386,1.596061453515024,0.13838899748967004,0.7360556555107888,0.5820881212254159,31.349982633255422,-1.4683696588159145,0.2861060556108497,0.2861060556108497,1.877021763205982,0.704326977225185,2.594140985083864,8.0,0.330865124000988,0.06384589734955469,0.2513008428165389,0.2513008428165389,0.9057786468030742,0.9997579357622989,4.0,d_kam,3.0,0.31284489701281765,0.007743362831858407,0.0,enterprise,3017,0.0,200.0,18042.0,6425.0,6425.0,6269.996526651084,3.0,904.0,801.0,3.9444140487840063,6.546844728989527,,
1.0,1.0,0.0,0.0,d_kam_delay_0,0.9990625379603603,delay=0,0.46239365708935504,0.4748824526804794,0.0,D1,8,64,3.286189264171719,7.0,1.8513475845093774,3.649067828178334,0.0,0.03314932414486139,0.7790622687353397,0.6501819254976212,38.29172437021043,0.0,0.23109409766466033,0.23109409766466033,1.2793825932124907,0.5792585962175598,1.3294990990292148,0.0,0.020206870994872634,0.0,0.18284085557647917,0.18284085557647917,0.9658709908193407,0.9990625379603603,1.0,d_kam,0.0,0.0,0.0007363770250368188,0.0,enterprise,3018,0.0,200.0,22453.0,6597.0,6597.0,7658.344874042086,0.0,1358.0,1340.0,0.5,7.940143412997713,,
1.0,1.0,0.0,0.0,d_kam_delay_2,0.9990625379603603,delay=2,0.4914680712614623,0.503337020900662,2.0,D1,8,64,3.286189264171719,7.0,1.8513475845093774,3.7835446381558633,0.040245058880447715,0.0351845331369089,0.7798811216937815,0.6514784426818209,38.50594048984931,-0.040245058880447715,0.2347166261957447,0.2347166261957447,1.2896614341199004,0.5785729656250232,1.3393982486920692,2.0,0.022007708706709615,0.0,0.18642344656725043,0.18642344656725043,0.963879171043928,0.9990625379603603,1.0,d_kam,0.0,0.0,0.0007347538574577516,0.0,enterprise,3018,0.0,200.0,22515.0,6598.0,6598.0,7701.188097969862,0.0,1361.0,1343.0,0.5,7.983785301010357,,
1.0,1.0,0.0,0.0,d_kam_delay_4,0.9990625379603603,delay=4,0.5356936395665406,0.5448364218061514,4.0,D1,8,64,3.286189264171719,7.0,1.8513475845093774,3.8384535390326824,0.2073897385799468,0.03828032291826437,0.7806579415423042,0.6527084074419816,38.52913150054519,-0.2073897385799468,0.23950847390958224,0.23950847390958224,1.303478072683206,0.5778873350324867,1.35318753203863,4.0,0.024575627193327298,0.0,0.19107150051267574,0.19107150051267574,0.9609742129805438,0.9990625379603603,1.0,d_kam,0.0,0.0,0.0007331378299120235,0.0,enterprise,3018,0.0,200.0,22577.0,6599.0,6599.0,7705.826300109038,0.0,1364.0,1346.0,0.5,7.988879463984631,,
1.0,1.0,0.0,0.0,d_kam_delay_8,0.9990625379603602,delay=8,0.6194756397609463,0.6182693996390619,8.0,D1,8,64,3.286189264171719,7.0,1.8513475845093774,5.097508280850793,0.5566418706627021,0.044145062931872786,0.7821284186748637,0.6550366629018676,39.0130644456076,-0.5566418706627021,0.24842172073773633,0.24842172073773633,1.3286611290690105,0.5765160738474137,1.386809642728249,8.0,0.03160270685666553,0.0,0.19993467661688194,0.19993467661688194,0.9558339045322399,0.9990625379603602,1.0,d_kam,0.0,0.0,0.00072992700729927,0.0,enterprise,3018,0.0,200.0,22708.0,6601.0,6601.0,7802.612889121519,0.0,1370.0,1352.0,0.5,8.085986513993703,,
4.0,4.0,0.0,0.0,d_kam_delay_0,1.0,delay=0,0.5116936568960817,0.4600352681076947,0.0,D1,8,64,0.0,4.0,1.245167048634798,9.367625633468316,1.1102230246251565e-16,0.04344430989403602,0.6756255126945183,0.48640706176632054,35.29252806532895,1.1102230246251565e-16,0.1933404799811246,0.1933404799811246,1.1773528085827993,0.7145813479649169,1.4529050792080005,0.0,0.0455560016080489,1.1102230246251565e-16,0.16065200245714734,0.16065200245714734,0.9601888452740168,1.0,4.0,d_kam,0.0,2.220446049250313e-16,0.004287245444801715,0.0,enterprise,3019,0.0,200.0,19615.0,6413.0,6413.0,7058.50561306579,0.0,933.0,873.0,2.0,7.339408056985121,,
4.0,4.0,0.0,0.0,d_kam_delay_2,0.9999999999999998,delay=2,0.4586258801689794,0.40630119332493886,2.0,D1,8,64,0.0,4.0,1.245167048634798,9.367625633468316,0.5107135561060767,0.039729565523138846,0.6363999030386771,0.42429984647790525,31.956496903585503,-0.39496032958495403,0.1850365021134404,0.1850365021134404,1.1740987597654067,0.755025234644054,1.4581621656599248,2.0,0.044924274076729824,0.05787661326056137,0.15371337249566527,0.15371337249566527,0.9639502305088098,0.9999999999999998,4.0,d_kam,0.0,0.1967804850859086,0.004944375772558714,0.0,enterprise,3019,0.0,200.0,18059.0,6380.0,6380.0,6391.299380717101,0.0,809.0,750.0,2.0,6.671431063005002,,
4.0,4.0,0.0,0.0,d_kam_delay_4,0.9999999999999998,delay=4,0.5286778473084838,0.4705704999111879,4.0,D1,8,64,0.0,4.0,1.245167048634798,9.367625633468316,0.8665263333128148,0.04463320322290414,0.6384637170486525,0.42756755199369967,31.671934430632973,-0.6414025062345114,0.19488959981986426,0.19488959981986426,1.2089036717726085,0.7528038253511791,1.4925725317402954,4.0,0.05203484512085855,0.11256191353915163,0.16361373597618897,0.16361373597618897,0.9594513790477722,0.9999999999999998,4.0,d_kam,0.0,0.38271050603311535,0.004895960832313341,0.0,enterprise,3019,0.0,200.0,18132.0,6383.0,6383.0,6334.386886126595,0.0,817.0,758.0,2.0,6.610987307009054,,
4.0,4.0,0.25,1.0,d_kam_delay_8,0.9999999999999994,delay=8,0.684621708530231,0.6059702941789219,8.0,D1,8,64,0.0,4.0,1.245167048634798,9.367625633468316,1.4739261889078095,0.05554927350842646,0.6424905391669989,0.4339433536810816,33.02370681078173,-1.0784251721962654,0.21605081349871888,0.21605081349871888,1.2900163277216947,0.7483610067654294,1.5849155544630462,8.0,0.07243456461821379,0.1977505083557719,0.1843461324659939,0.1843461324659939,0.949973393449031,0.9999999999999994,4.0,d_kam,0.0,0.627935608001154,0.004801920768307323,0.0,enterprise,3019,0.0,200.0,18278.0,6389.0,6389.0,6604.741362156346,0.0,833.0,774.0,2.0,6.885541794996243,,
4.0,4.0,0.0,0.0,d_kam_delay_0,0.9999999999999994,delay=0,0.4550090035830108,0.46704430840115435,0.0,D1,8,64,0.0,4.0,1.2332875350570034,3.9198358205952606,3.3306690738754696e-16,0.037991741108022975,0.6327984602332973,0.4185975620360542,34.68828795594163,0.0,0.1729553490030772,0.1729553490030772,1.2026694577830312,0.7404911115521733,1.34780991897723,0.0,0.021992873637360754,1.6653345369377348e-16,0.15805320673536483,0.15805320673536483,0.9610682667488433,0.9999999999999994,4.0,d_kam,0.0,4.1078251911130784e-16,0.004153686396677051,0.0,enterprise,3020,0.0,200.0,20259.0,6434.0,6434.0,6937.6575911883265,0.0,963.0,903.0,2.0,7.221239145001164,,
4.0,4.0,0.0,0.0,d_kam_delay_2,0.9999999999999994,delay=2,0.5334281227192977,0.539828701327112,2.0,D1,8,64,0.0,4.0,1.2332875350570034,5.282086885129006,0.26592160420046923,0.04348107944756307,0.6353975852243581,0.4227128432719003,34.345711436035344,-0.16126063095023563,0.18359543167676484,0.18359543167676484,1.2312782776408384,0.7381947033197683,1.376565130374514,2.0,0.027244298831734907,0.0523304866251168,0.16687717747324102,0.16687717747324102,0.9559733592440263,0.9999999999999994,4.0,d_kam,0.0,0.1316116463315958,0.004119464469618949,0.0,enterprise,3020,0.0,200.0,20395.0,6437.0,6437.0,6869.142287207069,0.0,971.0,911.0,2.0,7.14655845798552,,
4.0,4.0,0.0,0.0,d_kam_delay_4,0.9999999999999997,delay=4,0.648596702113335,0.6443176667554565,4.0,D1,8,64,0.0,4.0,1.2332875350570034,6.82668374281201,0.42682449100483355,0.051542880005145675,0.6385669818868966,0.42773105465425315,34.58688641854678,-0.20379587939139232,0.1993873169449919,0.1993873169449919,1.2707570693858798,0.7351725574397182,1.4208923457000635,4.0,0.03551195707390558,0.11151430580672061,0.17974082567017555,0.17974082567017555,0.9486591316640423,0.9999999999999997,4.0,d_kam,0.0,0.37067876865989935,0.004073319755600814,0.0,enterprise,3020,0.0,200.0,20543.0,6441.0,6441.0,6917.377283709357,0.0,982.0,922.0,2.0,7.190861944982316,,
4.0,4.0,0.25,1.0,d_kam_delay_8,0.9999999999999997,delay=8,0.9339129535907454,0.8890118696081907,8.0,D1,8,64,0.0,4.0,1.2332875350570034,8.673618184885594,0.7679082405546487,0.0715150176085644,0.6455621349253283,0.4388067136317699,35.301843974593794,-0.43532712166347626,0.23529953628098713,0.23529953628098713,1.3534783157134365,0.7284025280319726,1.5376545532213715,8.0,0.05875759077455813,0.16629055944558618,0.20652179432780549,0.20652179432780549,0.9315305374643508,0.9999999999999997,4.0,d_kam,0.0,0.5653879021149928,0.003972194637537239,0.0,enterprise,3020,0.0,200.0,20856.0,6450.0,6450.0,7060.368794918759,0.0,1007.0,947.0,2.0,7.336392347002402,,
5.0,5.0,0.0,0.0,d_kam_delay_0,1.0000000000000002,delay=0,1.5095736552021741,0.9635524822185018,0.0,D1,8,64,0.0,5.0,1.225341083978285,22.016239093521236,3.552713678800501e-16,0.1283195082869867,0.6758916915009343,0.4868285115431459,35.42241092523909,-3.552713678800501e-16,0.270122279504027,0.270122279504027,1.495670331769499,0.6839958661677632,2.3631673525922774,0.0,0.28639137006052545,0.0,0.24390253658777483,0.24390253658777483,0.9146220862448383,1.0000000000000002,3.0,d_kam,2.0,0.0,0.004409171075837742,0.0,enterprise,3021,0.0,200.0,19688.0,6494.0,6494.0,7084.482185047818,2.0,1134.0,1052.0,3.2774182229185342,7.3808064829790965,,
8.0,8.0,0.0,0.0,d_kam_delay_2,0.9999999999999994,delay=2,1.6172271338628768,1.0269357605269798,2.0,D1,8,64,0.0,3.0,1.3161677567814505,22.016239093521236,0.7848158248784914,0.13585525179323596,0.5547198053836666,0.29497302519080565,28.13335730941617,-0.6255314878531812,0.2895038969877421,0.2895038969877421,1.5381926460392834,0.7921690108794691,2.4701732482814696,2.0,0.30149159710344053,0.0796421685126551,0.2786373208323429,0.2786373208323429,0.9101852567632449,0.9999999999999994,5.0,d_kam,3.0,0.2501421552919928,0.010269576379974325,0.0,enterprise,3021,0.0,200.0,16199.0,6389.0,6389.0,5626.671461883234,3.0,779.0,666.0,5.080210750076271,5.920851773000322,,
8.0,8.0,0.0,0.0,d_kam_delay_4,1.0,delay=4,1.5061099688498103,0.9344123914027863,4.0,D1,8,64,0.0,3.0,1.3161677567814505,22.016239093521236,1.1523409100308484,0.12807705024232127,0.5461145305897278,0.28134800676706917,23.35962241020752,-1.0583612146920411,0.2799708963622553,0.2799708963622553,1.4970553827423592,0.8279940590441558,2.476408516425953,4.0,0.2976235342214587,0.04698984766940356,0.267615784324942,0.267615784324942,0.9166618926019384,1.0,5.0,d_kam,3.0,0.2056826501771359,0.012048192771084338,0.0,enterprise,3021,0.0,200.0,13657.0,6359.0,6359.0,4671.924482041504,3.0,664.0,551.0,5.080210750076271,4.9542003240203485,,
9.0,9.0,0.1111111111111111,1.0,d_kam_delay_8,1.0,delay=8,1.954585241182629,1.2462631913214124,8.0,D1,8,64,0.0,3.0,1.3161677567814505,22.016239093521236,2.286136637951942,0.15947031930561859,0.5472561678566932,0.2831555991064309,23.055555261526024,-2.0469965134993355,0.30731953704459253,0.30731953704459253,1.6244926928766106,0.8285275441955219,2.724213822554957,8.0,0.3587761449212713,0.11957006222630308,0.29556395129378343,0.29556395129378343,0.8948323366076346,1.0,5.0,d_kam,4.0,0.5551123932153852,0.013657056145675266,0.0,enterprise,3021,0.0,200.0,13428.0,6370.0,6370.0,4611.111052305205,4.0,659.0,533.0,5.7578107284304,4.917098938021809,,
3.0,3.0,0.0,0.0,d_kam_delay_0,1.0000000000000002,delay=0,1.2006814694031143,1.0635359159014532,0.0,D1,8,64,0.0,5.0,1.2284859937908794,14.374956019185403,2.220446049250313e-16,0.09872457968412623,0.6938275168008079,0.515226901601279,38.5284438348026,-7.401486830834377e-17,0.30950697773164165,0.30950697773164165,1.5337741396933098,0.6155195581184966,1.7453162873200905,0.0,0.11860509892406983,7.401486830834377e-17,0.26713115133549004,0.26713115133549004,0.912415666413914,1.0000000000000002,3.0,d_kam,0.0,1.9984014443252816e-16,0.0021536252692031586,0.0,enterprise,3022,0.0,200.0,20480.0,6552.0,6552.0,7705.68876696052,0.0,1393.0,1341.0,1.5,8.008177513023838,,
5.0,5.0,0.0,0.0,d_kam_delay_2,1.0000000000000004,delay=2,0.8772285650907953,0.76214509992937,2.0,D1,8,64,0.0,3.0,1.2157226164723092,14.374956019185403,0.3536911130791511,0.07608287638226394,0.570360897266243,0.31973808733821796,31.792516890127445,-0.26101140927069205,0.2515511848683421,0.2515511848683421,1.468184656727859,0.7562353905810498,1.7050141473939422,2.0,0.10583956755461617,0.04633985190422951,0.2254323717969473,0.2254323717969473,0.9335130235319598,1.0000000000000004,5.0,d_kam,0.0,0.18335452604071975,0.005720823798627002,0.0,enterprise,3022,0.0,200.0,16787.0,6403.0,6403.0,6358.503378025489,0.0,874.0,803.0,2.5,6.682264770002803,,
4.0,4.0,0.0,0.0,d_kam_delay_4,1.0000000000000002,delay=4,0.8863407310914211,0.7590451810775531,4.0,D1,8,64,0.0,4.0,1.2428863393177827,14.374956019185403,0.28203719719335774,0.07672072800230774,0.6024552820333401,0.3705541965527886,41.346298890712205,-0.13013060130401888,0.2708843906957137,0.2708843906957137,1.4742013733769068,0.7451511172678517,1.743941960893139,4.0,0.10905578368662645,0.07595329794466943,0.2284589607070783,0.2284589607070783,0.9337300178515869,1.0000000000000002,4.0,d_kam,0.0,0.25824121301187597,0.004219409282700422,0.0,enterprise,3022,0.0,200.0,18735.0,6416.0,6416.0,8269.259778142441,0.0,948.0,886.0,2.0,8.62450248101959,,
4.0,4.0,0.0,0.0,d_kam_delay_8,1.0000000000000002,delay=8,0.9723812058134939,0.8377076977168131,8.0,D1,8,64,0.0,4.0,1.2428863393177827,14.374956019185403,0.8732399407051439,0.08274356123285283,0.6070743414296212,0.37786770726356705,41.59707100581727,-0.44000685324477684,0.2847731362720934,0.2847731362720934,1.5191624079789312,0.7413616820470225,1.7866596429220443,8.0,0.11735785933571607,0.21661654373018352,0.24097460743246568,0.24097460743246568,0.9282236416868386,1.0000000000000002,4.0,d_kam,0.0,0.5557914204567957,0.004162330905306972,0.0,enterprise,3022,0.0,200.0,18799.0,6421.0,6421.0,8319.414201163454,0.0,961.0,899.0,2.0,8.676425321988063,,
5.0,5.0,0.0,0.0,d_kam_delay_0,0.999859107433965,delay=0,0.9730980326519171,0.77392734466002,0.0,D1,8,64,0.5143122947049826,3.0,1.5341781210770518,15.488526094220607,0.0,0.07535335017515989,0.5096136103496007,0.22355488305353455,25.164566894673044,0.0,0.24568614658016563,0.24568614658016563,2.410390078183333,0.849480993500369,2.0456094555914515,0.0,0.18746610153489052,0.0,0.24461226057191937,0.24461226057191937,0.9386938532446316,0.999859107433965,5.0,d_kam,0.0,0.0,0.009416195856873822,0.0,enterprise,3023,0.0,200.0,12747.0,6299.0,6299.0,5032.913378934609,0.0,531.0,467.0,2.5,5.353613521991065,,
5.0,5.0,0.0,0.0,d_kam_delay_2,0.999859107433965,delay=2,0.8949624353941777,0.7096753116475442,2.0,D1,8,64,0.5143122947049826,3.0,1.5341781210770518,15.488526094220607,0.4712328549621302,0.06988385836711813,0.4990342097313119,0.2068041654079105,19.684184941579588,-0.39554131341777293,0.2399295816179447,0.2399295816179447,2.3976967462475374,0.8620283294926958,2.0357460614875507,2.0,0.18469939412107636,0.037845770772178614,0.23632148406211592,0.23632148406211592,0.943191495555505,0.999859107433965,5.0,d_kam,0.0,0.12081313657835205,0.010224948875255624,0.0,enterprise,3023,0.0,200.0,11828.0,6285.0,6285.0,3936.8369883159176,0.0,489.0,425.0,2.5,4.208410233986797,,
5.0,5.0,0.0,0.0,d_kam_delay_4,0.999859107433965,delay=4,0.892578864182778,0.7118678510222055,4.0,D1,8,64,0.5143122947049826,4.0,1.4709519481415962,15.488526094220607,1.0182377948736026,0.06971700838232016,0.6278342259261557,0.4107375243830799,29.569336030253908,-0.8431923896816752,0.24327371244208001,0.24327371244208001,2.3994921064959267,0.7547674259925059,2.0163791441182806,4.0,0.18596181768026215,0.08752270259596369,0.24268736633460555,0.24268736633460555,0.9430380177992785,0.999859107433965,4.0,d_kam,1.0,0.33807091654342525,0.006702412868632708,0.0,enterprise,3023,0.0,200.0,17354.0,6371.0,6371.0,5913.8672060507815,1.0,746.0,680.0,2.7518157674688655,6.194022860989207,,
5.0,5.0,0.2,1.0,d_kam_delay_8,0.9998591074339648,delay=8,0.9125898674000954,0.7286763105608987,8.0,D1,8,64,0.5143122947049826,4.0,1.4709519481415962,15.488526094220607,2.1118493582200513,0.07111777860753238,0.6289834156168328,0.41255707472665193,29.737694470677525,-1.7737415609817855,0.24661521545933987,0.24661521545933987,2.399030385116147,0.7526122394449309,2.0250621617824565,8.0,0.1878321515446229,0.16905389861913273,0.24468240897918853,0.24468240897918853,0.94186142563157,0.9998591074339648,4.0,d_kam,1.0,0.5857058625019171,0.006648936170212766,0.0,enterprise,3023,0.0,200.0,17358.0,6373.0,6373.0,5947.538894135505,1.0,752.0,686.0,2.7518157674688655,6.230784286017297,,
6.0,6.0,0.0,0.0,d_kam_delay_0,1.0000000000000004,delay=0,1.3885348763291365,0.8401958629310549,0.0,D1,8,64,0.0,2.0,1.2311736367215216,26.221959446452964,2.590520390792032e-16,0.11881289560208837,0.5657060192994807,0.3123678638908446,18.620497320662253,3.700743415417188e-17,0.19621956259366796,0.19621956259366796,1.4716096626611692,0.8405811764420713,2.5714598654421574,0.0,0.3411024834100111,1.4802973661668753e-16,0.17142241608610814,0.17142241608610814,0.9239781370584506,1.0000000000000004,6.0,d_kam,0.0,6.661338147750939e-16,0.01263157894736842,0.0,enterprise,3024,0.0,200.0,10613.0,6268.0,6268.0,3724.0994641324505,0.0,475.0,401.0,3.0,3.997713251010282,,
6.0,6.0,0.0,0.0,d_kam_delay_2,1.0000000000000004,delay=2,1.4262965312753184,0.8662494445994671,2.0,D1,8,64,0.0,3.0,1.194075363062424,26.221959446452964,0.7106421498104772,0.12145621144832114,0.6170508202954162,0.3936637988010759,27.878737749706488,-0.47805358029532136,0.20945452413745286,0.20945452413745286,1.4944258841455649,0.7794406239941378,2.5632517167024904,2.0,0.34312503283467427,0.11629428475757786,0.1785971893692502,0.1785971893692502,0.9221543863416616,1.0000000000000004,5.0,d_kam,1.0,0.32732254257023286,0.008823529411764706,0.0,enterprise,3024,0.0,200.0,15954.0,6356.0,6356.0,5575.747549941298,1.0,680.0,600.0,3.258879132732658,5.8578552739927545,,
6.0,6.0,0.0,0.0,d_kam_delay_4,1.0000000000000007,delay=4,1.4959153353713897,0.9338058742288563,4.0,D1,8,64,0.0,3.0,1.169716916496105,26.221959446452964,1.5428821422554153,0.1263295277350461,0.6159491186917286,0.3919194379285703,28.313384554785443,-1.3906111514147659,0.22386436294289117,0.22386436294289117,1.5262020796238813,0.7760260044783763,2.5877457988936485,4.0,0.34704466953136304,0.07613549542032445,0.1926564036119607,0.1926564036119607,0.9174254362676044,1.0000000000000007,5.0,d_kam,1.0,0.29854951981445765,0.008708272859216255,0.0,enterprise,3024,0.0,200.0,16058.0,6359.0,6359.0,5662.676910957089,1.0,689.0,609.0,3.240206499815491,5.946248214022489,,
8.0,8.0,0.125,1.0,d_kam_delay_8,1.0000000000000004,delay=8,1.996483030293864,1.3056855363056552,8.0,D1,8,64,0.0,3.0,1.194075363062424,26.221959446452964,2.4831765241417423,0.16136926637961932,0.640156785273721,0.4302482433500583,29.813676809426397,-2.1473989299449574,0.25752113881054056,0.25752113881054056,1.6344468080814745,0.760641264836857,2.7835143048092563,8.0,0.39226785387902247,0.16788879709839266,0.22887263522790655,0.22887263522790655,0.8913938599222284,1.0000000000000004,5.0,d_kam,3.0,0.7549612028635045,0.0107095046854083,0.0,enterprise,3024,0.0,200.0,16924.0,6407.0,6407.0,5962.735361885279,3.0,747.0,636.0,4.740167730842029,6.244007765984861,,
4.0,4.0,0.0,0.0,d_kam_delay_0,0.9999999999999998,delay=0,0.5947118260409779,0.43802880100759356,0.0,D1,8,64,0.0,4.0,1.2528398640800416,14.383832101727677,0.0,0.05310758842935125,0.5816144292059126,0.33755617957602807,30.17317886944511,0.0,0.18038325118570384,0.18038325118570384,1.11959736867411,0.7758982366857313,1.5211649317689504,0.0,0.06729057881083579,0.0,0.150341652717536,0.150341652717536,0.9587062763463474,0.9999999999999998,4.0,d_kam,0.0,0.0,0.0051813471502590676,0.0,enterprise,3025,0.0,200.0,17602.0,6375.0,6375.0,6034.635773889022,0.0,772.0,714.0,2.0,6.314546759007499,,
4.0,4.0,0.0,0.0,d_kam_delay_2,0.9999999999999999,delay=2,0.5824448256684994,0.436943731477478,2.0,D1,8,64,0.0,4.0,1.205565068631175,14.383832101727677,0.37881068078072866,0.05224889840327775,0.6284261206190603,0.4116746909801787,30.33113045996288,-0.34657283224560986,0.16689898961063684,0.16689898961063684,1.1256309304956846,0.7392615844838776,1.495997402890739,2.0,0.06616846760128686,0.016118924267559398,0.14816272851708556,0.14816272851708556,0.9587822312134554,0.9999999999999999,4.0,d_kam,0.0,0.05480434250970193,0.00516795865633075,0.0,enterprise,3025,0.0,200.0,17464.0,6376.0,6376.0,6066.226091992576,0.0,774.0,716.0,2.0,6.35395452400553,,
4.0,4.0,0.0,0.0,d_kam_delay_4,0.9999999999999999,delay=4,1.1616992046967358,0.9881620591838427,4.0,D1,8,64,0.0,5.0,1.1906883455829247,14.383832101727677,0.9099758963658813,0.0927967049352543,0.7267223832507449,0.5673104401470127,35.5137550154177,-0.6273183429739058,0.2384762806991346,0.2384762806991346,1.3197120073620199,0.6630789611460085,1.6481496291519273,4.0,0.09292531654363552,0.14132877669598776,0.2103914889970463,0.2103914889970463,0.92019694827401,0.9999999999999999,3.0,d_kam,1.0,0.4805178407663582,0.003857280617164899,0.0,enterprise,3025,0.0,200.0,20121.0,6460.0,6460.0,7102.75100308354,1.0,1037.0,976.0,2.268307126197724,7.392357069009449,,
4.0,4.0,0.25,1.0,d_kam_delay_8,1.0000000000000002,delay=8,1.2280655091332289,1.049081882940941,8.0,D1,8,64,0.0,5.0,1.1906883455829247,14.383832101727677,1.8406529445184203,0.09744234624580883,0.7266526816066302,0.5672000792104979,37.26308208992123,-1.4972736005189007,0.25391517891812093,0.25391517891812093,1.3939904152927562,0.6622843947913453,1.7240941245305736,8.0,0.11002826521360602,0.17168967199975982,0.22543486454594286,0.22543486454594286,0.915932560611013,1.0000000000000002,3.0,d_kam,1.0,0.5837448847991832,0.0038424591738712775,0.0,enterprise,3025,0.0,200.0,20175.0,6462.0,6462.0,7452.616417984245,1.0,1041.0,980.0,2.268307126197724,7.755055859015556,,
4.0,4.0,0.0,0.0,d_kam_delay_0,0.9999999999999996,delay=0,0.5701888519577892,0.579883397137532,0.0,D1,8,64,0.0,4.0,1.1960568497845623,4.3592159998893685,5.551115123125783e-17,0.04349819265063984,0.7176767481607313,0.5529881845878247,36.32681437462452,5.551115123125783e-17,0.25014426295474623,0.25014426295474623,1.6075719816942466,0.6628985747308326,1.5294610564715174,0.0,0.05806072487112637,5.551115123125783e-17,0.21079136300191528,0.21079136300191528,0.955524606353693,0.9999999999999996,4.0,d_kam,0.0,1.8873791418627653e-16,0.00354295837023915,0.0,enterprise,3026,0.0,200.0,19938.0,6443.0,6443.0,7265.362874924904,0.0,1129.0,1067.0,2.0,7.557078255980741,,
3.0,3.0,0.0,0.0,d_kam_delay_2,0.9999999999999998,delay=2,0.49235357141474934,0.5088455063842522,2.0,D1,8,64,0.0,5.0,1.1816069609605127,4.3592159998893685,0.5980176098336497,0.03804972301262706,0.7687955199156323,0.6339262398664176,37.85994873556774,-0.5980176098336497,0.2433598233860309,0.2433598233860309,1.6415987119782176,0.6165764716358876,1.503888756380897,2.0,0.0569326691497004,0.0,0.21161742624438343,0.21161742624438343,0.9604972587064224,0.9999999999999998,3.0,d_kam,0.0,0.0,0.002338269680436477,0.0,enterprise,3026,0.0,200.0,20767.0,6483.0,6483.0,7571.989747113548,0.0,1283.0,1233.0,1.5,7.857274680020055,,
3.0,3.0,0.0,0.0,d_kam_delay_4,0.9999999999999996,delay=4,0.5878322588885584,0.6027065827087813,4.0,D1,8,64,0.0,5.0,1.1816069609605127,4.3592159998893685,1.107708315538402,0.04473323113579368,0.7698157281262772,0.6355415695332721,37.859161365486216,-1.107708315538402,0.25451134937877495,0.25451134937877495,1.6794505711231238,0.6155094592058414,1.534867779347072,4.0,0.06259277920866026,0.0,0.22350254379575418,0.22350254379575418,0.9539269833637056,0.9999999999999996,3.0,d_kam,0.0,0.0,0.002331002331002331,0.0,enterprise,3026,0.0,200.0,20841.0,6485.0,6485.0,7571.832273097243,0.0,1287.0,1237.0,1.5,7.8566029139910825,,
3.0,3.0,0.0,0.0,d_kam_delay_8,0.9999999999999996,delay=8,0.7643694693549825,0.7612163167476492,8.0,D1,8,64,0.0,5.0,1.1816069609605127,5.265929282858817,2.611248360629888,0.057090835868443365,0.7718069622303428,0.6386943568647094,37.96143884625053,-2.611248360629888,0.2768223846766518,0.2768223846766518,1.7628723555770431,0.6133754343457491,1.6178894794047178,8.0,0.07978994903565104,0.0,0.24665190592768227,0.24665190592768227,0.9428313019809846,0.9999999999999996,3.0,d_kam,0.0,0.0,0.0023166023166023165,0.0,enterprise,3026,0.0,200.0,20982.0,6489.0,6489.0,7592.287769250106,0.0,1295.0,1245.0,1.5,7.875949331006268,,
4.0,4.0,0.0,0.0,d_kam_delay_0,0.9999999999999999,delay=0,1.1727645925364079,0.7800737978274555,0.0,D1,8,64,0.0,4.0,1.2035791892356658,20.451599069212072,4.440892098500626e-16,0.10069490274844427,0.5714343773019673,0.32143776406144836,28.83102544088615,-4.440892098500626e-16,0.2233107644924865,0.2233107644924865,1.3647720919970963,0.7713587759666883,2.152746057425674,0.0,0.23454277952736724,0.0,0.17354026212978638,0.17354026212978638,0.9298673236426407,0.9999999999999999,4.0,d_kam,0.0,0.0,0.005012531328320802,0.0,enterprise,3027,0.0,200.0,17445.0,6384.0,6384.0,5766.20508817723,0.0,798.0,740.0,2.0,6.034280684019905,,
5.0,5.0,0.0,0.0,d_kam_delay_2,0.9999999999999997,delay=2,1.1742937422909914,0.7883279506774787,2.0,D1,8,64,0.0,3.0,1.2160127647761199,20.451599069212072,0.6218504242893073,0.10080194323126516,0.5086945922637266,0.2220997710842336,22.066431895509595,-0.43956538514260046,0.1986652467871943,0.1986652467871943,1.3721950362937059,0.8450441820712368,2.1591353135197346,2.0,0.23364312402750614,0.09114251957335337,0.17142479626547566,0.17142479626547566,0.929289532943139,0.9999999999999997,5.0,d_kam,0.0,0.2975857150102784,0.009191176470588236,0.0,enterprise,3027,0.0,200.0,13637.0,6312.0,6312.0,4413.286379101919,0.0,544.0,479.0,2.5,4.676237505977042,,
4.0,4.0,0.0,0.0,d_kam_delay_4,1.0000000000000002,delay=4,1.0124499374076643,0.6252032174772691,4.0,D1,8,64,0.0,4.0,1.2035791892356658,20.451599069212072,1.4651758488302358,0.08947287688943226,0.5539952345933621,0.29382578810615656,28.42413062651758,-1.2498128370939336,0.18223256022263826,0.18223256022263826,1.2678126530708032,0.7892798469269376,2.086640792022475,4.0,0.2256378882651104,0.10768150586815117,0.1414261408443446,0.1414261408443446,0.9407082642671537,1.0000000000000002,4.0,d_kam,0.0,0.2872738649664564,0.005361930294906166,0.0,enterprise,3027,0.0,200.0,17329.0,6358.0,6358.0,5684.826125303516,0.0,746.0,688.0,2.0,5.952705709991278,,
5.0,5.0,0.0,0.0,d_kam_delay_8,1.0000000000000002,delay=8,1.0474429462439014,0.6474748424012994,8.0,D1,8,64,0.0,3.0,1.2160127647761199,20.451599069212072,2.073808825247672,0.09192238750796884,0.49063995727942505,0.19351326569242286,19.448451223870507,-1.7212075365145771,0.15410685946315453,0.15410685946315453,1.2594124465361185,0.863048838776701,2.1011626821058904,8.0,0.22804245923934585,0.17630064436654744,0.13515321953317827,0.13515321953317827,0.9391492505224716,1.0000000000000002,5.0,d_kam,0.0,0.4470993690248665,0.010101010101010102,0.0,enterprise,3027,0.0,200.0,11991.0,6287.0,6287.0,3889.6902447741013,0.0,495.0,430.0,2.5,4.150538272981066,,
3.0,3.0,0.0,0.0,d_kam_delay_0,1.0000000000000007,delay=0,0.6888956504885292,0.5141730484339274,0.0,D1,8,64,0.0,6.0,1.1231207690641019,13.326991237798966,0.0,0.05966159962351638,0.705200937439498,0.5332348176125385,38.74583842945867,0.0,0.2117950515637681,0.2117950515637681,1.253337846980536,0.643007206462436,1.6006776788724677,0.0,0.09618786448342256,0.0,0.16233995663189024,0.16233995663189024,0.9532687302401697,1.0000000000000007,2.0,d_kam,1.0,0.0,0.0023715415019762848,0.0,enterprise,3028,0.0,200.0,21828.0,6507.0,6507.0,7749.167685891734,1.0,1265.0,1217.0,1.7813393896227654,8.029057317995466,,
3.0,3.0,0.0,0.0,d_kam_delay_2,1.0000000000000007,delay=2,0.7284990514249047,0.5497351790076236,2.0,D1,8,64,0.0,6.0,1.1231207690641019,13.326991237798966,0.22257628261534337,0.062433837689062646,0.7050181788002967,0.5329454497671365,38.767463550611865,-0.11648758884950065,0.2173231283548516,0.2173231283548516,1.2720294954313165,0.6430119150423158,1.6204931906931,2.0,0.10019660477162376,0.05304434688292137,0.1680145673576049,0.1680145673576049,0.950779381100011,1.0000000000000007,2.0,d_kam,1.0,0.14321973658388767,0.0023734177215189874,0.0,enterprise,3028,0.0,200.0,21862.0,6507.0,6507.0,7753.492710122373,1.0,1264.0,1216.0,1.7813393896227654,8.032574634009507,,
4.0,4.0,0.0,0.0,d_kam_delay_4,1.0000000000000007,delay=4,0.7635523695570556,0.5825265994082658,4.0,D1,8,64,0.0,5.0,1.1628103355677901,13.326991237798966,0.44739392057403393,0.06488756995831323,0.6514331916111529,0.4481025533843254,34.5611729992379,-0.1907145085978127,0.21352196674159493,0.21352196674159493,1.2901609860057153,0.7067874152315261,1.6608198615318879,4.0,0.10407057789684812,0.12833970598811062,0.17025442016155914,0.17025442016155914,0.9484839816719659,1.0000000000000007,3.0,d_kam,1.0,0.4363550003595759,0.003933136676499509,0.0,enterprise,3028,0.0,200.0,19932.0,6441.0,6441.0,6912.234599847579,1.0,1017.0,955.0,2.281339389622765,7.188739634992089,,
4.0,4.0,0.0,0.0,d_kam_delay_8,1.0000000000000007,delay=8,0.8661690322969163,0.6773788511456484,8.0,D1,8,64,0.0,5.0,1.1628103355677901,13.326991237798966,0.9859972849569638,0.07207073635010347,0.6525542026284615,0.44987748749506423,34.92639511518064,-0.6861876328005467,0.22864444597565275,0.22864444597565275,1.3444997977207627,0.7052601868103381,1.7133690102064687,8.0,0.11475193985862293,0.14990482607820854,0.18586300156827856,0.18586300156827856,0.9418443240503491,1.0000000000000007,3.0,d_kam,1.0,0.5096764086659088,0.0039177277179236044,0.0,enterprise,3028,0.0,200.0,20036.0,6443.0,6443.0,6985.279023036128,1.0,1021.0,959.0,2.281339389622765,7.265207449003356,,
4.0,4.0,0.0,0.0,d_kam_delay_0,0.9999983619981743,delay=0,0.49503492868466964,0.502330078791745,0.0,D1,8,64,0.006034334363895638,4.0,1.2313426516430355,6.09676315399748,1.6653345369377348e-16,0.038546779801026235,0.7142826915163633,0.5476142615675754,31.857335573877208,5.551115123125783e-17,0.2147898429472153,0.2147898429472153,1.2237593112524323,0.6334826176100532,1.3311877942685226,0.0,0.02111923485759804,1.1102230246251565e-16,0.18105448596270257,0.18105448596270257,0.9606952443312936,0.9999983619981743,4.0,d_kam,0.0,3.7747582837255307e-16,0.0037071362372567192,0.0,enterprise,3029,0.0,200.0,19282.0,6475.0,6475.0,6371.467114775442,0.0,1079.0,1021.0,2.0,6.645247194013791,,
4.0,4.0,0.0,0.0,d_kam_delay_2,0.9999983619981743,delay=2,0.5526668895103966,0.5590228713417019,2.0,D1,8,64,0.006034334363895638,4.0,1.2313426516430355,6.09676315399748,0.2051190946367687,0.04258101705882712,0.7156583247504161,0.5497923475214924,32.01334140976542,-0.2051190946367687,0.22646347897438318,0.22646347897438318,1.2787649856493544,0.6322248677998294,1.3614673977365592,2.0,0.026419013909221557,0.0,0.19183726645389435,0.19183726645389435,0.9567267488527966,0.9999983619981743,4.0,d_kam,0.0,0.0,0.003686635944700461,0.0,enterprise,3029,0.0,200.0,19318.0,6478.0,6478.0,6402.668281953083,0.0,1085.0,1027.0,2.0,6.676512021018425,,
4.0,4.0,0.0,0.0,d_kam_delay_4,0.9999983619981737,delay=4,0.7430676750249946,0.7218381964325443,4.0,D1,8,64,0.006034334363895638,5.0,1.2439362291625078,7.20581623797061,0.5938365042780002,0.05590907204484898,0.7511334706033892,0.6059613284553663,34.297860244405456,-0.5938365042780002,0.2565346775991692,0.2565346775991692,1.3803961284780568,0.6100510333462242,1.4597480484161045,4.0,0.04552266004962439,0.0,0.230577271550893,0.230577271550893,0.9453296760964376,0.9999983619981737,3.0,d_kam,1.0,0.0,0.003401360544217687,0.0,enterprise,3029,0.0,200.0,20309.0,6573.0,6573.0,6859.572048881091,1.0,1176.0,1116.0,2.329777358508971,7.137013370986097,,
5.0,5.0,0.0,0.0,d_kam_delay_8,0.9999999999999997,delay=8,1.0833410466945914,0.9876623063041748,8.0,D1,8,64,0.0,4.0,1.278892939156972,10.293511508507997,1.128907319512685,0.07972820806172075,0.7315873075053887,0.5750132368835322,34.50995285020326,-0.9341597659881264,0.29942970198163205,0.29942970198163205,1.5695266555454788,0.6260162158052416,1.6904047563407532,8.0,0.09681759384485117,0.09737377676227932,0.26890485381754065,0.26890485381754065,0.9267219884054236,0.9999999999999997,4.0,d_kam,1.0,0.38949510704911716,0.004344048653344918,0.0,enterprise,3029,0.0,200.0,20421.0,6573.0,6573.0,6901.9905700406525,1.0,1151.0,1081.0,2.829777358508971,7.182790763006778,,
3.0,3.0,0.0,0.0,d_kam_delay_0,1.0,delay=0,0.5245046905229468,0.4540115130856092,0.0,D1,8,64,0.0,5.0,1.2662496896629543,8.839346380862034,0.0,0.04301920200743302,0.6896345256969773,0.5085879990202139,31.17614256014349,0.0,0.23577289337070148,0.23577289337070148,1.1477367004076477,0.6855493114214931,1.4932578128985665,0.0,0.05058252599504878,0.0,0.17341356932617663,0.17341356932617663,0.961711471021908,1.0,3.0,d_kam,0.0,0.0,0.0030706243602865915,0.0,enterprise,3030,0.0,200.0,18647.0,6452.0,6452.0,6235.228512028698,0.0,977.0,930.0,1.5,6.5087868249975145,,
4.0,4.0,0.0,0.0,d_kam_delay_2,1.0000000000000002,delay=2,0.762842594067613,0.6855249528539796,2.0,D1,8,64,0.0,5.0,1.2662496896629543,8.839346380862034,0.24377687033754247,0.059702855255559635,0.6998704743223054,0.5247949176769835,33.05674011528026,-0.1845245197637293,0.267501732961925,0.267501732961925,1.243204158864371,0.6741816578019632,1.5703402534716913,2.0,0.06451637860772935,0.029626175286906586,0.20520558282671955,0.20520558282671955,0.9455055302381221,1.0000000000000002,3.0,d_kam,1.0,0.10072899597548235,0.003929273084479371,0.0,enterprise,3030,0.0,200.0,19684.0,6482.0,6482.0,6611.348023056053,1.0,1018.0,956.0,2.2720883361034865,6.885904919006862,,
4.0,4.0,0.0,0.0,d_kam_delay_4,1.0000000000000002,delay=4,0.8165351683439576,0.7343493933120341,4.0,D1,8,64,0.0,5.0,1.2662496896629543,8.839346380862034,0.3732374108347266,0.06346133545490376,0.7017480236662027,0.5277677041381541,33.404292359773535,-0.26932233063046673,0.2743564113917765,0.2743564113917765,1.2671155764142756,0.6725588982164138,1.5941832291788582,4.0,0.06938936857074098,0.05195754010212994,0.21223363462462083,0.21223363462462083,0.9420878194060583,1.0000000000000002,3.0,d_kam,1.0,0.17096776029613353,0.00390625,0.0,enterprise,3030,0.0,200.0,19767.0,6484.0,6484.0,6680.858471954707,1.0,1024.0,962.0,2.2720883361034865,6.957685041998047,,
3.0,3.0,0.0,0.0,d_kam_delay_8,1.0,delay=8,0.6658285240926443,0.5832865706774001,8.0,D1,8,64,0.0,5.0,1.2662496896629543,8.839346380862034,1.1607847419349897,0.05291187035731184,0.694882820280755,0.5168977987778621,31.579428825789364,-1.1607847419349897,0.2547814455482591,0.2547814455482591,1.215298426849987,0.6815112094215181,1.5612048274563293,8.0,0.06446843493127058,0.0,0.19265408171327386,0.19265408171327386,0.9526622169904827,1.0,3.0,d_kam,0.0,0.0,0.0030241935483870967,0.0,enterprise,3030,0.0,200.0,18750.0,6457.0,6457.0,6315.885765157873,0.0,992.0,945.0,1.5,6.591087534994585,,
17.0,17.0,0.0,0.0,d_kam_delay_0,0.9999999999999993,delay=0,20.029994971903605,5.209399762104692,0.0,D1,8,64,0.0,2.0,1.0428292108949562,298.42508195694836,0.0,1.7357576064704876,0.3263150734273355,0.24960837386708165,5.117169019213179,0.0,0.25069619896551343,0.25069619896551343,4.067700888526037,0.8551378327481367,32.50594313664337,0.0,8.717046694514881,0.0,0.25228637025233214,0.25228637025233214,0.538201198723787,0.9999999999999993,6.0,d_kam,11.0,0.0,0.04404145077720207,0.0,hpc,3001,0.0,200.0,7301.0,6352.0,6352.0,1023.4338038426358,11.0,386.0,242.0,12.17119809307141,1.2113013920024969,,
16.0,16.0,0.0,0.0,d_kam_delay_2,0.9999999999999993,delay=2,19.723400522717544,4.931569048795099,2.0,D1,8,64,0.0,2.0,1.0844741374337605,299.3055306423163,5.224309246002275,1.709697078289672,0.3319019476763815,0.2558313773623061,4.968337354512187,-4.423497178254348,0.24474019238711306,0.24474019238711306,4.091633053493001,0.8592441113659192,32.78961139809315,2.0,8.795805318901598,0.40040603387396323,0.2439913269871485,0.2439913269871485,0.5618168093551025,0.9999999999999993,6.0,d_kam,10.0,1.664400929374048,0.04113110539845758,0.0,hpc,3001,0.0,200.0,7115.0,6345.0,6345.0,993.6674709024373,10.0,389.0,254.0,13.292617568358668,1.1804083620081656,,
15.0,15.0,0.0,0.0,d_kam_delay_4,0.9999999999999999,delay=4,19.687300767212722,4.895660372250909,4.0,D1,8,64,0.0,2.0,1.1858474610382712,299.3055306423163,7.615552761794484,1.7066285990717622,0.33850465199741664,0.26318587474959776,5.002482550335117,-6.941851334652552,0.2879916495306371,0.2879916495306371,4.1663058512089775,0.8562792293308641,32.955299035563165,4.0,8.82976789318823,0.33685071357096585,0.2312934456010721,0.2312934456010721,0.5648690468613586,0.9999999999999999,6.0,d_kam,9.0,1.9110496267650974,0.039473684210526314,0.0,hpc,3001,0.0,200.0,7174.0,6334.0,6334.0,1000.4965100670233,9.0,380.0,248.0,11.685533148269553,1.1880162869929336,,
18.0,18.0,0.05555555555555555,1.0,d_kam_delay_8,1.0,delay=8,20.559048072199847,5.460940143467474,8.0,D1,8,64,0.0,2.0,1.0457018315718343,299.00074613168033,9.635333750511045,1.7807271199956676,0.3109641005901709,0.23250951798410124,4.995040730282199,-9.473326855393543,0.3059119740947419,0.3059119740947419,4.431716775650035,0.8592388313140127,33.534678260762526,8.0,8.990212250884943,0.0810034475587512,0.3031799004111308,0.3031799004111308,0.5168202663079505,1.0,6.0,d_kam,12.0,0.7239583157888856,0.04774535809018567,0.0,hpc,3001,0.0,200.0,7044.0,6369.0,6369.0,999.0081460564397,12.0,377.0,229.0,13.806606524638823,1.1868746440159157,,
18.0,18.0,0.0,0.0,d_kam_delay_0,0.9993341635193472,delay=0,12.232475817508181,3.880177686237905,0.0,D1,8,64,8.29220153260468,2.0,1.9996910813848663,244.34160082385796,4.9343245538895844e-17,1.0698680115283303,0.3719313269393038,0.3004185572343731,7.032180935202632,-4.9343245538895844e-17,0.2726324630522165,0.2726324630522165,3.2211561414087697,0.8146321545760847,16.38274166463704,0.0,4.214019968708576,0.0,0.22671564206365916,0.22671564206365916,0.652214242883303,0.9993341635193472,6.0,d_kam,12.0,0.0,0.034026465028355386,0.0,hpc,3002,0.0,200.0,10304.0,6432.0,6432.0,1406.4361870405264,12.0,529.0,310.0,16.307272031148138,1.5929714450030588,,
9.0,9.0,0.0,0.0,d_kam_delay_2,0.9996234950933629,delay=2,10.45387979109643,3.3704139029135423,2.0,D1,8,64,4.688920860544262,2.0,1.023671234587461,232.86041136125954,1.2093390276548768,0.9186873492833314,0.24120728773193945,0.15481009772121967,4.669650349533185,-1.0589513946767877,0.22736450235569966,0.22736450235569966,2.904925981060219,0.8628549244676492,13.789145942202026,2.0,3.5114996815813835,0.0751938164890446,0.1877194499769185,0.1877194499769185,0.6955441644658739,0.9996234950933629,6.0,d_kam,3.0,0.2986158159406713,0.025280898876404494,0.0,hpc,3002,0.0,200.0,6916.0,6253.0,6253.0,933.9300699066371,3.0,356.0,257.0,6.817440675111287,1.118694892997155,,
11.0,11.0,0.0,0.0,d_kam_delay_4,0.9994669693080754,delay=4,11.825827581970819,3.7856873884863034,4.0,D1,8,64,6.638263370861895,2.0,1.0811226367863396,244.34160082385796,4.285217835122943,1.0353029115076546,0.24060507493162434,0.15413931613671028,4.891494521580171,-3.9895891570027486,0.2648377078533343,0.2648377078533343,3.1698058647804275,0.860117573690177,15.971954943478163,4.0,4.111076473001978,0.14781433906009755,0.22636970494245565,0.22636970494245565,0.660245918192189,0.9994669693080754,6.0,d_kam,5.0,0.7630406214291815,0.029891304347826088,0.0,hpc,3002,0.0,200.0,7202.0,6287.0,6287.0,978.2989043160342,5.0,368.0,246.0,9.509208409706567,1.162458355014678,,
20.0,20.0,0.0,0.0,d_kam_delay_8,0.9997674956886207,delay=8,12.687794193688363,3.9421261451564455,8.0,D1,8,64,2.8955646967039868,2.0,1.1743373156528014,244.34160082385796,6.942023628078647,1.108570073503646,0.3465587972674522,0.27215707616424134,5.834276450186735,-6.851745241766392,0.2949507291155188,0.2949507291155188,3.6755000424085735,0.844051190429976,18.345621664273942,8.0,4.751861447350237,0.04513919315612771,0.274896968898918,0.274896968898918,0.646948623875227,0.9997674956886207,6.0,d_kam,14.0,0.30716707349945416,0.04716981132075472,0.0,hpc,3002,0.0,200.0,8382.0,6423.0,6423.0,1166.855290037347,14.0,424.0,231.0,18.92977229777019,1.3543922250100877,,
9.0,9.0,0.0,0.0,d_kam_delay_0,1.0,delay=0,3.437827690540398,1.8391422991146242,0.0,D1,8,64,0.0,2.0,0.9937580643592536,104.41913908968738,0.0,0.30746214309514297,0.27057594364646853,0.187522709507205,5.258628704905277,0.0,0.16954298186353217,0.16954298186353217,1.7546323429663646,0.8347652496404442,3.3835916810128874,0.0,0.6259893250519639,0.0,0.191195262516605,0.191195262516605,0.8321853136610008,1.0,6.0,d_kam,3.0,0.0,0.019271948608137045,0.0,hpc,3003,0.0,200.0,7654.0,6270.0,6270.0,1051.7257409810554,3.0,467.0,353.0,6.328195898343351,1.242263965017628,,
10.0,10.0,0.0,0.0,d_kam_delay_2,1.0000000000000002,delay=2,3.4372543905191746,1.8198635877429483,2.0,D1,8,64,0.0,2.0,0.9937580643592537,104.41913908968738,1.1124108522640879,0.307413412593339,0.27467862901694634,0.19209253232085607,5.361348749866011,-0.7633782770748458,0.16543627874174607,0.16543627874174607,1.7634140022487839,0.8347668252360307,3.4109408938408396,2.0,0.6340447945136796,0.17451628759462104,0.18638252569788377,0.18638252569788377,0.8338240041275933,1.0000000000000002,6.0,d_kam,4.0,0.9395651013687724,0.02092050209205021,0.0,hpc,3003,0.0,200.0,7798.0,6285.0,6285.0,1072.2697499732021,4.0,478.0,352.0,8.571225110536872,1.2590068499848712,,
10.0,10.0,0.0,0.0,d_kam_delay_4,1.0000000000000002,delay=4,3.4039022378246946,1.7809805841752104,4.0,D1,8,64,0.0,2.0,0.9937580643592536,104.41913908968738,1.7470503878426438,0.30457847961430823,0.2829527317920821,0.2013087359070221,5.562458010099363,-1.2615563442193165,0.19056268839658558,0.19056268839658558,1.8304560094695623,0.8301744533467058,3.528141584602585,4.0,0.659627037490182,0.2427470218116638,0.2000161349706261,0.2000161349706261,0.837129059430851,1.0000000000000002,6.0,d_kam,4.0,1.0655138590589002,0.020242914979757085,0.0,hpc,3003,0.0,200.0,8073.0,6290.0,6290.0,1112.4916020198725,4.0,494.0,368.0,7.467887787002766,1.299396707006963,,
13.0,13.0,0.0,0.0,d_kam_delay_8,0.9991934584015474,delay=8,5.324444178033264,3.0825939753806413,8.0,D1,8,64,9.972643987294628,2.0,1.284815196224053,104.41913908968738,1.7443456922960114,0.4678245445320367,0.31304309240892664,0.23482522669311137,4.9968556116800755,-1.5454113065262558,0.2761865886486109,0.2761865886486109,2.0896696039243015,0.8716171327900907,4.145575478976673,8.0,0.7917715062674401,0.0994671928848779,0.2735728795452377,0.2735728795452377,0.7264919211783893,0.9991934584015474,6.0,d_kam,7.0,0.5777699946389662,0.03412073490813648,0.0,hpc,3003,0.0,200.0,7321.0,6311.0,6311.0,999.3711223360151,7.0,381.0,259.0,9.917375013611446,1.187246546993265,,
12.0,12.0,0.0,0.0,d_kam_delay_0,0.9999999999999999,delay=0,17.754792364059544,4.945804131487166,0.0,D1,8,64,0.0,2.0,1.085007460474852,298.6770692318442,0.0,1.5430325963005656,0.3046875351418878,0.22551829409368687,4.67666078635375,0.0,0.3000468573758621,0.3000468573758621,4.4053983406887935,0.8733281738522136,31.926707174560256,0.0,8.540307086758038,0.0,0.2928356122302359,0.2928356122302359,0.5600181325618675,0.9999999999999999,6.0,d_kam,6.0,0.0,0.03498542274052478,0.0,hpc,3004,0.0,200.0,6945.0,6286.0,6286.0,935.33215727075,6.0,343.0,234.0,8.64324190339346,1.1198587929829955,,
13.0,13.0,0.0,0.0,d_kam_delay_2,0.9999999999999996,delay=2,17.31681106685511,4.637877486448169,2.0,D1,8,64,0.0,2.0,1.1039711428201153,298.6770692318442,3.158652912410415,1.5058041860381883,0.3111146131475322,0.23267716810987493,4.776119709858904,-2.6821268321764644,0.3012577006728074,0.3012577006728074,4.420643210598213,0.863408668833245,31.930229868260543,2.0,8.542552874486669,0.23826304011697522,0.2798562505254193,0.2798562505254193,0.5861918973901823,0.9999999999999996,6.0,d_kam,7.0,1.4569669548508573,0.037037037037037035,0.0,hpc,3004,0.0,200.0,7086.0,6308.0,6308.0,955.2239419717807,7.0,351.0,231.0,9.446866558572841,1.1403354419744574,,
14.0,14.0,0.0,0.0,d_kam_delay_4,0.9999999999999994,delay=4,17.609663198663405,4.897929275620417,4.0,D1,8,64,0.0,2.0,1.0822832973487178,298.6770692318442,7.576536753187372,1.5306966172418937,0.3097812735560187,0.23119201262427824,4.793842725921422,-7.473016642888465,0.3634480007080762,0.3634480007080762,4.624377959482061,0.8666272778347366,32.14051665127398,4.0,8.583213283460625,0.05176005514945329,0.32340342718552306,0.32340342718552306,0.5640874953105413,0.9999999999999994,6.0,d_kam,8.0,0.22725210504872081,0.039886039886039885,0.0,hpc,3004,0.0,200.0,7086.0,6320.0,6320.0,958.7685451842844,8.0,351.0,228.0,9.863081270364582,1.1444023980002385,,
25.0,25.0,0.08,2.0,d_kam_delay_8,0.9974852868637872,delay=8,19.70259899382249,5.740439347686099,8.0,D1,8,64,31.552847229945865,2.0,2.0062846700357184,298.6770692318442,8.888611522692509,1.7085961598304165,0.30073938217686264,0.22112059895937664,4.849359039944829,-8.402556244552265,0.3999773664675702,0.3999773664675702,5.110674630193596,0.8687508412718249,34.21911256928691,8.0,9.153948712127617,0.2430276390701223,0.38465787320299427,0.38465787320299427,0.49247413918495825,0.9974852868637872,6.0,d_kam,19.0,1.9177311094675518,0.07142857142857142,0.0,hpc,3004,0.0,200.0,7015.0,6443.0,6443.0,969.8718079889659,19.0,350.0,197.0,21.98204627877809,1.1573847440013196,,
15.0,15.0,0.0,0.0,d_kam_delay_0,0.9967708092885333,delay=0,8.438180557942802,3.487830099749303,0.0,D1,8,64,40.542778017183764,2.0,2.7632106509050356,184.8391976836582,1.4802973661668754e-17,0.7370745517454134,0.29311644741058585,0.21262970627416736,5.595801315212157,1.4802973661668754e-17,0.24825474254474145,0.24825474254474145,2.470709151250921,0.8567650361251044,8.556249997831037,0.0,2.0379950737063353,1.4802973661668754e-17,0.23512849090321886,0.23512849090321886,0.6896625901227074,0.9967708092885333,6.0,d_kam,9.0,6.661338147750916e-17,0.03807106598984772,0.0,hpc,3005,0.0,200.0,8187.0,6314.0,6314.0,1119.1602630424313,9.0,394.0,233.0,11.29149388554961,1.3066528270137496,,
17.0,17.0,0.0,0.0,d_kam_delay_2,0.998164370628467,delay=2,8.214534964085074,3.364899547803574,2.0,D1,8,64,23.046490833638643,2.0,1.724852407929462,184.8391976836582,0.9262475647968662,0.7180646762675061,0.3357164840405855,0.26008024212441455,5.717254543851595,-0.7740662060269994,0.25889423224402197,0.25889423224402197,2.546362647834591,0.8384654967704739,8.68369949002617,2.0,2.0684249873629814,0.07609067938493339,0.24132087798986965,0.24132087798986965,0.7001116870380945,0.998164370628467,6.0,d_kam,11.0,0.5739970490327897,0.035864978902953586,0.0,hpc,3005,0.0,200.0,8303.0,6372.0,6372.0,1143.450908770319,11.0,474.0,296.0,13.183024736342622,1.329288346983958,,
21.0,21.0,0.0,0.0,d_kam_delay_4,0.9978624467877564,delay=4,8.726160265539576,3.626597577507813,4.0,D1,8,64,26.83717164061154,2.0,1.9114877860338555,184.8391976836582,2.0211937931013324,0.7615528268911391,0.33824810468427885,0.262900116603776,5.921991310315207,-1.8577554662646478,0.30411815437027684,0.30411815437027684,2.781409522414927,0.8343521934409063,9.28254415708598,4.0,2.223578864767985,0.0817191634183423,0.2849337798254872,0.2849337798254872,0.6778673545132342,0.9978624467877564,6.0,d_kam,15.0,0.8127930320417995,0.043209876543209874,0.0,hpc,3005,0.0,200.0,8521.0,6428.0,6428.0,1184.3982620630413,15.0,486.0,286.0,17.64832463504902,1.3722555629792623,,
17.0,17.0,0.0,0.0,d_kam_delay_8,0.9990142295996151,delay=8,10.890798767415678,4.276561104048204,8.0,D1,8,64,12.376435487939887,2.0,1.3038013558070842,184.8391976836582,4.633841929683334,0.9455470995506075,0.3455116729481273,0.27099072481845865,6.3601309462683275,-4.425644811108907,0.28474513935451323,0.28474513935451323,3.064096556959944,0.8419292778768218,11.383936535784676,8.0,2.812408099724802,0.1040985592872133,0.3025022237374171,0.3025022237374171,0.6226204547573009,0.9990142295996151,6.0,d_kam,11.0,0.5403407771692484,0.037199124726477024,0.0,hpc,3005,0.0,200.0,9082.0,6356.0,6356.0,1272.0261892536655,11.0,457.0,281.0,13.709279826549485,1.4600447739940137,,
17.0,17.0,0.0,0.0,d_kam_delay_0,0.9986573444320753,delay=0,11.098694957050183,3.8966607076270643,0.0,D1,8,64,16.685805556163444,2.0,1.3436088454507102,236.20853559588693,0.0,0.9720811759885318,0.34473518720792384,0.2701258273355588,5.116971059032949,0.0,0.28900968822301826,0.28900968822301826,3.1871648672152704,0.8522361286499077,17.312953786126187,0.0,4.46342226601462,0.0,0.27840655623505867,0.27840655623505867,0.6508908975421208,0.9986573444320753,6.0,d_kam,11.0,0.0,0.04509283819628647,0.0,hpc,3006,0.0,200.0,7563.0,6360.0,6360.0,1023.3942118065897,11.0,377.0,228.0,14.412080123702669,1.2079395779874176,,
15.0,15.0,0.0,0.0,d_kam_delay_2,0.9999999999999996,delay=2,9.971971525711538,3.0642434502457014,2.0,D1,8,64,0.0,2.0,1.1739131392440905,236.24588279844386,3.2115995770507766,0.876309684324747,0.34651040112562,0.27210316957061637,6.127071520313621,-2.625475362740545,0.2825652330402019,0.2825652330402019,3.0804124608934047,0.8245092607885082,17.2023019644838,2.0,4.441616378364239,0.2930621071551158,0.22949487834774157,0.22949487834774157,0.7216463644195366,0.9999999999999996,6.0,d_kam,9.0,1.3194750851943922,0.03260869565217391,0.0,hpc,3006,0.0,200.0,9005.0,6360.0,6360.0,1225.414304062724,9.0,460.0,292.0,12.177426648048364,1.4131577420048416,,
26.0,26.0,0.0,0.0,d_kam_delay_4,0.9973567073259235,delay=4,12.526864361499555,4.828618840709563,4.0,D1,8,64,32.84942813429782,2.0,2.438507630732358,236.15539255355546,2.6108317942789787,1.0934755753667285,0.35102434415230294,0.27713107640726814,5.120393219403923,-2.0578741039093447,0.3750595028422001,0.3750595028422001,3.5162862799674666,0.8212447620350971,18.042081379658736,4.0,4.649954955612743,0.27647884518481686,0.3766236141483928,0.3766236141483928,0.5716744562301084,0.9973567073259235,6.0,d_kam,20.0,0.4420999745427591,0.06103286384976526,0.0,hpc,3006,0.0,200.0,7422.0,6409.0,6409.0,1024.0786438807845,20.0,426.0,245.0,24.348227002433816,1.2087061069905758,,
19.0,19.0,0.0,0.0,d_kam_delay_8,0.998454870173394,delay=8,11.694089321077767,4.0989489232415455,8.0,D1,8,64,19.20204739151123,2.0,2.226912656379161,236.27769668675666,6.085997089116165,1.0226896969308763,0.40713502214664904,0.339630593975228,6.1518801903002895,-5.6339935982863105,0.2991655972777665,0.2991655972777665,3.367533010910927,0.7711370728300565,18.007254993070212,8.0,4.665934769071639,0.22600174541492732,0.3102982037379533,0.3102982037379533,0.6336963992148898,0.998454870173394,6.0,d_kam,13.0,1.5491832158818721,0.03625954198473282,0.0,hpc,3006,0.0,200.0,9008.0,6392.0,6392.0,1230.376038060058,13.0,524.0,331.0,16.532774718442184,1.4167402210005093,,
19.0,19.0,0.0,0.0,d_kam_delay_0,0.9998580937504913,delay=0,23.818565945709274,5.119353695475776,0.0,D1,8,64,1.729192740971761,2.0,1.0895636826050212,380.35208099903883,1.495879443705474e-15,2.0697057707277557,0.3218162160653194,0.24459727036978648,5.67201989935711,1.495879443705474e-15,0.312289592665688,0.312289592665688,4.908151314366473,0.8371058848474381,44.5345216397235,0.0,12.062815034126038,1.495879443705474e-15,0.2365619296221076,0.2365619296221076,0.5423480968169387,0.9998580937504913,6.0,d_kam,13.0,2.84217094304034e-15,0.0389344262295082,0.0,hpc,3007,0.0,200.0,8095.0,6395.0,6395.0,1134.403979871422,13.0,488.0,308.0,16.355572255762215,1.3208146699762437,,
16.0,16.0,0.0,0.0,d_kam_delay_2,0.9998067912829854,delay=2,23.715836484207827,5.162272615172275,2.0,D1,8,64,2.3543368393602355,2.0,1.0536012704070328,380.35208099903883,3.2097539237561694,2.060973766500133,0.312760344819333,0.23451028507103922,5.173620240675518,-2.7543276186957977,0.27905223521095396,0.27905223521095396,4.806166556166726,0.8490771852379663,44.180175747404746,2.0,11.971452376819604,0.22771315253018568,0.24228396654915907,0.24228396654915907,0.5386999886427365,0.9998067912829854,6.0,d_kam,10.0,1.4492094693215591,0.0387409200968523,0.0,hpc,3007,0.0,200.0,7390.0,6337.0,6337.0,1034.7240481351037,10.0,413.0,261.0,13.101820377741259,1.2232884200057015,,
32.0,32.0,0.0,0.0,d_kam_delay_4,0.9978174992424226,delay=4,26.93641248380963,6.6642715048089265,4.0,D1,8,64,26.594772818233007,2.0,1.914698638564733,383.2895790216867,3.5580003570635923,2.3347227264662855,0.37351667062910265,0.3021844103541984,7.882359164796071,-3.368969246006876,0.3595604960228569,0.3595604960228569,5.450904185697692,0.7914050938323143,48.02390098127139,4.0,13.027073212923675,0.09451555552835804,0.3400115159464944,0.3400115159464944,0.411030083023621,0.9978174992424226,6.0,d_kam,26.0,0.44583477930455795,0.053156146179401995,0.0,hpc,3007,0.0,200.0,11153.0,6584.0,6584.0,1576.4718329592142,26.0,602.0,286.0,32.4896641086451,1.7641832270019222,,
26.0,26.0,0.038461538461538464,1.0,d_kam_delay_8,0.9998116070525657,delay=8,27.27428674718637,6.090765838396117,8.0,D1,8,64,2.2956544780900128,2.0,1.0613439578851227,393.81430682723067,6.44679323016111,2.3634420388533086,0.3056561141039907,0.2265971567989995,5.283607161254622,-6.3193860580473515,0.32795135013565885,0.32795135013565885,5.488745533086233,0.8605805131304137,50.807115162692355,8.0,13.805450523147034,0.06370358605687965,0.30565822093998135,0.30565822093998135,0.45977806466870985,0.9998116070525657,6.0,d_kam,20.0,0.4971756880161158,0.0663265306122449,0.0,hpc,3007,0.0,200.0,7483.0,6456.0,6456.0,1056.7214322509244,20.0,392.0,212.0,23.672897195936738,1.2431893199973274,,
11.0,11.0,0.0,0.0,d_kam_delay_0,0.9999999999999992,delay=0,4.543456669038996,1.9452729863463523,0.0,D1,8,64,0.0,2.0,1.0950629045940767,150.3342982014289,8.074349270001139e-17,0.4040271403699527,0.26783414684735124,0.18446872792402985,5.114729299093597,-8.074349270001139e-17,0.25140493545214265,0.25140493545214265,2.193584008500662,0.8405262374946818,6.602220468270555,0.0,1.500422665920812,0.0,0.20252234880502548,0.20252234880502548,0.8216011761836262,0.9999999999999992,6.0,d_kam,5.0,0.0,0.024886877828054297,0.0,hpc,3008,0.0,200.0,7549.0,6297.0,6297.0,1022.9458598187193,5.0,442.0,331.0,7.745309667103376,1.207429243979277,,
14.0,14.0,0.0,0.0,d_kam_delay_2,1.0,delay=2,4.842391500188562,2.1909669932904476,2.0,D1,8,64,0.0,2.0,1.081443799220835,150.3342982014289,1.4977777200956541,0.4294366010176657,0.288713619558942,0.20772556634040565,5.113101479073521,-1.1192328031398424,0.2865492834495914,0.2865492834495914,2.3480821488548593,0.8640868897299915,6.764662955432559,2.0,1.5259827125883474,0.18927245847790605,0.2637685989303225,0.2637685989303225,0.8007171855933781,1.0,6.0,d_kam,8.0,1.0713894857872084,0.038356164383561646,0.0,hpc,3008,0.0,200.0,7559.0,6327.0,6327.0,1022.6202958147041,8.0,365.0,240.0,10.961704598118722,1.2080717410135549,,
20.0,20.0,0.0,0.0,d_kam_delay_4,1.0000000000000002,delay=4,5.607663355961628,2.6471026216382953,4.0,D1,8,64,0.0,2.0,1.0890351113507006,150.3342982014289,4.0825466300797695,0.4944847087583763,0.3051749241846092,0.22606117792840127,5.485490320570534,-3.675147081948256,0.3583448652098982,0.3583448652098982,2.62617279218823,0.8582849259332099,7.766795686370093,4.0,1.784316163276019,0.20369977406575607,0.30143709449215583,0.30143709449215583,0.761945657183811,1.0000000000000002,6.0,d_kam,14.0,1.1312381651987125,0.05154639175257732,0.0,hpc,3008,0.0,200.0,8040.0,6412.0,6412.0,1097.0980641141068,14.0,388.0,210.0,19.378131431695838,1.283773189992644,,
12.0,12.0,0.0,0.0,d_kam_delay_8,1.0000000000000002,delay=8,5.056617483815825,2.2807558336930795,8.0,D1,8,64,0.0,2.0,1.0445954160685194,150.3342982014289,6.504001028974861,0.447645809625983,0.3103516204997284,0.23182730006157862,4.9954481614986435,-6.350363183967944,0.3317273436881404,0.3317273436881404,2.539322698520676,0.8580577207252966,7.212279736525088,8.0,1.63639300792266,0.0768189225034579,0.29106576322841016,0.29106576322841016,0.7930851341591544,1.0000000000000002,6.0,d_kam,6.0,0.42745570915601144,0.03305785123966942,0.0,hpc,3008,0.0,200.0,7396.0,6307.0,6307.0,999.0896322997287,6.0,363.0,249.0,9.410106517014745,1.1861368649988435,,
13.0,13.0,0.0,0.0,d_kam_delay_0,1.0000000000000002,delay=0,6.387713221039623,3.0994439058721204,0.0,D1,8,64,0.0,2.0,1.0827333580222542,148.21723972955883,5.124106267500723e-17,0.5606127763917891,0.3678488173020108,0.29587120739085354,6.25562648914638,5.124106267500723e-17,0.2590252728931674,0.2590252728931674,2.2882222167720996,0.78111780113777,6.8516524368244465,0.0,1.5672581041307074,5.124106267500723e-17,0.276325118136402,0.276325118136402,0.7235027060552042,1.0000000000000002,6.0,d_kam,7.0,3.108624468950435e-16,0.023131672597864767,0.0,hpc,3009,0.0,200.0,9148.0,6329.0,6329.0,1251.125297829276,7.0,562.0,412.0,10.077987696701381,1.4375373290095013,,
19.0,19.0,0.0,0.0,d_kam_delay_2,0.9981103694865736,delay=2,6.21357862738826,2.93343480942083,2.0,D1,8,64,21.69647464645944,2.0,1.6224473028252457,148.21723972955883,1.1786956912778117,0.5458113359314233,0.3557854266507349,0.28243426235849184,7.584855985624017,-0.9221895159649124,0.3232445682984957,0.3232445682984957,2.4029653636844266,0.787740462916319,7.063165124524578,2.0,1.6083944531016081,0.12825308765644958,0.30837397972810376,0.30837397972810376,0.7376134792535638,0.9981103694865736,6.0,d_kam,13.0,0.7684178419776375,0.029185867895545316,0.0,hpc,3009,0.0,200.0,10740.0,6458.0,6458.0,1516.9711971248034,13.0,651.0,419.0,16.58740733216129,1.7060367689991836,,
19.0,19.0,0.0,0.0,d_kam_delay_4,0.9981103694865734,delay=4,6.188090123887419,2.9198690872191273,4.0,D1,8,64,21.69647464645944,2.0,1.6224473028252457,148.21723972955883,1.7338935716126007,0.5436448131338518,0.3408164615284372,0.2657609101183087,6.865647016238654,-1.5181527353287385,0.37809938334413923,0.37809938334413923,2.5292565017752637,0.8017102162131491,7.264689804195764,4.0,1.6480783803907864,0.10787041814193095,0.32590043466677654,0.32590043466677654,0.7387665656407085,0.9981103694865734,6.0,d_kam,13.0,0.7165966210429041,0.03171953255425709,0.0,hpc,3009,0.0,200.0,9751.0,6444.0,6444.0,1373.1294032477308,13.0,599.0,368.0,16.435649934615515,1.5621703910001088,,
25.0,25.0,0.0,0.0,d_kam_delay_8,0.9978645967256176,delay=8,8.229007023379799,4.016809483907564,8.0,D1,8,64,24.518403292819805,2.0,3.743176186952303,148.21723972955883,2.0126251357359415,0.7171227495907041,0.41280715143543456,0.34594855976719185,6.361462860222673,-1.5832070136971717,0.38861578499519,0.38861578499519,2.7579013425020067,0.7786480094786933,8.236035087037346,8.0,1.9103666546489633,0.21470906101938497,0.36776754466599526,0.36776754466599526,0.6455266319221914,0.9978645967256176,6.0,d_kam,19.0,0.9193610669655993,0.04512635379061372,0.0,hpc,3009,0.0,200.0,9077.0,6484.0,6484.0,1272.2925720445346,19.0,554.0,336.0,21.931224767384567,1.4600725659984164,,
21.0,21.0,0.0,0.0,d_kam_delay_0,0.9986122762776832,delay=0,17.172375017236195,5.136769246314822,0.0,D1,8,64,17.917210406919477,2.0,2.2767378188238574,300.0578017767159,0.0,1.4971001430265962,0.42361913278267055,0.3579916082975291,5.080476689909119,0.0,0.2751420830821348,0.2751420830821348,3.5259486215261377,0.8064472884033062,24.042293305056983,0.0,6.344730465115823,0.0,0.2810358750441848,0.2810358750441848,0.5426323607763721,0.9986122762776832,6.0,d_kam,15.0,0.0,0.04895104895104895,0.0,hpc,3010,0.0,200.0,7185.0,6395.0,6395.0,1016.0953379818238,15.0,429.0,274.0,18.080023553144517,1.2006764489924535,,
15.0,15.0,0.0,0.0,d_kam_delay_2,0.9988471985125035,delay=2,16.494669714098308,4.75080836808806,2.0,D1,8,64,14.884077051305765,2.0,1.3212458558002553,300.0578017767159,1.638005070173405,1.4394951922598758,0.2928595570196735,0.21234356598726,5.14812045454164,-1.348235000779745,0.26667611826063903,0.26667611826063903,3.466267193718439,0.8690233906026712,23.734816497823086,2.0,6.266266279225253,0.14488503469682995,0.25860228618529163,0.25860228618529163,0.5754390354256469,0.9988471985125035,6.0,d_kam,9.0,0.9636538804138496,0.039473684210526314,0.0,hpc,3010,0.0,200.0,7703.0,6336.0,6336.0,1029.624090908328,9.0,380.0,244.0,10.471511334721018,1.2132283039973117,,
17.0,17.0,0.0,0.0,d_kam_delay_4,0.9997714174176847,delay=4,16.264723403559543,4.38422403352715,4.0,D1,8,64,2.951280688549777,2.0,1.0512987977615234,300.0578017767159,3.7351278207159218,1.4199497558640808,0.29559038689432937,0.21538533193675302,5.350508895062376,-3.5158803451751925,0.22717469503472848,0.22717469503472848,3.436087803080345,0.862087084065391,24.150753592758424,4.0,6.394768459647662,0.10962373777036467,0.23934076324771836,0.23934076324771836,0.6065987038633245,0.9997714174176847,6.0,d_kam,11.0,0.5190392974441349,0.043478260869565216,0.0,hpc,3010,0.0,200.0,7966.0,6372.0,6372.0,1070.1017790124752,11.0,391.0,233.0,14.263845525412721,1.2546312129998114,,
17.0,17.0,0.0,0.0,d_kam_delay_8,0.9989916428646107,delay=8,17.04797332038754,4.91960846108183,8.0,D1,8,64,13.019123813726047,2.0,1.2698659717835226,300.0578017767159,8.03863224072733,1.4865259987944603,0.28587929492969993,0.2045685215801113,5.33932699036086,-7.957873795361146,0.2991410095123678,0.2991410095123678,3.756973935718529,0.8647358882956695,25.256861465488463,8.0,6.6843039238337845,0.04037922268309243,0.3038827848148474,0.3038827848148474,0.5610910275211767,0.9989916428646107,6.0,d_kam,11.0,0.20578980992621795,0.043256997455470736,0.0,hpc,3010,0.0,200.0,7968.0,6364.0,6364.0,1067.865398072172,11.0,393.0,244.0,12.992467954173721,1.2516381199820898,,
11.0,11.0,0.0,0.0,d_kam_delay_0,0.9999999999999999,delay=0,10.163524454188934,3.3757957518631123,0.0,D1,8,64,0.0,2.0,1.0844514904616536,205.14722009375166,0.0,0.8879212613622051,0.3298348903906912,0.2535289620688392,5.402601864770986,0.0,0.2649300596834436,0.2649300596834436,3.160990876602918,0.8338133479949283,15.609984787495923,0.0,4.002378402668096,0.0,0.24323494982698515,0.24323494982698515,0.6975644506357047,0.9999999999999999,6.0,d_kam,5.0,0.0,0.024282560706401765,0.0,hpc,3011,0.0,200.0,7381.0,6285.0,6285.0,1080.5203729541972,5.0,453.0,316.0,8.956602167188011,1.2764236119983252,,
13.0,13.0,0.0,0.0,d_kam_delay_2,0.9999999999999999,delay=2,10.215611709409957,3.3342083230763193,2.0,D1,8,64,0.0,2.0,1.0827241023627294,205.14722009375166,4.029198205450034,0.8923486780559919,0.32670963341206255,0.25004785899858445,5.106298785685794,-3.7613515546629133,0.28251996793099976,0.28251996793099976,3.202366649965516,0.8345510650581173,15.775435930963113,2.0,4.043916481619952,0.13392332539356033,0.2487824415524197,0.2487824415524197,0.7010993820825822,0.9999999999999999,6.0,d_kam,7.0,0.6685599047727895,0.028824833702882482,0.0,hpc,3011,0.0,200.0,7369.0,6304.0,6304.0,1021.2597571371589,7.0,451.0,312.0,11.98861024775783,1.2080448620254174,,
16.0,16.0,0.0,0.0,d_kam_delay_4,0.9998589349301804,delay=4,10.527563527356193,3.549281229879686,4.0,D1,8,64,1.6852336960245131,2.0,1.0333270532450531,205.14722009375166,4.4191579997990065,0.918864582581422,0.30284427326105834,0.22346515586008978,4.906141370738624,-4.134494949060065,0.2703840453662729,0.2703840453662729,3.287004318719521,0.8436519698041871,15.928982227135968,4.0,4.09162143496982,0.1423315253694708,0.27774812756936645,0.27774812756936645,0.6828181850042959,0.9998589349301804,6.0,d_kam,10.0,0.6123457159795063,0.03695150115473441,0.0,hpc,3011,0.0,200.0,7095.0,6335.0,6335.0,981.2282741477247,10.0,433.0,296.0,14.013868108942534,1.1668991470069159,,
17.0,17.0,0.058823529411764705,1.0,d_kam_delay_8,0.9998397768261476,delay=8,11.423872452243232,4.083740975937675,8.0,D1,8,64,1.9141059640439855,2.0,1.0351034373019767,205.14722009375166,8.043744924094105,0.9950508411968204,0.3067205055515638,0.2277827413321874,4.931604320008773,-7.647052210201177,0.3504175365444911,0.3504175365444911,3.5680653425375444,0.8481244281039484,16.564399057511423,8.0,4.244726462483547,0.19834635694646383,0.32693001348487427,0.32693001348487427,0.6373891065893668,0.9998397768261476,6.0,d_kam,11.0,1.0207087360993117,0.039627039627039624,0.0,hpc,3011,0.0,200.0,7091.0,6347.0,6347.0,986.3208640017547,11.0,429.0,289.0,15.521250723884732,1.1738427800009958,,
15.0,15.0,0.0,0.0,d_kam_delay_0,1.0000000000000002,delay=0,10.985980833597369,4.047040696045281,0.0,D1,8,64,0.0,2.0,1.104885267706848,196.10904935607533,5.921189464667501e-17,0.9614793343379908,0.38323222098428245,0.3130061867399186,4.895047428144608,-5.921189464667501e-17,0.29958462420724097,0.29958462420724097,3.1680645541001518,0.8007006979527017,15.63595979024466,0.0,3.999884213840798,0.0,0.2780703389233351,0.2780703389233351,0.6385586456807486,1.0000000000000002,6.0,d_kam,9.0,0.0,0.0351288056206089,0.0,hpc,3012,0.0,200.0,7062.0,6296.0,6296.0,979.0094856289215,9.0,427.0,300.0,12.778849863610937,1.165722398989601,,
15.0,15.0,0.0,0.0,d_kam_delay_2,0.9997459547163822,delay=2,10.367886458968758,3.4643424796485496,2.0,D1,8,64,2.8440743482733817,2.0,1.006328718687967,196.10904935607533,2.9636964067910045,0.9089413124945591,0.31942928150308747,0.2419385561296766,5.7147847044689115,-2.154500405683005,0.2878043190831738,0.2878043190831738,3.263315459336281,0.8084341553078846,16.026652092600706,2.0,4.120798476140233,0.40459800055399975,0.2413318303200248,0.2413318303200248,0.6880879940744709,0.9997459547163822,6.0,d_kam,9.0,2.2934723127778462,0.031055900621118012,0.0,hpc,3012,0.0,200.0,8004.0,6345.0,6345.0,1142.9569408937823,9.0,483.0,314.0,13.718374121582743,1.338253450987395,,
22.0,22.0,0.045454545454545456,1.0,d_kam_delay_4,0.9997994340557329,delay=4,11.611315083345744,4.2590402406087735,4.0,D1,8,64,2.24536527150861,2.0,1.0298384764251851,196.10904935607533,4.097355692679819,1.0146327455666027,0.31528275119637117,0.23731989613457188,6.280209705146262,-3.835804757601454,0.3144411897620043,0.3144411897620043,3.61035030372838,0.8167192202456691,16.885426430074617,4.0,4.35137778334072,0.13077546753918218,0.3269327745098303,0.3269327745098303,0.6205386843928519,0.9997994340557329,6.0,d_kam,16.0,0.7978619816773669,0.04007285974499089,0.0,hpc,3012,0.0,200.0,8930.0,6467.0,6467.0,1256.0419410292525,16.0,549.0,296.0,20.36269185510552,1.4430595889862161,,
17.0,17.0,0.11764705882352941,2.0,d_kam_delay_8,0.9997283309150028,delay=8,11.383583639638458,3.782928687163177,8.0,D1,8,64,3.04137539912866,2.0,1.0224967096491433,196.10904935607533,8.85761016641013,0.9952755728514834,0.2651156031873479,0.18144064711462016,5.727814024867257,-8.437686161067877,0.31196851519828395,0.31196851519828395,3.642944059293135,0.8402019499564258,17.710583816272354,8.0,4.584466216644094,0.20996200267112639,0.31066318518974073,0.31066318518974073,0.6610081664357275,0.9997283309150028,6.0,d_kam,11.0,1.515922897744478,0.03854875283446712,0.0,hpc,3012,0.0,200.0,8247.0,6377.0,6377.0,1145.5628049734514,11.0,441.0,252.0,15.388877787693426,1.3322965129918884,,
10.0,10.0,0.0,0.0,d_kam_delay_0,0.9999999999999994,delay=0,7.140220113545382,2.7118697368299576,0.0,D1,8,64,0.0,2.0,1.0859302260406116,179.36820271838374,0.0,0.6283088740035143,0.26540248410397244,0.1817601926900683,4.909573731420096,0.0,0.25126598886295853,0.25126598886295853,2.3832074445116547,0.8507343312937985,8.878830649362422,0.0,2.133580760282362,0.0,0.18227489351252998,0.18227489351252998,0.7547059215971876,0.9999999999999994,6.0,d_kam,4.0,0.0,0.026455026455026454,0.0,hpc,3013,0.0,200.0,7331.0,6272.0,6272.0,981.9147462840192,4.0,378.0,256.0,6.670211746216074,1.1655613470065873,,
23.0,23.0,0.0,0.0,d_kam_delay_2,0.999999999999999,delay=2,9.548307325596149,4.150284843219029,2.0,D1,8,64,0.0,2.0,1.1494175053975102,186.27609148367475,1.3860066352952587,0.8329962870278296,0.4475710673306475,0.38467074331384005,5.123994155146647,-0.9909660930042873,0.3316863725905158,0.3316863725905158,2.816419348088297,0.8042540274478206,10.103862217331,2.0,2.4350023397799534,0.1975202711454857,0.3048602491934119,0.3048602491934119,0.6324406375541167,0.999999999999999,6.0,d_kam,17.0,1.2390676137829035,0.05203619909502263,0.0,hpc,3013,0.0,200.0,7401.0,6427.0,6427.0,1024.7988310293294,17.0,442.0,275.0,18.958108864140176,1.2103921810048632,,
25.0,25.0,0.0,0.0,d_kam_delay_4,0.9999999999999997,delay=4,9.893287977603359,4.361040569552722,4.0,D1,8,64,0.0,2.0,1.1537851413050275,179.36820271838374,2.368578451392091,0.8623196424484422,0.44143139710781887,0.3778320017290062,5.38952047310886,-2.00614637922306,0.3492986903165128,0.3492986903165128,2.972215723338488,0.8009823012233196,10.459124962999635,4.0,2.5311319128491814,0.1812160360845155,0.33232818861776997,0.33232818861776997,0.6145264008157528,0.9999999999999997,6.0,d_kam,19.0,0.5878293196137541,0.05422993492407809,0.0,hpc,3013,0.0,200.0,7793.0,6457.0,6457.0,1077.904094621772,19.0,461.0,272.0,21.1556032297158,1.2642453539883718,,
50.0,50.0,0.1,5.0,d_kam_delay_8,0.9960294014865247,delay=8,16.677516006402033,6.644089042674357,8.0,D1,8,64,48.635560334650535,2.0,5.896567200597146,179.36820271838374,2.188934318111171,1.4389790248963295,0.3788133498585256,0.30808417682261513,4.942737745877821,-1.6110410451236146,0.48818481400116787,0.48818481400116787,3.9093884482799446,0.7960424168593769,16.484431330449976,8.0,4.185416178230871,0.28894663649377794,0.4760700894356617,0.4760700894356617,0.4204672806004139,0.9960294014865247,6.0,d_kam,44.0,1.229460681268456,0.11764705882352941,0.0,hpc,3013,0.0,200.0,6938.0,6740.0,6740.0,988.5475491755642,44.0,425.0,160.0,48.167232876340115,1.1729726009943988,,
16.0,16.0,0.0,0.0,d_kam_delay_0,0.9999813978821996,delay=0,18.035432873175544,4.932549850296593,0.0,D1,8,64,0.22363402583124614,2.0,1.1686150027573956,285.02323424853796,0.0,1.5695881896802724,0.3236038658387065,0.24658846442430182,5.480904756259406,0.0,0.23499396977903678,0.23499396977903678,3.7070716393961782,0.8487903781703963,24.472761464855235,0.0,6.481400452859033,0.0,0.19601186591216788,0.19601186591216788,0.5603580282661382,0.9999813978821996,6.0,d_kam,10.0,0.0,0.041025641025641026,0.0,hpc,3014,0.0,200.0,8044.0,6331.0,6331.0,1096.1809512518812,10.0,390.0,225.0,15.920721649999269,1.2811714709969237,,
24.0,24.0,0.0,0.0,d_kam_delay_2,0.9998640627648231,delay=2,18.735312271816056,5.238985758749315,2.0,D1,8,64,1.6342328055654418,2.0,1.021638570882783,285.02323424853796,0.9436128335162834,1.6290779385647158,0.37531771665384134,0.30419052597581336,7.728536076028831,-0.8771415299216235,0.2581990942542699,0.2581990942542699,3.90568235819709,0.8061295050186911,25.09918317524929,2.0,6.652600567173197,0.033235651797329895,0.2374587287330876,0.2374587287330876,0.5343109760476568,0.9998640627648231,6.0,d_kam,18.0,0.13877371240378458,0.04363636363636364,0.0,hpc,3014,0.0,200.0,11188.0,6464.0,6464.0,1545.7072152057663,18.0,550.0,294.0,21.741113180107945,1.7326939289923757,,
25.0,25.0,0.0,0.0,d_kam_delay_4,0.9999999999999997,delay=4,19.030971996997962,5.451769175476054,4.0,D1,8,64,0.0,2.0,1.101341200147781,285.02323424853796,2.617954097988125,1.6542090152051783,0.43608452226852035,0.3718763243089954,7.214405514241662,-2.3694125176758725,0.27917393022646564,0.27917393022646564,3.9554969733674943,0.7711074304888504,25.193728314074573,4.0,6.672438783975053,0.12427079015612628,0.24828525558397044,0.24828525558397044,0.516224385625884,0.9999999999999997,6.0,d_kam,19.0,0.107361727977284,0.04440497335701599,0.0,hpc,3014,0.0,200.0,10495.0,6445.0,6445.0,1442.8811028483324,19.0,563.0,334.0,24.180178415393602,1.6286834049969912,,
41.0,41.0,0.0975609756097561,4.0,d_kam_delay_8,0.9999053130527239,delay=8,21.78568990740339,6.072486421474813,8.0,D1,8,64,1.1383232511460988,2.0,1.0610350152187678,285.02323424853796,4.3777203242215785,1.888360037589639,0.4542718624627252,0.39213450026788693,7.858217884495389,-4.07466804210393,0.35933545272887785,0.35933545272887785,4.766684600833296,0.7675036243088393,30.733499502174045,8.0,8.193974345631522,0.15152614105882442,0.3568919141859719,0.3568919141859719,0.46346341971598953,0.9999053130527239,6.0,d_kam,35.0,1.0508411609457262,0.06416275430359937,0.0,hpc,3014,0.0,200.0,10912.0,6625.0,6625.0,1571.6435768990777,35.0,639.0,231.0,44.194123754387505,1.762762427009875,,
14.0,14.0,0.0,0.0,d_kam_delay_0,0.9983404584768724,delay=0,14.768029979700785,4.377069293690555,0.0,D1,8,64,20.151039780365902,2.0,1.5846301697942935,267.39300316197364,0.0,1.2838650817309587,0.29365947863491265,0.21323456778641262,4.557013561716303,0.0,0.3097235136348197,0.3097235136348197,4.022920106677627,0.8760514001931383,29.08069904927281,0.0,7.744274915166145,0.0,0.3152397144788642,0.3152397144788642,0.6100050013384138,0.9983404584768724,6.0,d_kam,8.0,0.0,0.04229607250755287,0.0,hpc,3015,0.0,200.0,6818.0,6309.0,6309.0,911.4027123432606,8.0,331.0,228.0,11.686984397871614,1.094671360013308,,
11.0,11.0,0.0,0.0,d_kam_delay_2,0.9992822078549009,delay=2,14.455795313887112,4.156598593679338,2.0,D1,8,64,8.715815704731739,2.0,1.1987590369056245,267.2264767203735,6.878964433607157,1.2573251351367964,0.31802623852387596,0.24037576073204,4.564732900616946,-6.784638929925521,0.2679659383003322,0.2679659383003322,3.955523606333747,0.8715741426598825,29.018706445830848,2.0,7.735884633195426,0.04716275184081876,0.3052563658157172,0.3052563658157172,0.6287450108393674,0.9992822078549009,6.0,d_kam,5.0,0.2593951351245032,0.03323262839879154,0.0,hpc,3015,0.0,200.0,6818.0,6273.0,6273.0,912.9465801233891,5.0,331.0,237.0,8.475234481959935,1.0976872900209855,,
12.0,12.0,0.08333333333333333,1.0,d_kam_delay_4,0.9975900979325608,delay=4,15.015299156290302,4.564463663637316,4.0,D1,8,64,29.262318387933213,2.0,2.114094220980725,267.2264767203735,9.603041820114184,1.3048829617410678,0.3110458396391338,0.23260056395448075,4.576323325745761,-9.493070393955398,0.3288982507529684,0.3288982507529684,4.1232691508244095,0.8741724153917082,29.203289338642872,4.0,7.770803265525949,0.05498571307939256,0.3502353201784757,0.3502353201784757,0.5940764798929393,0.9975900979325608,6.0,d_kam,6.0,0.29692285062871937,0.03625377643504532,0.0,hpc,3015,0.0,200.0,6834.0,6285.0,6285.0,915.2646651491523,6.0,331.0,234.0,9.59016253124397,1.0996839959989302,,
22.0,22.0,0.09090909090909091,2.0,d_kam_delay_8,0.9999438853402043,delay=8,15.169061498444,4.420017405131663,8.0,D1,8,64,0.6813741783747977,2.0,1.0564857372451315,263.54381978664367,10.765121316399073,1.3179527608241322,0.283498433898608,0.2019165724118159,4.710871085844701,-10.474559001371585,0.4189201853472969,0.4189201853472969,4.5227956907129006,0.8565171330828144,30.407131334071032,8.0,8.090879854189682,0.1452811575137447,0.372321118973643,0.372321118973643,0.6063544118659198,0.9999438853402043,6.0,d_kam,16.0,0.7745031835734792,0.05486284289276808,0.0,hpc,3015,0.0,200.0,6904.0,6405.0,6405.0,942.1742171689402,16.0,401.0,260.0,19.256385875390798,1.1258638719737064,,
13.0,13.0,0.0,0.0,d_kam_delay_0,0.9999999999999989,delay=0,6.8727894509005685,2.5072158919323053,0.0,D1,8,64,0.0,2.0,1.108734007199519,184.52042499912866,0.0,0.6060483387068054,0.37538406924419854,0.30426443356408256,6.3648867556185,0.0,0.22658595040461219,0.22658595040461219,2.2462006849028913,0.7902710661970889,8.024766241311179,0.0,1.900068295560898,0.0,0.17039369070955487,0.17039369070955487,0.7720871498190253,0.9999999999999989,6.0,d_kam,7.0,0.0,0.024344569288389514,0.0,hpc,3016,0.0,200.0,9117.0,6331.0,6331.0,1272.9773511237,7.0,534.0,380.0,10.116599482305954,1.4608306360023562,,
19.0,19.0,0.0,0.0,d_kam_delay_2,0.9999999999999994,delay=2,7.88702486353075,3.1366807287470406,2.0,D1,8,64,0.0,2.0,1.0814677534027286,184.8661680078623,1.0851211750416205,0.692258348780371,0.4173690567688426,0.35102988996529505,7.411636355391238,-0.539513287817422,0.2487135642505444,0.2487135642505444,2.4578162646145394,0.7536574573685981,8.755400966637055,2.0,2.1006294445808695,0.2728039436120992,0.23298411955683934,0.23298411955683934,0.7185826386897728,0.9999999999999994,6.0,d_kam,13.0,1.1502375995786858,0.030303030303030304,0.0,hpc,3016,0.0,200.0,10476.0,6411.0,6411.0,1482.3272710782476,13.0,627.0,404.0,16.641243205741983,1.6715131580131128,,
18.0,18.0,0.0,0.0,d_kam_delay_4,0.9999999999999996,delay=4,8.874115879175344,3.8693046964314384,4.0,D1,8,64,0.0,2.0,1.1084995507660522,184.8661680078623,1.904801777775678,0.7761610851101614,0.31930125959682293,0.24179595747170876,5.781670994765591,-1.4729889362174806,0.2871961403343162,0.2871961403343162,2.574690958289317,0.8489697771797522,8.988044130650497,4.0,2.14532452575091,0.2159064207790988,0.2899269898344807,0.2899269898344807,0.656309601436599,0.9999999999999996,6.0,d_kam,12.0,1.3135685983808576,0.04072398190045249,0.0,hpc,3016,0.0,200.0,8299.0,6370.0,6370.0,1156.3341989531182,12.0,442.0,261.0,15.434242205585205,1.3434261989896186,,
16.0,16.0,0.0,0.0,d_kam_delay_8,0.9999999999999999,delay=8,8.45814521537108,3.5542023710152524,8.0,D1,8,64,0.0,2.0,1.1148491366711581,184.8661680078623,3.1852115517890467,0.7408035786867987,0.3159536538945615,0.23806718874394225,6.04856466918136,-2.798988884656209,0.27239057560101954,0.27239057560101954,2.5952872793712674,0.8467119339525278,9.075269721674522,8.0,2.1750289681262593,0.1931113335664188,0.27648899033690355,0.27648899033690355,0.6830932990969748,0.9999999999999999,6.0,d_kam,10.0,0.894010153166219,0.03619909502262444,0.0,hpc,3016,0.0,200.0,8661.0,6361.0,6361.0,1209.712933836272,10.0,442.0,259.0,13.39295019469913,1.3971291759808082,,
17.0,17.0,0.0,0.0,d_kam_delay_0,0.9999557516193183,delay=0,22.91075006468564,5.578781036807684,0.0,D1,8,64,0.5565939914301775,2.0,1.1140636189190436,358.8447233226319,2.6122894697062506e-17,1.9835277057548582,0.32065672610624857,0.243305759276762,4.512280683702556,2.6122894697062506e-17,0.2754736043406453,0.2754736043406453,4.924148690781415,0.8684058893329073,45.79865406434092,0.0,12.417690234604292,2.6122894697062506e-17,0.29327555145428974,0.29327555145428974,0.5054524192886494,0.9999557516193183,6.0,d_kam,11.0,8.881784197001221e-17,0.05,0.0,hpc,3017,0.0,200.0,6757.0,6349.0,6349.0,902.4561367405113,11.0,340.0,231.0,13.089923622845747,1.0851418189995456,,
13.0,13.0,0.07692307692307693,1.0,d_kam_delay_2,0.9998811376384539,delay=2,22.298648502194776,5.107098785740584,2.0,D1,8,64,1.4951524829819647,2.0,1.0566180994152998,358.8447233226319,6.255120671483751,1.9314990729431343,0.33301335470168936,0.25706933073207977,4.481832060992019,-5.623959146501631,0.322236359529434,0.322236359529434,4.93047757618655,0.8660498196354557,45.92328749240582,2.0,12.438033076847349,0.3155807624910609,0.2770258204022117,0.2770258204022117,0.5455454106293529,0.9998811376384539,6.0,d_kam,7.0,1.3786423921105717,0.03939393939393939,0.0,hpc,3017,0.0,200.0,6754.0,6301.0,6301.0,896.3664121984039,7.0,330.0,232.0,10.759377532328388,1.0799120560113806,,
13.0,13.0,0.07692307692307693,1.0,d_kam_delay_4,0.999881137638453,delay=4,22.42183739481453,5.3100234225172445,4.0,D1,8,64,1.4951524829819647,2.0,1.0566180994152998,356.65759633319254,11.150664845981803,1.9419701288158138,0.32557879658046607,0.24878826351784586,4.503760621882975,-10.397870256360303,0.28343393537057177,0.28343393537057177,4.990095078606228,0.8683699418611982,45.60388815697046,4.0,12.360308198233552,0.37639729481074863,0.29688664425568034,0.29688664425568034,0.5282968165033367,0.999881137638453,6.0,d_kam,7.0,2.1050025389241975,0.03903903903903904,0.0,hpc,3017,0.0,200.0,6750.0,6301.0,6301.0,900.752124376595,7.0,333.0,234.0,11.422703232789262,1.085511476994725,,
16.0,16.0,0.125,2.0,d_kam_delay_8,0.9999618382048601,delay=8,23.051441290439662,5.557583154115476,8.0,D1,8,64,0.4800317107552861,2.0,1.212935647197039,356.53517429677936,15.69086003050022,1.9954864599439497,0.3362934607997704,0.26072291425717004,4.575434685102664,-15.154444756500828,0.3102392318032463,0.3102392318032463,5.157938472454834,0.8633844705833049,46.167624031484465,8.0,12.509739529935034,0.2682076369996965,0.3060356267671859,0.3060356267671859,0.507254239317487,0.9999618382048601,6.0,d_kam,10.0,1.6995056124504453,0.046511627906976744,0.0,hpc,3017,0.0,200.0,6761.0,6337.0,6337.0,915.0869370205328,10.0,344.0,235.0,13.863427497204855,1.1030550590076018,,
17.0,17.0,0.0,0.0,d_kam_delay_0,0.9994916762495055,delay=0,5.131480257253852,2.367192506843306,0.0,D1,8,64,5.996317228885369,2.0,1.1231673409935863,133.636574354247,2.0898315757650005e-16,0.4559318905326859,0.30866708039186064,0.229950955882023,5.408990819269093,-1.0449157878825003e-16,0.2295152816380517,0.2295152816380517,2.077191646968001,0.8563335268325037,5.534678642107217,0.0,1.1973043735585422,5.224578939412501e-17,0.22902851286283568,0.22902851286283568,0.7844224676924746,0.9994916762495055,6.0,d_kam,11.0,1.7763568394002442e-16,0.041463414634146344,0.0,hpc,3018,0.0,200.0,7904.0,6364.0,6364.0,1081.7981638538186,11.0,410.0,251.0,13.327078771965699,1.2664302999910433,,
12.0,12.0,0.0,0.0,d_kam_delay_2,0.9972708119826881,delay=2,5.3917074610576385,2.556652673980557,2.0,D1,8,64,32.19420126083559,2.0,2.71026022795374,133.636574354247,1.3782448544694585,0.4780512028560078,0.3083530516094368,0.22960117134714506,5.0600581760227215,-0.8181569230070266,0.2644307621443991,0.2644307621443991,2.156279960919502,0.8631647713315681,5.684685663828686,2.0,1.2277485472114265,0.2800439657312161,0.2416610326192606,0.2416610326192606,0.7683183534858082,0.9972708119826881,6.0,d_kam,6.0,1.2656446758386972,0.029411764705882353,0.0,hpc,3018,0.0,200.0,7402.0,6287.0,6287.0,1012.0116352045443,6.0,408.0,286.0,8.220738828761382,1.197674853989156,,
14.0,14.0,0.0,0.0,d_kam_delay_4,0.9979995666781023,delay=4,7.092593579263639,3.572546163704259,4.0,D1,8,64,23.59762411586282,2.0,1.935659613730646,133.636574354247,2.806012153089466,0.6226265229035178,0.30673275652992865,0.2277963872239304,5.178983955265721,-2.383594161947463,0.29980062825656745,0.29980062825656745,2.400979728588539,0.8636299116990572,6.371451623555224,4.0,1.4096622057808152,0.2112089955710019,0.27525134071046664,0.27525134071046664,0.6819674068592937,0.9979995666781023,6.0,d_kam,8.0,0.8246458445032991,0.033734939759036145,0.0,hpc,3018,0.0,200.0,7551.0,6313.0,6313.0,1035.7967910531443,8.0,415.0,287.0,10.16173898766232,1.2207567439763807,,
20.0,20.0,0.0,0.0,d_kam_delay_8,0.9994574194147378,delay=8,9.094599468240478,3.88730395654677,8.0,D1,8,64,6.400419630810456,2.0,1.1319076348303025,148.54478559990739,4.383275999383828,0.7927970234665491,0.3484035256341983,0.27421184785987435,6.237607895163819,-4.063517125154036,0.3405016174550305,0.3405016174550305,2.9533473871779266,0.8405374365615819,9.270426703658167,8.0,2.2066689737443013,0.15987943711489558,0.3220982021250572,0.3220982021250572,0.6552129944676801,0.9994574194147378,6.0,d_kam,14.0,0.7208728639841931,0.041407867494824016,0.0,hpc,3018,0.0,200.0,8842.0,6405.0,6405.0,1247.5215790327638,14.0,483.0,305.0,16.521043418908466,1.4346400309877936,,
14.0,14.0,0.0,0.0,d_kam_delay_0,0.9995099653019057,delay=0,18.399292990255628,5.1720025973199855,0.0,D1,8,64,5.913406240623779,2.0,1.2798908696710067,313.7285023394089,3.172065784643304e-17,1.5940559309189368,0.38488936667932977,0.31485201734083756,5.22804825406638,3.172065784643304e-17,0.2493068429715028,0.2493068429715028,3.7776094651446277,0.7843492555658522,27.719411368758436,0.0,7.390853825357392,3.172065784643304e-17,0.2681765830127652,0.2681765830127652,0.5422327603491613,0.9995099653019057,6.0,d_kam,8.0,1.5543122344752176e-16,0.030042918454935622,0.0,hpc,3019,0.0,200.0,7626.0,6310.0,6310.0,1045.609650813276,8.0,466.0,320.0,11.211400380143434,1.231552904995624,,
17.0,17.0,0.0,0.0,d_kam_delay_2,0.9978449214670486,delay=2,17.87065854965915,4.926158132290208,2.0,D1,8,64,26.00602548218162,2.0,1.9059425553669551,308.8695295717151,2.4742274017243755,1.5491220034682363,0.3145658724567435,0.23652139258795685,5.325671090249671,-1.814360644710561,0.23908441020606708,0.23908441020606708,3.820627424365648,0.8483015302001052,27.947074158737788,2.0,7.451603305436573,0.32993337850690735,0.27449972008277057,0.27449972008277057,0.5631295398766926,0.9978449214670486,6.0,d_kam,11.0,1.6942061023202215,0.04239401496259352,0.0,hpc,3019,0.0,200.0,7720.0,6372.0,6372.0,1065.1342180499341,11.0,401.0,229.0,14.627706919882156,1.2518339329981245,,
15.0,15.0,0.0,0.0,d_kam_delay_4,0.9994814240709172,delay=4,18.10221385498299,4.882768223488789,4.0,D1,8,64,6.257822450541552,2.0,1.0973853283773163,311.6503460097175,4.000459967753578,1.5688042044207626,0.3038132414844019,0.22454445214846747,5.260030310455477,-3.863409870033216,0.23208745699249345,0.23208745699249345,3.8990980348566637,0.8483813984134759,28.637114307764783,4.0,7.647988566689695,0.06852504886018096,0.27049015373067387,0.27049015373067387,0.5668176821248132,0.9994814240709172,6.0,d_kam,9.0,0.3083627198708132,0.037037037037037035,0.0,hpc,3019,0.0,200.0,7601.0,6343.0,6343.0,1052.0060620910954,9.0,405.0,243.0,12.154103839827183,1.239153003989486,,
19.0,19.0,0.05263157894736842,1.0,d_kam_delay_8,0.998996372779057,delay=8,19.215034409418898,5.827179673451352,8.0,D1,8,64,12.111092326052145,2.0,1.2601770402927646,301.5285615198364,5.73276402053425,1.6633939515478147,0.25824329069754703,0.1737858435987529,5.071513109578518,-5.487086351297148,0.34931830403531317,0.34931830403531317,4.335340657345994,0.8855526328252368,28.037293120876388,8.0,7.445247231039333,0.12283883461855187,0.32968148415935133,0.32968148415935133,0.48654270887799533,0.998996372779057,6.0,d_kam,13.0,0.6862344798963836,0.05604719764011799,0.0,hpc,3019,0.0,200.0,7345.0,6382.0,6382.0,1014.3026219157036,13.0,339.0,177.0,15.898603598062527,1.1997312599851284,,
15.0,15.0,0.0,0.0,d_kam_delay_0,0.9999999999999997,delay=0,4.942421332994942,2.301217203211014,0.0,D1,8,64,0.0,2.0,1.0918060376821654,141.3500414128141,1.924386576016938e-16,0.4372952238037292,0.31379212390863365,0.23565954395763647,6.272742764704162,-4.4408920985006264e-17,0.23350459892092093,0.23350459892092093,2.0274869231553962,0.8204446312312369,5.389375869417032,0.0,1.16449353625958,7.401486830834377e-17,0.21689226677111909,0.21689226677111909,0.7915841990557149,0.9999999999999997,6.0,d_kam,9.0,4.218847493575588e-16,0.030181086519114688,0.0,hpc,3020,0.0,200.0,9028.0,6361.0,6361.0,1254.5485529408325,9.0,497.0,305.0,14.067042846821414,1.4417908120085485,,
15.0,15.0,0.0,0.0,d_kam_delay_2,1.0000000000000004,delay=2,4.928015266739025,2.234711853110106,2.0,D1,8,64,0.0,2.0,1.0743488338861624,141.3500414128141,1.0819061634723484,0.43607070817197635,0.29169012171426156,0.21104097715697448,5.61712621973129,-0.9450402700430452,0.24793329733227665,0.24793329733227665,2.084747721139517,0.8372257943818308,5.658234776849452,2.0,1.2346850450802127,0.06843294671465164,0.21829266685159504,0.21829266685159504,0.7972371538142922,1.0000000000000004,6.0,d_kam,9.0,0.3698072301606984,0.033860045146726865,0.0,hpc,3020,0.0,200.0,7987.0,6349.0,6349.0,1123.425243946258,9.0,443.0,251.0,13.401599882394764,1.3109229810070246,,
24.0,24.0,0.0,0.0,d_kam_delay_4,0.9972426645802668,delay=4,6.686566028557659,3.5201179867868038,4.0,D1,8,64,35.08622305697125,2.0,2.5246114261841086,141.3500414128141,1.594251879074677,0.5855475229265603,0.3694325695840838,0.29763528790306376,5.89113970490871,-1.3562695247993384,0.36572649277524555,0.36572649277524555,2.4816503159745698,0.8093378705042111,6.303600115456993,4.0,1.3763088828881431,0.11899117713766931,0.329641291827878,0.329641291827878,0.6879776324517729,0.9972426645802668,6.0,d_kam,18.0,0.6814421160339761,0.045889101338432124,0.0,hpc,3020,0.0,200.0,8330.0,6419.0,6419.0,1178.227940981742,18.0,523.0,303.0,22.14500174962604,1.3643853529938497,,
28.0,28.0,0.03571428571428571,1.0,d_kam_delay_8,0.9976968189884831,delay=8,9.227912802801356,4.619199547578916,8.0,D1,8,64,29.307251534339276,2.0,2.195718369045825,141.3500414128141,2.628246322128691,0.8015619987372744,0.36991163636043795,0.2981689018866264,5.933008025021991,-2.347302385357712,0.4689661321678112,0.4689661321678112,3.009826357911685,0.8140076681018052,8.251796093964645,8.0,1.8898468406024378,0.14047196838548942,0.4073328662162011,0.4073328662162011,0.5945556997844433,0.9976968189884831,6.0,d_kam,22.0,0.6775565166069475,0.0550098231827112,0.0,hpc,3020,0.0,200.0,8435.0,6449.0,6449.0,1186.6016050043982,22.0,509.0,275.0,26.321668172305067,1.3724265409982763,,
17.0,17.0,0.0,0.0,d_kam_delay_0,1.0000000000000004,delay=0,11.658008384154707,3.8629772282376016,0.0,D1,8,64,0.0,2.0,1.068534328395855,229.4316044151753,0.0,1.015126975820149,0.3298111817791879,0.25350255396196675,4.761820159474155,0.0,0.18975846135700272,0.18975846135700272,2.6848532224043704,0.8560965925513118,12.710216322032695,0.0,3.2078184970091868,0.0,0.197800062901627,0.197800062901627,0.6554411883056855,1.0000000000000004,6.0,d_kam,11.0,0.0,0.04461942257217848,0.0,hpc,3021,0.0,200.0,6973.0,6343.0,6343.0,952.364031894831,11.0,381.0,251.0,16.201272710550498,1.1373221460089553,,
16.0,16.0,0.0,0.0,d_kam_delay_2,0.9991770185820096,delay=2,12.101994520298973,4.280446395119397,2.0,D1,8,64,10.388609847739346,2.0,1.2365414180773817,228.93512094857616,1.9677276406673108,1.0528657973924118,0.3774706107199195,0.3065885515444648,5.613203938992228,-1.639990340054737,0.22293972599051073,0.22293972599051073,2.879859603366212,0.803432057245518,12.99608684643458,2.0,3.284755497669055,0.16386865030628686,0.23466949040663665,0.23466949040663665,0.619956309120733,0.9991770185820096,6.0,d_kam,10.0,1.0524344540485995,0.0326530612244898,0.0,hpc,3021,0.0,200.0,8072.0,6353.0,6353.0,1122.6407877984457,10.0,490.0,310.0,13.070162453598048,1.3097822649870068,,
21.0,21.0,0.0,0.0,d_kam_delay_4,1.0000000000000004,delay=4,12.309600268559157,3.96390404633689,4.0,D1,8,64,0.0,2.0,1.068534328395855,231.6353821280811,2.3745991254318315,1.0705122859945277,0.3481008231303774,0.2738746792293807,5.276629789877916,-2.342292963727005,0.2697960771785787,0.2697960771785787,3.0097124307741354,0.8413780205356025,14.107260296988652,4.0,3.57629504227332,0.01615308085241342,0.25225122800482497,0.25225122800482497,0.6468624087672461,1.0000000000000004,6.0,d_kam,15.0,0.08973405670044565,0.04929577464788732,0.0,hpc,3021,0.0,200.0,7644.0,6415.0,6415.0,1055.3259579755832,15.0,426.0,250.0,19.29187431204398,1.2403654050140176,,
21.0,21.0,0.09523809523809523,2.0,d_kam_delay_8,1.0000000000000002,delay=8,14.718493167151545,4.550504200997147,8.0,D1,8,64,0.0,2.0,1.1188274305316879,229.4316044151753,3.6652720840208923,1.2752681823748804,0.32741910524830486,0.2508381122815277,5.448428840463748,-3.359080302914979,0.2748603899960807,0.2748603899960807,3.3031462321248752,0.8487836067883188,16.583106861339846,8.0,4.267341349835786,0.15309589055295647,0.2609857791693415,0.2609857791693415,0.5970013956211243,1.0000000000000002,6.0,d_kam,15.0,0.9510901866827322,0.05048076923076923,0.0,hpc,3021,0.0,200.0,8004.0,6423.0,6423.0,1089.6857680927496,15.0,416.0,251.0,21.661157224367447,1.2745790220214985,,
12.0,12.0,0.0,0.0,d_kam_delay_0,0.999547154804931,delay=0,4.879988162811203,2.334310562632762,0.0,D1,8,64,5.332469109253315,2.0,1.1335986836686927,121.12309559481437,0.0,0.4307113398820497,0.34064260283505987,0.26556725563311123,4.830968424503226,0.0,0.18357008660639137,0.18357008660639137,1.937689484169736,0.853001133798492,4.821548557674543,0.0,1.0068274192341775,0.0,0.19833381912748613,0.19833381912748613,0.7895432225394665,0.999547154804931,6.0,d_kam,6.0,0.0,0.028368794326241134,0.0,hpc,3022,0.0,200.0,7009.0,6289.0,6289.0,966.1936849006452,6.0,423.0,310.0,8.701003284862235,1.1510803849960212,,
13.0,13.0,0.0,0.0,d_kam_delay_2,1.0000000000000002,delay=2,4.672494114891116,2.3551732498434745,2.0,D1,8,64,0.0,2.0,1.11461885239642,113.2544755989168,1.0375230765186394,0.4130743458088425,0.333182601676404,0.25725784840193516,5.212791055528214,-0.7393005850612332,0.2123699047002501,0.2123699047002501,1.971543168704455,0.8624551085174396,4.40549514471881,2.0,0.8812785736687602,0.14911124572870313,0.2266493481183047,0.2266493481183047,0.787769894126556,1.0000000000000002,6.0,d_kam,7.0,0.5953763220558366,0.035326086956521736,0.0,hpc,3022,0.0,200.0,7496.0,6297.0,6297.0,1042.5582111056428,7.0,368.0,237.0,10.122459413542243,1.2295698389934842,,
14.0,14.0,0.0,0.0,d_kam_delay_4,0.9999999999999996,delay=4,5.192480536245041,2.2046633624546037,4.0,D1,8,64,0.0,2.0,1.0903562312510717,121.35551562394693,1.1834270704696255,0.457273191623926,0.2977105156758546,0.21774686152013506,5.065080071071861,-0.9721983897952586,0.2305809868233532,0.2305809868233532,2.0209482331642583,0.8613799429637661,5.381708832289523,4.0,1.1548999339093426,0.10561434033718342,0.1842968131360156,0.1842968131360156,0.8005632345546101,0.9999999999999996,6.0,d_kam,8.0,0.4303275889869328,0.03867403314917127,0.0,hpc,3022,0.0,200.0,7352.0,6311.0,6311.0,1013.0160142143723,8.0,362.0,234.0,10.000609944186435,1.2001657010114286,,
11.0,11.0,0.0,0.0,d_kam_delay_8,1.0,delay=8,4.250930610406043,2.0230229030272873,8.0,D1,8,64,0.0,2.0,1.080084112782943,113.2544755989168,2.74742375939623,0.37724144792761133,0.3162065505228021,0.23834888053282416,5.060234019474592,-2.323415781266138,0.20653751371724569,0.20653751371724569,1.9685449896079994,0.8608390277739025,4.549598716574335,8.0,0.9264590845935026,0.2120039890650461,0.1986885100147046,0.1986885100147046,0.8160026736059319,1.0,6.0,d_kam,5.0,0.8951166827653272,0.030303030303030304,0.0,hpc,3022,0.0,200.0,7367.0,6270.0,6270.0,1012.0468038949184,5.0,363.0,251.0,7.664368052064185,1.199711793975439,,
13.0,13.0,0.0,0.0,d_kam_delay_0,1.0000000000000004,delay=0,7.956848837594371,3.351331524221114,0.0,D1,8,64,0.0,2.0,1.0320558543863996,161.2496374105079,2.7328566760003855e-16,0.6980864560485833,0.2933519069009203,0.21289197550845082,4.8625040909973904,2.7328566760003855e-16,0.2718919305507455,0.2718919305507455,2.474028542299099,0.8551369499276178,7.717281726846381,0.0,1.7976778036976222,2.7328566760003855e-16,0.25163631716278945,0.25163631716278945,0.7001025307538784,1.0000000000000004,6.0,d_kam,7.0,1.4210854715201953e-15,0.034759358288770054,0.0,hpc,3023,0.0,200.0,7294.0,6304.0,6304.0,972.5008181994781,7.0,374.0,254.0,10.215562297587331,1.1567767529923003,,
17.0,17.0,0.0,0.0,d_kam_delay_2,0.9977033090111433,delay=2,6.7793301011210545,2.9368722372848346,2.0,D1,8,64,26.526218162009336,2.0,1.893351220806358,150.42977132012632,1.0754818206483856,0.5979973634483514,0.30206261376878346,0.22259449553453606,5.443080164841376,-0.9160069448313205,0.27467770643826045,0.27467770643826045,2.375822381409298,0.848911971073839,6.942692611739087,2.0,1.5808414081641706,0.07973743790853252,0.23167453608504268,0.23167453608504268,0.7353315701434622,0.9977033090111433,6.0,d_kam,11.0,0.3042764205142582,0.0412621359223301,0.0,hpc,3023,0.0,200.0,8006.0,6374.0,6374.0,1088.6160329682752,11.0,412.0,245.0,13.913446443047562,1.276826601009816,,
14.0,14.0,0.0,0.0,d_kam_delay_4,0.999214049948966,delay=4,6.538360258967069,2.7485173216902377,4.0,D1,8,64,9.07753050773211,2.0,1.1347726433840315,150.42977132012632,2.1133865171951984,0.5775149268652627,0.2671063570151293,0.18365807093269348,5.056502845691284,-1.9450294346054418,0.22679501937629065,0.22679501937629065,2.3407123783302395,0.8608072191377127,6.954675922683702,4.0,1.6002306842415532,0.08417854129487827,0.2327225111234358,0.2327225111234358,0.7513417379690028,0.999214049948966,6.0,d_kam,8.0,0.4578270691226369,0.0374331550802139,0.0,hpc,3023,0.0,200.0,7342.0,6322.0,6322.0,1011.3005691382568,8.0,374.0,238.0,11.601990783934692,1.2008608260075562,,
21.0,21.0,0.047619047619047616,1.0,d_kam_delay_8,0.9988477444934872,delay=8,9.049189152031143,4.462522603876357,8.0,D1,8,64,13.308268762515365,2.0,1.3354688867830893,150.42977132012632,3.2476274609907962,0.7909353827757092,0.33720931156890543,0.26174304506437485,5.065798599098343,-2.97731840277099,0.36580609859775726,0.36580609859775726,2.9008342055648733,0.8093639189833925,8.25828349500639,8.0,1.9273299854844823,0.1351545291099034,0.3669755433423004,0.3669755433423004,0.6056512889831828,0.9988477444934872,6.0,d_kam,15.0,0.6549675448974686,0.046255506607929514,0.0,hpc,3023,0.0,200.0,7529.0,6358.0,6358.0,1013.1597198196687,15.0,454.0,299.0,17.681431905659032,1.1972304540104233,,
10.0,10.0,0.0,0.0,d_kam_delay_0,0.9999999999999994,delay=0,10.176237459130551,3.2507914819460275,0.0,D1,8,64,0.0,2.0,1.077802925184249,222.3346143539518,0.0,0.8940875587249572,0.308923951989314,0.23023707523562198,5.347025404626038,0.0,0.264205108986545,0.264205108986545,3.0113184085725466,0.8488372560047351,16.01320672404802,0.0,4.114515998866439,0.0,0.2345549277524627,0.2345549277524627,0.706254210967376,0.9999999999999994,6.0,d_kam,4.0,0.0,0.02493765586034913,0.0,hpc,3024,0.0,200.0,7904.0,6276.0,6276.0,1069.4050809252076,4.0,401.0,293.0,8.418864248394016,1.2545837399957236,,
15.0,15.0,0.0,0.0,d_kam_delay_2,0.9999892776517764,delay=2,10.363955583520351,3.3018395115086436,2.0,D1,8,64,0.1280260580039021,2.0,1.2283357974157179,222.3346143539518,2.1200375562061935,0.91004359929809,0.30529374771845286,0.2261935308745143,4.901974288804922,-1.9861555771309092,0.2881852458803997,0.2881852458803997,3.183909121857121,0.8646323562360518,16.261822155299527,2.0,4.173455836823923,0.06694098953764206,0.24248164258347926,0.24248164258347926,0.7019151284545536,0.9999892776517764,6.0,d_kam,9.0,0.39416448474837223,0.042735042735042736,0.0,hpc,3024,0.0,200.0,7161.0,6321.0,6321.0,980.3948577609845,9.0,351.0,233.0,13.807499188465808,1.1664694499922916,,
13.0,13.0,0.0,0.0,d_kam_delay_4,1.0000000000000002,delay=4,10.591072843966767,3.2842861040555498,4.0,D1,8,64,0.0,2.0,1.064761611240309,229.39070600804723,5.2537489656515515,0.9293485664360357,0.30570638352843404,0.2266531499697904,4.967478415783262,-5.210955888203086,0.25012268091377526,0.25012268091377526,3.2330490175378914,0.8637185642713198,16.804535454763553,4.0,4.335797581855962,0.021396538724232153,0.24396006069925225,0.24396006069925225,0.7034071680880666,1.0000000000000002,6.0,d_kam,7.0,0.12058706398700912,0.036312849162011177,0.0,hpc,3024,0.0,200.0,7279.0,6295.0,6295.0,993.4956831566524,7.0,358.0,244.0,11.499865144563564,1.1781459409976378,,
20.0,20.0,0.05,1.0,d_kam_delay_8,0.9996800226440347,delay=8,13.469012961773004,5.300683872425961,8.0,D1,8,64,3.8205660441176788,2.0,1.0912190186296,221.48082636692408,6.066685660953655,1.1739734764495657,0.33364584329797947,0.2577738353566603,5.902774935821071,-5.882761766492136,0.36379215418967137,0.36379215418967137,3.752642275389959,0.8489420333821189,17.78358012416274,8.0,4.5764526342725524,0.09196194723075926,0.38553881452723865,0.38553881452723865,0.5320133577765818,0.9996800226440347,6.0,d_kam,14.0,0.43725082280807337,0.0447427293064877,0.0,hpc,3024,0.0,200.0,8611.0,6407.0,6407.0,1180.5549871642143,14.0,447.0,284.0,19.83916095264226,1.3667613480065484,,
10.0,10.0,0.0,0.0,d_kam_delay_0,0.9984251940278507,delay=0,4.871639306481442,2.5834394900139532,0.0,D1,8,64,19.66700530125085,2.0,1.4739535981943386,128.44685822331763,0.0,0.4302437650360911,0.32277005024528455,0.24565970943162885,6.4908270550949965,0.0,0.23366996705999477,0.23366996705999477,2.1164848616287184,0.8409019635365831,4.898379445541488,0.0,1.0205558199426434,0.0,0.23871958266145832,0.23871958266145832,0.7686242318402924,0.9984251940278507,6.0,d_kam,4.0,0.0,0.02159827213822894,0.0,hpc,3025,0.0,200.0,9418.0,6317.0,6317.0,1298.1654110189993,4.0,463.0,345.0,7.179848981181875,1.4848718399880454,,
8.0,8.0,0.0,0.0,d_kam_delay_2,1.0,delay=2,3.747896879126379,1.6840939847796772,2.0,D1,8,64,0.0,2.0,1.1754725029035198,128.300077480456,1.6570981324177247,0.33472565871091065,0.30222543905427424,0.22277586033273125,5.110823699069442,-1.2589769289631536,0.23801486408288725,0.23801486408288725,1.9652756876514688,0.8392098113012421,4.733378757502575,2.0,0.9772286751675897,0.19906060172728557,0.15913141782621573,0.15913141782621573,0.845068599785206,1.0,6.0,d_kam,2.0,0.7624264173218281,0.017977528089887642,0.0,hpc,3025,0.0,200.0,7546.0,6260.0,6260.0,1022.1647398138884,2.0,445.0,349.0,4.606565409908968,1.2075607370061334,,
10.0,10.0,0.0,0.0,d_kam_delay_4,0.9979517810967018,delay=4,4.6275827405101495,2.3759182821441542,4.0,D1,8,64,25.57923499254861,2.0,1.748854130872375,128.300077480456,2.412001358454215,0.4094989569285311,0.28807596169087013,0.20701530386359301,4.918138329521753,-2.1367102920263323,0.21056247491529614,0.21056247491529614,2.125469422691614,0.8707726404285921,4.89887708311904,4.0,1.024829902146537,0.1376455332139411,0.2492476961758959,0.2492476961758959,0.7862635345092254,0.9979517810967018,6.0,d_kam,4.0,0.7387896661185541,0.028011204481792718,0.0,hpc,3025,0.0,200.0,7254.0,6281.0,6281.0,983.6276659043506,4.0,357.0,255.0,6.538788521926127,1.169129095011158,,
10.0,10.0,0.0,0.0,d_kam_delay_8,0.997951781096702,delay=8,5.077053712469852,2.6025273109133136,8.0,D1,8,64,25.57923499254861,2.0,1.748854130872375,128.300077480456,3.787103674030503,0.4477039895451058,0.29388528662060737,0.21348608658235968,5.239654640172375,-3.641523603094624,0.2516878188373309,0.2516878188373309,2.277682779061028,0.8665915883054932,5.307658588630858,8.0,1.127617838885383,0.07279003546793969,0.27477161982410053,0.27477161982410053,0.7670017670638468,0.997951781096702,6.0,d_kam,4.0,0.3888947118951379,0.026954177897574125,0.0,hpc,3025,0.0,200.0,7490.0,6285.0,6285.0,1047.930928034475,4.0,371.0,269.0,6.538788521926127,1.2393873749824706,,
9.0,9.0,0.0,0.0,d_kam_delay_0,0.9999999999999999,delay=0,2.512373389592942,1.7189006368002853,0.0,D1,8,64,0.0,2.0,1.1402015700548116,64.56339712820795,2.4671622769447922e-17,0.22291939204732167,0.3394006071898893,0.26418384464220346,5.505091631057439,-2.4671622769447922e-17,0.2674628620716075,0.2674628620716075,1.7178711836678588,0.8496005572992806,2.4088265731534158,0.0,0.3110750648774106,0.0,0.20518734863043903,0.20518734863043903,0.8460254662474505,0.9999999999999999,6.0,d_kam,3.0,0.0,0.022113022113022112,0.0,hpc,3026,0.0,200.0,8124.0,6266.0,6266.0,1101.0183262114879,3.0,407.0,303.0,7.01260836822514,1.2876425739959814,,
13.0,13.0,0.0,0.0,d_kam_delay_2,0.9970948553417223,delay=2,2.801846663300349,1.9752275623516817,2.0,D1,8,64,36.58634007364915,2.0,2.3072433326579675,64.56339712820795,1.0599417559746511,0.24752462031245126,0.36394967085008967,0.2915280987191593,7.291122980968794,-0.8920794364243648,0.25321386813523,0.25321386813523,1.7683232596283949,0.8006039261245682,2.447245573483673,2.0,0.33481808210749064,0.08393115977514316,0.2267201911883606,0.2267201911883606,0.8242376775755816,0.9970948553417223,6.0,d_kam,7.0,0.35060260831019235,0.02195945945945946,0.0,hpc,3026,0.0,200.0,10671.0,6364.0,6364.0,1458.2245961937588,7.0,592.0,459.0,11.028555673934019,1.6476189849781804,,
15.0,15.0,0.0,0.0,d_kam_delay_4,1.0000000000000002,delay=4,3.9108164936768723,2.612350879171048,4.0,D1,8,64,0.0,2.0,1.086340508509113,64.56339712820795,1.2052306500363938,0.3417870558944558,0.2926686783022034,0.21213095355443443,4.879549935430987,-1.0279047480237706,0.26091107885370074,0.26091107885370074,1.869351338741304,0.8755374243048439,2.8272452739888765,4.0,0.43026108305505095,0.08866295100631158,0.24826588517115547,0.24826588517115547,0.7700821956459356,1.0000000000000002,6.0,d_kam,9.0,0.5673091676620813,0.042134831460674156,0.0,hpc,3026,0.0,200.0,7228.0,6326.0,6326.0,975.9099870861974,9.0,356.0,241.0,12.57505152266191,1.1808007679937873,,
13.0,13.0,0.0,0.0,d_kam_delay_8,0.9977417366186169,delay=8,4.763498309124153,3.005678541401586,8.0,D1,8,64,28.43975146358344,2.0,1.8594898318386108,72.88494206326646,3.0198989254292368,0.41426501020747464,0.312183933797341,0.23386824309109763,5.110346099972958,-2.9486831670795572,0.3100639680552859,0.3100639680552859,2.123576512373561,0.8666551851861115,3.6916119715763807,8.0,0.6570557667977507,0.03560787917484038,0.2819752562335403,0.2819752562335403,0.73664934435634,0.9977417366186169,6.0,d_kam,7.0,0.22315980351534592,0.034482758620689655,0.0,hpc,3026,0.0,200.0,7544.0,6309.0,6309.0,1022.0692199945915,7.0,377.0,268.0,11.135914699557208,1.2073292589921039,,
14.0,14.0,0.0,0.0,d_kam_delay_0,0.9992146420982,delay=0,7.335272062174238,3.372998869098561,0.0,D1,8,64,9.585554556148614,2.0,1.264835444364496,164.2657143778812,3.806478941571965e-16,0.6438138927639886,0.3278723714895455,0.2513429880452858,5.430754618282663,3.806478941571965e-16,0.24765223789947818,0.24765223789947818,2.5552702564918457,0.8548555600717461,8.366539992913841,0.0,1.9800217128435884,3.806478941571965e-16,0.28118632073704275,0.28118632073704275,0.6992203921765436,0.9992146420982,6.0,d_kam,8.0,2.3980817331903375e-15,0.03553299492385787,0.0,hpc,3027,0.0,200.0,8032.0,6337.0,6337.0,1086.1509236565325,8.0,394.0,234.0,10.432825008598346,1.2712296830140986,,
24.0,24.0,0.0,0.0,d_kam_delay_2,0.9992005112598719,delay=2,8.809882548087275,4.103241913537265,2.0,D1,8,64,9.75802614063958,2.0,1.3707741857440952,171.50092460756738,1.1538030536914665,0.7691557840665969,0.4342229766972411,0.3698028205786102,5.919250070000999,-0.9334789426261709,0.3430966294811369,0.3430966294811369,2.9113075502171326,0.7723889658783952,9.55029341325661,2.0,2.288161266708087,0.11016205553264778,0.3527378900934528,0.3527378900934528,0.6371497333992538,0.9992005112598719,6.0,d_kam,18.0,0.6931123073986979,0.048,0.0,hpc,3027,0.0,200.0,8493.0,6429.0,6429.0,1183.8500140001997,18.0,500.0,270.0,21.453086431959065,1.3704980640031863,,
19.0,19.0,0.0,0.0,d_kam_delay_4,0.9992955136479067,delay=4,7.595358277412809,3.433058440879206,4.0,D1,8,64,8.598490378165387,2.0,1.2247801324366447,171.43157472288448,2.8918153142027143,0.6659212210592673,0.3242761082152848,0.2473372492496984,5.735078294092091,-2.464172223644904,0.3301463794511345,0.3301463794511345,2.8706485008495752,0.8370792396390143,9.083902897194323,4.0,2.162481820420858,0.21382154527890482,0.30988930957913025,0.30988930957913025,0.6941153285751888,0.9992955136479067,6.0,d_kam,13.0,0.9160491873847232,0.04103671706263499,0.0,hpc,3027,0.0,200.0,8424.0,6416.0,6416.0,1147.0156588184182,13.0,463.0,283.0,15.527065967856771,1.3322988710133359,,
34.0,34.0,0.058823529411764705,2.0,d_kam_delay_8,0.9999999999999991,delay=8,11.630326666391328,5.284741715465135,8.0,D1,8,64,0.0,2.0,1.1582425750339076,171.43157472288448,2.391125682111487,1.0088935341224414,0.40907872922579713,0.34179561423665533,5.5023010303557385,-2.0119576803143144,0.4041652726170622,0.4041652726170622,3.384420957365935,0.8101804395173937,11.442694337348549,8.0,2.7929765647710387,0.18958400089858635,0.40705098518277055,0.40705098518277055,0.5367222502353849,0.9999999999999991,6.0,d_kam,28.0,0.857709794480191,0.0728051391862955,0.0,hpc,3027,0.0,200.0,7861.0,6479.0,6479.0,1100.4602060711477,28.0,467.0,232.0,32.70656024814428,1.28536162598175,,
11.0,11.0,0.0,0.0,d_kam_delay_0,1.0000000000000002,delay=0,10.89091238272045,3.7656362735701294,0.0,D1,8,64,0.0,2.0,1.172624986367327,220.90770075708514,0.0,0.948379220764881,0.3212698194632988,0.24398866029327826,4.8231098635005765,0.0,0.2599869581282289,0.2599869581282289,2.923704797437223,0.8597035552858326,13.747774562846876,0.0,3.478400126274002,0.0,0.21063133901675157,0.21063133901675157,0.6646170304557681,1.0000000000000002,6.0,d_kam,5.0,0.0,0.031161473087818695,0.0,hpc,3028,0.0,200.0,7057.0,6269.0,6269.0,964.6219727001153,5.0,353.0,245.0,8.718333727544907,1.1511593000032008,,
13.0,13.0,0.0,0.0,d_kam_delay_2,0.9998907714035797,delay=2,10.677507256553586,3.6844550012284363,2.0,D1,8,64,1.3569895262042855,2.0,1.0679077091630214,220.90770075708514,1.8621649246287357,0.9302397850406973,0.3776096229380235,0.30674339188641236,5.745040954352589,-1.636366875249775,0.2631625393344173,0.2631625393344173,3.014420047338823,0.841105433245298,13.778524450702914,2.0,3.4816485960265653,0.11289902468948025,0.2317824625381582,0.2317824625381582,0.6715174386048122,0.9998907714035797,6.0,d_kam,7.0,0.5161486115545253,0.027426160337552744,0.0,hpc,3028,0.0,200.0,8375.0,6316.0,6316.0,1149.0081908705179,7.0,474.0,347.0,12.078376546048485,1.3367278660007287,,
14.0,14.0,0.0,0.0,d_kam_delay_4,0.9999434460994026,delay=4,10.594857393121314,3.567196366993898,4.0,D1,8,64,0.7025912013076099,2.0,1.0937627095891385,220.90770075708514,3.5601410272984455,0.9232145466489544,0.33316666056901034,0.257240092217957,5.11736313579604,-3.231931503289551,0.24680795015344476,0.24680795015344476,2.993585137913716,0.8546575943040545,13.864402148642489,4.0,3.513976158466615,0.16410476200444718,0.2300078109323785,0.2300078109323785,0.681484422514748,0.9999434460994026,6.0,d_kam,8.0,0.8904542124634645,0.03723404255319149,0.0,hpc,3028,0.0,200.0,7458.0,6319.0,6319.0,1023.4726271592081,8.0,376.0,251.0,11.1391687713239,1.2095321950037032,,
10.0,10.0,0.0,0.0,d_kam_delay_8,0.9998803194327885,delay=8,11.08462603543452,3.9966947469370915,8.0,D1,8,64,1.4868384426554362,2.0,1.0404021323382167,220.90770075708514,7.6550269462281,0.9648448812455768,0.30369490130606425,0.2244126375933884,4.640064410632476,-7.279210992709025,0.2489828258396427,0.2489828258396427,3.065495899575256,0.8681942206100695,13.78579518438396,8.0,3.492733940338884,0.18790797675953713,0.2662792649764476,0.2662792649764476,0.6449770602195761,0.9998803194327885,6.0,d_kam,4.0,0.9414974948940091,0.029239766081871343,0.0,hpc,3028,0.0,200.0,6794.0,6261.0,6261.0,928.0128821264952,4.0,342.0,244.0,6.031058245980696,1.1143895690038335,,
12.0,12.0,0.0,0.0,d_kam_delay_0,0.9991387322435462,delay=0,5.652595663169441,2.629023761551449,0.0,D1,8,64,10.543843712874322,2.0,1.194419757604348,145.33293402563908,2.9605947323337506e-16,0.4965781128656945,0.27288856480318935,0.19009864891444359,5.285738169768592,-2.9605947323337506e-16,0.15154570819236002,0.15154570819236002,1.9120186508975507,0.8514043808101007,4.86449064560372,0.0,1.0394486152018048,0.0,0.21895627275348198,0.21895627275348198,0.764417052192564,0.9991387322435462,6.0,d_kam,6.0,0.0,0.031413612565445025,0.0,hpc,3029,0.0,200.0,7794.0,6307.0,6307.0,1057.1476339537185,6.0,382.0,258.0,9.222663234847017,1.242033113987418,,
17.0,17.0,0.0,0.0,d_kam_delay_2,0.9986126618322462,delay=2,6.904575132817284,3.307974346574844,2.0,D1,8,64,16.984122194394438,2.0,1.3719546357606034,153.21210815515423,0.7905315840524357,0.6029963677857612,0.3276124851539198,0.2510535106912472,5.915286034869496,-0.6235209711293251,0.2305688189327818,0.2305688189327818,2.1114448967446022,0.8346830988233165,5.5953329951295245,2.0,1.216686773999321,0.0835053064615553,0.23754864403961334,0.23754864403961334,0.7067062524655754,0.9986126618322462,6.0,d_kam,11.0,0.283918041969287,0.0367170626349892,0.0,hpc,3029,0.0,200.0,8623.0,6399.0,6399.0,1183.0572069738992,11.0,463.0,281.0,15.046687322644472,1.3700298930052668,,
12.0,12.0,0.0,0.0,d_kam_delay_4,0.9983758152171947,delay=4,5.747341418935229,2.5596315788252944,4.0,D1,8,64,19.88365451093377,2.0,1.490238019079196,146.40001157849852,1.3587565072604226,0.5046315021057864,0.32381954606726837,0.2468287023026504,5.438243745593354,-1.1900532372104953,0.23125207192187117,0.23125207192187117,2.004459833246063,0.8369818555486943,5.204346640219696,4.0,1.1074838174910906,0.08435163502496372,0.21554437663881174,0.21554437663881174,0.7703153877242872,0.9983758152171947,6.0,d_kam,6.0,0.4946948096432994,0.026785714285714284,0.0,hpc,3029,0.0,200.0,7928.0,6311.0,6311.0,1087.6487491186708,6.0,448.0,306.0,9.618437409958,1.2735510159982368,,
54.0,54.0,0.07407407407407407,4.0,d_kam_delay_8,0.9979633120785668,delay=8,16.03532109726281,6.461638795172474,8.0,D1,8,64,24.933615562147637,2.0,2.6431916744272037,146.24783919599662,1.8037708031527888,1.3791097747636305,0.4059774210168503,0.3383411867761946,6.4972009300254285,-1.4319905667117003,0.4643897547631643,0.4643897547631643,3.6685789256463432,0.7699538534985692,14.425888288299666,8.0,3.6199503191087024,0.1858901182205443,0.46221135370900884,0.46221135370900884,0.4386447743347769,0.9979633120785668,6.0,d_kam,48.0,1.371703749658967,0.10150375939849623,0.0,hpc,3029,0.0,200.0,9095.0,6682.0,6682.0,1299.4401860050857,48.0,532.0,182.0,53.99532244477545,1.483185497985687,,
17.0,17.0,0.0,0.0,d_kam_delay_0,0.9999999999999991,delay=0,5.351323838841354,2.564447489187623,0.0,D1,8,64,0.0,2.0,1.1101792108339108,140.57021674420798,0.0,0.47145764771065307,0.35673469417120324,0.28349161479465707,6.523665055428864,0.0,0.1734522801879237,0.1734522801879237,1.8907642676729113,0.8169161305930857,4.495971307351733,0.0,0.9257525736079301,0.0,0.20202985450703512,0.20202985450703512,0.7696222202877812,0.9999999999999991,6.0,d_kam,11.0,0.0,0.03346456692913386,0.0,hpc,3030,0.0,200.0,9412.0,6425.0,6425.0,1304.733011085773,11.0,508.0,299.0,15.283494446162718,1.492226002010284,,
17.0,17.0,0.0,0.0,d_kam_delay_2,0.9999999999999996,delay=2,4.943761762612463,2.2442346487633684,2.0,D1,8,64,0.0,2.0,1.2146762078383786,140.57021674420798,0.715193268450682,0.4368148712311973,0.32502931433930426,0.24817621646704677,6.760136700468138,-0.47545234298502675,0.3091194765602425,0.3091194765602425,1.9777957081411268,0.7940753272364841,4.647900492380967,2.0,0.9417407878844295,0.1198704627328276,0.1902208840817363,0.1902208840817363,0.7968403117238428,0.9999999999999996,6.0,d_kam,11.0,0.5419651782127988,0.02901023890784983,0.0,hpc,3030,0.0,200.0,9606.0,6411.0,6411.0,1352.0273400936276,11.0,586.0,364.0,15.201144923884744,1.5410471519862767,,
26.0,26.0,0.0,0.0,d_kam_delay_4,0.9999999999999996,delay=4,8.00152729560147,4.181127182634093,4.0,D1,8,64,0.0,2.0,1.1960107788653258,140.57021674420798,0.7697308890983686,0.6967249415352629,0.4215579535222125,0.35569574030939505,6.9716823993076105,-0.5386549115633185,0.28652718478070255,0.28652718478070255,2.372830375466833,0.7747757035149678,5.536287257889699,4.0,1.1849048560567002,0.11553798876752507,0.30027370668819564,0.30027370668819564,0.6322044463448312,0.9999999999999996,6.0,d_kam,20.0,0.49242474607081754,0.043993231810490696,0.0,hpc,3030,0.0,200.0,9910.0,6501.0,6501.0,1394.336479861522,20.0,591.0,343.0,24.212185651994584,1.5825241270067636,,
13.0,13.0,0.07692307692307693,1.0,d_kam_delay_8,0.9999999999999993,delay=8,5.2961456894777905,2.316628480229277,8.0,D1,8,64,0.0,2.0,1.1768895690025432,140.57021674420798,2.168530374905278,0.4667675050147503,0.3638954158054383,0.2914676661199189,5.9359075444808695,-1.8421923966942646,0.27327266861074595,0.27327266861074595,2.141477753444217,0.8208632526306786,5.130744625322611,8.0,1.0729062762371657,0.16316898910550653,0.18909310686695333,0.18909310686695333,0.7906868360492407,0.9999999999999993,6.0,d_kam,7.0,0.9389987631961854,0.025390625,0.0,hpc,3030,0.0,200.0,8523.0,6353.0,6353.0,1187.181508896174,7.0,512.0,353.0,10.381303038312808,1.3756851030047983,,
36.0,36.0,0.0,0.0,c_kam_N_32,0.9997661934929134,"N=32, U0=4",2.9671532698895993,1.2297945940550594,,S1,4,32,0.8495812247739962,5.0,0.9546960314350317,42.943502716637255,4.0091387000352874e-17,0.31136335599592757,0.4953613894689781,0.2973386435644,8.399611220665975,-1.5419764230904953e-17,0.17139902593288955,0.17139902593288955,1.695573377474996,0.6448626904040208,4.764000257252737,0.0,1.0231464182727823,1.2335811384723961e-17,0.1855712936041267,0.1855712936041267,0.8636872676028539,0.9997661934929134,7.0,c_kam,21.0,1.1102230246251565e-16,0.4,0.0,warehouse,5001,8.0,200.0,8678.0,3221.0,3221.0,1679.922244133195,21.0,90.0,0.0,14.90903535466401,1.8147116640175227,32.0,
6.0,6.0,0.0,0.0,d_kam_N_32,0.9998669720629388,"N=32, U0=4",2.9404159220228525,1.235576102348481,,S1,4,32,0.4833827728120138,2.0,1.2900977102642068,42.943502716637255,2.117900409413475,0.3088233079485867,0.5217148168352119,0.33403328926421927,3.043484813097166,-1.9344660820825939,0.2255330810029135,0.2255330810029135,1.7157446195994204,0.8099905284700355,4.979608934435501,1.0,1.020792159269165,0.09171716366544036,0.2101965169780609,0.2101965169780609,0.8631380243149789,0.9998669720629388,2.0,d_kam,4.0,0.24987378190849263,0.016304347826086956,0.0,warehouse,5001,0.0,200.0,3161.0,3111.0,3111.0,608.6969626194332,4.0,368.0,336.0,2.4999787649672713,0.7351972449978348,32.0,
47.0,47.0,0.0,0.0,c_kam_N_32,0.999208235681573,"N=32, U0=4",2.902474377699649,1.261499924009002,,S1,4,32,2.9209845314299203,5.0,0.9189251044323763,45.60626841003911,4.960570961091125e-17,0.30903548609547793,0.45615709234685975,0.24275038174879207,9.51811480903416,-7.086529944415892e-18,0.17570685206855838,0.17570685206855838,1.7212707805206964,0.6123638931718259,5.06099910157486,0.0,1.1194960886126502,2.1259589833247678e-17,0.19244737312137125,0.19244737312137125,0.8591935728753879,0.999208235681573,8.0,c_kam,30.0,1.8873791418627614e-16,0.5222222222222223,0.0,warehouse,5002,9.0,200.0,10474.0,3272.0,3272.0,1903.6229618068319,30.0,90.0,0.0,19.419466834335157,2.036150380008621,32.0,
7.0,7.0,0.0,0.0,d_kam_N_32,0.9999826723795642,"N=32, U0=4",2.9448376089822,1.3239159338934885,,S1,4,32,0.06392522381012089,2.0,1.3524926205379364,45.60626841003911,4.256609123784522,0.31305999306732024,0.5289714344760046,0.34413744040962674,2.689638482115697,-3.993387419810298,0.24092534037863952,0.24092534037863952,1.7845643239910418,0.8458781551250237,5.4139511380086764,1.0,1.126730732994025,0.13161085198711212,0.1935858219454471,0.1935858219454471,0.8532640519363617,0.9999826723795642,2.0,d_kam,5.0,0.4149509151594575,0.025089605734767026,0.0,warehouse,5002,0.0,200.0,3072.0,3119.0,3119.0,537.9276964231394,5.0,279.0,249.0,2.907294697115131,0.6614299189823214,32.0,
41.0,41.0,0.0,0.0,c_kam_N_32,0.9999999999999996,"N=32, U0=4",3.179222755699524,1.3499351597215636,,S1,4,32,0.0,3.0,0.9744098132126651,50.32599037827589,5.415722071342227e-17,0.3366082644776958,0.43612040977944827,0.214851203490371,7.748985834332416,0.0,0.14076816728298738,0.14076816728298738,1.6696013758061696,0.6661833257344985,4.224597223511941,0.0,0.8853123051512831,2.7078610356711135e-17,0.17974044038002418,0.17974044038002418,0.8503975214499906,0.9999999999999996,6.0,c_kam,30.0,2.220446049250313e-16,0.45555555555555555,0.0,warehouse,5003,5.0,200.0,8327.0,3211.0,3211.0,1549.7971668664832,30.0,90.0,0.0,15.904448724328896,1.6819389089941978,32.0,
9.0,9.0,0.0,0.0,d_kam_N_32,1.0,"N=32, U0=4",3.122392013352495,1.231095085429169,,S1,4,32,0.0,2.0,1.1188617947736452,50.35355721416877,1.5225399856588298,0.3312093439547282,0.42037162462013017,0.19292251529385218,3.2190631054982077,-1.2210873049431032,0.14915131754525282,0.14915131754525282,1.7431671564135425,0.8501759450354933,4.748814607966392,1.0,0.9835665209081467,0.15072634035786325,0.16373839857680436,0.16373839857680436,0.8616873285077682,1.0,2.0,d_kam,7.0,0.8133630775778817,0.02830188679245283,0.0,warehouse,5003,0.0,200.0,3483.0,3147.0,3147.0,643.8126210996415,7.0,318.0,257.0,3.636063607107046,0.7694157820078544,32.0,
28.0,28.0,0.0,0.0,c_kam_N_32,1.0,"N=32, U0=4",0.15842354460686256,0.1537856103792812,,S1,4,32,0.0,2.0,1.0688252199496788,3.3031197434431636,5.947623346206196e-17,0.018979461287128435,0.48669318290056696,0.28526898884889057,5.887433604511898,-1.1895246692412391e-17,0.0678774134391386,0.0678774134391386,1.0269302000517024,0.724830170632154,1.0863287611480736,0.0,0.0053846672166533,2.3790493384824782e-17,0.09176937336435255,0.09176937336435255,0.9813827669831988,1.0,6.0,c_kam,18.0,2.220446049250313e-16,0.3111111111111111,0.0,warehouse,5004,4.0,200.0,6543.0,3161.0,3161.0,1177.4867209023796,18.0,90.0,0.0,11.134266732061194,1.3050903340044897,32.0,
6.0,6.0,0.0,0.0,d_kam_N_32,0.9999999999999994,"N=32, U0=4",1.104379605072761,0.9309450969616528,,S1,4,32,0.0,2.0,1.2023407105554353,9.210652697895863,0.3491241956966813,0.10884528703138882,0.5714337314601292,0.40326215772929375,4.190957116661593,-0.3408784428522382,0.14701867251841452,0.14701867251841452,1.202900811982065,0.746370650764851,1.4100901206512184,1.0,0.05520410664687316,0.00412287642222157,0.1618362272607795,0.1618362272607795,0.9075526157578736,0.9999999999999994,2.0,d_kam,4.0,0.018552943899997065,0.013157894736842105,0.0,warehouse,5004,0.0,200.0,4613.0,3155.0,3155.0,838.1914233323187,4.0,456.0,421.0,2.5272916683413857,0.9652375909790862,32.0,
42.0,42.0,0.0,0.0,c_kam_N_32,1.0,"N=32, U0=4",1.5689129398344492,0.9255965014257214,,S1,4,32,0.0,2.0,1.0271151970150134,27.104363092557115,5.551115123125783e-17,0.16585170862362095,0.428522047247459,0.20427120502810736,7.7264050258963834,-2.9077269692563625e-17,0.13595050170948306,0.13595050170948306,1.315237760780588,0.6843472051259318,1.9308480746357888,0.0,0.24201706289754005,1.3216940769347101e-17,0.14962133938300312,0.14962133938300312,0.8990967477624769,1.0,9.0,c_kam,26.0,1.054711873393894e-16,0.4666666666666667,0.0,warehouse,5005,7.0,200.0,7939.0,3198.0,3198.0,1545.2810051792767,26.0,90.0,0.0,18.560842305476612,1.6768916680011898,32.0,
8.0,8.0,0.0,0.0,d_kam_N_32,0.9999999999999999,"N=32, U0=4",1.4849124882211329,0.8742171106447544,,S1,4,32,0.0,2.0,1.2282311748707337,25.235923588013726,0.33527782790231253,0.15787166572035585,0.5429114274508887,0.3635475572100983,3.185717800806742,-0.2948819576914534,0.1970616682090767,0.1970616682090767,1.2791227608014797,0.8103158154819209,2.154429234669862,1.0,0.23638988990325657,0.020197935105429582,0.13406197348598037,0.13406197348598037,0.9039777898866689,0.9999999999999999,2.0,d_kam,6.0,0.0865689035779177,0.02247191011235955,0.0,warehouse,5005,0.0,200.0,3273.0,3131.0,3131.0,637.1435601613484,6.0,356.0,308.0,3.466531432436322,0.766085342009319,32.0,
37.0,37.0,0.0,0.0,c_kam_N_32,0.9999999999999996,"N=32, U0=4",1.3975146945762817,0.9638428623172772,,S1,4,32,0.0,5.0,0.8500383843847392,19.517094177808595,6.301265815440077e-17,0.14868378268294738,0.43491609762432587,0.21317431314779556,8.120046960393665,-2.700542492331462e-17,0.12227340849769221,0.12227340849769221,1.3165205055885598,0.6266202966648837,1.655448495577256,0.0,0.18373630510951222,1.800361661554308e-17,0.17105487360067292,0.17105487360067292,0.8956159534186754,0.9999999999999996,7.0,c_kam,22.0,1.332267629550183e-16,0.4111111111111111,0.0,warehouse,5006,8.0,200.0,9119.0,3234.0,3234.0,1624.009392078733,22.0,90.0,0.0,16.101027190049443,1.755387557001086,32.0,
7.0,7.0,0.0,0.0,d_kam_N_32,0.9999999999999998,"N=32, U0=4",1.6489729196560405,1.1624230215879128,,S1,4,32,0.0,2.0,1.3383717101114212,19.37934797053642,0.6046828189987512,0.17257231406552445,0.6374227844365055,0.4951456492153875,4.784656970441574,-0.6039148795650044,0.2555885783199255,0.2555885783199255,1.4159701808844838,0.7268854187407401,2.0968926006896593,1.0,0.2108406263776247,0.0003839697168733939,0.2093075987881241,0.2093075987881241,0.8767508382879651,0.9999999999999998,2.0,d_kam,5.0,0.001881451612679628,0.01338432122370937,0.0,warehouse,5006,0.0,200.0,5393.0,3186.0,3186.0,956.9313940883148,5.0,523.0,462.0,3.2869770902122712,1.0844453400059137,32.0,
44.0,44.0,0.0,0.0,c_kam_N_32,0.9999504284678271,"N=32, U0=4",9.838981609656104,2.532410616314245,,S1,4,32,0.18491058232724836,3.0,1.0029637464529784,102.14837394249543,2.7755575615628914e-17,0.9910292798043194,0.4294323187216087,0.20553867163768313,7.077804578875657,2.2709107321878203e-17,0.1848205298887577,0.1848205298887577,2.680091506142976,0.6921381727609486,20.006651489513487,0.0,5.272267546855181,2.5232341468753557e-17,0.19644538003196949,0.19644538003196949,0.7309909580030921,0.9999504284678271,6.0,c_kam,33.0,2.220446049250313e-16,0.4888888888888889,0.0,warehouse,5007,5.0,200.0,7352.0,3183.0,3183.0,1415.5609157751314,33.0,90.0,0.0,17.66209597438949,1.546809448977001,32.0,
10.0,10.0,0.0,0.0,d_kam_N_32,0.9999497232654598,"N=32, U0=4",9.501583884458062,2.5372840573171276,,S1,4,32,0.18754111188137762,2.0,1.158157993471095,102.14837394249543,6.064090105393643,0.9589764959105055,0.4763137012623085,0.2708165460614422,2.9842190488125198,-5.974644484876437,0.22922862980827527,0.22922862980827527,2.7019459411655764,0.8238613327915256,19.725521932540474,1.0,5.139262363157489,0.04472281025860332,0.23669300532072715,0.23669300532072715,0.7305279811078182,0.9999497232654598,2.0,d_kam,8.0,0.18259028810501138,0.03367003367003367,0.0,warehouse,5007,0.0,200.0,3090.0,3143.0,3143.0,596.843809762504,8.0,297.0,255.0,4.567783670750188,0.7233326040150132,32.0,
36.0,36.0,0.0,0.0,c_kam_N_32,1.0000000000000002,"N=32, U0=4",2.3384142276991082,1.082300786380681,,S1,4,32,0.0,2.0,1.0516973134254324,43.538503155522655,7.709882115452476e-17,0.24868400195163506,0.43250465923613957,0.20981661412627034,4.9509073414083105,2.1587669923266933e-17,0.10973127721976507,0.10973127721976507,1.4889834686461552,0.7229342023219827,3.2491363464086658,0.0,0.6068802496928517,4.9343245538895844e-17,0.1445671397869472,0.1445671397869472,0.8790289747182704,1.0000000000000002,8.0,c_kam,22.0,2.220446049250313e-16,0.4,0.0,warehouse,5008,6.0,200.0,5221.0,3119.0,3119.0,990.1814682816621,22.0,90.0,0.0,15.003438970788773,1.1177007330115885,32.0,
11.0,11.0,0.0,0.0,d_kam_N_32,0.9999999999999997,"N=32, U0=4",2.470245046161181,1.168880271426719,,S1,4,32,0.0,2.0,1.2193916481506109,43.389333201100115,0.4796175348542921,0.2612079297055319,0.5627460521954275,0.3911653891328738,3.374342329479987,-0.10972241849829918,0.205905276947884,0.205905276947884,1.654996673778074,0.8165367183943004,3.9402057486499857,1.0,0.7273776576084745,0.18494755817799646,0.20858247171590358,0.20858247171590358,0.8708039236388967,0.9999999999999997,2.0,d_kam,9.0,0.8631781927985003,0.03293413173652695,0.0,warehouse,5008,0.0,200.0,3592.0,3166.0,3166.0,674.8684658959974,9.0,334.0,252.0,4.358117114444478,0.8007089940074366,32.0,
51.0,51.0,0.0,0.0,c_kam_N_32,0.9995107252509945,"N=32, U0=4",1.75386874696417,0.9250053605895303,,S1,4,32,1.8944867528947242,5.0,1.020973712086401,32.96971268138704,3.047671047990626e-17,0.18910587394298983,0.47527061310846946,0.26936414483457777,8.162331364146667,1.3061447348531253e-17,0.14817094213288515,0.14817094213288515,1.469130107921797,0.6448036807522556,2.7440709373847345,0.0,0.4683603229514429,2.1769078914218755e-17,0.16445617563084222,0.16445617563084222,0.8957571553825068,0.9995107252509945,10.0,c_kam,30.0,2.220446049250313e-16,0.5666666666666667,0.0,warehouse,5009,11.0,200.0,8680.0,3221.0,3221.0,1632.4662728293333,30.0,90.0,0.0,20.27034714834538,1.765073966991622,32.0,
5.0,5.0,0.0,0.0,d_kam_N_32,0.9999560222647929,"N=32, U0=4",2.2400892569745783,1.2665202904309145,,S1,4,32,0.1702831322081529,2.0,1.1668821555196174,33.73891754295939,1.2515365961192417,0.23529682239397856,0.5051508332368593,0.3109695146336015,2.926807290641591,-1.0902425794667034,0.18236123470455,0.18236123470455,1.5106426329975875,0.8074589198592208,3.1593085995335373,1.0,0.5281762360840285,0.08064700832626918,0.19254604897155822,0.19254604897155822,0.8633132370475753,0.9999560222647929,2.0,d_kam,3.0,0.3225880333050767,0.013550135501355014,0.0,warehouse,5009,0.0,200.0,3162.0,3103.0,3103.0,585.3614581283182,3.0,369.0,340.0,2.407818001035812,0.711277597991284,32.0,
40.0,40.0,0.0,0.0,c_kam_N_32,0.9999999999999996,"N=32, U0=4",0.6786541133923576,0.4914817940196145,,S1,4,32,0.0,3.0,0.9571897509414327,15.958598051722134,4.718447854656915e-17,0.07425078250282342,0.43874469287720513,0.21850526856319705,5.144074965646723,2.7755575615628915e-18,0.08378057972539939,0.08378057972539939,1.1419369385379765,0.7291185321484803,1.297195147821335,0.0,0.06623795366737079,2.4980018054066023e-17,0.11663637462314826,0.11663637462314826,0.9443901515692762,0.9999999999999996,8.0,c_kam,25.0,2.220446049250313e-16,0.4444444444444444,0.0,warehouse,5010,7.0,200.0,5350.0,3125.0,3125.0,1028.8149931293447,25.0,90.0,0.0,15.915879855967171,1.1571455289958976,32.0,
4.0,4.0,0.0,0.0,d_kam_N_32,0.9999999999999997,"N=32, U0=4",0.6835570570079765,0.4916350794273676,,S1,4,32,0.0,2.0,1.303636069503207,15.958598051722134,0.3367808316611756,0.0747165621463072,0.5513047446102363,0.3752344545205822,2.9105751840688754,-0.3270368947360876,0.15192066198373305,0.15192066198373305,1.1364181238376796,0.831249962864616,1.5402502377750944,1.0,0.07069330981980808,0.004871968462544007,0.13700723230770565,0.13700723230770565,0.9443755894555396,0.9999999999999997,2.0,d_kam,2.0,0.016564692772649617,0.013745704467353952,0.0,warehouse,5010,0.0,200.0,3084.0,3095.0,3095.0,582.1150368137751,2.0,291.0,268.0,1.6412927630104157,0.7106636840035208,32.0,
56.0,56.0,0.0,0.0,c_kam_N_64,0.9999999999999993,"N=64, U0=8",1.9501494528181371,0.9352638140395065,,S1,8,64,0.0,5.0,0.9489829555240537,110.63895612310083,6.542385680826816e-17,0.21061502934776638,0.501242693050408,0.30552780044993516,36.70778874497046,1.784287003861859e-17,0.17040635360162287,0.17040635360162287,1.659633140374044,0.6666485733404636,3.618056960338728,0.0,0.6973344159736429,4.163336342344337e-17,0.19199656363613266,0.19199656363613266,0.8934240238255293,0.9999999999999993,14.0,c_kam,31.0,2.220446049250313e-16,0.6222222222222222,0.0,warehouse,5001,11.0,200.0,22601.0,6398.0,6182.0,7341.5577489940915,31.0,90.0,0.0,24.033951080998005,7.608508311008336,64.0,
12.0,12.0,0.0,0.0,d_kam_N_64,0.9999999999999997,"N=64, U0=8",2.4417064762628757,1.29822981088872,,S1,8,64,0.0,3.0,1.2616534144213127,110.63895612310083,0.9158733842573951,0.2573129465750166,0.5987236104441119,0.4412607234031939,24.800574040127685,-0.6925773004633928,0.2550468426690524,0.2550468426690524,1.8640488942622457,0.745703588897285,4.1182476547882665,1.0,0.7767529281573989,0.11164804189700107,0.2370955501496248,0.2370955501496248,0.8589422541248541,0.9999999999999997,5.0,d_kam,7.0,0.5160341275139435,0.015113350125944584,0.0,warehouse,5001,0.0,200.0,14832.0,6415.0,6415.0,4960.114808025537,7.0,794.0,613.0,5.274485946954423,5.227319682977395,64.0,
54.0,54.0,0.0,0.0,c_kam_N_64,0.9999999999999997,"N=64, U0=8",1.7069289805484282,0.9099914253774054,,S1,8,64,0.0,3.0,1.051223764744822,96.70922402943373,1.1102230246251565e-16,0.18018590784732436,0.5199342903905149,0.3315540752272993,27.02000820179819,5.3455182667137164e-17,0.11185689905447525,0.11185689905447525,1.3713899864543952,0.7011260644777793,2.1315945597523394,0.0,0.2863198222173842,8.22387425648264e-17,0.1276641089117222,0.1276641089117222,0.8997432994008449,0.9999999999999997,15.0,c_kam,29.0,2.99760216648791e-16,0.6,0.0,warehouse,5002,10.0,200.0,16606.0,6416.0,6092.0,5404.001640359638,29.0,90.0,0.0,23.696903635142714,5.66361598201911,64.0,
9.0,9.0,0.0,0.0,d_kam_N_64,0.9999999999999998,"N=64, U0=8",1.9673613095939069,1.0093706289955808,,S1,8,64,0.0,2.0,1.331784519520805,103.14028425483684,0.4044431406827307,0.2049269791066449,0.40045749861172497,0.16519398540873106,10.90184539105394,-0.3798090836815528,0.20761938573059194,0.20761938573059194,1.48286627674157,0.8926638628314834,2.5871512295924872,1.0,0.3558293867713365,0.012317028500588936,0.21493230041562886,0.21493230041562886,0.8903022750571182,0.9999999999999998,6.0,d_kam,3.0,0.06594346790587591,0.03125,0.0,warehouse,5002,0.0,200.0,6961.0,6248.0,6248.0,2180.369078210788,3.0,288.0,200.0,4.276154371771321,2.432352786010597,64.0,
63.0,63.0,0.0,0.0,c_kam_N_64,1.0,"N=64, U0=8",3.711023106521793,1.423089655191361,,S1,8,64,0.0,3.0,0.9355879516564648,192.06136885608765,8.635067969306773e-17,0.38656307349053565,0.4931488431431521,0.29425788285755355,30.181330664781854,5.28677630773884e-18,0.14030070456661511,0.14030070456661511,1.8689870120272334,0.7041663979731623,5.337059357609916,0.0,1.1767857857149129,4.5818728000403283e-17,0.1541379275327688,0.1541379275327688,0.8435666816136179,1.0,19.0,c_kam,30.0,2.220446049250313e-16,0.7,0.0,warehouse,5003,14.0,200.0,17976.0,6263.0,6113.0,6036.266132956371,30.0,90.0,0.0,27.20785539574966,6.298657127976185,64.0,
11.0,11.0,0.0,0.0,d_kam_N_64,0.9999999999999997,"N=64, U0=8",3.8356279522236756,1.4715703768313069,,S1,8,64,0.0,2.0,1.161828773956299,192.06136885608765,0.8755571876566249,0.3984005338322145,0.47437837707877145,0.26812179086917554,17.300651225232286,-0.5930105637411576,0.18265188045104794,0.18265188045104794,1.9257199012385688,0.8418473642616187,5.67435119331785,1.0,1.2259918176019795,0.14127331195773365,0.18209560284308635,0.18209560284308635,0.8389610130578231,0.9999999999999997,6.0,d_kam,5.0,0.6177559145593863,0.019855595667870037,0.0,warehouse,5003,0.0,200.0,10515.0,6321.0,6321.0,3460.1302450464573,5.0,554.0,413.0,4.785702478457461,3.718221989023732,64.0,
55.0,55.0,0.0,0.0,c_kam_N_64,1.0000000000000002,"N=64, U0=8",3.994800795952461,1.493176265490054,,S1,8,64,0.0,5.0,0.9067748894147653,135.3053800866707,3.835315903250541e-17,0.41057156309121284,0.4649029631083947,0.2549281764800433,29.67779973972938,-6.0557619525008536e-18,0.19433398239992222,0.19433398239992222,2.2405306470769872,0.6942975109684683,7.834565808274849,0.0,1.866255474619582,1.6148698540002276e-17,0.21947394868451872,0.21947394868451872,0.8376623192621813,1.0000000000000002,12.0,c_kam,34.0,1.4432899320127003e-16,0.6111111111111112,0.0,warehouse,5004,9.0,200.0,18225.0,6268.0,6118.0,5935.559947945876,34.0,90.0,0.0,22.758202874148317,6.1972358979983255,64.0,
13.0,13.0,0.0,0.0,d_kam_N_64,1.0000000000000004,"N=64, U0=8",4.115213640083203,1.5850510893639698,,S1,8,64,0.0,2.0,1.3050774221817782,136.41794043047452,1.4373715701875283,0.4220107832836334,0.48352218242458006,0.28085367173042797,10.99381862586597,-0.9541918880562306,0.27252500117682255,0.27252500117682255,2.3535248362378316,0.8627868395397891,8.234177987288119,1.0,1.9081544906842152,0.24158984106564896,0.26304158038438635,0.26304158038438635,0.8289342109941593,1.0000000000000004,6.0,d_kam,7.0,1.1606457309694262,0.03581267217630854,0.0,warehouse,5004,0.0,200.0,6968.0,6293.0,6293.0,2198.763725173194,7.0,363.0,253.0,5.452631757615027,2.4523015579907224,64.0,
58.0,58.0,0.0,0.0,c_kam_N_64,1.0,"N=64, U0=8",1.32756674102649,0.7592959092201569,,S1,8,64,0.0,3.0,1.0028308692662464,82.05938816392127,1.1102230246251565e-16,0.1402603210109908,0.5243799868951158,0.3377442855501613,30.161822220106842,4.976861834526564e-17,0.12646467407786505,0.12646467407786505,1.4842001197209411,0.703665373294394,2.0942972399001696,0.0,0.27054545747181885,8.039546040389065e-17,0.13372072492786788,0.13372072492786788,0.9164415929543063,1.0,17.0,c_kam,29.0,2.553512956637857e-16,0.6444444444444445,0.0,warehouse,5005,12.0,200.0,17690.0,6218.0,6109.0,6032.364444021368,29.0,90.0,0.0,25.2207050588341,6.299228432995733,64.0,
8.0,8.0,0.0,0.0,d_kam_N_64,1.0,"N=64, U0=8",1.609919498814882,0.8748122116810995,,S1,8,64,0.0,2.0,1.1884547181500322,90.81028631676415,0.7796659983510223,0.16708383300088808,0.44435847361359515,0.22632192528475276,17.41573005419923,-0.7796659983510223,0.1781657557539308,0.1781657557539308,1.559000683093559,0.8616278691701449,2.4687334829631187,1.0,0.3321305429686363,0.0,0.18797169886959744,0.18797169886959744,0.9054675442205167,1.0,6.0,d_kam,2.0,0.0,0.018779342723004695,0.0,warehouse,5005,0.0,200.0,10502.0,6295.0,6295.0,3483.146010839846,2.0,426.0,335.0,3.6700423281069514,3.74481284598005,64.0,
49.0,49.0,0.0,0.0,c_kam_N_64,0.9999999999999991,"N=64, U0=8",2.4575091502043795,1.1575955302566376,,S1,8,64,0.0,5.0,0.9619173865233386,122.19759704892326,5.437827059388522e-17,0.25665471581446686,0.5623118034588181,0.3905607389932911,33.43018106024829,-1.8126090197961738e-17,0.16094259410460088,0.16094259410460088,1.6864219882342197,0.6969077247687357,3.87009711824007,0.0,0.7520792557631139,1.8126090197961738e-17,0.17554152138059784,0.17554152138059784,0.8732919995274446,0.9999999999999991,12.0,c_kam,28.0,2.220446049250313e-16,0.5444444444444444,0.0,warehouse,5006,9.0,200.0,21182.0,6688.0,6160.0,6686.0362120496575,28.0,90.0,0.0,20.161290341034967,6.946370318997651,64.0,
10.0,10.0,0.0,0.0,d_kam_N_64,0.9999999999999991,"N=64, U0=8",2.7916837715712792,1.2121142073937612,,S1,8,64,0.0,2.0,1.1846473722976338,133.13644683815963,0.6644648581246594,0.28840130484432225,0.41903672070953735,0.19106378832973556,10.832613234524615,-0.6081195235320178,0.2187859079772975,0.2187859079772975,1.7530864219761089,0.8667124666006388,4.38315104673974,1.0,0.8579755723779,0.028172667296320775,0.21346213511603865,0.21346213511603865,0.868112725199418,0.9999999999999991,6.0,d_kam,4.0,0.1422018751557357,0.02881844380403458,0.0,warehouse,5006,0.0,200.0,7031.0,6264.0,6264.0,2166.522646904923,4.0,347.0,242.0,4.442152283629691,2.4180174980137963,64.0,
52.0,52.0,0.0,0.0,c_kam_N_64,1.0,"N=64, U0=8",5.753296084680929,1.8312026972598847,,S1,8,64,0.0,4.0,0.9179669613039181,202.22890323000388,9.607699251563855e-17,0.5932634422323211,0.4653678586866309,0.2555754994370811,39.874237960902974,2.135044278125301e-18,0.17741562566805388,0.17741562566805388,2.2638597666198024,0.643434529821463,9.826091954362932,0.0,2.4406683974008514,4.910601839688192e-17,0.17135036295840314,0.17135036295840314,0.8004032659169958,1.0,15.0,c_kam,26.0,1.6098233857064723e-16,0.5777777777777777,0.0,warehouse,5007,11.0,200.0,23865.0,6485.0,6199.0,7974.847592180595,26.0,90.0,0.0,22.11163553555753,8.242839104001177,64.0,
13.0,13.0,0.0,0.0,d_kam_N_64,0.9999999999999997,"N=64, U0=8",6.019539787612315,1.9559635218710216,,S1,8,64,0.0,2.0,1.1516722749983033,202.15497179833855,2.035888573095359,0.6185565940108028,0.44535397680562994,0.22770806896986456,12.250356689910404,-1.3740296218180548,0.22190946649915802,0.22190946649915802,2.46058129624177,0.8430363136731307,10.658048481791308,1.0,2.610538600152199,0.33092947563865205,0.2075374751795998,0.2075374751795998,0.7885509875789378,0.9999999999999997,6.0,d_kam,7.0,1.727249021978296,0.029213483146067417,0.0,warehouse,5007,0.0,200.0,7346.0,6307.0,6307.0,2450.071337982081,7.0,445.0,308.0,5.700063617118885,2.705537992005702,64.0,
47.0,47.0,0.0,0.0,c_kam_N_64,1.0,"N=64, U0=8",1.8471155239036732,0.8826507515364748,,S1,8,64,0.0,3.0,1.0667036678496837,125.40761622729454,5.196788625904988e-17,0.19685930800846876,0.4361541128889765,0.2148981318707267,21.030367063794984,3.307047307394083e-17,0.20584613364642712,0.20584613364642712,1.9658345489879319,0.7778914103469076,4.822942686143001,0.0,1.0048720958594008,4.2519179666495357e-17,0.20769164186348912,0.20769164186348912,0.9003314586652852,1.0,12.0,c_kam,28.0,2.220446049250313e-16,0.5222222222222223,0.0,warehouse,5008,7.0,200.0,12272.0,6209.0,6029.0,4206.073412758997,28.0,90.0,0.0,18.9541121877101,4.466401349985972,64.0,
6.0,6.0,0.0,0.0,d_kam_N_64,0.9995290379177173,"N=64, U0=8",1.919066284051268,0.9421719940012546,,S1,8,64,5.962551854658537,2.0,1.7315036557310968,125.40761622729454,4.258788469286407,0.2036946302224902,0.4293943561162966,0.20548581231383076,11.389557875518221,-3.308439828030499,0.2547300973909571,0.2547300973909571,1.9539734774299011,0.8797559047930201,4.965070561002476,1.0,1.0051492436263305,0.47517432062795434,0.25549330758739475,0.25549330758739475,0.8946769406311311,0.9995290379177173,6.0,d_kam,0.0,1.1970052231798656,0.018072289156626505,0.0,warehouse,5008,0.0,200.0,6772.0,6213.0,6213.0,2277.9115751036443,0.0,332.0,252.0,3.0,2.5366593950020615,64.0,
57.0,57.0,0.0,0.0,c_kam_N_64,0.9999999999999999,"N=64, U0=8",3.3386824542810953,1.4299683821969555,,S1,8,64,0.0,4.0,0.9531276914402675,164.4856854572879,7.596262800066861e-17,0.34709242137193685,0.5449838632267021,0.36643322727768646,22.447351532318862,-5.843279076974508e-18,0.20651314753635205,0.20651314753635205,1.8760035161662347,0.7187905848425558,5.306288606460987,0.0,1.1372717827049137,3.5059674461847047e-17,0.19866421811855756,0.19866421811855756,0.8444630682554995,0.9999999999999999,14.0,c_kam,33.0,2.220446049250313e-16,0.6333333333333333,0.0,warehouse,5009,10.0,200.0,13906.0,6304.0,6053.0,4489.470306463772,33.0,90.0,0.0,23.638520318967377,4.74666909899679,64.0,
12.0,12.0,0.0,0.0,d_kam_N_64,0.9999999999999999,"N=64, U0=8",3.117958816296106,1.3221824111711735,,S1,8,64,0.0,2.0,1.2481458896966164,164.4856854572879,1.6577272145087127,0.326123675763363,0.4567848111172392,0.24362442054299138,12.658750036061974,-0.9499167955452368,0.23605061681474268,0.23605061681474268,1.9803789110502754,0.8503341506213136,5.46707797380781,1.0,1.153840257121293,0.3539052094817381,0.2203066125791766,0.2203066125791766,0.8547027355029487,0.9999999999999999,6.0,d_kam,6.0,1.5390862619128676,0.02912621359223301,0.0,warehouse,5009,0.0,200.0,7965.0,6305.0,6305.0,2531.750007212395,6.0,412.0,250.0,5.3794932164449465,2.785104506998323,64.0,
67.0,67.0,0.0,0.0,c_kam_N_64,0.9999719726360342,"N=64, U0=8",2.695250286878944,1.2133588349481939,,S1,8,64,0.3056033967116497,7.0,0.9574918561549071,122.34634448530254,8.11954152337801e-17,0.28335476162624784,0.6393597559634112,0.4978426981769017,45.86698942919611,-2.4855739357279625e-17,0.1711586017388156,0.1711586017388156,1.8753652571186084,0.6058526589615001,4.437892526862683,0.0,0.9193390333810976,2.816983793825024e-17,0.18231155296965704,0.18231155296965704,0.8663316189791525,0.9999719726360342,14.0,c_kam,40.0,1.1102230246251565e-16,0.7444444444444445,0.0,warehouse,5010,13.0,200.0,28231.0,6456.0,6266.0,9173.397885839222,40.0,90.0,0.0,28.02061834296559,9.439518176019192,64.0,
12.0,12.0,0.0,0.0,d_kam_N_64,0.9999999999999998,"N=64, U0=8",3.0334664403553013,1.4426972706281251,,S1,8,64,0.0,2.0,1.1794976088676052,122.2490755395375,1.6372688385750929,0.31548529620650184,0.4690217447485786,0.2606631888904259,17.139627039432526,-1.480931524949668,0.26960947775571936,0.26960947775571936,2.099161526163756,0.8200555587887939,4.848822531968686,1.0,0.9780330149313202,0.07816865681271225,0.27645206900990915,0.27645206900990915,0.8445444675895589,0.9999999999999998,6.0,d_kam,6.0,0.4075258803090552,0.023166023166023165,0.0,warehouse,5010,0.0,200.0,11048.0,6362.0,6362.0,3427.925407886505,6.0,518.0,380.0,5.200210018800119,3.685682242998155,64.0,
68.0,68.0,0.0,0.0,c_kam_N_128,1.0,"N=128, U0=16",15.565780665784269,3.337670852091989,,S1,16,128,0.0,9.0,0.8144893295654081,611.662327023354,4.783755091399571e-16,1.5400675437203477,0.5202067841505655,0.33193349691850893,158.5070236994943,-4.734774663842579e-17,0.28446452986071724,0.28446452986071724,4.632836381209825,0.6087625391644265,38.94287262944337,0.0,10.538393325762792,2.1551388125076568e-16,0.2454417299085131,0.2454417299085131,0.6535290575863292,1.0,23.0,c_kam,29.0,1.1102230246251565e-16,0.7555555555555555,0.0,warehouse,5001,16.0,200.0,81528.0,13241.0,12214.0,31701.404739898862,29.0,90.0,0.0,30.139341295025886,32.277498844021466,128.0,
26.0,26.0,0.0,0.0,d_kam_N_128,1.0,"N=128, U0=16",16.996665227329903,3.6137446591101132,,S1,16,128,0.0,3.0,1.217532852625976,623.8677058809917,2.364512264436387,1.6760015770671828,0.5277809260606398,0.342479770464182,90.01800917554647,-1.4711706435113194,0.33210849634727824,0.33210849634727824,5.346819083529077,0.8102249981554911,44.2156400320996,1.0,11.94145213648339,0.44667081046253376,0.3223297545885954,0.3223297545885954,0.6273020459196073,1.0,13.0,d_kam,13.0,1.936731569373194,0.027339642481598318,0.0,warehouse,5001,0.0,200.0,29429.0,12625.0,12625.0,18003.601835109293,13.0,951.0,429.0,11.321375353920029,19.175550914020278,128.0,
68.0,68.0,0.0,0.0,c_kam_N_128,0.9999415746282696,"N=128, U0=16",9.243208250747593,2.5381371300373576,,S1,16,128,1.2888211042835054,5.0,0.978999546817767,552.0278633686389,2.955152462605196e-16,0.92894596572411,0.5255604451139291,0.33938796155104056,135.80552517538308,-1.7796222012373834e-16,0.2511481012422496,0.2511481012422496,3.2753205439231032,0.6912060450907666,19.319213925826542,0.0,5.0471302019648325,5.877651306839064e-17,0.22664116752523428,0.22664116752523428,0.7321061532875223,0.9999415746282696,29.0,c_kam,21.0,4.440892098500626e-16,0.7555555555555555,0.0,warehouse,5002,18.0,200.0,51844.0,12498.0,11990.0,27161.105035076616,21.0,90.0,0.0,30.8571806380313,27.82145893998677,128.0,
18.0,18.0,0.0,0.0,d_kam_N_128,0.9999999999999999,"N=128, U0=16",10.726002075862457,2.7950954506871613,,S1,16,128,0.0,2.0,1.1550567608773878,558.1949135962088,2.744213866516983,1.0698113791100219,0.4520333294822338,0.23700843345627484,90.16979245017865,-1.8862622383467214,0.29542076202783785,0.29542076202783785,3.8965996645484227,0.8501981151621485,22.680410311713576,1.0,5.942646117075502,0.4289758140851308,0.25763590591403407,0.25763590591403407,0.7076951128257909,0.9999999999999999,14.0,d_kam,4.0,1.6753957344534753,0.025974025974025976,0.0,warehouse,5002,0.0,200.0,21609.0,12451.0,12451.0,18033.95849003573,4.0,693.0,319.0,8.369634943983232,19.468161972006783,128.0,
56.0,56.0,0.0,0.0,c_kam_N_128,1.0000000000000002,"N=128, U0=16",1.778056116174328,0.9244277175438856,,S1,16,128,0.0,6.0,0.9869647111593124,159.18027559075813,1.130048435779177e-16,0.18389040413214633,0.5161371651889572,0.3262669388707,114.54560182013665,1.982541115402065e-18,0.13303418750562887,0.13303418750562887,1.4715199049994885,0.739312965875901,2.348153264986432,0.0,0.33175957996878597,5.74936923466599e-17,0.13395485124150744,0.13395485124150744,0.899773947278046,1.0000000000000002,19.0,c_kam,28.0,2.7755575615628914e-16,0.6222222222222222,0.0,warehouse,5003,9.0,200.0,41286.0,12875.0,11912.0,22909.12036402733,28.0,90.0,0.0,24.415778393889997,23.61810030299239,128.0,
16.0,16.0,0.0,0.0,d_kam_N_128,0.9999999999999998,"N=128, U0=16",2.719401025893992,1.446629854408202,,S1,16,128,0.0,4.0,1.2043645918188777,177.23992848267042,0.17611290576557614,0.2733181705555144,0.5783718334584677,0.41292280608141063,136.59404889956932,-0.112427529747215,0.2679254848957948,0.2679254848957948,1.9219667710290185,0.7478485397743495,3.163603532843549,1.0,0.5095332873677334,0.03184268800918058,0.2540648335521098,0.2540648335521098,0.850164744275936,0.9999999999999998,12.0,d_kam,4.0,0.147484964449337,0.012810248198558846,0.0,warehouse,5003,0.0,200.0,38181.0,12665.0,12665.0,27318.809779913863,4.0,1249.0,860.0,7.288931602972229,28.97377911800868,128.0,
66.0,66.0,0.0,0.0,c_kam_N_128,0.9999999999999999,"N=128, U0=16",6.329031633511684,2.033685581478364,,S1,16,128,0.0,2.0,1.0216928237109473,411.15923476305176,6.156691318375869e-16,0.6359636195307242,0.4699774490787723,0.261993916438797,180.69323070609244,-1.1775092685418326e-16,0.23518625139775476,0.23518625139775476,3.0844427242479315,0.7632687569463823,13.135674029658757,0.0,3.315440821751725,2.4895910249170175e-16,0.22709355582705773,0.22709355582705773,0.7850297606309192,0.9999999999999999,23.0,c_kam,34.0,2.220446049250313e-16,0.7333333333333333,0.0,warehouse,5004,9.0,200.0,33529.0,12611.0,11849.0,36138.64614121849,34.0,90.0,0.0,27.566336432374236,37.3012038480083,128.0,
20.0,20.0,0.0,0.0,d_kam_N_128,0.9999999999999999,"N=128, U0=16",7.80796832670181,2.323058444352762,,S1,16,128,0.0,2.0,1.1822996879884689,441.06900063827555,1.444866917025514,0.7764626053837863,0.4415170617715831,0.2223655290490398,115.38676617958117,-1.0634110937193397,0.2635453025601699,0.2635453025601699,3.547047295666017,0.8703771008735214,16.44409691628035,1.0,4.207173759222356,0.1907279116530872,0.2535858506355926,0.2535858506355926,0.7575393386578514,0.9999999999999999,14.0,d_kam,6.0,0.5559211162620299,0.03067484662576687,0.0,warehouse,5004,0.0,200.0,18869.0,12444.0,12444.0,23077.353235916235,6.0,652.0,231.0,9.484936407790297,24.757880560995545,128.0,
54.0,54.0,0.0,0.0,c_kam_N_128,0.9997763975034121,"N=128, U0=16",1.8211962524851615,0.9218630688526863,,S1,16,128,5.147411979495351,6.0,0.940331494795995,177.01344654679667,9.663052251367103e-17,0.18818228397087722,0.4619011595303066,0.2507484499789079,92.51942983013578,5.962308835949915e-17,0.1685405133001827,0.1685405133001827,1.7884382572528608,0.7891891099632303,2.959249896226098,0.0,0.48798675601729996,7.812680543658509e-17,0.15035469336572707,0.15035469336572707,0.899911972886816,0.9997763975034121,19.0,c_kam,26.0,2.99760216648791e-16,0.6,0.0,warehouse,5005,9.0,200.0,33751.0,12926.0,11855.0,18503.885966027156,26.0,90.0,0.0,23.925237837405625,19.236581684002886,128.0,
16.0,16.0,0.0,0.0,d_kam_N_128,0.9993010879851928,"N=128, U0=16",2.537783400823262,1.3499335565070674,,S1,16,128,16.089212475318455,4.0,2.1686222316322965,181.14913510992147,0.2759048408243824,0.2562580630629967,0.5061702758628481,0.3123889917077632,108.04429356503533,-0.14857845961914148,0.2969346474491719,0.2969346474491719,2.1924272242222775,0.7891044725554474,3.529729842823208,1.0,0.6044721415802741,0.06366319060262043,0.2753144625963825,0.2753144625963825,0.8592452765596497,0.9993010879851928,12.0,d_kam,4.0,0.311819425851976,0.013937282229965157,0.0,warehouse,5005,0.0,200.0,35990.0,12563.0,12563.0,21608.858713007066,4.0,1148.0,752.0,7.4657576104403915,22.644341792998603,128.0,
63.0,63.0,0.0,0.0,c_kam_N_128,1.0,"N=128, U0=16",2.700862559976141,1.248575601104448,,S1,16,128,0.0,4.0,1.041750494657875,218.28057632397469,3.7712337661870396e-16,0.28253483474621055,0.48985770704282927,0.2896752882874838,100.17780127571314,1.1278456123176193e-16,0.1878395098159576,0.1878395098159576,1.8746704175237352,0.7466195699514198,3.9539426101416755,0.0,0.7670140260030817,2.4495396892523297e-16,0.18289043570357225,0.18289043570357225,0.8633409450313869,1.0,24.0,c_kam,27.0,6.439293542825905e-16,0.7,0.0,warehouse,5006,12.0,200.0,40900.0,12771.0,11907.0,20035.560255142627,27.0,90.0,0.0,27.54797692002843,20.712396054994315,128.0,
19.0,19.0,0.0,0.0,d_kam_N_128,1.0000000000000004,"N=128, U0=16",4.2047490634938525,1.810057601556927,,S1,16,128,0.0,2.0,1.1854514563885976,254.01580611242372,0.5117858467763944,0.4254040525803932,0.5948733617874488,0.43589961767872604,89.38707518886076,-0.2663917657621837,0.2666361549099868,0.2666361549099868,2.2979462305771903,0.757946192511938,5.554882651633756,1.0,1.1718738500871353,0.12269704050710531,0.2552465691010815,0.2552465691010815,0.8100001549884013,1.0000000000000004,14.0,d_kam,5.0,0.730651786775675,0.01857282502443793,0.0,warehouse,5006,0.0,200.0,28420.0,12508.0,12508.0,17877.415037772153,5.0,1023.0,550.0,9.199369318142406,18.915983059996506,128.0,
58.0,58.0,0.0,0.0,c_kam_N_128,0.9999999999999992,"N=128, U0=16",9.446550134563262,2.477371844129908,,S1,16,128,0.0,5.0,0.9910317588387069,546.5146575729347,4.134623677914376e-16,0.9445652223863423,0.5411455235523809,0.3610887036805303,115.0541310357221,1.1102230246251565e-16,0.2170344381517506,0.2170344381517506,3.253585292280821,0.7142955335903877,20.460694330740438,0.0,5.366541390796673,2.6224233512697665e-16,0.21713564293513796,0.21713564293513796,0.7388687853347116,0.9999999999999992,20.0,c_kam,29.0,2.220446049250313e-16,0.6444444444444445,0.0,warehouse,5007,9.0,200.0,49562.0,12853.0,11973.0,23010.82620714442,29.0,90.0,0.0,25.232361044232164,23.67186981800478,128.0,
24.0,24.0,0.0,0.0,d_kam_N_128,1.0,"N=128, U0=16",12.14575606112201,3.103417430401274,,S1,16,128,0.0,3.0,1.2119594679487564,583.3133452735169,1.5221858929121164,1.2009897854094231,0.5581400308645921,0.3847519417101914,99.80227201580419,-1.1478323276346554,0.3265412654658788,0.3265412654658788,4.095972506013094,0.7859055764707782,26.976618865449854,1.0,7.132852282664015,0.1871767826387305,0.312823625518306,0.312823625518306,0.6793944546389318,1.0,13.0,d_kam,11.0,0.4123283228023699,0.0223463687150838,0.0,warehouse,5007,0.0,200.0,32708.0,12646.0,12646.0,19960.45440316084,11.0,1074.0,526.0,11.123703998092976,21.0145912009757,128.0,
60.0,60.0,0.0,0.0,c_kam_N_128,1.0000000000000004,"N=128, U0=16",2.42773092123568,1.1967351907653565,,S1,16,128,0.0,2.0,1.1295645041854205,180.05856167964055,2.257453483404485e-16,0.24913202237570517,0.476681205278583,0.27132826051448267,101.40349871144281,-5.551115123125783e-17,0.19003886652938232,0.19003886652938232,1.8105650318299482,0.7379983902791559,3.570168016819069,0.0,0.6637604146367942,8.511709855459534e-17,0.19680705549926591,0.19680705549926591,0.8720302771233419,1.0000000000000004,28.0,c_kam,18.0,2.220446049250313e-16,0.6666666666666666,0.0,warehouse,5008,14.0,200.0,44517.0,12635.0,11932.0,20280.69974228856,18.0,90.0,0.0,27.619009930702884,20.973679160000756,128.0,
20.0,20.0,0.0,0.0,d_kam_N_128,1.0,"N=128, U0=16",3.6377035077104156,1.7528511529749535,,S1,16,128,0.0,3.0,1.1741076330203253,189.03190324470893,0.5316131209779321,0.36407941809080513,0.515642415100242,0.325578046342109,96.15105315999244,-0.39919260251767524,0.2796392812921958,0.2796392812921958,2.16097252496626,0.7863214305963868,4.634351555053077,1.0,0.9167658696273909,0.06621025923012844,0.28344071334475623,0.28344071334475623,0.8191992607134303,1.0,13.0,d_kam,7.0,0.4499040451681864,0.018832391713747645,0.0,warehouse,5008,0.0,200.0,32327.0,12598.0,12598.0,19230.21063199849,7.0,1062.0,583.0,9.107489565840806,20.25430719097494,128.0,
49.0,49.0,0.0,0.0,c_kam_N_128,0.9999700067281634,"N=128, U0=16",2.079348804962054,1.0059019202828532,,S1,16,128,0.6500487198456039,7.0,0.9646363030438925,181.5350675771601,3.1267505591484e-16,0.21654855024380212,0.5292590308221783,0.344537891018223,104.17115238436963,-4.9846748044394783e-17,0.15745087064502095,0.15745087064502095,1.7709502541096234,0.7583768415713044,3.2188259428890285,0.0,0.5607226780750072,1.314141539352226e-16,0.15150235385735392,0.15150235385735392,0.8896120731219805,0.9999700067281634,16.0,c_kam,26.0,2.220446049250313e-16,0.5444444444444444,0.0,warehouse,5009,7.0,200.0,36231.0,12436.0,11874.0,20834.230476873927,26.0,90.0,0.0,21.76576331763049,21.569286034995457,128.0,
18.0,18.0,0.0,0.0,d_kam_N_128,0.9996248410343528,"N=128, U0=16",3.84220299524134,2.0434153837606686,,S1,16,128,8.130877040749986,3.0,1.2479861177296132,208.82323577142654,0.4086891481615537,0.3840196983203343,0.5175488702354986,0.3282326041253778,104.22221821994754,-0.26870419456129585,0.3384789414697872,0.3384789414697872,2.3319298072968406,0.7708544285334635,4.3836227279851085,1.0,0.8342485697600054,0.06999247680012892,0.33390714805207256,0.33390714805207256,0.7910482940915881,0.9996248410343528,13.0,d_kam,5.0,0.3033352084685565,0.015100671140939598,0.0,warehouse,5009,0.0,200.0,34972.0,12562.0,12562.0,20844.443643989507,5.0,1192.0,776.0,8.100623828382899,21.859709589974955,128.0,
69.0,69.0,0.0,0.0,c_kam_N_128,1.0000000000000009,"N=128, U0=16",4.220580214368126,1.6548360336160606,,S1,16,128,0.0,6.0,0.9879193245974518,316.0777283322782,3.282398507587419e-16,0.43142250496399726,0.523250757154074,0.3361719403411157,109.32389107489143,7.401486830834377e-17,0.21159076709338678,0.21159076709338678,2.3229233446879376,0.7086561009508641,7.344250607495094,0.0,1.711381917973326,2.0112735953354286e-16,0.22491306563097802,0.22491306563097802,0.8225977620130316,1.0000000000000009,24.0,c_kam,31.0,2.220446049250313e-16,0.7666666666666667,0.0,warehouse,5010,14.0,200.0,45467.0,12704.0,11943.0,21864.778214978287,31.0,90.0,0.0,30.776197971795348,22.53293776800274,128.0,
20.0,20.0,0.0,0.0,d_kam_N_128,0.9999999999999999,"N=128, U0=16",5.130054053694476,1.8581612372474554,,S1,16,128,0.0,2.0,1.1369391104344198,326.9917170984651,0.8764028503095858,0.5178225197000006,0.4516426790745524,0.23646448985064258,85.92576129580266,-0.4428546011618154,0.24439982910970784,0.24439982910970784,2.6404535353213685,0.8484068347649665,8.844305597302617,1.0,2.095532245053919,0.21677412457388523,0.23833787545298976,0.23833787545298976,0.8032818676680489,0.9999999999999999,14.0,d_kam,6.0,1.375198336805237,0.026490066225165563,0.0,warehouse,5010,0.0,200.0,21693.0,12486.0,12486.0,17185.15225916053,6.0,755.0,292.0,9.527208306801588,18.359430887998315,128.0,
64.0,64.0,0.0,0.0,c_kam_N_256,1.0000000000000004,"N=256, U0=32",25.279554572315316,4.851276057312397,,S1,32,256,0.0,3.0,1.074965003662468,1666.089698083395,5.6239735091168086e-15,2.4547285993984866,0.5613578731038297,0.389232481536978,617.4160782754188,1.97758476261356e-16,0.37859169870770193,0.37859169870770193,7.0313655617637645,0.7464920715844948,69.83404170335133,0.0,19.09054067121197,2.9108659926890823e-15,0.34906399355752626,0.34906399355752626,0.5114236328282069,1.0000000000000004,36.0,c_kam,21.0,2.842170943040401e-14,0.7111111111111111,0.0,warehouse,5001,7.0,200.0,157559.0,29374.0,23693.0,123483.21565508377,21.0,90.0,0.0,29.825538564344082,125.07468400601647,256.0,
40.0,40.0,0.0,0.0,d_kam_N_256,0.9998897853503838,"N=256, U0=32",33.65377786019119,5.74448339439437,,S1,32,256,5.275501912202815,3.0,1.3863235375059844,1914.9200846726412,2.0707228379039613,3.2502798117466956,0.5502370310592197,0.3737477647660022,372.3409776845074,-0.5858362612094352,0.4762126892243805,0.4762126892243805,9.806817704611127,0.7659488683942416,105.16351024540191,1.0,28.921030836699018,0.7424432883472631,0.42812741917578134,0.42812741917578134,0.4265689358054195,0.9998897853503838,29.0,d_kam,11.0,3.2625755788239035,0.020110608345902465,0.0,warehouse,5001,0.0,200.0,69222.0,25375.0,25375.0,74468.19553690148,11.0,1989.0,305.0,18.667739034593094,78.38493468600791,256.0,
72.0,72.0,0.0,0.0,c_kam_N_256,1.0000000000000004,"N=256, U0=32",6.58374701398502,2.3852292982707994,,S1,32,256,0.0,4.0,1.0136142400460058,619.2341472207232,5.720732529665737e-16,0.6490320783038299,0.6826671495725608,0.558144132316224,823.1776048053871,-1.896631000401309e-16,0.28330495499148095,0.28330495499148095,2.9424936542011952,0.6542985461620708,9.793449314531278,0.0,2.3635209511463695,1.9120507646322142e-16,0.27050009424381116,0.27050009424381116,0.7564453058991337,1.0000000000000004,38.0,c_kam,24.0,6.439293542825921e-16,0.8,0.0,warehouse,5002,10.0,200.0,199804.0,28604.0,23856.0,164635.52096107742,24.0,90.0,0.0,32.75020126434513,166.41726760700112,256.0,
38.0,38.0,0.0,0.0,d_kam_N_256,0.9997635201819965,"N=256, U0=32",10.31761599538461,3.4691724596013005,,S1,32,256,10.424238013517439,6.0,1.5824070417302454,655.1958755723117,0.44630113694522716,1.0037496315367913,0.5263024646229538,0.34042115327246736,270.9316209334065,-0.2915716886200666,0.4258413616723014,0.4258413616723014,4.582804861539729,0.7580922737023268,15.621413655211109,1.0,3.9485401349118825,0.0773647241625803,0.3919914381874829,0.3919914381874829,0.6534707055727361,0.9997635201819965,26.0,d_kam,12.0,0.3118024617660753,0.016260162601626018,0.0,warehouse,5002,0.0,200.0,77669.0,25564.0,25564.0,54186.324186681304,12.0,2337.0,707.0,17.8326840920889,56.79098648298532,256.0,
50.0,50.0,0.0,0.0,c_kam_N_256,0.9999999999999997,"N=256, U0=32",12.730114233628532,3.1740265345810426,,S1,32,256,0.0,2.0,1.1277154074990368,981.0714705126024,2.48245868306185e-15,1.2497256145428093,0.5511495969604371,0.3750184261474441,534.8166197998216,6.794564910705958e-16,0.3445929098354612,0.3445929098354612,4.553648406534246,0.7543729316297558,27.355142670080546,0.0,7.243103833248011,1.580957587066223e-15,0.28455913642705005,0.28455913642705005,0.6746643384763712,0.9999999999999997,34.0,c_kam,12.0,1.4210854715202004e-14,0.5555555555555556,0.0,warehouse,5003,4.0,200.0,150585.0,28253.0,23665.0,106963.32395996433,12.0,90.0,0.0,23.494871011667623,108.53219501598505,256.0,
39.0,39.0,0.0,0.0,d_kam_N_256,0.9999999999999997,"N=256, U0=32",14.822158575114695,3.5689588458506223,,S1,32,256,0.0,2.0,1.1571355913921921,1048.7318547798975,1.023339228658542,1.4484698269839953,0.5412795815840472,0.3612753667625975,238.63545701955445,-0.5922146619355291,0.4490832846447189,0.4490832846447189,6.1933149914932075,0.7655612027851129,34.09630589308762,1.0,9.094181857929266,0.2155622833615065,0.38793828026481963,0.38793828026481963,0.6371457689057611,0.9999999999999997,30.0,d_kam,9.0,0.9317899184320085,0.019202363367799114,0.0,warehouse,5003,0.0,200.0,66397.0,25389.0,25389.0,47727.09140391089,9.0,2031.0,323.0,18.422602662298935,50.305006581009366,256.0,
69.0,69.0,0.0,0.0,c_kam_N_256,0.9999999999999993,"N=256, U0=32",5.990476688718099,2.149697722489387,,S1,32,256,0.0,3.0,1.004007787434983,672.2474564731109,9.042686084628087e-16,0.5956871003214239,0.5869247106116812,0.4248318755352524,624.7441243090725,-2.25262642677568e-17,0.26877760708349896,0.26877760708349896,2.948731393100932,0.6873779916766825,10.111288715015599,0.0,2.4632580891639706,4.408711720975259e-16,0.2811208963731954,0.2811208963731954,0.7774708100981914,0.9999999999999993,39.0,c_kam,20.0,8.881784197001252e-16,0.7666666666666667,0.0,warehouse,5004,10.0,200.0,183349.0,29022.0,23792.0,124948.8248618145,20.0,90.0,0.0,32.30125125700359,126.58888448399375,256.0,
30.0,30.0,0.0,0.0,d_kam_N_256,0.9999181363789356,"N=256, U0=32",7.804193451034663,3.088113540411318,,S1,32,256,3.7169547970313817,5.0,1.197630825140489,716.4944963620071,0.5797774857458473,0.7679901927414977,0.6129107393070545,0.46101495346551913,324.51978170487564,-0.36712411110253307,0.44067770481481683,0.44067770481481683,3.7831394327320162,0.7016141813468285,12.196769463998738,1.0,2.989420515031097,0.10632668732165727,0.39734170069847224,0.39734170069847224,0.6883213073956079,0.9999181363789356,27.0,d_kam,3.0,0.5536604813814,0.011918951132300357,0.0,warehouse,5004,0.0,200.0,79531.0,25444.0,25444.0,64903.95634097513,3.0,2517.0,1138.0,14.908608786813428,69.03228356901673,256.0,
48.0,48.0,0.0,0.0,c_kam_N_256,1.0000000000000004,"N=256, U0=32",7.914075210694257,2.500752078729029,,S1,32,256,0.0,5.0,0.9701721791315863,774.6281407801697,1.04314705022072e-15,0.7823216589200314,0.5498155949908546,0.3731609550505571,718.7677358704968,-5.759281940243e-16,0.2922251844808295,0.2922251844808295,3.257856400197016,0.7663482372799004,13.53890440662926,0.0,3.3983588117508328,2.3360942809821e-16,0.26161376631074046,0.26161376631074046,0.7423588405853212,1.0000000000000004,30.0,c_kam,15.0,7.327471962526027e-16,0.5333333333333333,0.0,warehouse,5005,3.0,200.0,161676.0,29881.0,23711.0,143753.54717409937,15.0,90.0,0.0,22.226170631291374,145.67047972299042,256.0,
35.0,35.0,0.0,0.0,d_kam_N_256,1.0000000000000002,"N=256, U0=32",11.886892284920688,3.7234343315849863,,S1,32,256,0.0,5.0,1.1731832799950155,759.1002680144577,0.6176346132214694,1.1597392809715423,0.5393831674967287,0.3586347901853184,355.5313196948555,-0.2850396563871263,0.4107374246271028,0.4107374246271028,4.609143633916602,0.7581051916222873,19.484406880655364,1.0,5.028815078975186,0.1662974784171714,0.3800176633942738,0.3800176633942738,0.6262040265640054,1.0000000000000002,27.0,d_kam,8.0,0.9295634527767006,0.015815634884771803,0.0,warehouse,5005,0.0,200.0,78178.0,25421.0,25421.0,71106.2639389711,8.0,2213.0,633.0,16.8252260315054,75.41059422501712,256.0,
72.0,72.0,0.0,0.0,c_kam_N_256,1.0000000000000002,"N=256, U0=32",25.41124761982121,4.712886093799296,,S1,32,256,0.0,4.0,1.0068637219650916,1491.171407651007,3.6267285471088444e-15,2.4584419849079895,0.5617227279591468,0.38974050728488785,715.614466539846,3.8241015292644283e-16,0.3406688509638325,0.3406688509638325,6.617116251465493,0.702994622876207,65.19005946088754,0.0,17.816634654366087,2.004569350017644e-15,0.3178124933016609,0.3178124933016609,0.5272975307125504,1.0000000000000002,39.0,c_kam,22.0,5.440092820663273e-16,0.8,0.0,warehouse,5006,11.0,200.0,173668.0,29033.0,23756.0,143122.8933079692,22.0,90.0,0.0,32.87535046835086,144.9442406159942,256.0,
35.0,35.0,0.0,0.0,d_kam_N_256,1.0000000000000007,"N=256, U0=32",29.143323361757314,5.116342191663523,,S1,32,256,0.0,3.0,1.138634269090844,1553.5453908087932,2.409611842151985,2.812989180391919,0.4976750021073208,0.3005601295165228,279.2693513483391,-1.3135637961008209,0.39237732886071575,0.39237732886071575,7.995809909139598,0.7828424736070293,80.35781151060677,1.0,22.024929756361225,0.5480240230255823,0.35207301255946816,0.35207301255946816,0.4889692014154488,1.0000000000000007,29.0,d_kam,6.0,1.9126847891568524,0.02003434459072696,0.0,warehouse,5006,0.0,200.0,63764.0,25204.0,25204.0,55853.87026966782,6.0,1747.0,413.0,17.057947747746557,60.2041717999964,256.0,
62.0,62.0,0.0,0.0,c_kam_N_256,1.0,"N=256, U0=32",10.04445344009983,2.821679503909278,,S1,32,256,0.0,2.0,1.0503583562231067,879.2571854733036,1.006363451353771e-15,0.9900417597593958,0.5483213063021134,0.3710802999143351,958.4727440748247,7.055288253263091e-16,0.31087160345534914,0.31087160345534914,4.0925574999807734,0.7173888519850269,20.762012311228187,0.0,5.422656083608114,8.559461383400401e-16,0.2855002926304526,0.2855002926304526,0.7098196894938598,1.0,36.0,c_kam,20.0,6.783462680459679e-15,0.6888888888888889,0.0,warehouse,5007,6.0,200.0,164590.0,29537.0,23719.0,191694.54881496495,20.0,90.0,0.0,27.661860183291225,193.9016885900055,256.0,
51.0,51.0,0.0,0.0,d_kam_N_256,0.9999999999999998,"N=256, U0=32",17.816708863175194,4.427745378084987,,S1,32,256,0.0,5.0,1.2347166917718244,978.7594899643852,0.7798472633415784,1.7284060249515552,0.6040123039770391,0.44862472705663664,323.11968511668965,-0.5265746581694571,0.5188157934637873,0.5188157934637873,6.756068643636779,0.7093206463446491,39.10655652717621,1.0,10.477927812000425,0.12663630258606065,0.47092613625407526,0.47092613625407526,0.5572434314471673,0.9999999999999998,27.0,d_kam,24.0,0.5742098061610648,0.01779483600837404,0.0,warehouse,5007,0.0,200.0,82807.0,25955.0,25955.0,64623.93702333793,24.0,2866.0,447.0,22.96783472345773,68.56661484800861,256.0,
76.0,76.0,0.0,0.0,c_kam_N_256,0.9999901374725019,"N=256, U0=32",7.937075436369169,2.587837139790564,,S1,32,256,0.4371123224307117,6.0,1.0124312135309435,748.68417485992,6.500647973134141e-16,0.7865652740872247,0.5775434266704487,0.4117693282753083,698.5757881157042,3.520575643877141e-16,0.3113061785383707,0.3113061785383707,3.5222191204762656,0.6904551203439682,13.217128193969405,0.0,3.3189782188491916,5.010611808505641e-16,0.27838012552356967,0.27838012552356967,0.7334246314367213,0.9999901374725019,42.0,c_kam,18.0,3.552713678800501e-15,0.8444444444444444,0.0,warehouse,5008,16.0,200.0,176053.0,28323.0,23771.0,139715.15762314084,18.0,90.0,0.0,35.45595135221398,141.5741867350007,256.0,
36.0,36.0,0.0,0.0,d_kam_N_256,0.9999878154064882,"N=256, U0=32",13.120800101511877,3.5962193804100777,,S1,32,256,0.5400274897765989,2.0,1.2344499158233697,881.9395232415192,0.818322686236908,1.2790191172757819,0.548253668727917,0.3709861210135555,300.02475835659425,-0.4051016440350901,0.3917165941609851,0.3917165941609851,5.063954323591004,0.7751761014248902,23.123415654418213,1.0,6.043730196501286,0.2066105211009089,0.3249864010196514,0.3249864010196514,0.6376283185778676,0.9999878154064882,30.0,d_kam,6.0,0.7598437383462144,0.019801980198019802,0.0,warehouse,5008,0.0,200.0,68463.0,25320.0,25320.0,60004.95167131885,6.0,1818.0,373.0,17.386475884059962,64.19598884301377,256.0,
69.0,69.0,0.0,0.0,c_kam_N_256,1.0000000000000002,"N=256, U0=32",12.96277521075852,3.377359446924287,,S1,32,256,0.0,5.0,1.0196875579564195,1037.4993063258553,2.2783707287959733e-15,1.2706967469672146,0.6079686089911033,0.4541335061901438,582.6140605790715,6.822240035377773e-16,0.3260224553531586,0.3260224553531586,4.735178896901877,0.6992286040158983,27.437794087054773,0.0,7.276736143160982,1.4802973661668755e-15,0.29905948295213075,0.29905948295213075,0.6557147301016425,1.0000000000000002,39.0,c_kam,18.0,1.1368683772161563e-14,0.7666666666666667,0.0,warehouse,5009,12.0,200.0,173954.0,29587.0,23758.0,116522.8121158143,18.0,90.0,0.0,32.01914585511899,118.15517652299604,256.0,
46.0,46.0,0.0,0.0,d_kam_N_256,0.9999645688411315,"N=256, U0=32",18.480692502186013,4.4679951277948415,,S1,32,256,1.5296409222297283,5.0,1.2349926267847107,1140.6215356501352,0.9927124518012864,1.7948988896528268,0.5904971445432514,0.42980615062984384,279.17193229935947,-0.5210870732756872,0.4951589431126768,0.4951589431126768,7.1011916323081685,0.7365698588629748,42.32208644285373,1.0,11.376932778542912,0.23581268926279955,0.44044626290808614,0.44044626290808614,0.55210434041894,0.9999645688411315,27.0,d_kam,19.0,0.7786068781420283,0.018131651556957035,0.0,warehouse,5009,0.0,200.0,77959.0,25741.0,25741.0,55834.386459871894,19.0,2537.0,485.0,20.371136159650845,58.66316370299319,256.0,
74.0,74.0,0.0,0.0,c_kam_N_256,0.9999999999999997,"N=256, U0=32",21.587663739791054,4.467742871367587,,S1,32,256,0.0,5.0,1.056968182754415,1728.4334169199337,4.089821574497536e-15,2.0979409036020886,0.6930514021951535,0.5726032182464165,721.6855432555894,-2.5055033123297453e-15,0.3550709601232259,0.3550709601232259,5.695879443915779,0.6599074850286243,51.84861693322734,0.0,14.078596505587981,7.921591310838955e-16,0.3070063554282346,0.3070063554282346,0.5496765449834323,0.9999999999999997,39.0,c_kam,23.0,2.220446049250313e-16,0.8222222222222222,0.0,warehouse,5010,12.0,200.0,197459.0,29514.0,23848.0,144337.1086511179,23.0,90.0,0.0,34.57269560137003,146.20208348098095,256.0,
39.0,39.0,0.0,0.0,d_kam_N_256,0.9999999999999997,"N=256, U0=32",23.104811406310176,4.753189896165061,,S1,32,256,0.0,2.0,1.1608870912011757,1690.912902764475,1.3621857169914697,2.2420699319214052,0.5483092648637248,0.37106353335455355,238.35097583476454,-0.7512352660673612,0.4294841030546274,0.4294841030546274,7.202908334124618,0.7789367587780789,57.4070758154584,1.0,15.601297863287186,0.30547522546205425,0.37351171854394005,0.37351171854394005,0.5225590776276725,0.9999999999999997,30.0,d_kam,9.0,1.4302317190835199,0.022753792298716453,0.0,warehouse,5010,0.0,200.0,52402.0,25286.0,25286.0,47670.19516695291,9.0,1714.0,190.0,18.355010291597704,50.62122629399528,256.0,
80.0,80.0,0.0,0.0,c_kam_N_512,0.9999613403111168,"N=512, U0=64",21.738051642116478,5.121237109440344,,S1,64,512,3.1699439583167255,7.0,1.0616534945248681,1990.7199864385248,5.370703881624195e-15,2.095035547710684,0.778015539541739,0.6909077132859659,7826.941945083963,1.0574874309554616e-15,0.4684938082323177,0.4684938082323177,6.516199109597168,0.563621293881555,42.60889789434289,0.0,11.480039318194004,3.214095656289828e-15,0.39919266583088914,0.39919266583088914,0.4940162811446994,0.9999613403111168,64.0,c_kam,9.0,1.4210854715202004e-14,0.8888888888888888,0.0,warehouse,5001,7.0,200.0,1165811.0,69067.0,48301.0,1565388.3890167926,9.0,90.0,0.0,38.75298627903269,1571.6569067369855,512.0,
64.0,64.0,0.0,0.0,d_kam_N_512,0.9999999999999998,"N=512, U0=64",28.803061091566153,6.562576302991009,,S1,64,512,0.0,15.0,1.206192160889579,2145.2556431034973,0.47722206697639846,2.7662114454084024,0.7518527121321809,0.6544784599308848,1461.243879514077,-0.26550073321255807,0.6714836779966543,0.6714836779966543,10.169628498530852,0.5874601017448371,64.2955310652123,1.0,17.47441948802503,0.1058606668819202,0.564302306715364,0.564302306715364,0.3570890577573863,0.9999999999999998,49.0,d_kam,15.0,0.6732326029137417,0.009264620729588882,0.0,warehouse,5001,0.0,200.0,209496.0,51749.0,51749.0,292248.7759028154,15.0,6908.0,1047.0,30.763320555124547,299.5220280130161,512.0,
85.0,85.0,0.0,0.0,c_kam_N_512,1.0000000000000002,"N=512, U0=64",25.129980213239136,5.190763963016774,,S1,64,512,0.0,6.0,1.0719546933111408,2555.527956584775,6.784115752827133e-15,2.430272057765576,0.7465776704941212,0.6471334652449786,7688.0803141043,2.8918044429648195e-15,0.5409839619923921,0.5409839619923921,8.445339263041841,0.6118945499355842,63.130749841643755,0.0,17.179937228683613,4.8379600978959764e-15,0.42707283232075144,0.42707283232075144,0.48257814050229525,1.0000000000000002,63.0,c_kam,17.0,2.842170943040401e-14,0.9444444444444444,0.0,warehouse,5002,5.0,200.0,1127019.0,67357.0,48233.0,1537616.06282086,17.0,90.0,0.0,40.71863798608102,1543.3229070439993,512.0,
67.0,67.0,0.0,0.0,d_kam_N_512,0.9999862076878461,"N=512, U0=64",34.4399884684432,6.935989808760168,,S1,64,512,1.2487865223232788,11.0,1.233777443935706,2608.333803478152,0.741457464308897,3.314722842009961,0.6723124602980178,0.5437262105415437,1275.5216893150646,-0.30298508905026533,0.6738728430880664,0.6738728430880664,11.497677711717031,0.6418712868057074,88.29779876866745,1.0,24.171664329973154,0.21923618762931585,0.5557818632854666,0.5557818632854666,0.31678168515667277,0.9999862076878461,53.0,d_kam,14.0,0.9929597850379145,0.010475297060662914,0.0,warehouse,5002,0.0,200.0,191795.0,51686.0,51686.0,255104.33786301292,14.0,6396.0,571.0,32.062912753422495,262.337131895998,512.0,
81.0,81.0,0.0,0.0,c_kam_N_512,0.9999647707885644,"N=512, U0=64",15.438102666035183,4.3361034761127755,,S1,64,512,2.8274779945475537,8.0,0.9838242609412491,1507.1941623338432,3.34163423955078e-15,1.4915080698748102,0.7112316602397921,0.5979175015997105,7729.259941168129,7.374073916646102e-16,0.5508944516894084,0.5508944516894084,6.0588610080793766,0.5984318147997846,30.495263073565212,0.0,8.077577418444225,2.039520815607695e-15,0.45079082891892974,0.45079082891892974,0.5703882264857855,0.9999647707885644,64.0,c_kam,9.0,1.4210854715202004e-14,0.9,0.0,warehouse,5003,8.0,200.0,1183808.0,70611.0,48337.0,1545851.988233626,9.0,90.0,0.0,39.87356816252605,1551.5050644750008,512.0,
73.0,73.0,0.0,0.0,d_kam_N_512,0.9948808539423981,"N=512, U0=64",28.82399558981838,7.216204309921118,,S1,64,512,410.85997213254103,22.0,5.937264965309231,1935.3731800725068,0.5041173022441829,2.763167897634214,0.7481725304866217,0.649354156373777,1913.0779231194174,-0.19792189012461286,0.8007653705253377,0.8007653705253377,11.043943934445927,0.5720722861814116,63.76844161371896,1.0,17.295986909131074,0.15309770605978507,0.6669972555376447,0.6669972555376447,0.296778647273993,0.9948808539423981,42.0,d_kam,31.0,0.4538851332641742,0.00890461088070261,0.0,warehouse,5003,0.0,200.0,189379.0,52617.0,52617.0,382615.5846238835,31.0,8198.0,881.0,33.189327230108255,392.753032831999,512.0,
84.0,84.0,0.0,0.0,c_kam_N_512,0.9999999999999998,"N=512, U0=64",10.440928542237911,3.869092928844323,,S1,64,512,0.0,8.0,0.9682104619883823,1054.8504614152453,2.1874036973269453e-15,1.0153090594636367,0.6714909719588413,0.5425823660186399,9693.586773215211,-2.445134042329214e-16,0.4469245413346439,0.4469245413346439,4.558835043084076,0.5955416840558734,13.674790862621688,0.0,3.419110857859314,9.71445146547012e-16,0.3869958079062694,0.3869958079062694,0.6155088907928561,0.9999999999999998,65.0,c_kam,10.0,7.105427357601002e-15,0.9333333333333333,0.0,warehouse,5004,9.0,200.0,1232886.0,70512.0,48436.0,1938717.3546430422,10.0,90.0,0.0,40.1854808062962,1945.4571178149781,512.0,
63.0,63.0,0.0,0.0,d_kam_N_512,0.9999999999999991,"N=512, U0=64",23.06342422553139,6.022714976276244,,S1,64,512,0.0,13.0,1.225409613561812,1885.48413224711,0.3221929315402358,2.2144461493765166,0.6414764589837723,0.500790006179936,2069.9962579563726,-0.1162034481714034,0.5579293173512336,0.5579293173512336,7.777269577318473,0.6407955984998779,39.59614018051647,1.0,10.61602459673464,0.10299474168441619,0.5007515947689611,0.5007515947689611,0.4109147962868235,0.9999999999999991,51.0,d_kam,12.0,0.5651783297038159,0.010071942446043165,0.0,warehouse,5004,0.0,200.0,203349.0,51617.0,51617.0,413999.2515912745,12.0,6255.0,875.0,30.361578618005606,424.3835948709748,512.0,
84.0,84.0,0.0,0.0,c_kam_N_512,0.9999999999999999,"N=512, U0=64",23.75991600726921,5.3704552510004335,,S1,64,512,0.0,5.0,1.0264197428176909,2642.6085298120515,7.951311566839217e-15,2.2916748295597187,0.7528719055329611,0.6558975899826042,8393.789426955918,-1.8503717077085943e-16,0.5555302586083483,0.5555302586083483,8.714419020692413,0.5991820372076164,54.49402097903092,0.0,14.767631347468058,3.883137198034178e-15,0.443503616030393,0.443503616030393,0.4682672553087171,0.9999999999999999,64.0,c_kam,15.0,2.842170943040401e-14,0.9333333333333333,0.0,warehouse,5005,5.0,200.0,1120630.0,70014.0,48229.0,1678757.8853911837,15.0,90.0,0.0,40.078794125109276,1685.069577560993,512.0,
73.0,73.0,0.0,0.0,d_kam_N_512,0.9959329977546076,"N=512, U0=64",46.177432472327276,8.086731306608334,,S1,64,512,382.02269752887923,8.0,3.605046033398983,3489.0136372531874,0.8755021251641996,4.421338893740234,0.7165373317521343,0.6053051454776555,1195.4905942696496,-0.3132457589896615,0.7196811728017852,0.7196811728017852,14.731406034365996,0.6301964492101646,129.4324057009639,1.0,35.6360111378943,0.281128183087269,0.5855725785096084,0.5855725785096084,0.2102210300259666,0.9959329977546076,56.0,d_kam,17.0,2.2538153281598237,0.011839117742458645,0.0,warehouse,5005,0.0,200.0,173587.0,51771.0,51771.0,239098.11885392992,17.0,6166.0,250.0,34.34281144724543,246.180122922,512.0,
79.0,79.0,0.0,0.0,c_kam_N_512,0.9999999999999991,"N=512, U0=64",10.376565931965692,3.4817201148976595,,S1,64,512,0.0,4.0,1.0448990022628482,1480.219683883105,1.6751719561432742e-15,1.0162137475343482,0.7101985990496111,0.596479061967813,7598.011786445859,-8.207218308621411e-16,0.49287164773159003,0.49287164773159003,5.400922150794873,0.6247816635477392,18.033766601292164,0.0,4.608596546172698,4.272250626405666e-16,0.41988414093574244,0.41988414093574244,0.649317012056863,0.9999999999999991,63.0,c_kam,13.0,7.549516567450888e-16,0.8777777777777778,0.0,warehouse,5006,3.0,200.0,1158062.0,71906.0,48283.0,1519602.3572891718,13.0,90.0,0.0,37.50754355909553,1525.5427903539967,512.0,
59.0,59.0,0.0,0.0,d_kam_N_512,0.9984265462008953,"N=512, U0=64",23.28849281633903,6.596906655287901,,S1,64,512,129.16682420418186,18.0,1.9992264026439273,1793.2074635970837,0.3677208367934537,2.2428468015498155,0.700177445694862,0.5825255572966433,1276.3075184324407,-0.12607845780831542,0.6920140029282219,0.6920140029282219,8.811892999982732,0.6154501447292042,42.353296222922694,1.0,11.345281013889089,0.12082118949256912,0.5688436192956616,0.5688436192956616,0.35337429071979004,0.9984265462008953,46.0,d_kam,13.0,0.531813857249195,0.00834158065884349,0.0,warehouse,5006,0.0,200.0,192505.0,51721.0,51721.0,255261.50368648814,13.0,7073.0,1389.0,27.81863210921145,262.34898293495644,512.0,
81.0,81.0,0.0,0.0,c_kam_N_512,0.9999628378208174,"N=512, U0=64",21.62862630316436,4.991867462445114,,S1,64,512,2.969379428126013,2.0,1.084072435206463,1980.3502416424653,6.108967926857188e-15,2.0860766978868357,0.7274467484960634,0.6204954725894554,7660.421652432124,-4.509424383971315e-16,0.5399783466441687,0.5399783466441687,7.28935727634104,0.6061926901822308,44.66657336908641,0.0,12.031290013421986,2.8290127442300285e-15,0.41544032025204297,0.41544032025204297,0.5053976705232135,0.9999628378208174,66.0,c_kam,11.0,1.4210854715202004e-14,0.9,0.0,warehouse,5007,4.0,200.0,1117059.0,68942.0,48202.0,1532084.3304864247,11.0,90.0,0.0,38.82472834012058,1537.843878226995,512.0,
67.0,67.0,0.0,0.0,d_kam_N_512,0.9998920403532952,"N=512, U0=64",35.75612149036935,6.9568065123570415,,S1,64,512,8.626328192836482,9.0,1.5828034474719275,2550.7023982029214,0.7821833995618074,3.42818874067131,0.7134832172392518,0.6010525809660467,1396.5738741742098,-0.35245305423340473,0.7270959335352731,0.7270959335352731,12.139741093490294,0.6157062466229924,94.39533657392025,1.0,25.858962578386667,0.21486517266420138,0.5637314695907993,0.5637314695907993,0.31872846078158035,0.9998920403532952,55.0,d_kam,12.0,1.0587172954973032,0.010544538873150771,0.0,warehouse,5007,0.0,200.0,202189.0,51591.0,51591.0,279314.77483484196,12.0,6354.0,523.0,32.440968617393594,286.3375872630277,512.0,
85.0,85.0,0.0,0.0,c_kam_N_512,1.0,"N=512, U0=64",18.766462885384257,4.405829906711398,,S1,64,512,0.0,9.0,0.96420082413764,1993.1003859900043,6.71619622661477e-15,1.8133237610716262,0.7261745200232539,0.6187240152222523,6800.9640980599215,-9.717716827307254e-16,0.5189111919123574,0.5189111919123574,7.168807808438003,0.5693789922645471,45.44637163358163,0.0,12.264965508242241,2.8722122719420227e-15,0.4560654414813725,0.4560654414813725,0.5612423897269969,1.0,65.0,c_kam,10.0,1.4210854715202004e-14,0.9444444444444444,0.0,warehouse,5008,10.0,200.0,1208421.0,71549.0,48393.0,1360192.8196119843,10.0,90.0,0.0,41.226548421682985,1365.068311725976,512.0,
61.0,61.0,0.0,0.0,d_kam_N_512,0.9995390576214089,"N=512, U0=64",30.677468039835684,6.648841157767149,,S1,64,512,37.645367189995156,13.0,2.355382679237179,2394.6089136915402,0.6574999990737195,2.9448692507445116,0.6776224325137542,0.5511198427406704,1080.0820151736843,-0.08213042351115926,0.7088599701593352,0.7088599701593352,11.81357811477146,0.6264117497542369,82.67258591058486,1.0,22.595114149324782,0.2876847877812802,0.6301942207023462,0.6301942207023462,0.3481563208767005,0.9995390576214089,51.0,d_kam,10.0,1.5288162196363828,0.00946029776674938,0.0,warehouse,5008,0.0,200.0,193353.0,51603.0,51603.0,216016.40303473687,10.0,6448.0,882.0,29.248554567958106,222.24613517697435,512.0,
77.0,77.0,0.0,0.0,c_kam_N_512,1.0000000000000002,"N=512, U0=64",36.86598527375602,6.428729900021435,,S1,64,512,0.0,2.0,1.144239225448225,3287.14697551174,1.2019245627630266e-14,3.549858858716626,0.7426255124525951,0.6416304603770314,6227.697690250061,-1.7302177007145298e-16,0.5360699730089503,0.5360699730089503,10.405049554774386,0.6234471308108833,108.387880157223,0.0,29.810863215691352,5.923111928779406e-15,0.45480956140949785,0.45480956140949785,0.36312890112925955,1.0000000000000002,65.0,c_kam,9.0,3.410605131648489e-14,0.8555555555555555,0.0,warehouse,5009,3.0,200.0,1104702.0,66728.0,48178.0,1245539.5380500122,9.0,90.0,0.0,38.40415164453563,1250.2811131589697,512.0,
76.0,76.0,0.0,0.0,d_kam_N_512,0.9916646171493736,"N=512, U0=64",58.80613750730985,8.48543859051115,,S1,64,512,736.4257229043719,3.0,11.459122167176318,4056.091678332633,1.157342322448761,5.63417332090424,0.7070351970425551,0.5920743249959629,1169.9949824469513,-0.26333310643537405,0.699305763623847,0.699305763623847,16.974869304598432,0.625255864200362,202.03550151401942,1.0,55.90928269589451,0.44700460800669334,0.5911574642224819,0.5911574642224819,0.1677415755327366,0.9916646171493736,61.0,d_kam,15.0,3.371919844372897,0.012111553784860557,0.0,warehouse,5009,0.0,200.0,210489.0,51734.0,51734.0,233998.99648939027,15.0,6275.0,82.0,36.85050478824947,239.81052351399558,512.0,
84.0,84.0,0.0,0.0,c_kam_N_512,0.9998978115969206,"N=512, U0=64",38.855837775587794,6.871886559552737,,S1,64,512,9.073177971152223,3.0,1.1338101326435088,3505.559494080524,1.3023973434114634e-14,3.731282871064933,0.737042654016101,0.6338568600224191,6352.288240477501,3.814409106033573e-15,0.5255242528232325,0.5255242528232325,10.121638753752988,0.6081176908513517,106.25422239592514,0.0,29.22333690450382,8.419191270074103e-15,0.43994720734017756,0.43994720734017756,0.3235302134139792,0.9998978115969206,67.0,c_kam,11.0,5.684341886080802e-14,0.9333333333333333,0.0,warehouse,5010,6.0,200.0,1110426.0,70239.0,48190.0,1270457.6480955002,11.0,90.0,0.0,40.660174982659285,1275.203163394006,512.0,
80.0,80.0,0.0,0.0,d_kam_N_512,0.9835299813832795,"N=512, U0=64",65.25716534283667,8.64399645077792,,S1,64,512,1462.351945952612,6.0,42.59755246212408,4598.742432472998,1.0656131613422306,6.239408989953579,0.7221890008275984,0.6131745581143777,1237.8871640085708,-0.34621109704680453,0.6823865473808937,0.6823865473808937,17.778639348100306,0.6112111851179006,233.55496540093387,1.0,64.71286688109211,0.3597010321477131,0.5899402921917813,0.5899402921917813,0.15517977374758715,0.9835299813832795,58.0,d_kam,22.0,1.4319600112402135,0.011794191360754828,0.0,warehouse,5010,0.0,200.0,217901.0,51946.0,51946.0,247577.43280171417,22.0,6783.0,148.0,37.10098542789133,253.17896870797267,512.0,
90.0,90.0,0.0,0.0,c_kam_N_1024,0.9676631149110863,"N=1024, U0=128",82.52922633591086,8.961028489723917,,S1,128,1024,5723.606908059657,38.0,192.00634214849364,9971.03432044218,7.973868479085568e-14,7.89118147463932,0.9421929043541717,0.9195091073285934,602406.2285197276,-6.473833814703135e-15,1.0226878422162191,1.0226878422162191,29.87669654988878,0.41818922183628204,399.30396130250955,0.0,110.89673395765774,3.663242548807628e-14,0.7780853103334681,0.7780853103334681,0.12182577586306924,0.9676631149110863,90.0,c_kam,0.0,1.4495071809506028e-13,1.0,0.0,warehouse,5001,0.0,200.0,7912302.0,222868.0,99585.0,120481245.70394552,0.0,90.0,0.0,45.0,120590.90813993599,1024.0,
90.0,90.0,0.0,0.0,d_kam_N_1024,0.943022333186036,"N=1024, U0=128",102.24808407126265,9.134190366035773,,S1,128,1024,10085.00869780213,52.0,635.7486038295448,11399.352160439172,1.8749353300497555,9.76447295949774,0.8719271551469413,0.8216707223565006,43770.927256420255,-0.07844983914319811,1.1029650983016137,1.1029650983016137,40.348519611807625,0.45851310309844834,651.6592696406573,1.0,181.3114262550692,0.8982427454532788,0.892761714309158,0.892761714309158,0.10537539761344286,0.943022333186036,76.0,d_kam,14.0,4.413806330166741,0.005055895736194596,0.0,warehouse,5001,0.0,200.0,526735.0,105589.0,105589.0,8754185.451284045,14.0,17801.0,0.0,43.120757601634466,8867.945192624,1024.0,
90.0,90.0,0.0,0.0,c_kam_N_1024,0.9824475835582092,"N=1024, U0=128",62.25284968283459,8.60835464938394,,S1,128,1024,3135.5896794145174,38.0,54.309867454423774,7914.251084128795,4.8632702803135744e-14,5.948532702322492,0.9454202755505545,0.9240029153235568,565299.0980603653,-3.4737644859382675e-15,0.8902489778692526,0.8902489778692526,19.199245000246393,0.4111230923428076,225.07486545984938,0.0,62.304992470402915,2.2579469158598738e-14,0.6751770657083418,0.6751770657083418,0.16067649227796246,0.9824475835582092,90.0,c_kam,0.0,1.1368683772161603e-13,1.0,0.0,warehouse,5002,0.0,200.0,7931901.0,222875.0,99585.0,113059819.61207299,0.0,90.0,0.0,45.0,113168.59826072102,1024.0,
90.0,90.0,0.0,0.0,d_kam_N_1024,0.9528722712084533,"N=1024, U0=128",87.48067279913289,8.94170793746259,,S1,128,1024,8418.967297356518,46.0,431.35466450145145,10600.703984814008,1.1877985490440301,8.345175898370831,0.8603085756782565,0.8054929534760532,35074.25619794376,-0.1577740793222306,1.0489491475646304,1.0489491475646304,30.9184764732635,0.4753881788514417,479.7745598285181,1.0,133.34813921412723,0.5150122348608998,0.8215156941506828,0.8215156941506828,0.12900792991049073,0.9528722712084533,82.0,d_kam,8.0,3.1178951519852376,0.00492718712361765,0.0,warehouse,5002,0.0,200.0,439250.0,105389.0,105389.0,7014851.239588755,8.0,18266.0,0.0,44.24427121108627,7125.979861961037,1024.0,
90.0,90.0,0.0,0.0,c_kam_N_1024,0.9720322245117042,"N=1024, U0=128",74.83320648305754,8.837647057252537,,S1,128,1024,4685.699539054976,38.0,112.26307543388661,8629.76200492138,6.094877688964415e-14,7.149536492128695,0.9486230797384368,0.9284625160914942,531377.6207493965,-3.4737644859382675e-15,1.0543438475887164,1.0543438475887164,25.71944143188336,0.40871982667149354,329.4628339167082,0.0,91.3956341315745,2.873750620185294e-14,0.7588030868770406,0.7588030868770406,0.13676483112901455,0.9720322245117042,90.0,c_kam,0.0,1.4495071809506028e-13,1.0,0.0,warehouse,5003,0.0,200.0,7937076.0,229694.0,99585.0,106275524.14987928,0.0,90.0,0.0,45.0,106383.21986983897,1024.0,
90.0,90.0,0.0,0.0,d_kam_N_1024,0.950114544318451,"N=1024, U0=128",91.17636987722798,9.017372514524538,,S1,128,1024,8357.770777672758,53.0,393.28653933461567,10141.29775725817,1.6949570707768726,8.702137014574888,0.9224142585540293,0.8919692207714331,52523.27761661407,-0.3417137477429549,1.1476349461590698,1.1476349461590698,35.20934939179697,0.42021808573139574,514.7307354417682,1.0,143.08202512247325,0.6766216615169589,0.8713455356777693,0.8713455356777693,0.11969091268817422,0.950114544318451,75.0,d_kam,15.0,3.9364982810901057,0.004785197788175244,0.0,warehouse,5003,0.0,200.0,613027.0,105640.0,105640.0,10504655.523322811,15.0,18808.0,0.0,43.12505908068113,10616.987170070002,1024.0,
52.0,52.0,0.0,0.0,c_kam_N_32,0.9999096904913378,"N=32, U0=4",1.5244888532204424,0.8703959210677341,,S1,4,32,0.7173621696020156,5.0,0.9623181921983475,64.28487481909558,5.764619550938313e-17,0.18015241647202862,0.6553665546583762,0.5931410714716943,25.57821791531751,-6.4051328343759035e-18,0.14168090261403063,0.14168090261403063,1.4357169826503775,0.6052622663938994,2.4565165608015316,0.0,0.3713467297573723,2.5620531337503614e-17,0.15524925360587905,0.15524925360587905,0.8938215184551612,0.9999096904913378,9.0,c_kam,33.0,2.220446049250313e-16,0.5777777777777777,0.0,edge,5001,10.0,200.0,10295.0,3267.0,3267.0,5115.643583063502,33.0,90.0,0.0,30.24798307587454,5.614398981968407,32.0,
8.0,8.0,0.0,0.0,d_kam_N_32,0.9999999999999998,"N=32, U0=4",1.7493532287930278,1.061874013599709,,S1,4,32,0.0,2.0,1.168325087954042,64.28487481909558,0.38821472682762515,0.20376317590715007,0.5111554495994196,0.422891850221537,9.266379304172006,-0.008458094542782846,0.19416281078480446,0.19416281078480446,1.4803399152137786,0.8175297748168885,2.6894408364813818,1.0,0.38993795180010304,0.18987831614242115,0.19030357456283561,0.19030357456283561,0.873716318739304,0.9999999999999998,2.0,d_kam,6.0,0.7086445997789981,0.02572347266881029,0.0,edge,5001,0.0,200.0,3104.0,3127.0,3127.0,1853.275860834401,6.0,311.0,273.0,5.21425730881704,2.678116402006708,32.0,
48.0,48.0,0.0,0.0,c_kam_N_32,0.9994310142411024,"N=32, U0=4",1.9304202572435099,1.0017374570566218,,S1,4,32,4.4665769706499,2.0,1.0164648251510118,71.15443522101924,1.0639637319324417e-16,0.22476862272295392,0.39934061480429084,0.2908882258106211,5.626806220971048,-1.850371707708594e-17,0.12993938431060456,0.12993938431060456,1.5114736987974857,0.7762615206486398,3.2475295825499706,0.0,0.5916657533291999,4.394632805807911e-17,0.1588969569645806,0.1588969569645806,0.8790501865007901,0.9994310142411024,6.0,c_kam,38.0,2.220446049250313e-16,0.5333333333333333,0.0,edge,5002,4.0,200.0,3713.0,3077.0,3077.0,1125.3612441942096,38.0,90.0,0.0,30.975183697534362,1.4866873690043576,32.0,
7.0,7.0,0.0,0.0,d_kam_N_32,0.9995566789474752,"N=32, U0=4",1.8700463489716987,0.9466562733225443,,S1,4,32,3.480100464464267,2.0,1.2600095169386294,71.15443522101924,1.2976131744636794,0.21842936235441368,0.4760644964045659,0.3814650304776126,9.201780051225796,-0.8087312708890637,0.17260258987762186,0.17260258987762186,1.5197649226590164,0.822647719512931,3.4060463909932697,1.0,0.6005016343774622,0.24444095178730782,0.17423287789200143,0.17423287789200143,0.8848337107928684,0.9995566789474752,2.0,d_kam,5.0,0.9100433703711648,0.02456140350877193,0.0,edge,5002,0.0,200.0,3078.0,3119.0,3119.0,1840.3560102451593,5.0,285.0,252.0,4.79101552200651,2.6420286190113984,32.0,
30.0,30.0,0.0,0.0,c_kam_N_32,0.9996423905245182,"N=32, U0=4",2.146414318073536,0.9672326526540223,,S1,4,32,2.984406773081391,2.0,1.0276152167869654,85.45680197471964,5.921189464667501e-17,0.2520231161281998,0.3714523906069824,0.2579646277999097,9.547181684756652,2.2204460492503132e-17,0.11434749976118304,0.11434749976118304,1.5189051941867984,0.7825264190600434,3.4625931670280465,0.0,0.6599292376056295,4.070817756958907e-17,0.1303624346751074,0.1303624346751074,0.8806309036008056,0.9996423905245182,3.0,c_kam,26.0,2.220446049250313e-16,0.3333333333333333,0.0,edge,5003,1.0,200.0,3233.0,3063.0,3063.0,1909.4363369513303,26.0,90.0,0.0,19.258500505510536,2.636340617958922,32.0,
5.0,5.0,0.0,0.0,d_kam_N_32,0.9992864403912153,"N=32, U0=4",2.944988721225885,1.6670009922921367,,S1,4,32,5.954965613210687,2.0,1.3935784861968457,86.384263548332,0.4289621323550601,0.33587342845919643,0.49556222639082675,0.4044831839336149,8.757181072433013,-0.017720162687014086,0.23015058801257787,0.23015058801257787,1.6845992853001643,0.8379202947285924,3.857729158764485,1.0,0.7032079270403532,0.205620984834023,0.23732962290576448,0.23732962290576448,0.8071552279388036,0.9992864403912153,2.0,d_kam,3.0,0.7682816638093355,0.017605633802816902,0.0,edge,5003,0.0,200.0,3077.0,3103.0,3103.0,1751.4362144866027,3.0,284.0,256.0,2.907370851490626,2.4842691590311006,32.0,
43.0,43.0,0.0,0.0,c_kam_N_32,0.9999999999999996,"N=32, U0=4",0.5796256722783678,0.43534934931237473,,S1,4,32,0.0,2.0,1.0666139375085324,26.373887919703346,9.811273240873477e-17,0.0675353962493674,0.5229213596879088,0.43678216074267007,20.29062185320072,-3.6146796150586495e-17,0.09136849672979627,0.09136849672979627,1.131152891400248,0.7228770922548309,1.2796109671598004,0.0,0.04722271692130226,3.0982968129074136e-17,0.10751311087675615,0.10751311087675615,0.9478901000183093,0.9999999999999996,9.0,c_kam,27.0,2.220446049250313e-16,0.4777777777777778,0.0,edge,5004,7.0,200.0,6496.0,3157.0,3157.0,4058.1243706401438,27.0,90.0,0.0,24.94271777995101,4.877594987978227,32.0,
3.0,3.0,0.0,0.0,d_kam_N_32,0.9999342062257377,"N=32, U0=4",0.6251617628473672,0.46232560819107815,,S1,4,32,0.5074138343852823,2.0,1.212137857496601,26.585033511689954,0.3269657822944007,0.07231668575911235,0.4855352011942034,0.39264572363204564,7.9483710348722525,-0.3269657822944007,0.12776044777114692,0.12776044777114692,1.110028266037211,0.8269920857204184,1.4052895984082756,1.0,0.05190448280053492,0.0,0.12703258196507097,0.12703258196507097,0.9450575928360453,0.9999342062257377,2.0,d_kam,1.0,0.0,0.010101010101010102,0.0,edge,5004,0.0,200.0,3245.0,3092.0,3092.0,1589.6742069744505,1.0,297.0,273.0,1.7932136060875266,2.348811242962256,32.0,
38.0,38.0,0.0,0.0,c_kam_N_32,0.9999999999999992,"N=32, U0=4",1.1500951905101082,0.7090021700029523,,S1,4,32,0.0,3.0,0.9363357928013757,42.67995235027924,7.304098846218136e-17,0.1322488512844555,0.46469873545396184,0.3680471182442605,22.446942761016544,2.6294755846385285e-17,0.12108317214179459,0.12108317214179459,1.2730869497527766,0.6911925314626592,1.920575376204664,0.0,0.2362728076047774,4.966787215428332e-17,0.13908781661009775,0.13908781661009775,0.9161834097211127,0.9999999999999992,11.0,c_kam,17.0,2.220446049250313e-16,0.4222222222222222,0.0,edge,5005,10.0,200.0,7229.0,3178.0,3178.0,4489.388552203309,17.0,90.0,0.0,21.150850909662264,5.306829691980965,32.0,
7.0,7.0,0.0,0.0,d_kam_N_32,0.9997314433703239,"N=32, U0=4",2.360321452409904,1.600181688528203,,S1,4,32,1.8202952144794882,2.0,1.235256333679271,44.88190473679033,0.314765306096363,0.2593226087839341,0.4748299865983354,0.3800076230674793,5.190160698548425,-0.07563707865751645,0.21170583851599636,0.21170583851599636,1.4864755379961643,0.8319501436702762,2.5426253554548124,1.0,0.34619601965600305,0.11956411371942328,0.24415558671861895,0.24415558671861895,0.8226095602759613,0.9997314433703239,2.0,d_kam,5.0,0.43996879291335134,0.024822695035460994,0.0,edge,5005,0.0,200.0,3106.0,3120.0,3120.0,1038.032139709685,5.0,282.0,249.0,5.22958967036552,1.6674981379765086,32.0,
57.0,57.0,0.0,0.0,c_kam_N_32,0.9995881671446963,"N=32, U0=4",2.7869128571541437,1.2633497717060485,,S1,4,32,3.486385707722894,3.0,1.0463058447811524,98.80820412028535,1.0128350400089147e-16,0.3185367083693649,0.598321273045447,0.5257959473453194,28.055549790151417,6.232831015439475e-17,0.1522050131463389,0.1522050131463389,1.704969198931731,0.6287686622574385,4.455491534986081,0.0,0.9294091406009479,8.180590707764311e-17,0.16987191263679954,0.16987191263679954,0.8500248722837889,0.9995881671446963,15.0,c_kam,28.0,2.664535259100366e-16,0.6333333333333333,0.0,edge,5006,14.0,200.0,9355.0,3238.0,3238.0,5611.109958030283,28.0,90.0,0.0,34.33933794706541,6.404448404035065,32.0,
6.0,6.0,0.0,0.0,d_kam_N_32,0.9999649214358948,"N=32, U0=4",3.456721882993939,1.8355837632608574,,S1,4,32,0.29695883406904977,2.0,1.082493811499598,98.80820412028535,1.312510377902515,0.38886665608254334,0.5254299367345471,0.439743675311618,8.040904435038101,-0.961537537567338,0.24177585440892904,0.24177585440892904,1.8572492824495164,0.780541899123182,4.810310895201066,1.0,0.9763871658052855,0.17548642016758853,0.23827055949009604,0.23827055949009604,0.7899403031705339,0.9999649214358948,2.0,d_kam,4.0,0.6481621848033168,0.016304347826086956,0.0,edge,5006,0.0,200.0,3161.0,3111.0,3111.0,1608.1808870076202,4.0,368.0,336.0,3.7765885410356796,2.328436099982355,32.0,
22.0,22.0,0.0,0.0,c_kam_N_32,0.9999872336284,"N=32, U0=4",0.21716642870061525,0.20336035546400785,,S1,4,32,0.09292598724372614,4.0,1.030001710182539,10.390279104846485,8.074349270001139e-17,0.028871293587637677,0.5004492490569316,0.4102525856922108,17.691850279807113,2.0185873175002847e-17,0.06311611303889095,0.06311611303889095,1.0464903094506264,0.7508513000490602,1.129866446285359,0.0,0.010217851676904277,5.0464682937507114e-17,0.08201072004151115,0.08201072004151115,0.9730690003183835,0.9999872336284,5.0,c_kam,12.0,2.220446049250313e-16,0.24444444444444444,0.0,edge,5007,5.0,200.0,5799.0,3140.0,3140.0,3538.3700559614226,12.0,90.0,0.0,13.711071471865084,4.328542618022766,32.0,
5.0,5.0,0.0,0.0,d_kam_N_32,1.0000000000000002,"N=32, U0=4",0.6943405520990152,0.631566357654073,,S1,4,32,0.0,2.0,1.1837631557814787,11.678735524734636,0.1297410402706956,0.07897457654446967,0.6116874055054928,0.5415754092773181,10.15532626042841,-0.11576382826342542,0.14686590310664788,0.14686590310664788,1.1855062275714865,0.7673283038776034,1.3832201903248693,1.0,0.03544135024632214,0.006988606003635089,0.14619068630993823,0.14619068630993823,0.9281073700884268,1.0000000000000002,2.0,d_kam,3.0,0.023690556130081572,0.011467889908256881,0.0,edge,5007,0.0,200.0,4500.0,3144.0,3144.0,2031.065252085682,3.0,436.0,403.0,3.976681049807108,2.7282683799858205,32.0,
41.0,41.0,0.0,0.0,c_kam_N_32,0.9993066324287522,"N=32, U0=4",4.134444540341325,1.518373612592442,,S1,4,32,4.787322163806586,2.0,1.1073560421641728,97.73261570418978,4.06179155350667e-17,0.4534261865943619,0.43764271848808134,0.33610598710398487,14.444927457661834,-2.7078610356711136e-18,0.16320285652863764,0.16320285652863764,1.93798763267219,0.7327046986941562,7.9156009308661,0.0,1.8911779693756827,1.8955027249697796e-17,0.16677741677025748,0.16677741677025748,0.8263699760606065,0.9993066324287522,9.0,c_kam,25.0,1.1102230246251565e-16,0.45555555555555555,0.0,edge,5008,7.0,200.0,4968.0,3112.0,3112.0,2888.9854915323667,25.0,90.0,0.0,24.831706932923407,3.6400371820200235,32.0,
5.0,5.0,0.0,0.0,d_kam_N_32,0.9989471340731003,"N=32, U0=4",4.41220019667084,1.869920454443456,,S1,4,32,7.269460811813469,2.0,1.4471327679793788,97.73261570418978,3.11461635668962,0.482590530508961,0.4530695276972695,0.35431819242038753,4.138680679316167,-1.1838282878930577,0.257785020662527,0.257785020662527,2.0260709277835893,0.8306277231608098,8.055231206102611,1.0,1.8760840333810702,0.9653940343982811,0.26581500536829583,0.26581500536829583,0.7894575576662501,0.9989471340731003,2.0,d_kam,3.0,2.6379039077047612,0.017482517482517484,0.0,edge,5008,0.0,200.0,3079.0,3103.0,3103.0,827.7361358632334,3.0,286.0,259.0,3.573106692928009,1.2730585049721412,32.0,
48.0,48.0,0.0,0.0,c_kam_N_32,0.9998876731693348,"N=32, U0=4",0.6899737509325169,0.5272305182010134,,S1,4,32,0.9745685985402517,4.0,1.0034690725316495,34.721562787980886,8.326672684688674e-17,0.0772193185662813,0.4975390179244952,0.4068168961608623,16.512822604272515,2.312964634635743e-17,0.09343160558333605,0.09343160558333605,1.1535321252545947,0.6657622334949437,1.2391471216086964,0.0,0.05523022655819473,5.3198186596622086e-17,0.11634493590384366,0.11634493590384366,0.9399147677209331,0.9998876731693348,7.0,c_kam,34.0,2.220446049250313e-16,0.5333333333333333,0.0,edge,5009,7.0,200.0,7239.0,3178.0,3178.0,3302.564520854503,34.0,90.0,0.0,25.92732345079608,3.7657130360021256,32.0,
6.0,6.0,0.0,0.0,d_kam_N_32,0.9982774774133298,"N=32, U0=4",1.1615058409698296,0.9386400978237456,,S1,4,32,14.944928235698832,2.0,1.7872261461251442,34.721562787980886,0.13568689841933193,0.1267301880201991,0.47576164539290666,0.3811074980332926,4.969748728908598,0.040979932510480564,0.22613202920952194,0.22613202920952194,1.2684165721283358,0.840594928479833,1.6227784585855722,1.0,0.08300623635739406,0.08833341546490625,0.2188695047620824,0.2188695047620824,0.8967167618605463,0.9982774774133298,2.0,d_kam,4.0,0.19243534704071297,0.020477815699658702,0.0,edge,5009,0.0,200.0,3148.0,3113.0,3113.0,993.9497457817197,4.0,293.0,258.0,3.5923805240436737,1.3828316089930013,32.0,
46.0,46.0,0.0,0.0,c_kam_N_32,0.9996755525278406,"N=32, U0=4",1.3151293729844438,0.8024521215788173,,S1,4,32,3.089203737151381,4.0,1.0062340842195923,68.40963166959648,7.240584943207543e-17,0.14966467047797752,0.5300370202433216,0.44518259334281024,22.365304444392677,-4.827056628805028e-18,0.12023486383135648,0.12023486383135648,1.3788863732502676,0.6857206175618177,2.180818601860629,0.0,0.29980283634742483,3.37893964016352e-17,0.1584394517812596,0.1584394517812596,0.905738346696576,0.9996755525278406,6.0,c_kam,34.0,2.220446049250313e-16,0.5111111111111111,0.0,edge,5010,6.0,200.0,7582.0,3190.0,3190.0,4473.0608888785355,34.0,90.0,0.0,28.865787298474547,5.298354863014538,32.0,
4.0,4.0,0.0,0.0,d_kam_N_32,0.9993850239946753,"N=32, U0=4",1.4015229981196549,0.8566575497079476,,S1,4,32,5.8554506874784344,2.0,1.4543129083065474,68.40963166959648,1.0127210560092295,0.15873600111717465,0.540670673124764,0.4577362113278464,9.900349167874083,0.9064893138927366,0.15534660176959653,0.15534660176959653,1.4261503854072106,0.8118239172914591,2.407940664248477,1.0,0.3190137172039733,0.959605184950983,0.15375750812014188,0.15375750812014188,0.9000467767430171,0.9993850239946753,2.0,d_kam,2.0,2.8623910314659375,0.01084010840108401,0.0,edge,5010,0.0,200.0,3162.0,3095.0,3095.0,1980.0698335748166,2.0,369.0,344.0,2.2647517899115304,2.802682377048768,32.0,
29.0,29.0,0.0,0.0,c_kam_N_64,0.9999903328291677,"N=64, U0=8",2.6178907605724184,1.101839702538563,,S1,8,64,0.1108660740364884,2.0,1.0062726920480083,139.2802708875074,1.339924340064844e-16,0.30640073497309256,0.40071535212368786,0.2925111795904648,18.923414533783216,-3.828355257328126e-18,0.15217542248831156,0.15217542248831156,1.7695024724609834,0.7865192205338712,5.228643233572188,0.0,1.1367029543816876,6.508203937457814e-17,0.15802222005429603,0.15802222005429603,0.8651105641637877,0.9999903328291677,9.0,c_kam,17.0,2.220446049250313e-16,0.32222222222222224,0.0,edge,5001,3.0,200.0,7989.0,6143.0,5964.0,3784.682906756643,17.0,90.0,0.0,18.691570051004813,4.732538909011055,64.0,
11.0,11.0,0.0,0.0,d_kam_N_64,0.9998967494260443,"N=64, U0=8",2.7500354820496664,1.1873440938110957,,S1,8,64,1.184109185082347,2.0,1.2149868474150214,139.2802708875074,0.7934616304162104,0.3202759307282036,0.4020923398973308,0.294136790156571,14.736846662708558,-0.5996375847147136,0.21934364883941504,0.21934364883941504,1.917038476019077,0.8709377348991765,5.603293256659035,1.0,1.1999116155398337,0.09691202285074842,0.2214512178736364,0.2214512178736364,0.8561326030801717,0.9998967494260443,6.0,d_kam,5.0,0.48921368713656843,0.032448377581120944,0.0,edge,5001,0.0,200.0,6830.0,6277.0,6277.0,2947.3693325417116,5.0,339.0,241.0,8.35735979066373,3.8233230269979686,64.0,
42.0,42.0,0.0,0.0,c_kam_N_64,0.9998171224128434,"N=64, U0=8",4.813421514246282,1.7015843563585138,,S1,8,64,2.45438933321672,3.0,1.0088820019617386,201.78755749382606,1.3745618400120986e-16,0.5271946786850651,0.4590980260693319,0.3614351696651836,43.28690908878343,6.872809200060493e-17,0.14381547579889328,0.14381547579889328,2.0321798604685477,0.7596753384233156,8.288766263928112,0.0,1.9905752989146672,1.030921380009074e-16,0.16248713988419433,0.16248713988419433,0.8055327080895518,0.9998171224128434,8.0,c_kam,31.0,2.220446049250313e-16,0.4666666666666667,0.0,edge,5002,3.0,200.0,10293.0,6112.0,5999.0,8657.381817756686,31.0,90.0,0.0,25.37890872963479,10.490952956024557,64.0,
16.0,16.0,0.0,0.0,d_kam_N_64,0.9993883031854963,"N=64, U0=8",5.021648455715303,1.8514851671646584,,S1,8,64,8.20954694352926,2.0,1.278591967305327,201.89055787259443,1.332936151072761,0.5490585075393123,0.40809622188821265,0.3012247063958065,33.15245435544057,-1.2530458703213307,0.2555883587434484,0.2555883587434484,2.3978991579092623,0.8565267585331359,8.995728500962983,1.0,2.139612062673245,0.0399451403757152,0.25796484745463333,0.25796484745463333,0.7897931229549067,0.9993883031854963,6.0,d_kam,10.0,0.22244761751461095,0.037037037037037035,0.0,edge,5002,0.0,200.0,7900.0,6354.0,6354.0,6630.490871088114,10.0,432.0,253.0,11.101076131269231,8.520908977021463,64.0,
50.0,50.0,0.0,0.0,c_kam_N_64,0.9997827202007799,"N=64, U0=8",4.814298466679687,1.5672970940606437,,S1,8,64,3.1088637875375698,4.0,1.0072442431979778,261.8082683616923,9.769962616701378e-17,0.5385573707616662,0.5609841305534264,0.48171737634779505,68.65743632777594,-1.7763568394002505e-17,0.15885754721921738,0.15885754721921738,2.152959337436993,0.7059379876050991,10.148967350119374,0.0,2.503180444441031,3.9968028886505634e-17,0.17858174083095982,0.17858174083095982,0.8147769300253296,0.9997827202007799,12.0,c_kam,30.0,2.220446049250313e-16,0.5555555555555556,0.0,edge,5003,8.0,200.0,15433.0,6390.0,6076.0,13731.487265555188,30.0,90.0,0.0,27.895669031175267,15.665234618994873,64.0,
12.0,12.0,0.0,0.0,d_kam_N_64,0.9997338437966485,"N=64, U0=8",4.9807071597671335,1.6191795763954628,,S1,8,64,3.8081928711141266,2.0,1.1304248662726426,261.8082683616923,1.3883076996965278,0.5560302835358482,0.3636423276055389,0.24874441453431667,24.68063627718948,-1.3830736953492513,0.23014885351643843,0.23014885351643843,2.422798870410008,0.8758945406943266,11.474414559237843,1.0,2.8408056401267445,0.0026170021736384532,0.24860385576140245,0.24860385576140245,0.8093292693801736,0.9997338437966485,6.0,d_kam,6.0,0.014131811737647626,0.02977667493796526,0.0,edge,5003,0.0,200.0,7938.0,6305.0,6305.0,4936.127255437896,6.0,403.0,245.0,6.727477618671971,6.756780426949263,64.0,
43.0,43.0,0.0,0.0,c_kam_N_64,0.9990475140526891,"N=64, U0=8",5.198389553647882,1.622131741816689,,S1,8,64,11.945548468479569,3.0,1.2492318087719063,220.85910753769883,8.26212483441977e-17,0.5777221147944467,0.5287721897629776,0.4436893906924041,51.1466382042272,3.0982968129074136e-17,0.12506910935714535,0.12506910935714535,2.0176899330587306,0.6916200162683546,8.608489670800504,0.0,2.0918205369762117,5.680210823663592e-17,0.14638058456822678,0.14638058456822678,0.8099626553915331,0.9990475140526891,9.0,c_kam,30.0,2.220446049250313e-16,0.4777777777777778,0.0,edge,5004,4.0,200.0,16324.0,6461.0,6088.0,10229.32764084544,30.0,90.0,0.0,26.67118980795168,11.352006328001153,64.0,
12.0,12.0,0.0,0.0,d_kam_N_64,0.9995224342914116,"N=64, U0=8",5.806777240467285,1.976417297134886,,S1,8,64,5.989363239352885,3.0,1.217945988672947,221.07027937524575,1.222028018721997,0.6416028219104841,0.5771376121998538,0.5007874588470498,34.1089100879617,-1.1710967179224863,0.19705992642231693,0.19705992642231693,2.205372743127855,0.7727733586267064,9.34183288841909,1.0,2.247217599063341,0.025465650399755308,0.21165727119476016,0.21165727119476016,0.7727626720831223,0.9995224342914116,5.0,d_kam,7.0,0.11767004922133986,0.017118402282453638,0.0,edge,5004,0.0,200.0,14474.0,6392.0,6392.0,6821.782017592341,7.0,701.0,534.0,7.533523194530784,7.757753517013043,64.0,
22.0,22.0,0.0,0.0,c_kam_N_64,0.9999999999999999,"N=64, U0=8",2.8946894185223817,1.1450245279204467,,S1,8,64,0.0,2.0,0.983761703372577,151.33057145234744,3.027880976250427e-17,0.3373623455226192,0.407937537731121,0.30103737093257343,28.258008224656805,-1.0092936587501423e-17,0.1812176611139011,0.1812176611139011,2.268635356239084,0.7884051013024035,8.339630368014133,0.0,1.9954796614176837,1.0092936587501423e-17,0.19026818124028572,0.19026818124028572,0.8589592973530543,0.9999999999999999,8.0,c_kam,12.0,0.0,0.24444444444444444,0.0,edge,5005,2.0,200.0,8169.0,6293.0,5967.0,5651.601644931361,12.0,90.0,0.0,12.933473029795639,7.338112883036956,64.0,
7.0,7.0,0.0,0.0,d_kam_N_64,1.0000000000000007,"N=64, U0=8",2.9091206271452514,1.1827406945528778,,S1,8,64,0.0,2.0,1.115105547979769,151.33057145234744,3.1810319068718194,0.33887762242802066,0.4554112400751902,0.357082713977655,30.577989055600483,-2.6729016542873323,0.22820011144646904,0.22820011144646904,2.4150053508153224,0.8538436771517993,8.518169493169754,1.0,2.006958434123946,0.254065126292244,0.22550150351939835,0.22550150351939835,0.8549990998566491,1.0000000000000007,6.0,d_kam,1.0,0.8616694987496997,0.017241379310344827,0.0,edge,5005,0.0,200.0,6961.0,6225.0,6225.0,6115.597811120097,1.0,406.0,325.0,3.65176005252043,8.046777351992205,64.0,
48.0,48.0,0.0,0.0,c_kam_N_64,0.9995920155590334,"N=64, U0=8",6.463747004201802,1.9299588728515036,,S1,8,64,4.4370754892727575,3.0,1.0006966353852627,214.8129061839905,3.469446951953614e-17,0.7153041051242366,0.45530772105326256,0.3569605040212127,45.00438906456111,-2.3129646346357427e-18,0.17859482208016023,0.17859482208016023,2.7886724996720598,0.756186467895532,16.210544449279244,0.0,4.193351100262524,1.61907524424502e-17,0.1862137235716476,0.1862137235716476,0.7752709045546169,0.9995920155590334,9.0,c_kam,35.0,7.216449660063502e-17,0.5333333333333333,0.0,edge,5006,4.0,200.0,10617.0,6589.0,6004.0,9000.877812912222,35.0,90.0,0.0,26.37796821112099,10.875692979025189,64.0,
10.0,10.0,0.0,0.0,d_kam_N_64,0.999470335303388,"N=64, U0=8",7.411512134064713,2.1197986823266923,,S1,8,64,5.760421248667028,2.0,1.2287699263131657,229.607420102424,4.136387873134474,0.8148194437598423,0.4033948013901091,0.29567441830776764,14.866342996247113,-4.0218896194842895,0.22513247226054356,0.22513247226054356,3.047113043520191,0.8630119852344313,18.738324214109763,1.0,4.866537118852641,0.05724912682509213,0.2314425757231877,0.2314425757231877,0.7553377245597221,0.999470335303388,6.0,d_kam,4.0,0.3148701975380061,0.028328611898016998,0.0,edge,5006,0.0,200.0,7009.0,6263.0,6263.0,2973.2685992494226,4.0,353.0,252.0,6.724280908975293,3.9668713200371712,64.0,
33.0,33.0,0.0,0.0,c_kam_N_64,0.9999882666594632,"N=64, U0=8",2.9467604764078357,1.229189088873747,,S1,8,64,0.14602720529074142,3.0,0.9750894145439408,165.63207777130532,6.055761952500853e-17,0.3299944146910914,0.40249121750356026,0.2946076873305919,25.308627566264477,-2.0185873175002847e-17,0.1149301605226947,0.1149301605226947,1.6919237326844256,0.7797154218047653,4.331425948956529,0.0,0.898218752334444,2.0185873175002847e-17,0.1323740764416776,0.1323740764416776,0.8556189439507285,0.9999882666594632,7.0,c_kam,24.0,2.220446049250313e-16,0.36666666666666664,0.0,edge,5007,2.0,200.0,8807.0,6075.0,5977.0,5061.725513252895,24.0,90.0,0.0,19.315721891203395,6.462706292979419,64.0,
12.0,12.0,0.0,0.0,d_kam_N_64,0.9987889168409241,"N=64, U0=8",4.075355718424352,1.5903429162727347,,S1,8,64,15.072526748782895,2.0,1.4893710828651168,187.38998959398967,0.49783554891281695,0.44849691510282574,0.45068287600528883,0.35150061750624384,31.845784675097093,-0.40986128018407486,0.17198388078487029,0.17198388078487029,1.939538411740702,0.8459867127030525,5.927861975855319,1.0,1.3024943127593542,0.043987134364370996,0.17367551115285576,0.17367551115285576,0.8176977920738346,0.9987889168409241,6.0,d_kam,6.0,0.19399353038104733,0.026490066225165563,0.0,edge,5007,0.0,200.0,7621.0,6292.0,6292.0,6369.156935019419,6.0,453.0,316.0,7.199361843040574,8.238461433036719,64.0,
33.0,33.0,0.0,0.0,c_kam_N_64,0.9999964446211128,"N=64, U0=8",2.843369986365493,1.1650446881252594,,S1,8,64,0.04601792490029677,2.0,1.033280336547036,163.3210206734974,1.4130111222501992e-16,0.32834749266617386,0.4079447534710776,0.30104588951446654,32.121978036593646,-3.364312195833808e-17,0.14651455611352043,0.14651455611352043,1.8570464256885078,0.7995088828225242,5.648563776841653,0.0,1.2507545696759126,5.3828995133340925e-17,0.19020244137532324,0.19020244137532324,0.8585840052669724,0.9999964446211128,9.0,c_kam,21.0,3.108624468950435e-16,0.36666666666666664,0.0,edge,5008,3.0,200.0,8591.0,6248.0,5973.0,6424.395607318729,21.0,90.0,0.0,19.368524018930202,8.103131943033077,64.0,
9.0,9.0,0.0,0.0,d_kam_N_64,0.9997489970096838,"N=64, U0=8",2.9857495864413552,1.2449422317410865,,S1,8,64,3.248778013576114,2.0,1.2726962091770722,163.3210206734974,1.026039926409359,0.3432973506741394,0.5607740520481913,0.4814693670013369,31.943529490672518,-0.6113609030581556,0.20332806522658642,0.20332806522658642,2.011751576540338,0.7966490039410783,6.009852802529832,1.0,1.3117201049408562,0.20733951167560172,0.2039549854017342,0.2039549854017342,0.8501947631873105,0.9997489970096838,6.0,d_kam,3.0,1.1196333630482487,0.01768172888015717,0.0,edge,5008,0.0,200.0,8357.0,6284.0,6284.0,6388.7058981345035,3.0,509.0,379.0,5.6315441756493945,7.493840788956732,64.0,
50.0,50.0,0.0,0.0,c_kam_N_64,0.9997831957992758,"N=64, U0=8",6.610726825984428,1.98074187497201,,S1,8,64,2.6231111299678416,6.0,1.0655597426694294,237.36123734255435,2.1316282072803005e-16,0.7358193136145004,0.6078722847214776,0.5370714472406333,89.10533842950827,-1.5987211554602254e-16,0.2034570645441856,0.2034570645441856,3.0927295053750385,0.6823674522787758,17.228361533357752,0.0,4.465161997179483,2.6645352591003756e-17,0.23004014822020694,0.23004014822020694,0.7693516175944349,0.9997831957992758,12.0,c_kam,28.0,2.220446049250313e-16,0.5555555555555556,0.0,edge,5009,10.0,200.0,18428.0,6447.0,6121.0,17821.067685901653,28.0,90.0,0.0,27.793634691674704,19.728394988982473,64.0,
10.0,10.0,0.0,0.0,d_kam_N_64,0.9996024125987129,"N=64, U0=8",6.7663921699110725,2.151212802912378,,S1,8,64,4.810404659901785,2.0,1.2530826016656953,237.36123734255435,3.381174438647335,0.7521641747267981,0.49013743610055616,0.39807891761871206,27.700660052942112,-3.3648216427910898,0.2532430313289084,0.2532430313289084,3.125312906009392,0.8413638321899597,17.306673065599895,1.0,4.450573650648347,0.008176397928122725,0.27282921777609737,0.27282921777609737,0.7514521701606962,0.9996024125987129,6.0,d_kam,4.0,0.0449701886046749,0.02386634844868735,0.0,edge,5009,0.0,200.0,7069.0,6253.0,6253.0,5540.132010588422,4.0,419.0,320.0,5.657794216741953,6.940173407027032,64.0,
30.0,30.0,0.0,0.0,c_kam_N_64,1.0000000000000002,"N=64, U0=8",6.158170153579936,1.8143180900509885,,S1,8,64,0.0,3.0,0.9794161133976704,242.9129827233054,3.3306690738754695e-17,0.6845169945720699,0.4678744564490502,0.37179623330790645,39.502042280801106,2.590520390792032e-17,0.14688279721488606,0.14688279721488606,2.330598674328478,0.7296902572034721,11.726665048918292,0.0,2.956268722475672,2.960594732333751e-17,0.16026666412194973,0.16026666412194973,0.7870656532052611,1.0000000000000002,7.0,c_kam,21.0,0.0,0.3333333333333333,0.0,edge,5010,2.0,200.0,12046.0,6139.0,6025.0,7900.408456160221,21.0,90.0,0.0,18.932635870866044,9.120896384993102,64.0,
11.0,11.0,0.0,0.0,d_kam_N_64,1.0000000000000002,"N=64, U0=8",6.5195889762331145,1.8815896164574408,,S1,8,64,0.0,2.0,1.1247292511250424,254.9464529004933,2.5531727382937914,0.7224659709506541,0.4170761460779792,0.3118260057865033,31.652292215730995,-2.065540607989499,0.20211122184380706,0.20211122184380706,2.6054933308000816,0.8551652700323682,13.110471618500858,1.0,3.3019889022469453,0.24381606515214588,0.2068440922682724,0.2068440922682724,0.7800021429325836,1.0000000000000002,6.0,d_kam,5.0,1.043986992005678,0.02570093457943925,0.0,edge,5010,0.0,200.0,7126.0,6285.0,6285.0,6330.458443146199,5.0,428.0,316.0,6.858227976656239,8.140069481974933,64.0,
38.0,38.0,0.0,0.0,c_kam_N_128,0.9999999999999997,"N=128, U0=16",17.74468689815795,3.5325081059310475,,S1,16,128,0.0,2.0,1.0823422864329162,674.4384039582235,2.337311630789803e-17,1.9195268239979324,0.5059322515315255,0.41672557472471766,306.1098614198272,0.0,0.2309661700356046,0.2309661700356046,6.1354791737717,0.7742090629462257,53.63270391472313,0.0,14.611368272845736,1.1686558153949016e-17,0.22952683968294182,0.22952683968294182,0.6012739164900931,0.9999999999999997,16.0,c_kam,20.0,0.0,0.4222222222222222,0.0,edge,5001,2.0,200.0,29210.0,12572.0,11819.0,61221.97228396544,20.0,90.0,0.0,22.29225459241869,67.8302442979766,128.0,
20.0,20.0,0.0,0.0,d_kam_N_128,0.9999999999999994,"N=128, U0=16",20.23482767671047,3.9764009481635547,,S1,16,128,0.0,2.0,1.1709553236561168,702.4900623652172,8.263687816864874,2.180991605745947,0.4948605083485884,0.4036547668004168,153.7935919186566,-6.348357236629228,0.34187670451507307,0.34187670451507307,7.017553558084593,0.8413483440171912,62.48648816567983,1.0,17.03543591465926,0.9576652901178235,0.3352709082959272,0.3352709082959272,0.5546651680556798,0.9999999999999994,14.0,d_kam,6.0,4.2814954509982766,0.03395585738539898,0.0,edge,5001,0.0,200.0,16755.0,12389.0,12389.0,30758.71838373132,6.0,589.0,280.0,11.534329015559342,35.96234650799306,128.0,
52.0,52.0,0.0,0.0,c_kam_N_128,1.0000000000000007,"N=128, U0=16",31.1799122467469,4.918973842552872,,S1,16,128,0.0,2.0,1.0120562073083326,893.4155848524787,4.39819121293812e-15,3.3541990592130664,0.5377898428121274,0.4543352310976504,265.26674313878175,-2.1948255179128096e-15,0.2265947080250745,0.2265947080250745,7.253246244384601,0.7466958192385209,113.25523963818274,0.0,31.256178487103952,1.1016828475126554e-15,0.222719765378022,0.222719765378022,0.45109681223889,1.0000000000000007,15.0,c_kam,36.0,9.992007221626314e-17,0.5777777777777777,0.0,edge,5002,1.0,200.0,33846.0,12433.0,11853.0,53053.34862775635,36.0,90.0,0.0,31.712525695126594,57.802901252987795,128.0,
26.0,26.0,0.0,0.0,d_kam_N_128,0.9999900792353026,"N=128, U0=16",35.19998021518032,5.382482995416204,,S1,16,128,0.18337778165208057,2.0,1.1810614791424168,933.3619035817541,6.670877272600815,3.7763061958985746,0.5460341143341855,0.4640680516445245,209.46039662405383,-1.7261389837063368,0.3175109741799939,0.3175109741799939,8.305910357332548,0.8242528463043874,132.75204564165412,1.0,36.650594773123224,2.4723691444472395,0.30559371594038676,0.30559371594038676,0.4024283511882403,0.9999900792353026,14.0,d_kam,12.0,5.175475151298073,0.042833607907743,0.0,edge,5002,0.0,200.0,16670.0,12439.0,12439.0,41892.079324810766,12.0,607.0,256.0,17.5204943452399,51.7931347929989,128.0,
53.0,53.0,0.0,0.0,c_kam_N_128,0.9997577070440876,"N=128, U0=16",29.455580955788474,4.686177249193207,,S1,16,128,4.196966808168376,3.0,1.05257765233606,789.0780382930944,2.51371250858526e-17,3.163608813398852,0.505574960127175,0.4163037723723593,323.2137476923526,8.3790416952842e-18,0.21440988631838778,0.21440988631838778,6.407333299844056,0.7537576273363937,98.60263552720859,0.0,27.173213030630187,1.67580833905684e-17,0.21041792789555927,0.21041792789555927,0.4775428620111186,0.9997577070440876,17.0,c_kam,32.0,8.881784197001221e-17,0.5888888888888889,0.0,edge,5003,4.0,200.0,35608.0,12598.0,11869.0,64642.749538470525,32.0,90.0,0.0,33.070307403062664,72.68163824797375,128.0,
21.0,21.0,0.0,0.0,d_kam_N_128,0.9999425744178662,"N=128, U0=16",29.66807666608227,4.692834944003026,,S1,16,128,0.994718402951914,2.0,1.1797381779195384,793.140808858511,6.69024031038865,3.185920862979699,0.43465718218497335,0.332581395635038,237.25410544109764,-5.559547240113808,0.2632106177586915,0.2632106177586915,6.927554608236236,0.8557877458635997,102.0577404230764,1.0,28.10847622553743,0.5653465351374193,0.24246183106545494,0.24246183106545494,0.4768438040560875,0.9999425744178662,14.0,d_kam,7.0,3.1207456333936534,0.03541315345699832,0.0,edge,5003,0.0,200.0,16902.0,12405.0,12405.0,47450.82108821953,7.0,593.0,272.0,12.578328240386742,56.120740220008884,128.0,
65.0,65.0,0.0,0.0,c_kam_N_128,0.9999829976896737,"N=128, U0=16",24.671330298781932,4.037534443158916,,S1,16,128,0.31582731638236916,3.0,1.001058502293055,745.0850066597275,4.099285014000578e-17,2.6583030248923403,0.5489736601289972,0.4675383487633995,307.0942510460736,6.832141690000964e-18,0.21681479363312384,0.21681479363312384,5.646928257540463,0.7484112261056879,81.03510242797182,0.0,22.263270004143898,2.3912495915003373e-17,0.21412412528654362,0.21412412528654362,0.5461490222616513,0.9999829976896737,21.0,c_kam,36.0,2.220446049250313e-16,0.7222222222222222,0.0,edge,5004,8.0,200.0,33770.0,12416.0,11856.0,61418.850209214725,36.0,90.0,0.0,39.868733191580354,69.66486119001638,128.0,
22.0,22.0,0.0,0.0,d_kam_N_128,0.9988258684026026,"N=128, U0=16",25.84324762546088,4.252335500985662,,S1,16,128,21.810143702176486,2.0,2.5813559135426694,766.217558952002,3.12056453194716,2.78135434419363,0.46605727198515495,0.36965094609358573,181.9300122433924,-1.7741871455804732,0.27685314229326896,0.27685314229326896,6.152734290527071,0.8439265459182398,87.13925476362505,1.0,23.938658912702913,0.6731886931833433,0.27868651598839206,0.27868651598839206,0.5235949111898428,0.9988258684026026,14.0,d_kam,8.0,1.510668442712251,0.03747870528109029,0.0,edge,5004,0.0,200.0,16815.0,12413.0,12413.0,36386.00244867848,8.0,587.0,271.0,13.966930709943815,48.052052607992664,128.0,
55.0,55.0,0.0,0.0,c_kam_N_128,0.9999107296285981,"N=128, U0=16",19.590501926976998,3.53891939917911,,S1,16,128,1.5707436130190193,5.0,1.0375234379621996,654.4632726988566,1.5765166949677222e-15,2.128001584285705,0.5783463620807714,0.502214455234244,373.30490973050473,1.5442192978877176e-15,0.20292682495999523,0.20292682495999523,4.675865141121071,0.6924191489641208,56.62735186027092,0.0,15.464837979183486,1.56036799642772e-15,0.20522608192560554,0.20522608192560554,0.5984136138693057,0.9999107296285981,20.0,c_kam,26.0,2.220446049250313e-16,0.6111111111111112,0.0,edge,5005,9.0,200.0,50896.0,12567.0,11986.0,74660.98194610095,26.0,90.0,0.0,30.6771907257359,82.45539914502297,128.0,
18.0,18.0,0.0,0.0,d_kam_N_128,0.9997931351731273,"N=128, U0=16",21.508998641520854,3.9476645372202404,,S1,16,128,3.6398594569003784,2.0,1.2131307265703128,680.3275480356407,3.9346068856738765,2.3294437393128096,0.5081768472697007,0.4193754446933966,215.0283585168654,-3.531257065657046,0.28055817981465125,0.28055817981465125,5.2849552328688185,0.8206179749861383,64.11195507626739,1.0,17.509646771811248,0.20167491000841517,0.27879104527360843,0.27879104527360843,0.555495374374987,0.9997931351731273,14.0,d_kam,4.0,0.8537050369780728,0.028526148969889066,0.0,edge,5005,0.0,200.0,17755.0,12380.0,12380.0,43005.67170337308,4.0,631.0,312.0,10.21255437275606,50.08712873602053,128.0,
63.0,63.0,0.0,0.0,c_kam_N_128,0.9996084353553434,"N=128, U0=16",24.589963512774332,4.317369238601295,,S1,16,128,6.336225649198193,2.0,1.0111051291550586,627.5493203594917,5.392511833893617e-16,2.6475824341356087,0.5252171181197631,0.4394924311136092,329.035894133267,-4.758098676964956e-16,0.20826233779479794,0.20826233779479794,5.586640037649179,0.7425092086422279,73.94966957023856,0.0,20.293511673246684,3.172065784643304e-17,0.21155276470033105,0.21155276470033105,0.5178527085676079,0.9996084353553434,19.0,c_kam,39.0,2.220446049250313e-16,0.7,0.0,edge,5006,5.0,200.0,36291.0,12600.0,11874.0,65807.1788266534,39.0,90.0,0.0,36.430776854322126,71.0118855239707,128.0,
25.0,25.0,0.0,0.0,d_kam_N_128,0.9996387207308055,"N=128, U0=16",26.870359391145858,4.586606763814036,,S1,16,128,5.846153382926742,2.0,1.122472064141512,664.9928836149759,2.30764982011331,2.88702400136462,0.47541731676870747,0.38070099896305737,223.57255024602637,-1.4532742215320125,0.28071312977453383,0.28071312977453383,6.302607977309247,0.8469651165238266,84.20144496731123,1.0,23.11516890778219,0.42718779929064893,0.26428410744152186,0.26428410744152186,0.4895827684202702,0.9996387207308055,14.0,d_kam,11.0,1.7787270471761187,0.042662116040955635,0.0,edge,5006,0.0,200.0,16638.0,12466.0,12466.0,44714.51004920527,11.0,586.0,260.0,16.837560866610602,54.48872609902173,128.0,
54.0,54.0,0.0,0.0,c_kam_N_128,0.9999723005637868,"N=128, U0=16",31.227790882363273,4.911295634232387,,S1,16,128,0.4383798258107598,5.0,1.026079092639004,754.5767347522096,1.0608797790862607e-15,3.359006172445121,0.5737389298790606,0.4967751255516687,319.5423136802856,1.052655904829778e-15,0.22109293986775924,0.22109293986775924,6.693861534103942,0.7244568868878696,106.94374246357815,0.0,29.496065768726144,1.0567678419580194e-15,0.22111476572672883,0.22111476572672883,0.4520002477360211,0.9999723005637868,15.0,c_kam,35.0,0.0,0.6,0.0,edge,5007,4.0,200.0,43727.0,12602.0,11934.0,63908.46273605712,35.0,90.0,0.0,32.333818305819925,71.78947601799155,128.0,
27.0,27.0,0.0,0.0,d_kam_N_128,0.9989889564127066,"N=128, U0=16",40.26326368038723,5.908819156366711,,S1,16,128,16.001087830183266,2.0,2.411066567430803,844.5880572534396,4.261259880014758,4.307730816237637,0.49459359045623513,0.40333965539972205,178.25604386685882,-3.101038285061896,0.302501772151085,0.302501772151085,8.510534677814324,0.8430644577547448,149.77962885374313,1.0,41.410885557763216,0.5801107974764311,0.2981326852607671,0.2981326852607671,0.3472602779119171,0.9989889564127066,14.0,d_kam,13.0,3.9288925384749964,0.04695652173913043,0.0,edge,5007,0.0,200.0,16567.0,12441.0,12441.0,35651.20877337176,13.0,575.0,250.0,19.114241723165208,45.57636415300658,128.0,
57.0,57.0,0.0,0.0,c_kam_N_128,0.9996491831614333,"N=128, U0=16",23.83596717157781,4.072672140671866,,S1,16,128,6.566114613139817,3.0,1.089306804368741,799.7200809337945,5.843279076974508e-17,2.573418900346773,0.5836358272323937,0.5084589627049092,270.03737926046597,3.5059674461847047e-17,0.2616974585655304,0.2616974585655304,6.422931142604215,0.7377564335349703,84.19231316624082,0.0,23.129154920238555,4.674623261579606e-17,0.25381366032242914,0.25381366032242914,0.5421463882210358,0.9996491831614333,18.0,c_kam,34.0,2.664535259100366e-16,0.6333333333333333,0.0,edge,5008,5.0,200.0,35294.0,12233.0,11866.0,54007.475852093194,34.0,90.0,0.0,36.02179654422176,60.59677341702627,128.0,
16.0,16.0,0.0,0.0,d_kam_N_128,0.9997415394537817,"N=128, U0=16",29.069843208218156,4.588731345250674,,S1,16,128,4.837514574205184,2.0,1.2522831853574719,877.7978720879026,8.684888255333853,3.1229758841940094,0.5323705547474931,0.44793746046579036,167.98313612263883,-6.386326515400413,0.30561949501751723,0.30561949501751723,7.80535816404954,0.8317518915989459,108.72096284203019,1.0,29.94673882235489,1.14928086996672,0.2972353831565393,0.2972353831565393,0.4879601717402607,0.9997415394537817,14.0,d_kam,2.0,5.834896133619765,0.02735042735042735,0.0,edge,5008,0.0,200.0,16565.0,12361.0,12361.0,33596.627224527765,2.0,585.0,296.0,9.727026372022031,43.48627315397607,128.0,
56.0,56.0,0.0,0.0,c_kam_N_128,0.9995018864691304,"N=128, U0=16",29.08648020461049,4.639501450488886,,S1,16,128,10.287772071068662,2.0,1.1464184897291543,983.8298806187481,4.084034697728254e-15,3.1407956863742355,0.5274778910706661,0.4421613991806473,247.1297232687357,0.0,0.19075929905748992,0.19075929905748992,6.107747259938306,0.7650762191834792,96.69160523056279,0.0,26.63971312547166,2.042017348864127e-15,0.19750841381785977,0.19750841381785977,0.48020761633254744,0.9995018864691304,16.0,c_kam,38.0,2.220446049250313e-16,0.6222222222222222,0.0,edge,5009,2.0,200.0,33742.0,12525.0,11855.0,49425.94465374714,38.0,90.0,0.0,33.26439071760899,54.256513939006254,128.0,
28.0,28.0,0.0,0.0,d_kam_N_128,0.9995974079637417,"N=128, U0=16",34.93609022361926,5.399760168936821,,S1,16,128,8.314921900280382,2.0,1.1874378842261248,1052.404582620884,3.437029752278717,3.755004738370157,0.47409279457943154,0.3791373269340511,183.12167971016606,-2.261804460988884,0.3011341616910711,0.3011341616910711,7.588379424904381,0.8459146784509832,121.90406324186398,1.0,33.63339742752792,0.5876126456449166,0.2938736263841502,0.2938736263841502,0.40038045089551444,0.9995974079637417,14.0,d_kam,14.0,4.394218080685597,0.04778156996587031,0.0,edge,5009,0.0,200.0,16549.0,12497.0,12497.0,36624.33594203321,14.0,586.0,248.0,18.77056058939526,45.03599005099386,128.0,
59.0,59.0,0.0,0.0,c_kam_N_128,0.9999999999999996,"N=128, U0=16",28.23714476611132,4.551436768162832,,S1,16,128,0.0,3.0,1.0335238297835982,633.0568088920088,2.9053972034258335e-15,3.042346200070165,0.5533020530409063,0.47264825706218105,246.65290705219377,-9.709747130620013e-16,0.22312983568267888,0.22312983568267888,6.535320387480519,0.7356745948927287,93.80247681454328,0.0,25.82785134814352,9.67211245181916e-16,0.214354490700716,0.214354490700716,0.49044327762428613,0.9999999999999996,16.0,c_kam,40.0,0.0,0.6555555555555556,0.0,edge,5010,3.0,200.0,36318.0,12388.0,11876.0,49330.581410438754,40.0,90.0,0.0,34.088547872923286,55.84442911797669,128.0,
26.0,26.0,0.0,0.0,d_kam_N_128,0.9996332916650515,"N=128, U0=16",34.85402504148588,5.328700341418089,,S1,16,128,5.142911831556092,2.0,1.4443301249092846,692.6569755172286,5.131074438647341,3.737118628984494,0.49187648725048705,0.40013196411515833,140.3019248036435,-2.8092810624346822,0.3466207688714505,0.3466207688714505,8.467267821273225,0.84022357747586,129.26497879928047,1.0,35.67382949086377,1.160896688106329,0.33819682679135654,0.33819682679135654,0.4088306024324842,0.9996332916650515,14.0,d_kam,12.0,8.025988414794341,0.043697478991596636,0.0,edge,5010,0.0,200.0,16689.0,12448.0,12448.0,28060.384960728697,12.0,595.0,255.0,14.977273222964735,34.99914356798399,128.0,
63.0,63.0,0.0,0.0,c_kam_N_256,0.9767698056303895,"N=256, U0=32",102.28060349155476,8.305202193315681,,S1,32,256,630.0610610712237,4.0,70.39030546807997,2489.796332859426,2.7068294695622863e-14,10.856781914395414,0.6748675622582957,0.6161630943327101,1267.1126701842877,-9.022764898540954e-15,0.46113678038371747,0.46113678038371747,23.152788620547604,0.7248319176603446,739.0369998622875,0.0,205.83967100891684,9.022764898540954e-15,0.4349888434434107,0.4349888434434107,0.09156488478606359,0.9767698056303895,32.0,c_kam,27.0,0.0,0.7,0.0,edge,5001,4.0,200.0,164508.0,26550.0,23750.0,253422.53403685754,27.0,90.0,0.0,36.953498200311635,271.19738255400443,256.0,
43.0,43.0,0.0,0.0,d_kam_N_256,0.9702600450931715,"N=256, U0=32",111.16293079133273,8.390651591856212,,S1,32,256,806.622073266833,2.0,115.79507336660339,2635.3062608141663,12.603139310825107,11.789426280872103,0.6043362244557564,0.5328969316491569,438.466068340349,-4.809682388374219,0.494915265815048,0.494915265815048,26.0749462537195,0.7961972182199346,856.3999165777234,1.0,238.58051321930824,3.896728461225446,0.47986036371683527,0.47986036371683527,0.08259269793930768,0.9702600450931715,30.0,d_kam,13.0,24.62976443675218,0.0364715860899067,0.0,edge,5001,0.0,200.0,44450.0,25125.0,25125.0,87693.2136680698,13.0,1179.0,188.0,25.065499699470262,110.25142488797428,256.0,
71.0,71.0,0.0,0.0,c_kam_N_256,0.9758652586553105,"N=256, U0=32",101.8450895395825,8.303325041013206,,S1,32,256,726.34420249866,2.0,74.51595938642306,2785.3507873448298,2.5619569064026148e-14,10.803681263441003,0.6706258035596637,0.6111554625357143,1297.24666856986,6.404892266006537e-15,0.3991789930196857,0.3991789930196857,20.42223312902584,0.7201632361192253,690.364797745111,0.0,192.27375617788329,1.6012230665016343e-14,0.37624546829775185,0.37624546829775185,0.0918898132775359,0.9758652586553105,33.0,c_kam,35.0,1.1368683772161603e-13,0.7888888888888889,0.0,edge,5002,3.0,200.0,159062.0,27559.0,23723.0,259449.333713972,35.0,90.0,0.0,42.51550130052358,279.44738896901254,256.0,
33.0,33.0,0.0,0.0,d_kam_N_256,0.9695045066999757,"N=256, U0=32",110.98128174346563,8.38891892726483,,S1,32,256,917.7734471839626,2.0,118.466691810197,2933.6073064510965,17.987344576135847,11.762981444848728,0.5984286507902028,0.5259227127384338,498.1509886315325,-12.53785070799276,0.42105857101104893,0.42105857101104893,23.179050052272114,0.7893591559170414,807.771543771018,1.0,225.03103400696614,2.724746934071542,0.40678052742770476,0.40678052742770476,0.08290245522111514,0.9695045066999757,30.0,d_kam,3.0,14.759499987015257,0.02578125,0.0,edge,5002,0.0,200.0,52670.0,25115.0,25115.0,99630.1977263065,3.0,1280.0,268.0,17.63724433781772,118.18690842797514,256.0,
57.0,57.0,0.0,0.0,c_kam_N_256,0.982668775587582,"N=256, U0=32",88.82825368785154,8.179766854032712,,S1,32,256,414.21329888406547,2.0,36.87092663743718,1941.40177862587,1.5956047399525056e-14,9.42607979016255,0.6117879089243888,0.5416940591468479,1113.302206514345,0.0,0.3997856727664542,0.3997856727664542,16.876340686754784,0.7502495935756579,528.0117739341409,0.0,146.95993970340908,7.978023699762528e-15,0.3811197308060346,0.3811197308060346,0.10591579692958185,0.982668775587582,31.0,c_kam,25.0,0.0,0.6333333333333333,0.0,edge,5003,1.0,200.0,146987.0,26660.0,23676.0,222660.441302869,25.0,90.0,0.0,33.72615292825357,235.54324442596408,256.0,
43.0,43.0,0.0,0.0,d_kam_N_256,0.9764288215376344,"N=256, U0=32",97.34125887713928,8.288554319234393,,S1,32,256,563.3471333096205,2.0,67.41234145072632,2056.0599522025086,10.04138218152104,10.319945335037762,0.6695387177423648,0.6098720973347364,459.85135527851526,-3.5207748822963363,0.4258519060199751,0.4258519060199751,19.32890177485712,0.7676772181875775,619.1799961926164,1.0,172.3848548751469,3.260303649612352,0.42677391636354167,0.42677391636354167,0.0944931130834053,0.9764288215376344,30.0,d_kam,13.0,26.522846024906844,0.0346494762288477,0.0,edge,5003,0.0,200.0,46775.0,25161.0,25161.0,91970.27105570305,13.0,1241.0,188.0,25.634738589291935,103.50666773703415,256.0,
70.0,70.0,0.0,0.0,c_kam_N_256,0.9806550575381179,"N=256, U0=32",95.17744372696018,8.25070648050383,,S1,32,256,493.3990558502307,4.0,55.518173369186144,2241.9585823179286,2.1113269862585835e-14,10.093036631066461,0.5871262610613384,0.5125796137529689,1156.6555758882896,1.1368683772161604e-14,0.3972615962835323,0.3972615962835323,17.83882688456372,0.7209628516273188,610.0016848033563,0.0,169.85732396917112,1.6240976817373718e-14,0.38345630849343343,0.38345630849343343,0.09822961714216119,0.9806550575381179,30.0,c_kam,38.0,1.2505552149377699e-13,0.7777777777777778,0.0,edge,5004,2.0,200.0,174376.0,30422.0,23774.0,231331.11517765792,38.0,90.0,0.0,44.246423241875476,254.1020925770281,256.0,
40.0,40.0,0.0,0.0,d_kam_N_256,0.969305837754442,"N=256, U0=32",110.8736925611159,8.406207186368084,,S1,32,256,782.8646015315628,2.0,138.45273596363512,2480.7930419233944,13.736250043214477,11.741142758652813,0.603516477851285,0.5319291752411003,453.7324410909787,-8.923668231349485,0.4338912241374263,0.4338912241374263,21.292830296927015,0.7952074587255146,784.1978580112805,1.0,218.44522405592673,2.4062909059324964,0.42221640374244546,0.42221640374244546,0.08190204302641446,0.969305837754442,30.0,d_kam,10.0,17.114346700066605,0.03205128205128205,0.0,edge,5004,0.0,200.0,48541.0,25163.0,25163.0,90746.48821819574,10.0,1248.0,204.0,22.479869412436624,102.71967599802883,256.0,
61.0,61.0,0.0,0.0,c_kam_N_256,0.9803596166068651,"N=256, U0=32",96.10858423694616,8.238274458568336,,S1,32,256,503.14488178277844,2.0,43.273639995472394,2164.7829979704384,2.79557797676105e-14,10.19426529656271,0.6346157254083411,0.5686435647181803,1113.8917596798274,-5.5911559535221e-15,0.409912313817546,0.409912313817546,18.564083422930842,0.7252196981742998,619.4333307887845,0.0,172.47729070181984,1.11823119070442e-14,0.3951696593059411,0.3951696593059411,0.09953873804417362,0.9803596166068651,33.0,c_kam,25.0,0.0,0.6777777777777778,0.0,edge,5005,3.0,200.0,158478.0,27546.0,23722.0,222778.35193596547,25.0,90.0,0.0,35.74691308902283,232.7385447899578,256.0,
37.0,37.0,0.0,0.0,d_kam_N_256,0.9748876643281639,"N=256, U0=32",103.96038156120078,8.32518724722793,,S1,32,256,643.3246698896885,2.0,70.43546767936455,2284.0021534207563,9.356389896141252,11.018704015609446,0.6359686620725072,0.5702407816133765,349.33391636179294,-3.650069916813155,0.4275593123851579,0.4275593123851579,20.68938748536516,0.7857113153372864,707.2093402093758,1.0,196.95546351826647,2.8531599896640487,0.4223966128505031,0.4223966128505031,0.09041289523491595,0.9748876643281639,30.0,d_kam,7.0,11.880451707107172,0.03098827470686767,0.0,edge,5005,0.0,200.0,45037.0,25129.0,25129.0,69866.78327235859,7.0,1194.0,212.0,20.999702074519455,95.41833777801367,256.0,
59.0,59.0,0.0,0.0,c_kam_N_256,0.9725673128368079,"N=256, U0=32",106.92454901719017,8.360084000597071,,S1,32,256,750.6758279088722,2.0,79.49484504323044,2511.5996430592327,2.312274665524394e-14,11.342262259958405,0.6072472737360625,0.5363335870495182,931.4214142013225,-1.5415164436829292e-14,0.4178352263221657,0.4178352263221657,20.981847922500318,0.7369105081696828,761.5396667222276,0.0,212.14059124739785,3.853791109207323e-15,0.4046524177661526,0.4046524177661526,0.08543544916718927,0.9725673128368079,32.0,c_kam,25.0,0.0,0.6555555555555556,0.0,edge,5006,2.0,200.0,157832.0,27701.0,23713.0,186284.2828402645,25.0,90.0,0.0,35.68030203833063,198.54643941798713,256.0,
40.0,40.0,0.0,0.0,d_kam_N_256,0.9690652368804206,"N=256, U0=32",111.92307145272963,8.401937703544872,,S1,32,256,846.5076271169353,2.0,101.40363052581519,2593.3045228885676,17.80570344988143,11.867107115690049,0.6179127141215921,0.5489247319491017,348.1322648169589,-12.582365719309195,0.43565920939909625,0.43565920939909625,23.035764597972573,0.7898520889951257,836.4788770824088,1.0,233.03624517295276,2.6116688652861186,0.4371932826867231,0.4371932826867231,0.08104081035767034,0.9690652368804206,30.0,d_kam,10.0,13.576401785795696,0.03115264797507788,0.0,edge,5006,0.0,200.0,47858.0,25149.0,25149.0,69626.45296339178,10.0,1284.0,212.0,22.217556488975994,82.88809539697831,256.0,
70.0,70.0,0.0,0.0,c_kam_N_256,0.9701377737817976,"N=256, U0=32",109.2807756091577,8.381637960952718,,S1,32,256,712.2681837874734,6.0,121.65439656329893,2260.3831201712737,2.760966058953532e-14,11.587570787866941,0.7021565746615686,0.6483792895310185,948.8601088695577,-1.786507449911109e-14,0.4294676763932516,0.4294676763932516,20.87710825588636,0.6997075528086198,783.8872880886129,0.0,218.36918543117875,4.8722930452121156e-15,0.4095179651290585,0.4095179651290585,0.08359729870226129,0.9701377737817976,34.0,c_kam,28.0,0.0,0.7777777777777778,0.0,edge,5007,8.0,200.0,178114.0,27485.0,23798.0,189772.02177391155,28.0,90.0,0.0,41.54176631097896,204.8362883660011,256.0,
48.0,48.0,0.0,0.0,d_kam_N_256,0.9693698061635058,"N=256, U0=32",110.57856156071438,8.391946755201047,,S1,32,256,730.5856024786012,2.0,128.74903978870938,2278.0980048051215,9.230435934365554,11.72383831278039,0.6173710019382768,0.5482852106215765,246.2779863164178,-2.7216524910030473,0.4391755897543402,0.4391755897543402,21.653966409707408,0.7816658037298054,802.5441254150242,1.0,223.56582379795253,3.2543917216812535,0.4332692838484399,0.4332692838484399,0.08251487530618672,0.9693698061635058,30.0,d_kam,18.0,22.614010123308844,0.037122969837587005,0.0,edge,5007,0.0,200.0,51960.0,25220.0,25220.0,49255.59726328356,18.0,1293.0,191.0,30.11771571411701,64.79030711698579,256.0,
64.0,64.0,0.0,0.0,c_kam_N_256,0.9823353287045287,"N=256, U0=32",95.94076379327271,8.207494389258052,,S1,32,256,474.41833916578184,2.0,45.76123728209618,2361.640608435026,3.019806626980426e-14,10.176344945992735,0.6003886705797248,0.5282366249899529,874.5537499521743,3.019806626980426e-14,0.40769571861504134,0.40769571861504134,19.36643249568597,0.7452165136841216,645.4303873609209,0.0,179.7343691963726,3.019806626980426e-14,0.39650501925169346,0.39650501925169346,0.10272387105550607,0.9823353287045287,32.0,c_kam,30.0,2.2737367544323206e-13,0.7111111111111111,0.0,edge,5008,2.0,200.0,153208.0,27346.0,23700.0,174910.74999043485,30.0,90.0,0.0,38.53165134426841,184.6838799190009,256.0,
49.0,49.0,0.0,0.0,d_kam_N_256,0.9756079023232898,"N=256, U0=32",105.06199900139897,8.318793676983303,,S1,32,256,655.0961676553342,2.0,89.36749420145,2512.715459919475,9.214678135004107,11.13407464284599,0.5821058453886316,0.5066527341393566,245.52899083093507,-5.29442794448026,0.4504306018137948,0.4504306018137948,22.28846463465631,0.8011738752766148,755.8495143159598,1.0,210.53005803650328,1.9601250952619231,0.4472320649246457,0.4472320649246457,0.09103744584435475,0.9756079023232898,30.0,d_kam,19.0,12.340266715954138,0.04198800342759212,0.0,edge,5008,0.0,200.0,46448.0,25285.0,25285.0,49105.798166187014,19.0,1167.0,163.0,30.319766408604405,59.592438808991574,256.0,
63.0,63.0,0.0,0.0,c_kam_N_256,0.9625516972341089,"N=256, U0=32",123.33785983651885,8.481177970846234,,S1,32,256,964.9932358206307,2.0,168.16641572054513,2658.7226456494964,2.5263741715914672e-14,13.065991306719566,0.5801147725744135,0.5043021620670158,937.0268118247623,-3.609105959416382e-15,0.44526033694210676,0.44526033694210676,23.566898620579373,0.7474152332791445,944.766388121254,0.0,263.27605905435087,1.0827317878249145e-14,0.4259385882978113,0.4259385882978113,0.07239041134626639,0.9625516972341089,33.0,c_kam,27.0,0.0,0.7,0.0,edge,5009,3.0,200.0,150817.0,29467.0,23695.0,187405.36236495245,27.0,90.0,0.0,38.334969172412215,196.16334493202157,256.0,
36.0,36.0,0.0,0.0,d_kam_N_256,0.9589751525336362,"N=256, U0=32",128.26745344316097,8.509623019683216,,S1,32,256,1057.1560626686733,2.0,203.8798477136018,2725.576537481274,17.033529905844134,13.583598635416983,0.5868216772073547,0.5122200355920158,324.69857335905544,-12.348559248140937,0.4793175630756709,0.4793175630756709,25.880228757111716,0.7967247618811129,1026.8971403707174,1.0,286.1760971901771,2.3424853288515997,0.4584737557741824,0.4584737557741824,0.06940368121838325,0.9589751525336362,30.0,d_kam,6.0,14.310865026921022,0.030277544154751892,0.0,edge,5009,0.0,200.0,43768.0,25102.0,25102.0,64939.71467181109,6.0,1189.0,216.0,20.635975025974293,78.31253404699964,256.0,
63.0,63.0,0.0,0.0,c_kam_N_256,0.9712857929628065,"N=256, U0=32",106.81644603316738,8.370117089697091,,S1,32,256,698.5166671762046,3.0,97.03511967706812,2219.8699055300267,3.609105959416382e-14,11.324487252462113,0.5936964025197594,0.5203360307524936,1088.6763214087114,7.218211918832763e-15,0.4264044339644705,0.4264044339644705,21.227859959652402,0.7283635688017809,737.5071621670027,0.0,205.43489723034102,2.165463575649829e-14,0.4089154903246148,0.4089154903246148,0.08488437056083996,0.9712857929628065,31.0,c_kam,30.0,2.2737367544323206e-13,0.7,0.0,edge,5010,2.0,200.0,153797.0,28068.0,23710.0,217735.26428174227,30.0,90.0,0.0,39.11845473104986,230.4309281349997,256.0,
44.0,44.0,0.0,0.0,d_kam_N_256,0.9700482766496232,"N=256, U0=32",108.6958969524451,8.385825428231623,,S1,32,256,728.621129735152,2.0,105.73943729150149,2239.9967267951733,12.331925980718086,11.521829598986276,0.6053527981114358,0.5340970533260005,300.90183389547747,-1.5660097007656644,0.4509281855182394,0.4509281855182394,22.472796740193516,0.7850499202602108,767.0761887221327,1.0,213.66397672050806,5.382958139976211,0.44007710102056224,0.44007710102056224,0.08323499501471385,0.9700482766496232,30.0,d_kam,14.0,20.58351405377708,0.03691275167785235,0.0,edge,5010,0.0,200.0,47870.0,25175.0,25175.0,60180.36677909549,14.0,1192.0,204.0,25.441976490632747,77.14872904401273,256.0,
77.0,77.0,0.0,0.0,c_kam_N_512,0.8619587603098657,"N=512, U0=64",237.63106356019875,8.814558348633213,,S1,64,512,5294.608398819929,2.0,2490.6486530310394,6746.11794126655,2.3623239007089043e-13,25.076049920832528,0.7800661284989613,0.7403558461446071,6282.527706260153,8.268133652481166e-14,0.8570364889412986,0.8570364889412986,53.08168839566441,0.6940457185838637,3850.702016986002,0.0,1074.2346778542073,1.5945686329785106e-13,0.827414487149479,0.827414487149479,0.03622624939260573,0.8619587603098657,64.0,c_kam,11.0,9.094947017729282e-13,0.8555555555555555,0.0,edge,5001,2.0,200.0,1038805.0,60126.0,48156.0,1256505.5412520305,11.0,90.0,0.0,40.46718720040296,1280.029684557987,512.0,
72.0,72.0,0.0,0.0,d_kam_N_512,0.8533052182426262,"N=512, U0=64",245.89089701697762,8.825753140217499,,S1,64,512,5626.51730235917,2.0,2813.5728270157924,7007.724471918436,25.365798052801292,25.94333243379431,0.7385587031335404,0.6913540245326518,816.3756116587319,-13.848984982794548,0.8897428485397796,0.8897428485397796,59.10692136576169,0.7315626621726175,4206.493611704037,1.0,1173.5293191203516,5.758406535003372,0.8671332206928021,0.8671332206928021,0.03505079627625549,0.8533052182426262,62.0,d_kam,10.0,32.41512650649712,0.020385050962627407,0.0,edge,5001,0.0,200.0,127882.0,51101.0,51101.0,163275.1223317464,10.0,3532.0,72.0,38.96368737330363,187.52790162799647,512.0,
83.0,83.0,0.0,0.0,c_kam_N_512,0.8631304345559745,"N=512, U0=64",236.26468081826857,8.815305798892288,,S1,64,512,5264.244565425054,4.0,2117.272432723355,6761.630460668145,1.5340874487736138e-13,24.93860688974707,0.8234240126547983,0.7915422371619146,6428.660371484584,-3.2873302473720296e-14,0.8745929947768696,0.8745929947768696,54.34911792369698,0.6719660715419346,3887.588211270806,0.0,1084.524062276138,6.026772120182055e-14,0.8287416387805819,0.8287416387805819,0.03611368227732656,0.8631304345559745,63.0,c_kam,17.0,8.640199666842779e-13,0.9222222222222223,0.0,edge,5002,3.0,200.0,1067097.0,58525.0,48215.0,1285732.0742969168,17.0,90.0,0.0,45.27752998304774,1308.2004810670041,512.0,
64.0,64.0,0.0,0.0,d_kam_N_512,0.8542413276291558,"N=512, U0=64",245.36569908655179,8.827736722854045,,S1,64,512,5606.13527486933,2.0,2401.115636381625,7033.985867976996,28.896778350088745,25.894213807916813,0.6840849411485302,0.6270447221892372,1021.3335055249627,-14.749848300746443,0.9141684429311421,0.9141684429311421,61.423767949380654,0.7402657434575514,4274.552835287163,1.0,1192.5256019445542,7.073465024671151,0.86612978057151,0.86612978057151,0.034808435261342204,0.8542413276291558,62.0,d_kam,2.0,42.37708207145858,0.017967434025828188,0.0,edge,5002,0.0,200.0,139632.0,51037.0,51037.0,204266.70110499253,2.0,3562.0,78.0,32.85239291760316,229.14108572597615,512.0,
79.0,79.0,0.0,0.0,c_kam_N_512,0.8730106019583596,"N=512, U0=64",228.75445306738789,8.804933506765252,,S1,64,512,4165.016989208119,3.0,2206.1629636371185,5655.639943202499,2.993273702037485e-13,24.14264714577098,0.8079600694548295,0.7732861931063959,7432.291464917362,-1.4966368510187426e-13,0.8604807517038854,0.8604807517038854,51.76073310947756,0.6840927556379742,3616.0362892569206,0.0,1008.732875482799,7.483184255093713e-14,0.8233291674088838,0.8233291674088838,0.03749751552648819,0.8730106019583596,64.0,c_kam,12.0,9.094947017729282e-13,0.8777777777777778,0.0,edge,5003,3.0,200.0,1042846.0,59949.0,48173.0,1486458.2929834723,12.0,90.0,0.0,43.37031603392961,1511.3307104500127,512.0,
72.0,72.0,0.0,0.0,d_kam_N_512,0.864172552136892,"N=512, U0=64",237.67602546309882,8.817719929451481,,S1,64,512,4454.888649563662,2.0,2524.450031728207,5889.164023861351,27.836128197500717,25.07941224732063,0.7634529594214601,0.7207430770947794,872.9803521197755,-18.588028121591506,0.8861103388543045,0.8861103388543045,58.014236237668825,0.7232543634214236,4004.259686939331,1.0,1117.0817738243838,4.624050037954605,0.8676320163677176,0.8676320163677176,0.03615494114443392,0.864172552136892,62.0,d_kam,10.0,23.201955407909885,0.020905923344947737,0.0,edge,5003,0.0,200.0,120743.0,51097.0,51097.0,174596.0704239551,10.0,3444.0,72.0,38.580170097066066,199.94610995298717,512.0,
88.0,88.0,0.0,0.0,c_kam_N_512,0.8587082278963077,"N=512, U0=64",242.91748239885322,8.821588748478057,,S1,64,512,5262.993347977476,3.0,2140.7682090992585,6654.22094118352,1.8603300718082624e-13,25.629231794617272,0.8507072821136874,0.8237516524953256,7858.490796551923,8.268133652481166e-14,0.8763083963550653,0.8763083963550653,55.48680437988209,0.6676858993926191,4048.000416841138,0.0,1129.29377313899,1.3435717185281895e-13,0.8448715302077242,0.8448715302077242,0.03565183569992297,0.8587082278963077,64.0,c_kam,21.0,9.094947017729282e-13,0.9777777777777777,0.0,edge,5004,3.0,200.0,1054979.0,59669.0,48197.0,1571698.1593103847,21.0,90.0,0.0,48.764954940191316,1594.0613826150075,512.0,
64.0,64.0,0.0,0.0,d_kam_N_512,0.8534087788995568,"N=512, U0=64",248.18817038857443,8.828444606735331,,S1,64,512,5460.39312860573,2.0,2304.613556369155,6814.539058469697,28.884655922528744,26.182654033537993,0.7543290534246296,0.7099717991818544,1601.0337596168392,-14.575874697212747,0.8885548961751836,0.8885548961751836,58.73074794616019,0.7155011041405411,4239.494577137168,1.0,1182.7424684254358,7.154390612657998,0.8653609422891693,0.8653609422891693,0.03493197058290891,0.8534087788995568,62.0,d_kam,2.0,34.33763221753578,0.018161180476730987,0.0,edge,5004,0.0,200.0,147469.0,51025.0,51025.0,320206.75192336785,2.0,3524.0,104.0,32.69006670311911,354.24341674899915,512.0,
79.0,79.0,0.0,0.0,c_kam_N_512,0.8730674156020257,"N=512, U0=64",227.73761223650794,8.80351677442653,,S1,64,512,4701.750982073505,4.0,1715.1403058597455,6368.7951040988555,2.1873923207197009e-13,24.036154092579956,0.795103535799423,0.7581083408743189,7349.435989960039,8.058813813177845e-14,0.8720077996895769,0.8720077996895769,53.8485102559548,0.6728785701394494,3643.517010452407,0.0,1016.4051358360032,1.4966368510187426e-13,0.8447246567837575,0.8447246567837575,0.0375737008816333,0.8730674156020257,62.0,c_kam,15.0,9.094947017729282e-13,0.8777777777777778,0.0,edge,5005,2.0,200.0,1044472.0,59497.0,48203.0,1469887.1979920077,15.0,90.0,0.0,42.09766896787746,1500.5204486300354,512.0,
65.0,65.0,0.0,0.0,d_kam_N_512,0.8651140601281598,"N=512, U0=64",235.8424069196082,8.81543529390685,,S1,64,512,4996.353798894634,2.0,1937.2344751085568,6607.670155914011,39.53793481459794,24.887157534305484,0.8003027346394361,0.7642462839493344,1542.6050337133347,-14.546857762750195,0.8953895502143243,0.8953895502143243,58.971999442116484,0.7014511441426978,3948.565223835323,1.0,1101.5337667819067,12.495538525923873,0.8714640280491941,0.8714640280491941,0.03632225633619989,0.8651140601281598,62.0,d_kam,3.0,38.22277166367109,0.01845542305508234,0.0,edge,5005,0.0,200.0,153142.0,51047.0,51047.0,308521.00674266694,3.0,3522.0,130.0,33.00201162092331,340.3913428169908,512.0,
78.0,78.0,0.0,0.0,c_kam_N_512,0.841778175781024,"N=512, U0=64",261.2094578012614,8.844588218123922,,S1,64,512,5404.875149637716,5.0,2603.5176674948843,6522.275635033049,2.1571348695896374e-13,27.551108139972204,0.7805088978761329,0.7408785599926568,7293.228454104683,-4.081065969493909e-14,0.9407433510930382,0.9407433510930382,62.189091838500666,0.6726010717610086,4609.108749446963,0.0,1285.9002825000962,8.745141363201234e-14,0.8830211661290255,0.8830211661290255,0.03279072932590951,0.841778175781024,62.0,c_kam,13.0,9.094947017729282e-13,0.8666666666666667,0.0,edge,5006,3.0,200.0,1057157.0,58383.0,48205.0,1458645.6908209366,13.0,90.0,0.0,43.823640165686825,1489.7788790269988,512.0,
70.0,70.0,0.0,0.0,d_kam_N_512,0.8290793459041543,"N=512, U0=64",274.64036260127926,8.859114944325079,,S1,64,512,5838.668593555907,2.0,3038.428720950947,6927.482411757494,38.21832435808533,28.961353143974087,0.7573366738079481,0.7135224621343832,813.9738461587694,-15.503614173267904,0.9663339654595005,0.9663339654595005,70.11274962585198,0.7206762051742995,5225.862015622511,1.0,1458.0295107259747,11.357355092408715,0.9303126828290599,0.9303126828290599,0.031265423074787975,0.8290793459041543,62.0,d_kam,8.0,55.45799904767627,0.02029573789504204,0.0,edge,5006,0.0,200.0,122254.0,51081.0,51081.0,162794.7692317539,8.0,3449.0,80.0,38.2650953821031,190.05225985404104,512.0,
80.0,80.0,0.0,0.0,c_kam_N_512,0.8631243645772047,"N=512, U0=64",239.44307348931935,8.820508964874797,,S1,64,512,4435.04908505676,3.0,2163.8617868557067,5791.8787487277195,2.3305801732931284e-13,25.269504936586994,0.7637257647413742,0.7210651389307892,8000.036199608003,9.663381206337362e-14,0.9155345226121745,0.9155345226121745,57.83117135478895,0.6770319716314575,4082.6106415035238,0.0,1138.9550095197776,1.6484591469634324e-13,0.8767495955087334,0.8767495955087334,0.0354272575582189,0.8631243645772047,65.0,c_kam,11.0,9.094947017729282e-13,0.8888888888888888,0.0,edge,5007,4.0,200.0,1049898.0,60395.0,48180.0,1600007.2399216006,11.0,90.0,0.0,42.11724664073464,1622.7110111219808,512.0,
67.0,67.0,0.0,0.0,d_kam_N_512,0.8592014643201752,"N=512, U0=64",242.60894661395554,8.825212035098357,,S1,64,512,4562.1590352094245,2.0,2290.8132393010146,5834.088156035907,28.536166272102655,25.60192161467379,0.7976728396349644,0.7611415467912773,1226.8736440050998,-10.721661308053884,0.9302259218122935,0.9302259218122935,61.89111132910975,0.7013400814448998,4232.876365364433,1.0,1180.8802151861523,8.907252482024385,0.9028554171788505,0.9028554171788505,0.03493343518474498,0.8592014643201752,62.0,d_kam,5.0,36.698978843027994,0.018191691555796904,0.0,edge,5007,0.0,200.0,148245.0,51049.0,51049.0,245374.72880101996,5.0,3683.0,92.0,35.62301522599828,272.3475198899978,512.0,
78.0,78.0,0.0,0.0,c_kam_N_512,0.8657083925488561,"N=512, U0=64",235.57277960215202,8.81135950848531,,S1,64,512,5045.559963643556,3.0,1896.7187916621006,6501.07127142537,3.672959372544518e-13,24.853326770658803,0.7977138867244556,0.7611900051608157,7510.768086484459,-8.745141363201234e-14,0.8829180084341914,0.8829180084341914,54.368874291832505,0.6799349674911963,3834.0706081908966,0.0,1069.5862513588793,1.3992226181121974e-13,0.8413111229435466,0.8413111229435466,0.03692760404309775,0.8657083925488561,63.0,c_kam,13.0,9.094947017729282e-13,0.8666666666666667,0.0,edge,5008,2.0,200.0,1034673.0,58783.0,48175.0,1502153.6172968918,13.0,90.0,0.0,42.426462804742165,1531.3134132979903,512.0,
68.0,68.0,0.0,0.0,d_kam_N_512,0.8544614542398054,"N=512, U0=64",246.18308870821502,8.8259714357141,,S1,64,512,5468.126218696829,2.0,2227.8015268525796,6833.447644539092,36.26846081920692,25.967409226795418,0.7458357452681341,0.6999449770526585,1569.1225336727803,-25.719100439272406,0.9042260217228107,0.9042260217228107,62.34291457542001,0.7272416451316874,4258.664274613586,1.0,1188.0868902154084,5.274680189967258,0.8853386859769218,0.8853386859769218,0.035393351684074724,0.8544614542398054,62.0,d_kam,6.0,27.777913996321146,0.019796215429403203,0.0,edge,5008,0.0,200.0,142277.0,51069.0,51069.0,313824.50673455605,6.0,3435.0,88.0,35.77030028167037,344.6246431909967,512.0,
82.0,82.0,0.0,0.0,c_kam_N_512,0.865132661424636,"N=512, U0=64",230.18063205561828,8.805487152347391,,S1,64,512,5138.399663130922,2.0,1490.7559811615808,6398.29344317143,1.4418818442741545e-13,24.296316793386413,0.7786295175424871,0.7386598470987695,6769.9640525417635,-2.2182797604217763e-14,0.8481787668455807,0.8481787668455807,52.452377503024316,0.6870887920518867,3554.0821319150227,0.0,991.44799810186,6.100269341159885e-14,0.8177131411690916,0.8177131411690916,0.037334105722441266,0.865132661424636,65.0,c_kam,14.0,4.547473508864641e-13,0.9111111111111111,0.0,edge,5009,3.0,200.0,1054102.0,58820.0,48184.0,1353992.8105083527,14.0,90.0,0.0,43.42360757187995,1381.3509639379918,512.0,
69.0,69.0,0.0,0.0,d_kam_N_512,0.8620181260060813,"N=512, U0=64",233.8867490461959,8.81071442175239,,S1,64,512,5257.062401749206,2.0,1561.1982344700677,6516.209414931716,25.639456257560706,24.685459077397066,0.7631734787928734,0.7204131346860311,1003.279549733852,-16.079327211719384,0.8605638054047198,0.8605638054047198,56.26520524612237,0.7011448225426176,3710.939850756705,1.0,1035.2247631494577,4.780064522920661,0.8381836156629645,0.8381836156629645,0.036785242434916404,0.8620181260060813,62.0,d_kam,7.0,23.556802161470173,0.019087136929460582,0.0,edge,5009,0.0,200.0,163878.0,51061.0,51061.0,200655.9099467704,7.0,3615.0,84.0,37.17939050065344,224.82729736500187,512.0,
80.0,80.0,0.0,0.0,c_kam_N_512,0.8542018122962004,"N=512, U0=64",248.32986803877114,8.82659661170607,,S1,64,512,4541.38865308749,4.0,2857.545217798849,5696.3720458055595,2.1032064978498967e-13,26.193293226161973,0.8665793975224669,0.842489566519579,7462.077471560042,-3.979039320256561e-14,0.8903778022909056,0.8903778022909056,56.76038797149599,0.6751202636885628,4137.685093434029,0.0,1154.3175956266266,8.526512829121202e-14,0.8556519099136395,0.8556519099136395,0.03535514558803812,0.8542018122962004,62.0,c_kam,16.0,9.094947017729282e-13,0.8888888888888888,0.0,edge,5010,2.0,200.0,1035725.0,57722.0,48189.0,1492415.4943120084,16.0,90.0,0.0,45.66409951814387,1516.2162645380013,512.0,
65.0,65.0,0.0,0.0,d_kam_N_512,0.8447230489989653,"N=512, U0=64",257.9643238587735,8.838162582255519,,S1,64,512,4836.637508792213,2.0,3241.243967189363,5945.827464131943,46.32111404853917,27.20491108726222,0.7476471988449798,0.7020834986364345,815.5536569707328,-32.869765988713574,0.9297332027626996,0.9297332027626996,62.78375650424845,0.7320265680619933,4606.77946502808,1.0,1285.2425930723268,6.7256740299128,0.9018443190493514,0.9018443190493514,0.034140718680345794,0.8447230489989653,62.0,d_kam,3.0,31.47656332822898,0.0199203187250996,0.0,edge,5010,0.0,200.0,125527.0,51037.0,51037.0,163110.73139414657,3.0,3263.0,130.0,34.288420307518635,186.83735905203503,512.0,
90.0,90.0,0.0,0.0,c_kam_N_1024,0.6628569103765818,"N=1024, U0=128",384.0639157027715,8.950744257076446,,S1,128,1024,15851.622366946405,38.0,15545.992622958742,15851.622366946405,1.4551915228366853e-12,40.456381545713015,0.9757191268366878,0.9713350802933121,552315.8686708849,1.2126596023639043e-13,1.7066722989092196,1.7066722989092196,133.0166370217628,0.5985565090177642,14953.691032703362,0.0,4173.009613905702,7.882287415365378e-13,1.5972279487063035,1.5972279487063035,0.02121698485850928,0.6628569103765818,90.0,c_kam,0.0,3.637978807091713e-12,1.0,0.0,edge,5001,0.0,200.0,7423517.0,161504.0,99585.0,110463173.734177,0.0,90.0,0.0,45.0,110573.56365241797,1024.0,
90.0,90.0,0.0,0.0,d_kam_N_1024,0.6536310176779168,"N=1024, U0=128",390.67206495315924,8.95426882562576,,S1,128,1024,16285.400698931651,38.0,16702.251912995624,16285.400698931651,84.3399928067359,41.150237217003735,0.9312613686798489,0.9188502269137103,26898.59031035943,-62.20938159849526,1.7278206412924226,1.7278206412924226,147.28162278248763,0.618003324786931,15899.515091740108,1.0,4437.00019702244,11.065305604120324,1.6305960845222933,1.6305960845222933,0.020846905160831205,0.6536310176779168,90.0,d_kam,0.0,62.43086668631612,0.00786919646760514,0.0,edge,5001,0.0,200.0,366994.0,105271.0,105271.0,5379718.06207189,0.0,11437.0,0.0,45.0,5498.665738486045,1024.0,
90.0,90.0,0.0,0.0,c_kam_N_1024,0.664642607358357,"N=1024, U0=128",377.46912283405555,8.94430780602819,,S1,128,1024,16070.039700192863,38.0,20422.18750271503,16070.039700192863,1.1116046355002457e-12,39.76059313206652,0.9719679426963082,0.9669065990164748,604817.8416054995,-3.0316490059097606e-13,1.7339760101590593,1.7339760101590593,132.1390960954439,0.6001718520476835,14300.926883483604,0.0,3990.8054451977823,4.0421986745463475e-13,1.5934745471424918,1.5934745471424918,0.022166591605362152,0.664642607358357,90.0,c_kam,0.0,3.637978807091713e-12,1.0,0.0,edge,5002,0.0,200.0,7451449.0,164794.0,99585.0,120963568.32109997,0.0,90.0,0.0,45.0,121095.516946338,1024.0,
90.0,90.0,0.0,0.0,d_kam_N_1024,0.6544563764108013,"N=1024, U0=128",384.8583019489174,8.948367634448612,,S1,128,1024,16558.155183299183,38.0,22056.473132660747,16558.155183299183,62.812084011799584,40.53645693912702,0.9070632860764886,0.8902830460625211,22314.602471557446,-15.54166014202003,1.7631363454252351,1.7631363454252351,143.21279564970706,0.6365006503413313,15415.910526910562,1.0,4302.00771922688,23.635211934889774,1.6407705996225834,1.6407705996225834,0.021740309621218038,0.6544563764108013,90.0,d_kam,0.0,126.35708984139,0.00782608695652174,0.0,edge,5002,0.0,200.0,309170.0,105255.0,105255.0,4462920.494311488,0.0,11500.0,0.0,45.0,4576.631821757997,1024.0,
90.0,90.0,0.0,0.0,c_kam_N_1024,0.6651986186913783,"N=1024, U0=128",375.93672917051197,8.94652026490646,,S1,128,1024,15972.29626997012,38.0,11724.279979164017,15992.64735973964,1.081288145441148e-12,39.60037964211624,0.9739915764449806,0.9692956110808799,590689.8351417738,-2.32426423786415e-13,1.7046411149058776,1.7046411149058776,130.95059922445523,0.6000181501829916,14357.650064196107,0.0,4006.645669494298,4.244308608273665e-13,1.6012790660918865,1.6012790660918865,0.02145125165978075,0.6651986186913783,90.0,c_kam,0.0,3.637978807091713e-12,1.0,0.0,edge,5003,0.0,200.0,7455794.0,163770.0,99585.0,118137967.02835473,0.0,90.0,0.0,45.0,118252.80893051496,1024.0,
90.0,90.0,0.0,0.0,d_kam_N_1024,0.6605173947024416,"N=1024, U0=128",380.5266859390211,8.949125509635234,,S1,128,1024,16195.622398927948,38.0,12100.594012687396,16216.534414797854,71.01470976275951,40.08232510280971,0.956703139613751,0.9488856509329004,33676.03006396443,-40.446033965848464,1.708101343941874,1.708101343941874,138.69114802583283,0.5997413331120124,14898.718173282197,1.0,4157.668265769806,15.284337898455517,1.6206675689115384,1.6206675689115384,0.021177700963259504,0.6605173947024416,90.0,d_kam,0.0,73.98004842160195,0.0077035008131473084,0.0,edge,5003,0.0,200.0,438914.0,105319.0,105319.0,6735206.012792884,0.0,11683.0,0.0,45.0,6850.727703256998,1024.0,
10.0,10.0,0.0,0.0,c_kam_N_32,0.9996510320694451,"N=32, U0=4",0.2625950144885271,0.26978117968947574,,S1,4,32,0.672708997694762,4.0,1.1181788965645572,2.160520020168482,1.3322676295501878e-16,0.02224485575665014,0.6959754249647783,0.5186277561942324,14.16613882931415,1.3322676295501878e-16,0.1365594624370679,0.1365594624370679,1.0914940069612808,0.6557882984958325,1.2524395147000513,0.0,0.016858898259669953,1.3322676295501878e-16,0.13953630326052202,0.13953630326052202,0.977016434396311,0.9996510320694451,5.0,c_kam,0.0,3.441691376337983e-16,0.1111111111111111,0.0,enterprise,5001,5.0,200.0,8016.0,3200.0,3200.0,2833.22776586283,0.0,90.0,0.0,5.0,3.1252181439776905,32.0,
2.0,2.0,0.0,0.0,d_kam_N_32,1.0000000000000002,"N=32, U0=4",0.2540707095742415,0.2512771961721833,,S1,4,32,0.0,2.0,1.1755724286790716,2.266509224755965,0.1435330032874429,0.02164815441265014,0.7202551269311337,0.557070617640962,8.613535250769928,-0.1435330032874429,0.1486113018152745,0.1486113018152745,1.068973700641813,0.7307253179118206,1.35479948960252,1.0,0.018885400169422674,0.0,0.10451067320367058,0.10451067320367058,0.9783117132425215,1.0000000000000002,2.0,d_kam,0.0,0.0,0.0037105751391465678,0.0,enterprise,5001,0.0,200.0,5099.0,3136.0,3136.0,1722.7070501539856,0.0,539.0,523.0,1.0,2.022767507005483,32.0,
3.0,3.0,0.0,0.0,c_kam_N_32,1.0000000000000002,"N=32, U0=4",0.006518687991444456,0.007324331370691796,,S1,4,32,0.0,3.0,1.228501680406751,0.2628064464120115,7.401486830834377e-17,0.0004563081594011119,0.6126586204346167,0.3867094823548098,9.536821595102083,7.401486830834377e-17,0.1078038762599048,0.1078038762599048,0.9336622014005893,0.7294680011164469,1.181985028822923,0.0,2.7728632065508435e-05,7.401486830834377e-17,0.08226412033840054,0.08226412033840054,0.9994872968040515,1.0000000000000002,2.0,c_kam,0.0,1.9984014443252816e-16,0.03333333333333333,0.0,enterprise,5002,1.0,200.0,5833.0,3139.0,3139.0,1907.3643190204166,0.0,90.0,0.0,1.5,2.2095651290146634,32.0,
1.0,1.0,0.0,0.0,d_kam_N_32,0.9999999999999999,"N=32, U0=4",0.21280222530948664,0.22323345055695532,,S1,4,32,0.0,3.0,1.241742733790184,2.1247105888011792,0.16593423767574733,0.014896155771664065,0.6413353015099679,0.4321142273907824,11.001913114450872,-0.16593423767574733,0.13132067137286263,0.13132067137286263,1.0171503251886942,0.6928113823561217,1.2042792127453075,1.0,0.005199251013414012,0.0,0.11633564046939403,0.11633564046939403,0.9843736584610131,0.9999999999999999,1.0,d_kam,0.0,0.0,0.0014792899408284023,0.0,enterprise,5002,0.0,200.0,6879.0,3181.0,3181.0,2200.3826228901744,0.0,676.0,667.0,0.5,2.504898724029772,32.0,
12.0,12.0,0.0,0.0,c_kam_N_32,1.0000000000000002,"N=32, U0=4",0.17751038748139053,0.18720099679034538,,S1,4,32,0.0,3.0,0.963378977426578,1.8774589806731612,5.551115123125783e-17,0.012531206713844027,0.6245927829593542,0.4056052396856441,9.049526545277331,1.850371707708594e-17,0.11016580853509739,0.11016580853509739,0.9822831556212868,0.71456440337566,1.1969842034169653,0.0,0.004178332852797334,3.700743415417188e-17,0.09293598296182377,0.09293598296182377,0.9867765052014478,1.0000000000000002,6.0,c_kam,1.0,1.9984014443252786e-16,0.13333333333333333,0.0,enterprise,5003,5.0,200.0,5506.0,3128.0,3128.0,1809.9053090554662,1.0,90.0,0.0,6.290525058167625,2.104602262028493,32.0,
3.0,3.0,0.0,0.0,d_kam_N_32,0.9999999999999998,"N=32, U0=4",0.5672774570671846,0.568642784527111,,S1,4,32,0.0,2.0,1.2236689657480926,2.945295212927191,0.04277734593378435,0.03981490158484961,0.7412146508331808,0.5902565304858697,11.002613669843413,-0.01386246821480297,0.19230806257704758,0.19230806257704758,1.1016036042799453,0.6985690072970963,1.3764534192039548,1.0,0.017752616051315204,0.01445743885949069,0.1708748474190806,0.1708748474190806,0.9600755800598741,0.9999999999999998,2.0,d_kam,1.0,0.03903508492062486,0.004777070063694267,0.0,enterprise,5003,0.0,200.0,6490.0,3186.0,3186.0,2200.5227339686826,1.0,628.0,603.0,1.6755723063724615,2.4904442360275425,32.0,
12.0,12.0,0.0,0.0,c_kam_N_32,0.9999999999999999,"N=32, U0=4",0.4004055651827456,0.33911583893324565,,S1,4,32,0.0,4.0,1.1184655619255337,5.585520752066216,7.401486830834377e-17,0.031009348312500403,0.6154270161709057,0.3910927756039341,10.864103344501927,0.0,0.13562735041817547,0.13562735041817547,1.0363150722703651,0.7046463614297812,1.299017147377391,0.0,0.02977138111950909,3.700743415417188e-17,0.1122591128142874,0.1122591128142874,0.9729828535436751,0.9999999999999999,5.0,c_kam,2.0,2.220446049250313e-16,0.13333333333333333,0.0,enterprise,5004,5.0,200.0,6221.0,3151.0,3151.0,2172.8206689003855,2.0,90.0,0.0,6.36528333437581,2.5624975109822117,32.0,
2.0,2.0,0.0,0.0,d_kam_N_32,1.0,"N=32, U0=4",0.4453671258949767,0.38276518400989257,,S1,4,32,0.0,2.0,1.1567722369465137,5.585520752066216,0.42237172482296226,0.03415665756235659,0.5969968001927524,0.3619116003051914,9.877691708970815,-0.42237172482296226,0.14205322746843513,0.14205322746843513,1.0365075734200198,0.7912804825925258,1.3838634387698783,1.0,0.032948836398136123,0.0,0.13739609698399016,0.13739609698399016,0.9699273993883097,1.0,2.0,d_kam,0.0,0.0,0.004415011037527594,0.0,enterprise,5004,0.0,200.0,4579.0,3122.0,3122.0,1975.538341794163,0.0,453.0,436.0,1.0,2.33357223297935,32.0,
11.0,11.0,0.0,0.0,c_kam_N_32,1.0,"N=32, U0=4",1.3819997703568014,0.7671609939508801,,S1,4,32,0.0,2.0,1.209669987562334,13.364971393000394,7.266914343001025e-16,0.11571028133970537,0.5593478876850285,0.3023008221679618,8.898764876066707,6.863196879500968e-16,0.18013870614685693,0.18013870614685693,1.4211285574833723,0.7627462138841969,2.7516158379426012,0.0,0.4168882337219948,7.065055611250996e-16,0.18462960833254283,0.18462960833254283,0.9307669192786612,1.0,6.0,c_kam,1.0,3.774758283725532e-15,0.12222222222222222,0.0,enterprise,5005,4.0,200.0,4444.0,3098.0,3098.0,1779.7529752133414,1.0,90.0,0.0,5.869572124478631,2.149227046989836,32.0,
5.0,5.0,0.0,0.0,d_kam_N_32,0.995431906549678,"N=32, U0=4",2.385752564642835,1.5833401370136204,,S1,4,32,8.35322822057304,2.0,24.823599406788762,13.364971393000394,1.257121866644392,0.1859729769397277,0.5239433428871512,0.24624362623798945,5.65236783149885,0.6138460300378956,0.4006951738089113,0.4006951738089113,2.2574950724052876,0.8998327528416584,4.3290470757212685,1.0,0.7651695873662681,0.9354839483411437,0.34859278093583596,0.34859278093583596,0.8736343792642693,0.995431906549678,2.0,d_kam,3.0,3.608811481177792,0.024390243902439025,0.0,enterprise,5005,0.0,200.0,2925.0,3103.0,3103.0,1130.47356629977,3.0,205.0,182.0,3.2347242565536645,1.4710549179580994,32.0,
4.0,4.0,0.0,0.0,c_kam_N_32,0.9999999999999998,"N=32, U0=4",0.05961841800753661,0.06571956429172113,,S1,4,32,0.0,2.0,1.231673082520977,1.5644617751992822,1.1102230246251565e-16,0.010130300290673577,0.6872677699348752,0.5048406357302191,12.139160568767693,1.1102230246251565e-16,0.1101065830983613,0.1101065830983613,0.9601610047203499,0.7272328952893439,1.2344517315220886,0.0,0.0020873074299772847,1.1102230246251565e-16,0.0911364516434401,0.0911364516434401,0.9892351755512547,0.9999999999999998,3.0,c_kam,0.0,3.7747582837255307e-16,0.044444444444444446,0.0,enterprise,5006,1.0,200.0,5366.0,3123.0,3123.0,2427.8321137535386,0.0,90.0,0.0,2.0,2.7705245059914887,32.0,
2.0,2.0,0.0,0.0,d_kam_N_32,1.0,"N=32, U0=4",0.1986307264871144,0.19576542884099238,,S1,4,32,0.0,2.0,1.2355683479009256,3.417016874786315,0.22843452598866154,0.01986116188424402,0.6223403208454736,0.4020388413386665,9.286501549941022,0.043984348876517476,0.11325565869027686,0.11325565869027686,0.993395666215236,0.8037220981578741,1.293076172951636,1.0,0.008045683553429795,0.1362094374325895,0.09652712155163413,0.09652712155163413,0.9801319650328059,1.0,2.0,d_kam,0.0,0.25879793112192007,0.00546448087431694,0.0,enterprise,5006,0.0,200.0,4058.0,3108.0,3108.0,1857.3003099882044,0.0,366.0,351.0,1.0,2.3132196009973995,32.0,
7.0,7.0,0.0,0.0,c_kam_N_32,1.0000000000000002,"N=32, U0=4",0.3743989609407909,0.3374440206771391,,S1,4,32,0.0,2.0,1.2052949478061636,4.702186039476162,1.9032394707859825e-16,0.030820189753809128,0.5970943383636156,0.3620660357423914,7.891209804511163,1.2688263138573217e-16,0.13115814533270423,0.13115814533270423,1.034923256813701,0.7682886645255693,1.3158244125148892,0.0,0.022180708993826345,1.5860328923216522e-16,0.09988778237659368,0.09988778237659368,0.9715723605263296,1.0000000000000002,3.0,c_kam,3.0,4.440892098500626e-16,0.07777777777777778,0.0,enterprise,5007,1.0,200.0,3760.0,3078.0,3078.0,1578.2419609022327,3.0,90.0,0.0,4.242542512353999,1.9627663330174983,32.0,
3.0,3.0,0.0,0.0,d_kam_N_32,1.0000000000000002,"N=32, U0=4",0.5246277031192886,0.48344055115416223,,S1,4,32,0.0,2.0,1.3884017459364233,4.702186039476162,0.19591519883343955,0.04133620170630398,0.5729498657608513,0.32383728745468104,7.36790795926936,-0.10473186766701785,0.14873009334619752,0.14873009334619752,1.098809329014527,0.8094530329767512,1.3806320670436742,1.0,0.029061216491642016,0.04559166558321085,0.1418976912658351,0.1418976912658351,0.9613526033929378,1.0000000000000002,2.0,d_kam,1.0,0.07229485060434793,0.008670520231213872,0.0,enterprise,5007,0.0,200.0,3666.0,3104.0,3104.0,1473.581591853872,1.0,346.0,321.0,1.7352029552677908,1.9637521260301583,32.0,
22.0,22.0,0.0,0.0,c_kam_N_32,0.9999999999999999,"N=32, U0=4",3.2940182658546258,1.4569922231630759,,S1,4,32,0.0,3.0,1.165742124269646,22.84643427944028,1.1102230246251565e-16,0.2708144755914645,0.5662823505558183,0.3132803883800457,7.683009252650663,-7.065055611250996e-17,0.20959644350649587,0.20959644350649587,1.7590151338217352,0.7705198416057769,5.321315501630128,0.0,1.120911258433239,2.0185873175002847e-17,0.22103611481038363,0.22103611481038363,0.8719942305522786,0.9999999999999999,7.0,c_kam,9.0,2.1094237467877958e-16,0.24444444444444444,0.0,enterprise,5008,6.0,200.0,4203.0,3092.0,3092.0,1536.6018505301327,9.0,90.0,0.0,13.292998393579754,1.8443600179743953,32.0,
3.0,3.0,0.0,0.0,d_kam_N_32,1.0,"N=32, U0=4",2.8855133167722324,1.1716361317901014,,S1,4,32,0.0,2.0,1.189840498039434,22.84643427944028,4.230897427393921,0.24221912915569696,0.5373028075630583,0.26739611197484237,5.060985504533164,-3.8645899047209027,0.18210003079601805,0.18210003079601805,1.677277451562241,0.8233179783595554,5.220289910843889,1.0,1.0938875632028506,0.1831537613365093,0.1593479586247101,0.1593479586247101,0.8919691569483871,1.0,2.0,d_kam,1.0,0.49451515560857506,0.010714285714285714,0.0,enterprise,5008,0.0,200.0,3073.0,3087.0,3087.0,1012.1971009066328,1.0,280.0,261.0,1.6785510885128534,1.4819755839998834,32.0,
5.0,5.0,0.0,0.0,c_kam_N_32,1.0000000000000004,"N=32, U0=4",0.3328094552841346,0.2767353998439788,,S1,4,32,0.0,2.0,1.1680536854438142,4.411646418786327,1.3322676295501878e-16,0.033686417422562405,0.5511018323904435,0.2892445679515355,9.94752911676187,-4.4408920985006264e-17,0.11594665799785969,0.11594665799785969,1.0453410817986137,0.7765206780957876,1.3151383422737117,0.0,0.03213585883893218,4.4408920985006264e-17,0.11665130037757923,0.11665130037757923,0.970724117407144,1.0000000000000004,3.0,c_kam,1.0,1.77635683940025e-16,0.05555555555555555,0.0,enterprise,5009,1.0,200.0,4107.0,3089.0,3089.0,1989.5058233523741,1.0,90.0,0.0,2.756879687847197,2.365891936002299,32.0,
3.0,3.0,0.0,0.0,d_kam_N_32,1.0000000000000002,"N=32, U0=4",0.39767984741765355,0.34496811458395255,,S1,4,32,0.0,2.0,1.1858807967808782,4.4042931631732145,0.06987752562009948,0.03822734487190873,0.5222819691936682,0.2436131178899746,6.099604446790181,0.06987752562009948,0.14247380072479046,0.14247380072479046,1.0673128435257768,0.8494746634595083,1.409122677972528,1.0,0.03624183039540785,0.06987752562009948,0.1435907204454345,0.1435907204454345,0.9659478273753459,1.0000000000000002,2.0,d_kam,1.0,0.08889698006339017,0.010676156583629894,0.0,enterprise,5009,0.0,200.0,3074.0,3087.0,3087.0,1219.9208893580362,1.0,281.0,261.0,2.01023472202809,1.59752520598704,32.0,
11.0,11.0,0.0,0.0,c_kam_N_32,1.0000000000000004,"N=32, U0=4",0.7927062687388357,0.563938328624839,,S1,4,32,0.0,2.0,1.3058126681412636,8.353475237915767,1.8167285857502563e-16,0.06957502172719844,0.6360999958068887,0.4238249933609072,7.191454895364586,6.055761952500853e-17,0.13816307226570537,0.13816307226570537,1.1518376509768797,0.7815662383420545,1.6327115033455681,0.0,0.09818633348821092,1.2111523905001707e-16,0.15940901787435288,0.15940901787435288,0.94808035916239,1.0000000000000004,4.0,c_kam,5.0,5.551115123125783e-16,0.12222222222222222,0.0,enterprise,5010,2.0,200.0,3562.0,3072.0,3072.0,1438.2909790729173,5.0,90.0,0.0,6.296676512859323,1.83508210798027,32.0,
4.0,4.0,0.0,0.0,d_kam_N_32,1.0000000000000002,"N=32, U0=4",0.8898972661923886,0.6438755978800333,,S1,4,32,0.0,2.0,1.2498672641461461,8.353475237915767,0.4528560082497131,0.07637839154894716,0.49654693135346,0.20286597464297834,7.445820504217409,-0.27648557614991526,0.20086725708624648,0.20086725708624648,1.1925063437403653,0.8445231568886272,1.6901528238460366,1.0,0.10404398597562112,0.08818521604989893,0.22349892531561594,0.22349892531561594,0.9424847503145264,1.0000000000000002,2.0,d_kam,2.0,0.2837140415017053,0.014234875444839857,0.0,enterprise,5010,0.0,200.0,3074.0,3095.0,3095.0,1489.1641008434817,2.0,281.0,258.0,2.318670605143729,1.8932617930113338,32.0,
6.0,6.0,0.0,0.0,c_kam_N_64,1.0,"N=64, U0=8",0.27273496040491035,0.24617201863340332,,S1,8,64,0.0,4.0,1.1293570613352102,7.1455105577802795,2.220446049250313e-16,0.023235983117303502,0.7198878930677148,0.5564891640238817,123.66888870979892,0.0,0.1386931811127588,0.1386931811127588,1.0444603581234058,0.6403881320794318,1.2458362352634966,0.0,0.015559268096492067,1.1102230246251565e-16,0.1208297783623528,0.1208297783623528,0.9783889241815923,1.0,5.0,c_kam,0.0,3.885780586188048e-16,0.06666666666666667,0.0,enterprise,5001,1.0,200.0,23477.0,7408.0,6194.0,24733.777741959784,0.0,90.0,0.0,3.0,25.76973206398543,64.0,
3.0,3.0,0.0,0.0,d_kam_N_64,0.9999999999999999,"N=64, U0=8",0.5909434241803494,0.5706429115932462,,S1,8,64,0.0,5.0,1.2144478922900643,7.1455105577802795,0.14943339745556009,0.04551057558158423,0.7015255403326794,0.5274154388600758,104.63678370782873,-0.14943339745556009,0.2395546670860867,0.2395546670860867,1.205614045890068,0.6411561437909513,1.3865333127629649,1.0,0.029754247580953557,0.0,0.20385214140491542,0.20385214140491542,0.9556759616744033,0.9999999999999999,3.0,d_kam,0.0,0.0,0.0024529844644317253,0.0,enterprise,5001,0.0,200.0,19925.0,6456.0,6456.0,20927.356741565745,0.0,1223.0,1171.0,1.5,21.936164235987235,64.0,
8.0,8.0,0.0,0.0,c_kam_N_64,0.9999999999999998,"N=64, U0=8",0.566487603482246,0.41644386883400974,,S1,8,64,0.0,4.0,1.1993188120686202,12.675657962443992,1.1102230246251565e-16,0.05014899936120885,0.6212248727199882,0.40027271513998136,80.8562155260006,-5.551115123125783e-17,0.16984664354052514,0.16984664354052514,1.162152477913372,0.7343907687334643,1.481643069239236,0.0,0.06353169524667511,2.7755575615628914e-17,0.1276288817848286,0.1276288817848286,0.9607051058071224,0.9999999999999998,6.0,c_kam,0.0,1.4432899320127023e-16,0.08888888888888889,0.0,enterprise,5002,2.0,200.0,16558.0,6611.0,6094.0,16171.24310520012,0.0,90.0,0.0,4.0,17.291138180997223,64.0,
5.0,5.0,0.0,0.0,d_kam_N_64,0.9999999999999998,"N=64, U0=8",0.6663570055869019,0.4862906855664638,,S1,8,64,0.0,3.0,1.2786055544584176,13.540655899854858,0.22281500438450222,0.05713985750853476,0.5335352557674939,0.2614308216318653,57.91831284353975,-0.2225317045791484,0.20825928949072714,0.20825928949072714,1.2152166442508427,0.8113927102064525,1.5946499110732935,1.0,0.0783508564606608,0.00014164990267691026,0.18957381179440083,0.18957381179440083,0.9558158286358507,0.9999999999999998,5.0,d_kam,0.0,0.0005665996107076408,0.008620689655172414,0.0,enterprise,5002,0.0,200.0,12386.0,6290.0,6290.0,11583.66256870795,0.0,580.0,513.0,2.5,12.708037981996313,64.0,
16.0,16.0,0.0,0.0,c_kam_N_64,1.0,"N=64, U0=8",0.737108637453946,0.4967065817655011,,S1,8,64,0.0,2.0,1.1942929441131382,16.199148917612543,1.1102230246251565e-16,0.06687768390534568,0.5270160884981382,0.2511088067887188,44.89066015579738,5.551115123125783e-17,0.14851654631228642,0.14851654631228642,1.223015761188727,0.7967678381264143,1.7507772222141327,0.0,0.1427089248299781,8.326672684688674e-17,0.12971182500020817,0.12971182500020817,0.9519061444856124,1.0,11.0,c_kam,0.0,2.7755575615628914e-16,0.17777777777777778,0.0,enterprise,5003,5.0,200.0,10804.0,6163.0,6007.0,8978.132031159475,0.0,90.0,0.0,8.0,9.792096582998056,64.0,
6.0,6.0,0.0,0.0,d_kam_N_64,0.9999999999999998,"N=64, U0=8",0.7927411866615489,0.5553624153985145,,S1,8,64,0.0,2.0,1.203498284996361,16.199148917612543,0.14796168442654556,0.07077196234987788,0.5727505258633867,0.32352166595036247,49.54002348909853,-0.04798583642322999,0.20398146239799891,0.20398146239799891,1.3404059898035756,0.8189394305308625,1.8739736605177237,1.0,0.14884870241881223,0.04998792400165778,0.1659233068836793,0.1659233068836793,0.9478002361313014,0.9999999999999998,6.0,d_kam,0.0,0.1770455796384922,0.009146341463414634,0.0,enterprise,5003,0.0,200.0,13587.0,6324.0,6324.0,9908.004697819706,0.0,656.0,579.0,3.0,10.60945118300151,64.0,
11.0,11.0,0.0,0.0,c_kam_N_64,1.0000000000000004,"N=64, U0=8",1.3924944970797901,0.7537736301742611,,S1,8,64,0.0,3.0,1.178049368964677,24.865199162937103,8.074349270001139e-17,0.12026793590331561,0.5907678435755617,0.3520490856613058,52.387009199592285,8.074349270001139e-17,0.18962571766324154,0.18962571766324154,1.9941017614498497,0.7683004534863269,2.8854679410580677,0.0,0.4456264553530273,8.074349270001139e-17,0.17879567184615971,0.17879567184615971,0.9292187207698541,1.0000000000000004,8.0,c_kam,0.0,3.3306690738754696e-16,0.12222222222222222,0.0,enterprise,5004,3.0,200.0,10563.0,6148.0,6003.0,10477.401839918457,0.0,90.0,0.0,5.5,11.438110371993389,64.0,
8.0,8.0,0.0,0.0,d_kam_N_64,1.0,"N=64, U0=8",1.7845732646724837,0.9859108770099019,,S1,8,64,0.0,3.0,1.261972097754756,27.35779010996756,0.5038891185548715,0.14771344963480415,0.610087831038099,0.3826390658103236,93.53366317925975,-0.4949445170153315,0.25894220403007584,0.25894220403007584,2.135469698318974,0.7970791107760333,3.2853547077547876,1.0,0.5271164694543562,0.00447230076977001,0.23851390313822793,0.23851390313822793,0.9129691134913593,1.0,5.0,d_kam,3.0,0.023255964002804032,0.012698412698412698,0.0,enterprise,5004,0.0,200.0,13339.0,6341.0,6341.0,18706.73263585195,3.0,630.0,519.0,4.655788095732525,19.851215266040526,64.0,
10.0,10.0,0.0,0.0,c_kam_N_64,0.9999946159100885,"N=64, U0=8",0.09663367026140625,0.10228850515598051,,S1,8,64,0.018965664078277128,4.0,1.1039549300299631,2.654340440806604,1.3322676295501878e-16,0.007174118972061367,0.5749052499251348,0.32693331238146345,153.83085400884738,4.4408920985006264e-17,0.10109650252245228,0.10109650252245228,0.9900192257640588,0.641251784084011,1.0807140818042635,0.0,0.003452206413970692,8.881784197001253e-17,0.09076072800233778,0.09076072800233778,0.9923844796938609,0.9999946159100885,7.0,c_kam,0.0,3.441691376337983e-16,0.1111111111111111,0.0,enterprise,5005,3.0,200.0,28313.0,8054.0,6265.0,30766.170801769476,0.0,90.0,0.0,5.0,31.976907176955137,64.0,
2.0,2.0,0.0,0.0,d_kam_N_64,0.9999765210204742,"N=64, U0=8",0.5120279150543242,0.5198795194048583,,S1,8,64,0.08270560965721882,6.0,1.2293228758372636,4.362542002858077,0.103491287001229,0.03625171610756562,0.7035167341256985,0.5305681623656894,120.84329985053046,-0.103491287001229,0.1959934772104443,0.1959934772104443,1.1460929192388694,0.5795725452942849,1.2404927017959935,1.0,0.017562798786299023,0.0,0.17936774772486544,0.17936774772486544,0.9631531086964396,0.9999765210204742,2.0,d_kam,0.0,0.0,0.0014054813773717498,0.0,enterprise,5005,0.0,200.0,24603.0,6567.0,6567.0,24168.65997010609,0.0,1423.0,1388.0,1.0,25.130164499976672,64.0,
13.0,13.0,0.0,0.0,c_kam_N_64,0.9999999999999998,"N=64, U0=8",0.5299248415528113,0.4003764829497346,,S1,8,64,0.0,3.0,1.051375178206349,12.600784153429096,1.1956247957501685e-16,0.04779431143769158,0.563750156645642,0.30927108135559966,84.77449269907083,-1.1956247957501685e-16,0.15544124545940513,0.15544124545940513,1.366873971085401,0.6976779285260543,1.526093782567155,0.0,0.09904091646707525,0.0,0.14658276778748,0.14658276778748,0.9619156529803635,0.9999999999999998,9.0,c_kam,0.0,0.0,0.14444444444444443,0.0,enterprise,5006,4.0,200.0,18319.0,6521.0,6118.0,16954.898539814167,0.0,90.0,0.0,6.5,18.277444103034213,64.0,
5.0,5.0,0.0,0.0,d_kam_N_64,0.9999014404290254,"N=64, U0=8",0.7990848667107177,0.6242858487692453,,S1,8,64,0.34665252149538067,3.0,1.2936425461670726,14.07591010837504,0.22692857428172455,0.066635513198745,0.5956190089367738,0.35973009748322504,61.48440184304491,-0.15536653895520441,0.17654296584947515,0.17654296584947515,1.4434500486239552,0.7636784728282905,1.68129599788831,1.0,0.11400276615416338,0.03578101766326007,0.15208080558260342,0.15208080558260342,0.9462419973729977,0.9999014404290254,5.0,d_kam,0.0,0.09169034846212601,0.007132667617689016,0.0,enterprise,5006,0.0,200.0,14955.0,6329.0,6329.0,12296.880368608981,0.0,701.0,630.0,2.5,13.319193635019474,64.0,
15.0,15.0,0.0,0.0,c_kam_N_64,1.0000000000000002,"N=64, U0=8",0.6230310499884674,0.45883901462193555,,S1,8,64,0.0,3.0,1.1186198960610478,13.826590313733163,5.921189464667501e-17,0.054423377443532595,0.6178294225872115,0.39489658576308495,67.50591491610976,5.921189464667501e-17,0.1753734286445494,0.1753734286445494,1.3257205341602758,0.7208114231050163,1.8087192826740637,0.0,0.15695240135043664,5.921189464667501e-17,0.14553800211575574,0.14553800211575574,0.957626012608066,1.0000000000000002,10.0,c_kam,0.0,2.220446049250313e-16,0.16666666666666666,0.0,enterprise,5007,5.0,200.0,17997.0,6534.0,6120.0,13501.182983221952,0.0,90.0,0.0,7.5,14.354757510998752,64.0,
3.0,3.0,0.0,0.0,d_kam_N_64,1.0,"N=64, U0=8",0.696185172172985,0.5377640044940135,,S1,8,64,0.0,5.0,1.2158449874495574,13.826590313733163,0.3260882047691321,0.05954416599644881,0.6407328579880053,0.4311603584810083,80.11786740098614,0.08234594076995301,0.252413487479948,0.252413487479948,1.4482539150134612,0.7112719796544171,1.897669353195484,1.0,0.16002095122758317,0.20421707276954257,0.19852536340214383,0.19852536340214383,0.9521012633170204,1.0,3.0,d_kam,0.0,0.4074977326052931,0.0030211480362537764,0.0,enterprise,5007,0.0,200.0,18634.0,6436.0,6436.0,16023.573480197228,0.0,993.0,943.0,1.5,17.158528203028254,64.0,
10.0,10.0,0.0,0.0,c_kam_N_64,0.9999847191245181,"N=64, U0=8",0.17719647177053915,0.18292369610019366,,S1,8,64,0.05421009393195991,4.0,1.1400859431415529,4.070991568103676,1.1102230246251565e-16,0.016438989639015508,0.6930542008048346,0.5140024846076549,108.61198744067224,2.2204460492503132e-17,0.12370936437591318,0.12370936437591318,1.0552886451322947,0.6354049677787404,1.180003768628226,0.0,0.006811875056797955,6.661338147750939e-17,0.11855149733060161,0.11855149733060161,0.9829041617285583,0.9999847191245181,7.0,c_kam,0.0,2.220446049250313e-16,0.1111111111111111,0.0,enterprise,5008,3.0,200.0,25817.0,7526.0,6229.0,21722.397488134447,0.0,90.0,0.0,5.0,22.819840811018366,64.0,
2.0,2.0,0.0,0.0,d_kam_N_64,0.9999847191245184,"N=64, U0=8",1.12329918625565,0.9887239457807009,,S1,8,64,0.05421009393195991,6.0,1.1437193420128873,7.866092988390409,0.1666502198371841,0.08266617965297328,0.731358572439846,0.5746510730297563,94.88612243090756,-0.11694737640855324,0.2319121194450485,0.2319121194450485,1.2762177552866028,0.596455100526279,1.4698374723521324,1.0,0.062375891632540245,0.024851421714315425,0.20479630517187927,0.20479630517187927,0.9264981442509227,0.9999847191245184,2.0,d_kam,0.0,0.047217701257199304,0.0015822784810126582,0.0,enterprise,5008,0.0,200.0,22709.0,6543.0,6543.0,18977.224486181512,0.0,1264.0,1231.0,1.0,19.888295390002895,64.0,
7.0,7.0,0.0,0.0,c_kam_N_64,1.0000000000000002,"N=64, U0=8",0.19848721533597138,0.18168917309517982,,S1,8,64,0.0,5.0,1.0337616562350957,6.028541163498519,6.344131569286608e-17,0.021980948938374288,0.6209811300303809,0.3998867892147696,108.00338140950771,-6.344131569286608e-17,0.12486696034124993,0.12486696034124993,1.032917458705611,0.6610591316949815,1.1972988457201246,0.0,0.01663611883739942,0.0,0.1022597772987615,0.1022597772987615,0.9793677993763427,1.0000000000000002,5.0,c_kam,0.0,0.0,0.07777777777777778,0.0,enterprise,5009,2.0,200.0,24368.0,7465.0,6209.0,21600.676281901542,0.0,90.0,0.0,3.5,22.84568481700262,64.0,
4.0,4.0,0.0,0.0,d_kam_N_64,1.0,"N=64, U0=8",0.5113256828976397,0.501743645085111,,S1,8,64,0.0,4.0,1.229726136378213,6.028541163498519,0.2045850490322822,0.04387964166769107,0.6053769812480627,0.37518022030943254,70.5349460549769,-0.19000585034131584,0.2309828905214402,0.2309828905214402,1.161630223611976,0.7064291635622533,1.3758164213009956,1.0,0.02740141347962137,0.0072895993454831776,0.18551599652076953,0.18551599652076953,0.9569639863370475,1.0,4.0,d_kam,0.0,0.024784637774642793,0.0039177277179236044,0.0,enterprise,5009,0.0,200.0,18836.0,6424.0,6424.0,14106.98921099538,0.0,1021.0,957.0,2.0,15.178584942012094,64.0,
10.0,10.0,0.0,0.0,c_kam_N_64,1.0000000000000002,"N=64, U0=8",0.652532281864703,0.4499466248390216,,S1,8,64,0.0,4.0,1.0947163723502045,15.149455076442006,6.661338147750939e-17,0.06228452744603536,0.6294512517009894,0.41329781519323316,62.37710254325066,2.2204460492503132e-17,0.11826359979879981,0.11826359979879981,1.1490394374629582,0.7747957773295436,1.6014201188695356,0.0,0.09885780763501513,4.4408920985006264e-17,0.10231847244097882,0.10231847244097882,0.9542658669388948,1.0000000000000002,7.0,c_kam,0.0,2.220446049250313e-16,0.1111111111111111,0.0,enterprise,5010,3.0,200.0,11325.0,7711.0,6019.0,12475.420508650132,0.0,90.0,0.0,5.0,13.684001824993175,64.0,
6.0,6.0,0.0,0.0,d_kam_N_64,0.9999999999999999,"N=64, U0=8",1.1002631382290116,0.8269809318892569,,S1,8,64,0.0,2.0,1.229075838219994,15.32587731442206,0.16025166388959414,0.09362568739153694,0.5516078852921235,0.2900458183791954,55.514927960175555,-0.09183433835781318,0.19770364578470045,0.19770364578470045,1.3788379292656168,0.8217139928746573,1.7780985705070251,1.0,0.12662570480138485,0.034208662765890484,0.169691022241228,0.169691022241228,0.9278734654453783,0.9999999999999999,6.0,d_kam,0.0,0.10636660375961271,0.011299435028248588,0.0,enterprise,5010,0.0,200.0,9637.0,6272.0,6272.0,11102.985592035111,0.0,531.0,458.0,3.0,12.406415921985172,64.0,
11.0,11.0,0.0,0.0,c_kam_N_128,0.9999999999999997,"N=128, U0=16",0.7322926733419634,0.5039410632528611,,S1,16,128,0.0,9.0,1.2018318124043625,24.126591856980976,2.0185873175002847e-17,0.0640275652198172,0.623730423003493,0.4042398364221971,650.1509387342958,2.0185873175002847e-17,0.23701978817857175,0.23701978817857175,1.4013827041918023,0.7152064493065908,1.902681226058287,0.0,0.1671555603800686,2.0185873175002847e-17,0.17229344755556902,0.17229344755556902,0.9529975349438162,0.9999999999999997,9.0,c_kam,0.0,1.1102230246251565e-16,0.12222222222222222,0.0,enterprise,5001,2.0,200.0,95170.0,15180.0,12352.0,130030.18774685916,0.0,90.0,0.0,5.5,132.7453045270522,128.0,
6.0,6.0,0.0,0.0,d_kam_N_128,0.999983828003002,"N=128, U0=16",0.8808048537620102,0.6242536826355225,,S1,16,128,0.0893750433845596,10.0,1.2996203229344818,25.529453505889855,0.4439663613734755,0.07442341784922048,0.6834838638992714,0.49884945117384644,320.1716351049254,-0.35875975375757213,0.28931881096336876,0.28931881096336876,1.5984667593089972,0.7178755793515935,2.0423159721160005,1.0,0.18113947024237706,0.04260330380795171,0.19208644846793277,0.19208644846793277,0.9445756515870297,0.999983828003002,6.0,d_kam,0.0,0.1454905093725214,0.00373366521468575,0.0,enterprise,5001,0.0,200.0,37336.0,12888.0,12888.0,64034.327020985074,0.0,1607.0,1459.0,3.0,68.47762906597927,128.0,
16.0,16.0,0.0,0.0,c_kam_N_128,1.0000000000000004,"N=128, U0=16",0.40125516902632175,0.33410542361425705,,S1,16,128,0.0,8.0,1.092600686971851,15.00036828982438,1.249000902703301e-16,0.0375717848364369,0.6437741994985899,0.43597581587276735,653.5115506299189,1.3877787807814457e-17,0.2236084382272085,0.2236084382272085,1.4011777171916788,0.673999658147546,1.7229810672998036,0.0,0.12821826482674628,6.938893903907228e-17,0.17632658308415983,0.17632658308415983,0.9674822119675649,1.0000000000000004,12.0,c_kam,0.0,2.220446049250313e-16,0.17777777777777778,0.0,enterprise,5002,4.0,200.0,100461.0,14858.0,12369.0,130702.31012598379,0.0,90.0,0.0,8.0,133.10430190595798,128.0,
4.0,4.0,0.0,0.0,d_kam_N_128,1.0,"N=128, U0=16",0.7137641691544333,0.6574688396198894,,S1,16,128,0.0,12.0,1.2720215253763314,15.22874312492982,0.4135057856068945,0.0594474148454047,0.6822519146710545,0.49689886489583623,358.54034485528246,-0.36716754280655045,0.46333164593522197,0.46333164593522197,2.1114447725228653,0.6297759335408493,2.033974014730744,1.0,0.15434245019892612,0.02316912140017202,0.28404494141187114,0.28404494141187114,0.9448467728471706,1.0,4.0,d_kam,0.0,0.07877501276058484,0.0018231540565177757,0.0,enterprise,5002,0.0,200.0,43204.0,13060.0,13060.0,71708.06897105649,0.0,2194.0,2078.0,2.0,74.86388958699536,128.0,
6.0,6.0,0.0,0.0,c_kam_N_128,1.0,"N=128, U0=16",0.03746685088427323,0.041917179288183615,,S1,16,128,0.0,10.0,1.207726048056302,1.3653850154062468,7.401486830834377e-17,0.00284133377861585,0.7636266889194977,0.6257422574558712,676.8128747135052,0.0,0.158245159689068,0.158245159689068,0.9892536116555926,0.5778648641024694,1.1760669246273374,0.0,0.00040200205006895337,3.700743415417188e-17,0.08820831551797795,0.08820831551797795,0.996816917534409,1.0,6.0,c_kam,0.0,1.6653345369377348e-16,0.06666666666666667,0.0,enterprise,5003,0.0,200.0,116380.0,19686.0,12482.0,135362.57494270103,0.0,90.0,0.0,3.0,138.0894461669959,128.0,
5.0,5.0,0.0,0.0,d_kam_N_128,1.0000000000000004,"N=128, U0=16",0.7196511365416548,0.7288252651526295,,S1,16,128,0.0,12.0,1.1837080307788903,8.406765810003236,0.06691621647018305,0.05059423377463256,0.7555276079004076,0.6129187125089787,264.6341822150862,-0.06548192677527384,0.3363711842867284,0.3363711842867284,1.5576488439939162,0.5432584533015009,1.4719517891941905,1.0,0.04406816311676817,0.0007171448474545983,0.21038040916678555,0.21038040916678555,0.9487333515238978,1.0000000000000004,4.0,d_kam,1.0,0.0028685793898183924,0.0019157088122605363,0.0,enterprise,5003,0.0,200.0,49033.0,13193.0,13193.0,52926.83644301724,1.0,2610.0,2461.0,2.7597661588327527,55.596326807979494,128.0,
7.0,7.0,0.0,0.0,c_kam_N_128,1.0,"N=128, U0=16",0.12622253950505669,0.12580144777202526,,S1,16,128,0.0,9.0,1.1576257553584002,5.486289570658124,6.344131569286608e-17,0.012474662847185047,0.8221238476652097,0.7183627588032486,552.0487266694545,0.0,0.17070792932470316,0.17070792932470316,1.2173761155484824,0.606382899374202,1.3222949455860986,0.0,0.020258122487029007,3.172065784643304e-17,0.12408639097096578,0.12408639097096578,0.9872828312103517,1.0,7.0,c_kam,0.0,1.5543122344752176e-16,0.07777777777777778,0.0,enterprise,5004,0.0,200.0,110480.0,17506.0,12448.0,110409.7453338909,0.0,90.0,0.0,3.5,112.85504154901719,128.0,
7.0,7.0,0.0,0.0,d_kam_N_128,0.9999928578506904,"N=128, U0=16",0.7692748514479787,0.7650097877511116,,S1,16,128,0.039178740767497694,9.0,1.1999630385763773,8.729914076177588,0.0986118749846143,0.05748832468318959,0.7325397244694966,0.5765212304100363,214.8990331866662,-0.08975342082682161,0.340842227042366,0.340842227042366,1.7916387364333415,0.6356810945893456,1.6190907927629905,1.0,0.06261799348921519,0.004429227078896337,0.2339153780663395,0.2339153780663395,0.9425382474118155,0.9999928578506904,7.0,d_kam,0.0,0.021703212686592033,0.003482587064676617,0.0,enterprise,5004,0.0,200.0,42124.0,12934.0,12934.0,42979.80663733324,0.0,2010.0,1818.0,3.5,45.68562988197664,128.0,
8.0,8.0,0.0,0.0,c_kam_N_128,1.0000000000000004,"N=128, U0=16",0.17662991190353336,0.17043266603219775,,S1,16,128,0.0,10.0,1.0907205984334811,6.958011032091336,1.3877787807814457e-16,0.016745214021592465,0.7493634217590093,0.6031587511184314,534.3630332691828,1.3877787807814457e-16,0.15369631677710294,0.15369631677710294,1.177581049827194,0.6070331887909706,1.242901930602176,0.0,0.014714456104260804,1.3877787807814457e-16,0.11395299831838612,0.11395299831838612,0.9834610444874287,1.0000000000000004,7.0,c_kam,0.0,4.440892098500626e-16,0.08888888888888889,0.0,enterprise,5005,1.0,200.0,111668.0,17397.0,12453.0,106872.60665383656,0.0,90.0,0.0,4.0,109.13599753996823,128.0,
5.0,5.0,0.0,0.0,d_kam_N_128,0.9999911448229992,"N=128, U0=16",0.8716397751176711,0.7600221049048997,,S1,16,128,0.047547101635512734,11.0,1.1623278913437685,13.048876546673398,0.07289445138004362,0.0653959044465821,0.7119037973061851,0.5438476790681266,207.5210731482366,-0.05262355255570776,0.2596775758951055,0.2596775758951055,1.5422828700220492,0.6088704855396927,1.5406766591626662,1.0,0.07419846391880372,0.01013544941216793,0.1877520319149952,0.1877520319149952,0.9421897837663397,0.9999911448229992,5.0,d_kam,0.0,0.04054179764867171,0.002279981760145919,0.0,enterprise,5005,0.0,200.0,48178.0,12985.0,12985.0,41504.21462964732,0.0,2193.0,2050.0,2.5,43.158262494020164,128.0,
10.0,10.0,0.0,0.0,c_kam_N_128,1.0000000000000002,"N=128, U0=16",0.8704561361368691,0.5905495941631045,,S1,16,128,0.0,8.0,1.1104200593041889,24.85615559124502,3.9968028886505636e-16,0.07685174063165644,0.675712264164709,0.4865444182607891,440.9343626900227,0.0,0.2136785478782396,0.2136785478782396,1.4190669101921036,0.6492673198682261,1.9539455003993818,0.0,0.1972496754468824,1.9984014443252818e-16,0.19172773011610128,0.19172773011610128,0.9447477307476646,1.0000000000000002,9.0,c_kam,0.0,1.0769163338864002e-15,0.1111111111111111,0.0,enterprise,5006,1.0,200.0,95676.0,15121.0,12325.0,88186.87253800454,0.0,90.0,0.0,5.0,89.88477940502344,128.0,
9.0,9.0,0.0,0.0,d_kam_N_128,1.0000000000000002,"N=128, U0=16",1.0576048295883065,0.7835772821364736,,S1,16,128,0.0,7.0,1.2576968407847242,24.85615559124502,0.24923402910139764,0.08995214917325704,0.6220047910767612,0.40150758587153845,217.28007219557185,-0.22280860640332398,0.3383618238010227,0.3383618238010227,1.8757703805158354,0.7449836787749433,2.2084507181253947,1.0,0.21654750481275706,0.013212711349036836,0.24354755210532517,0.24354755210532517,0.9312357925895287,1.0000000000000002,9.0,d_kam,0.0,0.06368884395043098,0.005667506297229219,0.0,enterprise,5006,0.0,200.0,37496.0,12765.0,12765.0,43456.01443911437,0.0,1588.0,1369.0,4.5,45.95996411697706,128.0,
11.0,11.0,0.0,0.0,c_kam_N_128,1.0000000000000002,"N=128, U0=16",0.03745581275629239,0.04198082468287684,,S1,16,128,0.0,9.0,1.1486109348437825,1.6523914020276413,8.074349270001139e-17,0.0028720595107089293,0.7127998625878561,0.5452664490974388,520.284717019822,4.0371746350005693e-17,0.15286974621768393,0.15286974621768393,1.0083767971115927,0.5767955131364563,1.1402390934059499,0.0,0.0003860033558233625,6.055761952500853e-17,0.10068224095209079,0.10068224095209079,0.9967776647398822,1.0000000000000002,9.0,c_kam,0.0,3.3306690738754696e-16,0.12222222222222222,0.0,enterprise,5007,2.0,200.0,127389.0,18731.0,12582.0,104056.9434039644,0.0,90.0,0.0,5.5,105.55084288300714,128.0,
2.0,2.0,0.0,0.0,d_kam_N_128,0.9999679307575209,"N=128, U0=16",0.6687452977866186,0.6793245991189165,,S1,16,128,0.1749187940533768,14.0,1.1850696696328051,6.601666630886836,0.07191777712444614,0.047062323462831755,0.7312794929842198,0.5745258638916814,276.67930132884067,-0.07191777712444614,0.31610739521442816,0.31610739521442816,1.3380529100789114,0.5306385091052358,1.4056061104100974,1.0,0.038807526111753504,0.0,0.20184874033394745,0.20184874033394745,0.9521636005293592,0.9999679307575209,2.0,d_kam,0.0,0.0,0.000791765637371338,0.0,enterprise,5007,0.0,200.0,52507.0,13261.0,13261.0,55335.86026576813,0.0,2526.0,2466.0,1.0,57.189723071001936,128.0,
19.0,19.0,0.0,0.0,c_kam_N_128,1.0000000000000002,"N=128, U0=16",0.9173555812917356,0.592002042828318,,S1,16,128,0.0,6.0,1.100747462271686,29.573441250105926,1.6361181415528622e-16,0.08196213393147624,0.66629743128455,0.4716375995338709,442.8861828087247,7.011934892369409e-17,0.19592758542579883,0.19592758542579883,1.3818591831989864,0.6665885504227076,2.012179963625843,0.0,0.21484829311488052,1.1686558153949016e-16,0.17759359909589434,0.17759359909589434,0.9434774654899709,1.0000000000000002,14.0,c_kam,1.0,4.884981308350679e-16,0.2111111111111111,0.0,enterprise,5008,4.0,200.0,90713.0,13993.0,12298.0,88577.23656174494,1.0,90.0,0.0,9.761107169982406,90.50708432198735,128.0,
7.0,7.0,0.0,0.0,d_kam_N_128,0.9999917183180888,"N=128, U0=16",1.465876957865124,1.135535947420355,,S1,16,128,0.04576582978819732,10.0,1.2773932976370324,29.573441250105926,0.24619360899483683,0.12035863029161345,0.625183836923377,0.4065410751286803,211.6595880803652,-0.1863727661043753,0.4301716374900558,0.4301716374900558,2.4159758486624927,0.7106544918575547,2.431401486732195,1.0,0.26202308775885724,0.029910421445230755,0.2993460988453652,0.2993460988453652,0.9054300921685285,0.9999917183180888,6.0,d_kam,1.0,0.09713297423490021,0.004323656578134651,0.0,enterprise,5008,0.0,200.0,37412.0,13003.0,13003.0,42331.91761607304,1.0,1619.0,1460.0,3.703950075323961,44.74899152002763,128.0,
9.0,9.0,0.0,0.0,c_kam_N_128,0.9999999999999994,"N=128, U0=16",0.12732649798642362,0.13797563886157363,,S1,16,128,0.0,9.0,1.23559314934393,3.6312858464128506,7.401486830834377e-17,0.010366392172208807,0.7108030263026588,0.5421047916458762,484.26653781934874,2.4671622769447922e-17,0.21157206284809052,0.21157206284809052,1.1170513863206473,0.6242940407438593,1.2541182808203848,0.0,0.003354774734533362,4.9343245538895844e-17,0.11961787649038708,0.11961787649038708,0.9887355151953764,0.9999999999999994,8.0,c_kam,0.0,2.664535259100374e-16,0.1,0.0,enterprise,5009,1.0,200.0,117898.0,15989.0,12518.0,96853.30756386975,0.0,90.0,0.0,4.5,98.38145149301272,128.0,
5.0,5.0,0.0,0.0,d_kam_N_128,0.9999999999999994,"N=128, U0=16",0.8435641794157701,0.8302777738694378,,S1,16,128,0.0,11.0,1.3193510476851449,8.859548644813536,0.08588469483748522,0.060503029872263046,0.6897925271781234,0.5088381680320286,212.81153423013166,-0.07742435367535058,0.4000197204234928,0.4000197204234928,2.1175208682219075,0.5907867050573796,1.6223987220045664,1.0,0.06636101952675365,0.004230170581067316,0.2645118967498841,0.2645118967498841,0.9402743657448259,0.9999999999999994,5.0,d_kam,0.0,0.01692068232426926,0.0022114108801415304,0.0,enterprise,5009,0.0,200.0,48991.0,13147.0,13147.0,42562.30684602633,0.0,2261.0,2130.0,2.5,44.08271276101004,128.0,
7.0,7.0,0.0,0.0,c_kam_N_128,1.0000000000000002,"N=128, U0=16",0.12558626784855803,0.12857262364662678,,S1,16,128,0.0,11.0,1.1831719327907166,5.666045516985226,3.172065784643304e-17,0.011218249347572349,0.7281229634705987,0.5695280254951146,577.2281637956621,3.172065784643304e-17,0.2146801897863469,0.2146801897863469,1.0453260058214362,0.5980814660040916,1.2536118338337423,0.0,0.006696721880696964,3.172065784643304e-17,0.11806749982841289,0.11806749982841289,0.9883392366630613,1.0000000000000002,6.0,c_kam,0.0,1.5543122344752176e-16,0.07777777777777778,0.0,enterprise,5010,1.0,200.0,138132.0,17775.0,12649.0,115445.63275913242,0.0,90.0,0.0,3.5,116.82059578696499,128.0,
4.0,4.0,0.0,0.0,d_kam_N_128,1.0,"N=128, U0=16",0.6942884290250178,0.6739467944804474,,S1,16,128,0.0,12.0,1.27315041377293,8.656366847244975,0.08083346950119652,0.05102740062992454,0.7200441808552742,0.5567366196875174,240.7910937073757,-0.08083346950119652,0.31560892671607294,0.31560892671607294,1.25078181245989,0.6185458621450957,1.479103326884628,1.0,0.03744464778326634,0.0,0.19371300005914371,0.19371300005914371,0.9501630447046938,1.0,4.0,d_kam,0.0,0.0,0.0017145306472353193,0.0,enterprise,5010,0.0,200.0,45665.0,13104.0,13104.0,48158.21874147514,0.0,2333.0,2214.0,2.0,50.381401207007,128.0,
18.0,18.0,0.0,0.0,c_kam_N_256,0.9999938920093001,"N=256, U0=32",0.11903615954594227,0.12773161048740914,,S1,32,256,0.06349308559810335,18.0,1.1226019245769243,6.706989461521058,1.603655480014115e-16,0.010253469887818637,0.7187692018106111,0.5547179028668009,2694.4799587115995,-3.700743415417188e-17,0.19591501237982087,0.19591501237982087,1.3068219215233128,0.6184623609024277,1.2506409394510793,0.0,0.006993471722126622,6.167905692361981e-17,0.09613517315348315,0.09613517315348315,0.9889689123446734,0.9999938920093001,16.0,c_kam,0.0,2.220446049250313e-16,0.2,0.0,enterprise,5001,2.0,200.0,451424.0,42299.0,24858.0,538895.9917423199,0.0,90.0,0.0,9.0,545.8410544680082,256.0,
4.0,4.0,0.0,0.0,d_kam_N_256,0.9995294605330728,"N=256, U0=32",1.0973172825922164,1.1081487866101782,,S1,32,256,4.891297992999906,28.0,2.263342361388424,13.411459286558244,0.020385646001260305,0.07873314850105784,0.7883244475568543,0.6648470419650195,662.6657381278346,0.013803659094395349,0.5836713971084424,0.5836713971084424,3.8496343682297276,0.5064453356455207,1.9779515382917165,1.0,0.12093785295601915,0.017094652547827827,0.3708784878070782,0.3708784878070782,0.9203397100160796,0.9995294605330728,4.0,d_kam,0.0,0.04123280636167629,0.0008216926869350862,0.0,enterprise,5001,0.0,200.0,112731.0,26700.0,26700.0,132533.14762556693,0.0,4868.0,4648.0,2.0,138.97595749801258,256.0,
14.0,14.0,0.0,0.0,c_kam_N_256,0.9999939737803778,"N=256, U0=32",0.10848204473933958,0.11378544853387354,,S1,32,256,0.06292454300784442,20.0,1.1012513321772892,8.049545435474084,7.930164461608261e-17,0.009921357705113711,0.7717771203036751,0.6386471071474853,3127.682160681288,-1.586032892321652e-17,0.2104967819234635,0.2104967819234635,1.441260582775119,0.5708011605558577,1.2918213719785465,0.0,0.01862185986472913,3.172065784643304e-17,0.12579056373980385,0.12579056373980385,0.9894432809376836,0.9999939737803778,13.0,c_kam,0.0,2.220446049250313e-16,0.15555555555555556,0.0,enterprise,5002,1.0,200.0,504755.0,42811.0,25107.0,625536.4321362576,0.0,90.0,0.0,7.0,632.5164663320174,256.0,
5.0,5.0,0.0,0.0,d_kam_N_256,0.9999939737803786,"N=256, U0=32",0.2809487299648089,0.29901344423404935,,S1,32,256,0.06292454300784442,29.0,1.1665430966743116,8.049545435474084,0.11131395376830669,0.021994025670896568,0.7943421928500246,0.6743751386792056,640.0251264759572,-0.11131395376830669,0.35023685501913493,0.35023685501913493,1.9836721795008156,0.5363967357076374,1.4598442092101092,1.0,0.032315990797158696,0.0,0.18168941785918954,0.18168941785918954,0.9764773212386713,0.9999939737803786,3.0,d_kam,2.0,0.0,0.0010890873448050533,0.0,enterprise,5002,0.0,200.0,103980.0,26695.0,26695.0,128005.02529519144,2.0,4591.0,4319.0,2.978053863383685,134.01720651995856,256.0,
16.0,16.0,0.0,0.0,c_kam_N_256,0.9999999999999997,"N=256, U0=32",0.09193441198475324,0.10080185226880818,,S1,32,256,0.0,18.0,1.1928580872977022,6.0419397783517255,6.938893903907228e-17,0.00942689744207837,0.7972210048064619,0.6789332576102314,2832.513576273923,-1.3877787807814457e-17,0.19372414603405658,0.19372414603405658,1.3721651940297048,0.5956560515756977,1.2895214203906449,0.0,0.011650138913014531,2.7755575615628914e-17,0.12010249526279893,0.12010249526279893,0.9896749229037078,0.9999999999999997,15.0,c_kam,0.0,2.220446049250313e-16,0.17777777777777778,0.0,enterprise,5003,1.0,200.0,462716.0,40543.0,24951.0,566502.7152547846,0.0,90.0,0.0,8.0,573.9217444169917,256.0,
7.0,7.0,0.0,0.0,d_kam_N_256,0.9998945842703398,"N=256, U0=32",0.8630670660483144,0.8977020987257526,,S1,32,256,1.1152582812173246,25.0,1.4218028289124418,11.971132941210374,0.06675607524491532,0.06340618322652765,0.8095820976629434,0.6985049879663271,703.5970070466283,-0.06675607524491532,0.5456124440863398,0.5456124440863398,3.0481299304755622,0.5241385694536578,1.9098082934536007,1.0,0.10413565559640865,0.0,0.33968783650162904,0.33968783650162904,0.9338919056517215,0.9998945842703398,7.0,d_kam,0.0,0.0,0.00155659328441183,0.0,enterprise,5003,0.0,200.0,109398.0,26649.0,26649.0,140719.40140932566,0.0,4497.0,4146.0,3.5,146.80864683398977,256.0,
12.0,12.0,0.0,0.0,c_kam_N_256,0.9999999999999998,"N=256, U0=32",0.20852685919921696,0.2063993423627144,,S1,32,256,0.0,23.0,1.1647673558422205,14.273828099505153,9.251858538542972e-17,0.017843165269072373,0.7393913906383324,0.5873697018440263,3611.8461133158416,-1.850371707708594e-17,0.22959260713182292,0.22959260713182292,1.1999237444134376,0.5598168415679712,1.2664776833058617,0.0,0.014637544655858316,3.700743415417188e-17,0.13016912857699137,0.13016912857699137,0.9820887143576869,0.9999999999999998,10.0,c_kam,1.0,2.220446049250313e-16,0.13333333333333333,0.0,enterprise,5004,1.0,200.0,578600.0,50008.0,25397.0,722369.2226631683,1.0,90.0,0.0,6.104294203110597,728.705456893018,256.0,
4.0,4.0,0.0,0.0,d_kam_N_256,0.9997873909213144,"N=256, U0=32",0.6745564953731096,0.6975883764143969,,S1,32,256,2.2421498663247257,28.0,1.536259480370212,14.273828099505153,0.0796399689266914,0.050465239801244836,0.7474347941666383,0.600105090763844,692.0459154137643,-0.05708587700262907,0.39882809490999876,0.39882809490999876,2.0703052379563918,0.5491478494746177,1.5435150102806998,1.0,0.046505035795708576,0.011277045962031162,0.2609268310008765,0.2609268310008765,0.9477054819740691,0.9997873909213144,4.0,d_kam,0.0,0.03279163234501194,0.0008703220191470844,0.0,enterprise,5004,0.0,200.0,105487.0,26646.0,26646.0,138409.18308275286,0.0,4596.0,4380.0,2.0,148.0527012060047,256.0,
13.0,13.0,0.0,0.0,c_kam_N_256,0.9999999999999994,"N=256, U0=32",0.5098482181715673,0.4128972186726978,,S1,32,256,0.0,23.0,1.1879403925398,29.6110302310066,1.708035422500241e-16,0.0464934923183943,0.7163566642750396,0.5508980517688126,3323.741062847839,-6.832141690000964e-17,0.37026426265502704,0.37026426265502704,2.21231578905042,0.5885587781337689,1.8738431987703714,0.0,0.14095864419525836,5.124106267500723e-17,0.18968214853343418,0.18968214853343418,0.9610483120439582,0.9999999999999994,11.0,c_kam,0.0,2.220446049250313e-16,0.14444444444444443,0.0,enterprise,5005,2.0,200.0,544947.0,42497.0,25211.0,664748.2125695678,0.0,90.0,0.0,6.5,672.6827564680134,256.0,
8.0,8.0,0.0,0.0,d_kam_N_256,0.999999999999999,"N=256, U0=32",0.8154646301936214,0.7376449585395809,,S1,32,256,0.0,24.0,1.2564825343790886,29.6110302310066,0.1192661190472695,0.06788664115993806,0.7035556076570372,0.5306297121236421,530.2033456004574,-0.09243791174597374,0.4952237688285636,0.4952237688285636,3.1686021842550396,0.6043009310501454,2.0865370187292034,1.0,0.16344931697041354,0.01341410365064788,0.2681918907031116,0.2681918907031116,0.9383159702532765,0.999999999999999,8.0,d_kam,0.0,0.05575493176738612,0.0018626309662398137,0.0,enterprise,5005,0.0,200.0,92150.0,26454.0,26454.0,106040.66912009148,0.0,4295.0,3882.0,4.0,114.94557812996209,256.0,
19.0,19.0,0.0,0.0,c_kam_N_256,0.9999999999999997,"N=256, U0=32",0.11120939279851202,0.1216742443808794,,S1,32,256,0.0,16.0,1.1486345825807556,4.70787833816717,1.4023869784738819e-16,0.009381246184048075,0.7476773385598285,0.600489119386395,2787.392087095359,0.0,0.1894763429977258,0.1894763429977258,1.4366235592897698,0.5912706876668687,1.2393220650007075,0.0,0.008156918162876637,7.011934892369409e-17,0.12992475551044128,0.12992475551044128,0.9896855773275752,0.9999999999999997,17.0,c_kam,1.0,4.440892098500626e-16,0.2111111111111111,0.0,enterprise,5006,1.0,200.0,459426.0,44073.0,24914.0,557478.4174190718,1.0,90.0,0.0,9.78586128034118,563.432930423005,256.0,
7.0,7.0,0.0,0.0,d_kam_N_256,0.9998534932232217,"N=256, U0=32",0.9441449778566016,0.9564597871810138,,S1,32,256,1.574162042702294,25.0,1.4971184048570843,16.520857159792147,0.0825473770707043,0.06768673713811435,0.7431091853368677,0.5932562101167071,643.2084600595408,-0.05815384310788899,0.4557659941336483,0.4557659941336483,2.6887210785262368,0.5618028004729159,1.712065679130499,1.0,0.07488820635083193,0.012196766981407656,0.29044075456305285,0.29044075456305285,0.9312505893315657,0.9998534932232217,7.0,d_kam,0.0,0.05976415820889745,0.0016766467065868263,0.0,enterprise,5006,0.0,200.0,99862.0,26487.0,26487.0,128641.69201190816,0.0,4175.0,3824.0,3.5,136.97062906203791,256.0,
13.0,13.0,0.0,0.0,c_kam_N_256,0.9999983095396353,"N=256, U0=32",0.05783561390751303,0.06545361983350391,,S1,32,256,0.0181122182708241,22.0,1.1076752150054348,2.5724735267140124,1.5372318802502167e-16,0.0044548914912999164,0.7439366562230724,0.594566372353198,3993.620825588878,8.540177112501205e-17,0.16845338860257475,0.16845338860257475,1.257318450938582,0.5795989945834951,1.178255660851425,0.0,0.0009311104549791899,1.1956247957501685e-16,0.09505307285318093,0.09505307285318093,0.9949556575221808,0.9999983095396353,11.0,c_kam,1.0,4.440892098500626e-16,0.14444444444444443,0.0,enterprise,5007,1.0,200.0,574110.0,47396.0,25350.0,798724.1651177756,1.0,90.0,0.0,6.53599168762668,806.6752038370469,256.0,
3.0,3.0,0.0,0.0,d_kam_N_256,0.9997675109492921,"N=256, U0=32",0.9073795304862584,0.9311027450384136,,S1,32,256,2.4909737733255843,29.0,1.441637971283952,13.555109607878217,0.033695862413625065,0.06392296565181212,0.7927553409738474,0.6718626232085916,727.491400942672,-0.01000356318607043,0.4758878688059827,0.4758878688059827,1.874128277314411,0.487462242484321,1.6508236416635271,1.0,0.06414539029312812,0.011846149613777316,0.2587101646371269,0.2587101646371269,0.934360218757837,0.9997675109492921,3.0,d_kam,0.0,0.03198460395719875,0.0005634861006761833,0.0,enterprise,5007,0.0,200.0,127128.0,26852.0,26852.0,145498.2801885344,0.0,5324.0,5152.0,1.5,152.86683903000085,256.0,
17.0,17.0,0.0,0.0,c_kam_N_256,0.9999918942344003,"N=256, U0=32",0.13737085150129505,0.14238564215044,,S1,32,256,0.08510765796214492,19.0,1.1207590575758002,10.052963760734151,1.0449157878825003e-16,0.01313404336927408,0.7093355657848442,0.5397813124926703,2787.249982744397,-2.6122894697062506e-17,0.1695983172454989,0.1695983172454989,1.1985068528211134,0.6176034362002941,1.2181257730142239,0.0,0.007093244669384788,3.918434204559376e-17,0.10480416736879399,0.10480416736879399,0.9862021444519639,0.9999918942344003,15.0,c_kam,0.0,2.220446049250313e-16,0.18888888888888888,0.0,enterprise,5008,2.0,200.0,470800.0,38087.0,24944.0,557449.9965488794,0.0,90.0,0.0,8.5,563.5242185750394,256.0,
7.0,7.0,0.0,0.0,d_kam_N_256,0.9999837911995206,"N=256, U0=32",0.8054607313729116,0.8319687091710087,,S1,32,256,0.17018664432970754,25.0,1.1639417651128154,10.756257913532554,0.08078854365832841,0.05990033496028723,0.7521111206789405,0.6075092744083225,579.6402325830422,-0.048613238668416346,0.42820615165889053,0.42820615165889053,2.389405043731178,0.5591841779525006,1.6552547039759247,1.0,0.06591944557447187,0.01608765249495603,0.27269340453175267,0.27269340453175267,0.937931329760524,0.9999837911995206,7.0,d_kam,0.0,0.06090195593912811,0.001568451714093659,0.0,enterprise,5008,0.0,200.0,95464.0,26564.0,26564.0,115928.04651660845,0.0,4463.0,4103.0,3.5,124.8343523729709,256.0,
22.0,22.0,0.0,0.0,c_kam_N_256,0.9999999999999988,"N=256, U0=32",0.5368908881437009,0.4577729857915797,,S1,32,256,0.0,16.0,1.154684118815855,30.80818062250628,7.065055611250996e-17,0.045472024142095925,0.701861715138898,0.5279477156365884,4227.966853313264,-3.027880976250427e-17,0.27291597856028277,0.27291597856028277,1.598975211408675,0.5999047265182206,1.4839245695934629,0.0,0.05839763098072512,2.0185873175002847e-17,0.1595350530769094,0.1595350530769094,0.9600652919832763,0.9999999999999988,19.0,c_kam,0.0,2.1094237467877958e-16,0.24444444444444444,0.0,enterprise,5009,3.0,200.0,480522.0,34969.0,25005.0,845593.3706626529,0.0,90.0,0.0,11.0,851.4503105960321,256.0,
6.0,6.0,0.0,0.0,d_kam_N_256,0.9999229204510941,"N=256, U0=32",0.810453686091483,0.693854836804662,,S1,32,256,0.8288066035631314,26.0,1.3057224911460694,35.394248984691124,0.12035899680255839,0.06462141999844068,0.663941806933434,0.4679078609779371,592.9941202205373,-0.09196523876551395,0.41500002660678204,0.41500002660678204,2.2481764445714303,0.6483172375275629,1.7560121067995513,1.0,0.08832630214974799,0.014196879018522216,0.22551976104357693,0.22551976104357693,0.9435395624123605,0.9999229204510941,6.0,d_kam,0.0,0.056695348637877396,0.0016277807921866521,0.0,enterprise,5009,0.0,200.0,85626.0,26402.0,26402.0,118598.82404410746,0.0,3686.0,3402.0,3.0,126.53695933998097,256.0,
22.0,22.0,0.0,0.0,c_kam_N_256,0.9999863141302348,"N=256, U0=32",0.2269078391723868,0.22624511584079984,,S1,32,256,0.14149937931756476,16.0,1.1207665714806794,12.282705179102319,1.1102230246251565e-16,0.019337364890889393,0.7160533119620487,0.5504177439399105,4021.7312985876924,-3.027880976250427e-17,0.1927571339549518,0.1927571339549518,1.4918572847792422,0.6082276304025361,1.2738136904453712,0.0,0.017458737854755574,4.0371746350005693e-17,0.11403318461192402,0.11403318461192402,0.9804685096555034,0.9999863141302348,19.0,c_kam,0.0,2.220446049250313e-16,0.24444444444444444,0.0,enterprise,5010,3.0,200.0,458815.0,36225.0,24883.0,804346.2597175385,0.0,90.0,0.0,11.0,811.0512565089739,256.0,
3.0,3.0,0.0,0.0,d_kam_N_256,0.9994580417016505,"N=256, U0=32",0.6699258304162269,0.688933622097231,,S1,32,256,5.603353250370848,29.0,2.074022562533765,14.861012484304558,0.029107735290256603,0.05034862427795821,0.7941846647402667,0.6741257191720891,742.4291913997149,-0.010534224339277939,0.4252405780740224,0.4252405780740224,2.417254811629636,0.5109621868668601,1.600748398982006,1.0,0.057703361603863836,0.009286755475489331,0.24542948258210692,0.24542948258210692,0.9480803142175531,0.9994580417016505,3.0,d_kam,0.0,0.01429633822264682,0.0005895067793279622,0.0,enterprise,5010,0.0,200.0,112868.0,26699.0,26699.0,148485.83827994298,0.0,5089.0,4912.0,1.5,157.210961603967,256.0,
23.0,23.0,0.0,0.0,c_kam_N_512,0.9999966246223877,"N=512, U0=64",0.3766728766517624,0.3589274225176653,,S1,64,512,0.07171976691008602,41.0,1.181867308922582,41.94040497662824,1.2550347234893073e-16,0.03221746601502467,0.7509112243909871,0.6056094386190628,24335.07363428507,-2.896233977283017e-17,0.31479331304936076,0.31479331304936076,2.0636212274732944,0.5615008617669629,1.4961461834551988,0.0,0.052616644087323,4.827056628805028e-17,0.1696595152147456,0.1696595152147456,0.9688514298661463,0.9999966246223877,23.0,c_kam,0.0,2.220446049250313e-16,0.25555555555555554,0.0,enterprise,5001,0.0,200.0,2100153.0,86011.0,50209.0,4867014.726857014,0.0,90.0,0.0,11.5,4882.151830711984,512.0,
16.0,16.0,0.0,0.0,d_kam_N_512,0.9997676153594489,"N=512, U0=64",1.6807021698014377,1.537713060679897,,S1,64,512,4.937691176813379,48.0,1.9960249956852563,65.45967653143242,0.05296377435872687,0.12349951653550197,0.7007166481554539,0.5261346929128019,2305.6413574668113,-0.04630708566062555,0.6927664540939308,0.6927664540939308,6.819758953549965,0.5787792462844138,2.984935699604157,1.0,0.3664487332472342,0.0033283443490506603,0.5568188454432267,0.5568188454432267,0.88633643519479,0.9997676153594489,16.0,d_kam,0.0,0.01858651215680529,0.001955512099731117,0.0,enterprise,5001,0.0,200.0,204513.0,52877.0,52877.0,461128.27149336226,0.0,8182.0,6638.0,8.0,479.47546313900966,512.0,
19.0,19.0,0.0,0.0,c_kam_N_512,0.999995435763007,"N=512, U0=64",0.06724733667051466,0.07633047623366493,,S1,64,512,0.09463200464028476,46.0,1.1761151099848572,3.153762974822052,9.349246523159212e-17,0.005479348225398133,0.7778602423549832,0.6482787170620569,30432.195450729047,4.674623261579606e-17,0.2655262041689864,0.2655262041689864,1.4531597091385848,0.528720146660628,1.252532468067783,0.0,0.0027924831251417465,7.011934892369409e-17,0.10864484671441982,0.10864484671441982,0.9937817457271977,0.999995435763007,18.0,c_kam,1.0,2.4424906541753397e-16,0.2111111111111111,0.0,enterprise,5002,0.0,200.0,2402822.0,95749.0,50804.0,6086439.0901458105,1.0,90.0,0.0,9.635912950659224,6107.738014117,512.0,
4.0,4.0,0.0,0.0,d_kam_N_512,0.9994393837765546,"N=512, U0=64",0.40768289379055894,0.44881337108676206,,S1,64,512,11.62346239755766,60.0,2.4100039277529253,12.784750576997642,0.08533425247291898,0.029309837223801233,0.7689856527192405,0.6342272834721305,2565.4409132825094,-0.08533425247291898,0.5557831276643286,0.5557831276643286,3.181010027024505,0.5004673667059538,1.6688396918153847,1.0,0.04731817292575607,0.0,0.25255092917652855,0.25255092917652855,0.9677079430874808,0.9994393837765546,4.0,d_kam,0.0,0.0,0.00041485169052063887,0.0,enterprise,5002,0.0,200.0,228790.0,53474.0,53474.0,513088.1826565019,0.0,9642.0,9207.0,2.0,535.1162923620432,512.0,
16.0,16.0,0.0,0.0,c_kam_N_512,1.0000000000000004,"N=512, U0=64",0.04291728227144331,0.04896019894178848,,S1,64,512,0.0,50.0,1.1816673855811572,2.86928612319359,2.7755575615628914e-17,0.003651850421310496,0.743500228052575,0.5938753610832438,31362.617853780688,0.0,0.2642675489550628,0.2642675489550628,1.2454384815019912,0.5363826694405465,1.2325575009976153,0.0,0.0012478425840848479,1.3877787807814457e-17,0.10741757945082142,0.10741757945082142,0.9958401962702658,1.0000000000000004,14.0,c_kam,2.0,5.551115123125783e-17,0.17777777777777778,0.0,enterprise,5003,0.0,200.0,2343062.0,91371.0,50799.0,6272523.5707561355,2.0,90.0,0.0,8.198077883516177,6293.612154691014,512.0,
6.0,6.0,0.0,0.0,d_kam_N_512,0.9996774483044422,"N=512, U0=64",1.085810940011069,1.1188273201063283,,S1,64,512,6.745789381547129,58.0,1.6805077360035847,25.584676277912607,0.04509452090939144,0.07665440646308429,0.7411732897256613,0.5901910420656304,3277.710162845324,-0.035196229496233945,0.6710784490808777,0.6710784490808777,3.8517686340244928,0.5121462236212659,2.0385813603224916,1.0,0.11978008616703456,0.004949145706578746,0.37343194100821847,0.37343194100821847,0.920949497788748,0.9996774483044422,6.0,d_kam,0.0,0.018221518140311144,0.0006433626420759168,0.0,enterprise,5003,0.0,200.0,227757.0,53507.0,53507.0,655542.0325690648,0.0,9326.0,8699.0,3.0,676.3702493250021,512.0,
16.0,16.0,0.0,0.0,c_kam_N_512,0.9999867436281064,"N=512, U0=64",0.08819774479025953,0.09691912183979128,,S1,64,512,0.2753467070855926,53.0,1.2387545179498016,10.167579418165898,6.938893903907228e-17,0.007345659265333883,0.7676428632572572,0.6321012001573237,26757.914998876808,-6.938893903907228e-17,0.2741319116062148,0.2741319116062148,1.651118351304117,0.5620134953583115,1.30341217694057,0.0,0.00732115068386526,0.0,0.11458495336251526,0.11458495336251526,0.9918742192553135,0.9999867436281064,13.0,c_kam,1.0,0.0,0.17777777777777778,0.0,enterprise,5004,2.0,200.0,2403790.0,82723.0,50930.0,5351582.999775362,1.0,90.0,0.0,8.16507697907726,5375.478746537992,512.0,
4.0,4.0,0.0,0.0,d_kam_N_512,0.9992805031336639,"N=512, U0=64",0.7163231144988458,0.7599184683103987,,S1,64,512,14.944593776894905,60.0,2.0717811295921402,19.789317090296066,0.03946440824049863,0.05131443514493492,0.7844139715866659,0.658655455012221,3375.075427762931,0.007300073882538116,0.5249583007232226,0.5249583007232226,3.1301356904043085,0.5169149317230449,1.7104980174427937,1.0,0.06053607268261997,0.023382241061518372,0.2918268525148456,0.2918268525148456,0.945464265002371,0.9992805031336639,4.0,d_kam,0.0,0.051851528864835225,0.0004437049362174154,0.0,enterprise,5004,0.0,200.0,233586.0,53466.0,53466.0,675015.0855525862,0.0,9015.0,8604.0,2.0,699.1360559089808,512.0,
21.0,21.0,0.0,0.0,c_kam_N_512,0.9999972037438546,"N=512, U0=64",0.15274063952976227,0.16358822316426655,,S1,64,512,0.05844252885560133,45.0,1.187631072312048,12.580806811663496,8.458842092382145e-17,0.013496316145161377,0.7922748704322368,0.6711018781843751,20329.524685298966,0.0,0.2817114200485399,0.2817114200485399,1.7302193604401441,0.55862242221725,1.3511334706611149,0.0,0.015291278578249174,4.229421046191072e-17,0.12924650139069896,0.12924650139069896,0.9854982629281669,0.9999972037438546,20.0,c_kam,0.0,2.220446049250313e-16,0.23333333333333334,0.0,enterprise,5005,1.0,200.0,2173475.0,82331.0,50415.0,4065904.937059793,0.0,90.0,0.0,10.5,4088.1792865179596,512.0,
10.0,10.0,0.0,0.0,d_kam_N_512,0.9999380920104096,"N=512, U0=64",2.2093868343172764,1.886378650149728,,S1,64,512,1.2938941500705894,54.0,1.4436285082290867,59.63992146038265,0.09441166861000316,0.15746154978028742,0.7768516947242822,0.6466818499801136,2655.5389092859696,0.037420553815562974,0.7585522595051968,0.7585522595051968,4.414900820437033,0.5251973093902335,3.2280476377754415,1.0,0.41786136375012545,0.06591611121278307,0.4844121185064833,0.4844121185064833,0.8649029330391846,0.9999380920104096,10.0,d_kam,0.0,0.3244566704963978,0.0011159468809284678,0.0,enterprise,5005,0.0,200.0,199322.0,53214.0,53214.0,531107.7818571939,0.0,8961.0,7930.0,5.0,555.7429999150336,512.0,
18.0,18.0,0.0,0.0,c_kam_N_512,0.9999975529645624,"N=512, U0=64",0.22014724848757328,0.2173685722813528,,S1,64,512,0.05108376698324579,46.0,1.2526258321926678,28.2159266551651,2.4671622769447922e-17,0.020485525655651232,0.7506183833841382,0.6051457736915521,18169.758465154737,2.4671622769447922e-17,0.2901433594891015,0.2901433594891015,1.7378690981230718,0.5638884740558694,1.3777081300932565,0.0,0.025895750330222414,2.4671622769447922e-17,0.13933717524983485,0.13933717524983485,0.9794375957074871,0.9999975529645624,18.0,c_kam,0.0,2.220446049250313e-16,0.2,0.0,enterprise,5006,0.0,200.0,2176687.0,85402.0,50478.0,3633951.6930309474,0.0,90.0,0.0,9.0,3646.3919834949775,512.0,
7.0,7.0,0.0,0.0,d_kam_N_512,0.9995924483877853,"N=512, U0=64",1.082873983795593,1.1068192074861511,,S1,64,512,8.507956721896093,58.0,2.0483927554428663,28.2159266551651,0.02732640193635714,0.0808763971272126,0.7346157527930101,0.5798082752555993,1544.6527704337495,-0.022298297513964886,0.6639280058308654,0.6639280058308654,5.460260322403343,0.5314146189284608,2.151306224378753,1.0,0.1490961930792728,0.002514052211196129,0.42478685059342497,0.42478685059342497,0.9171760512431513,0.9995924483877853,6.0,d_kam,1.0,0.01208657780017267,0.0008081274532440544,0.0,enterprise,5006,0.0,200.0,198499.0,53346.0,53346.0,308930.5540867499,1.0,8662.0,7964.0,3.7134585247405556,323.9189808139927,512.0,
15.0,15.0,0.0,0.0,c_kam_N_512,1.0000000000000004,"N=512, U0=64",0.08048398929549538,0.08929786459800391,,S1,64,512,0.0,51.0,1.2462569087641833,10.310328767505183,8.881784197001253e-17,0.007036387523838883,0.7656303123851923,0.6289146612765545,17027.393438236904,-5.921189464667501e-17,0.2827358177154568,0.2827358177154568,1.5221075724630193,0.525090307273432,1.2794570083915775,0.0,0.008586461073099018,1.4802973661668754e-17,0.11552546689830347,0.11552546689830347,0.9921778254090586,1.0000000000000004,14.0,c_kam,0.0,6.661338147750916e-17,0.16666666666666666,0.0,enterprise,5007,1.0,200.0,2408858.0,97870.0,50908.0,3405478.687647381,0.0,90.0,0.0,7.5,3416.4201987390406,512.0,
4.0,4.0,0.0,0.0,d_kam_N_512,0.999848936690752,"N=512, U0=64",0.6264897053244407,0.6742928276143109,,S1,64,512,3.189695396174999,60.0,1.7451501019993507,21.12290284445521,0.04035656325278425,0.04525678764586506,0.7612460511048355,0.6219729142493229,1682.3737581801834,-0.008697794290257299,0.4935741648845843,0.4935741648845843,4.560343823058559,0.5291950725926501,1.7220023680833392,1.0,0.07303503199403304,0.015829384481263475,0.3141345915443042,0.3141345915443042,0.951228177997917,0.999848936690752,4.0,d_kam,0.0,0.053819907236295796,0.0004385003288752467,0.0,enterprise,5007,0.0,200.0,215302.0,53394.0,53394.0,336474.7516360367,0.0,9122.0,8703.0,2.0,350.38047419302166,512.0,
25.0,25.0,0.0,0.0,c_kam_N_512,0.9999901047816403,"N=512, U0=64",0.14915782869218805,0.15890131155054815,,S1,64,512,0.2069945513137455,44.0,1.1509423338407299,17.330158664208476,8.881784197001253e-17,0.01309798270565274,0.7582275991346313,0.6171936986298329,15658.623465094424,-3.552713678800501e-17,0.25082889536307973,0.25082889536307973,1.525836872646287,0.5710386487093018,1.2910732361097774,0.0,0.00937798713978646,2.6645352591003756e-17,0.11914642619833472,0.11914642619833472,0.9859497337364388,0.9999901047816403,22.0,c_kam,1.0,2.220446049250313e-16,0.2777777777777778,0.0,enterprise,5008,2.0,200.0,2151034.0,75737.0,50414.0,3131724.693018885,1.0,90.0,0.0,12.708444171349662,3143.859407888027,512.0,
7.0,7.0,0.0,0.0,d_kam_N_512,0.9998162362851252,"N=512, U0=64",1.0913653976111075,1.1420016972771894,,S1,64,512,3.8440877532551916,57.0,1.4614704137087289,21.079400528965653,0.05449502490915987,0.07905251252997711,0.7569310366742081,0.6151408080674962,1818.376085460768,-0.05449502490915987,0.7869615274821951,0.7869615274821951,4.194124888666618,0.5279610560849207,2.3031894271834763,1.0,0.1543754390543498,0.0,0.42993730051566503,0.42993730051566503,0.9171327067355739,0.9998162362851252,7.0,d_kam,0.0,0.0,0.0007984487281852401,0.0,enterprise,5008,0.0,200.0,228932.0,53416.0,53416.0,363675.2170921536,0.0,8767.0,8072.0,3.5,377.3522805919638,512.0,
26.0,26.0,0.0,0.0,c_kam_N_512,0.999986366639818,"N=512, U0=64",0.20380481761809516,0.21581454536665415,,S1,64,512,0.284839139198967,42.0,1.1926143423366848,16.27317911311196,1.0248212535001446e-16,0.017163154209964438,0.7879356964047339,0.6642315193074956,14671.991041949368,-3.416070845000482e-17,0.40606564886048957,0.40606564886048957,2.139077989714362,0.5441356338613268,1.5581524261180828,0.0,0.04293919191615109,3.416070845000482e-17,0.16372393924466255,0.16372393924466255,0.9817051622248328,0.999986366639818,24.0,c_kam,0.0,2.220446049250313e-16,0.28888888888888886,0.0,enterprise,5009,2.0,200.0,2086042.0,91204.0,50198.0,2934398.2083898736,0.0,90.0,0.0,13.0,2946.1106078629964,512.0,
12.0,12.0,0.0,0.0,d_kam_N_512,0.9998859548260102,"N=512, U0=64",1.1783748829045408,1.204751038760768,,S1,64,512,2.382723609970231,53.0,1.4083920392436626,23.07167011457819,0.038238004629186584,0.08538305878001565,0.7700816414481202,0.6359625989595237,1629.7044475426082,-0.01641833717868546,0.8665141334842539,0.8665141334842539,6.434212404630164,0.5182929430980368,2.595660323062902,1.0,0.21417425892792535,0.010909833725250562,0.47952175614792547,0.47952175614792547,0.912479607687245,0.9998859548260102,11.0,d_kam,1.0,0.0397045941823396,0.0013708019191226869,0.0,enterprise,5009,0.0,200.0,219297.0,53178.0,53178.0,325940.88950852165,1.0,8754.0,7548.0,6.136554082430484,339.03814000904094,512.0,
24.0,24.0,0.0,0.0,c_kam_N_512,0.9999923129073781,"N=512, U0=64",0.14439285531491325,0.15536629141961675,,S1,64,512,0.16324079831231464,42.0,1.1610940957670033,13.77865512823739,1.1102230246251565e-16,0.012820318906060134,0.7507707583639049,0.6053870340761827,15214.875518574845,1.850371707708594e-17,0.27169325875986944,0.27169325875986944,1.6871274166540533,0.5587118344649874,1.309793616313196,0.0,0.013383317537417389,6.47630097698008e-17,0.1268773762837404,0.1268773762837404,0.9861508250367157,0.9999923129073781,23.0,c_kam,0.0,2.220446049250313e-16,0.26666666666666666,0.0,enterprise,5010,1.0,200.0,2135397.0,95178.0,50321.0,3042975.103714969,0.0,90.0,0.0,12.0,3055.4727150940453,512.0,
12.0,12.0,0.0,0.0,d_kam_N_512,0.9997419814402875,"N=512, U0=64",1.004863793985546,1.0418951069049844,,S1,64,512,5.479204914430747,54.0,1.9201774277327779,28.020598183588508,0.05094135231307887,0.07305328461300442,0.7468401166043936,0.5991635179569567,1652.9209942938178,-0.023008744221939104,0.7167235333022041,0.7167235333022041,4.442438864600278,0.5324911776604702,2.148346436333243,1.0,0.13114314556666387,0.013966304045569885,0.38937786238868743,0.38937786238868743,0.9240938079527399,0.9997419814402875,10.0,d_kam,2.0,0.06516443600279906,0.001322022694722926,0.0,enterprise,5010,0.0,200.0,217141.0,53313.0,53313.0,330584.19885876356,2.0,9077.0,7845.0,6.292519270372066,343.92156340001384,512.0,
18.0,18.0,0.0,0.0,c_kam_N_1024,0.9999946417370802,"N=1024, U0=128",0.06570882332107131,0.07525425268593798,,S1,128,1024,0.21983970403611283,112.0,1.2998858380457432,4.8909141751790965,1.2335811384723961e-17,0.005121139026155301,0.7506313829392454,0.6051663563204719,721403.2572490138,-1.2335811384723961e-17,0.36892123428329837,0.36892123428329837,2.0997347750303987,0.5126575302181428,1.3305991914507211,0.0,0.004738334389702734,0.0,0.11827960656547697,0.11827960656547697,0.9941375604385414,0.9999946417370802,16.0,c_kam,2.0,0.0,0.2,0.0,enterprise,5001,0.0,200.0,10515533.0,274678.0,102603.0,144280651.4498028,2.0,90.0,0.0,9.279748720330316,144338.32887802,1024.0,
5.0,5.0,0.0,0.0,d_kam_N_1024,0.9998848623517059,"N=1024, U0=128",0.4495281455545056,0.49954438017979846,,S1,128,1024,4.7238866225019125,123.0,1.7643421031494295,14.069675915421989,0.03761043197212954,0.0319884915824957,0.742869801818579,0.5928771862127502,38479.794077148545,-0.022639055399963137,0.6311316507773266,0.6311316507773266,5.822339958899743,0.5007904634112716,1.9517627593660405,1.0,0.10952929204432531,0.007485688286083203,0.37322043447322356,0.37322043447322356,0.9644372515139711,0.9998848623517059,5.0,d_kam,0.0,0.025131146685355696,0.00026520978093672097,0.0,enterprise,5001,0.0,200.0,470791.0,107346.0,107346.0,7695958.81542971,0.0,18853.0,17801.0,2.5,7755.256053948018,1024.0,
19.0,19.0,0.0,0.0,c_kam_N_1024,0.9999717562427533,"N=1024, U0=128",0.08995685846738713,0.1014753148366921,,S1,128,1024,1.1629057160665095,109.0,1.273102175520374,8.625280057841918,4.674623261579606e-17,0.007280422661357331,0.7335101811308559,0.5780577867905218,734898.9152233157,-2.337311630789803e-17,0.37114313183322895,0.37114313183322895,2.2655166156581377,0.5395800755338933,1.3607445387459742,0.0,0.00808787945629314,1.1686558153949016e-17,0.1305506094712376,0.1305506094712376,0.991788741971369,0.9999717562427533,19.0,c_kam,0.0,2.2204460492502657e-17,0.2111111111111111,0.0,enterprise,5002,0.0,200.0,10174519.0,233211.0,102282.0,146979783.04466313,0.0,90.0,0.0,9.5,147036.166813765,1024.0,
5.0,5.0,0.0,0.0,d_kam_N_1024,0.9998117253649854,"N=1024, U0=128",0.6858424672910362,0.7423990053978363,,S1,128,1024,7.752001524962111,123.0,2.238583545064422,27.82345422194953,0.0925053029316695,0.04899241527901276,0.7395550282677865,0.5876287947573288,40638.67842571926,-0.021867449846199795,0.7409572218704434,0.7409572218704434,6.492236532639493,0.5066195598873812,2.1916925330848533,1.0,0.14481697288388695,0.03531892654273485,0.4293849332578826,0.4293849332578826,0.946924083632089,0.9998117253649854,5.0,d_kam,0.0,0.0678763186681004,0.00027676298018377063,0.0,enterprise,5002,0.0,200.0,462216.0,107294.0,107294.0,8127735.685143857,0.0,18066.0,17052.0,2.5,8187.306632586988,1024.0,
33.0,33.0,0.0,0.0,c_kam_N_1024,0.9998652344280105,"N=1024, U0=128",0.14340073260990005,0.16203279110612875,,S1,128,1024,5.580556159961841,95.0,1.2375121402700133,11.73318589866714,4.710037074167331e-17,0.010982111200633454,0.7553805743708366,0.6126859094204913,733656.4366347608,6.7286243916676156e-18,0.40603284898523584,0.40603284898523584,2.5174814876235168,0.5233157819082751,1.409732917978843,0.0,0.012692456166516177,2.6914497566670462e-17,0.14663415794928647,0.14663415794928647,0.9875780707792284,0.9998652344280105,33.0,c_kam,0.0,2.220446049250313e-16,0.36666666666666664,0.0,enterprise,5003,0.0,200.0,9621623.0,267053.0,101672.0,146731287.32695213,0.0,90.0,0.0,16.5,146788.08605008898,1024.0,
6.0,6.0,0.0,0.0,d_kam_N_1024,0.9994864393579875,"N=1024, U0=128",0.6854820095676989,0.745338875700809,,S1,128,1024,21.266217788322827,122.0,2.9761701292232248,21.266217788322827,0.027530804017892502,0.048927800587679364,0.7394147151780155,0.5874066323651911,37493.76678009896,0.027530804017892502,0.9297864893648322,0.9297864893648322,6.876792929864792,0.5044057867655153,2.392108353870479,1.0,0.14866730159796449,0.027530804017892502,0.43158967050602115,0.43158967050602115,0.9467466448576007,0.9994864393579875,6.0,d_kam,0.0,0.06341094265468572,0.0003278688524590164,0.0,enterprise,5003,0.0,200.0,415734.0,107165.0,107165.0,7498753.356019791,0.0,18300.0,17070.0,3.0,7558.534847848001,1024.0,
51.0,51.0,0.0,0.0,c_kam_N_32,1.0,"N=32, U0=4",6.727111182031883,2.5888778390530813,,S1,4,32,0.0,3.0,0.854211660860911,87.71102136510872,1.1319921035393752e-16,0.5936605598183555,0.40963174828889676,0.3424116008168404,7.808617720438633,-7.836868409118753e-17,0.15844483647736143,0.15844483647736143,2.0895633648414162,0.6588435553490959,7.35123683413281,0.0,1.758833326737718,1.7415263131375004e-17,0.15411053979102274,0.15411053979102274,0.7652190105693838,1.0,11.0,c_kam,30.0,1.1102230246251565e-16,0.5666666666666667,0.0,hpc,5001,10.0,200.0,7610.0,3189.0,3189.0,1561.7235440877266,30.0,90.0,0.0,37.17438487992298,1.8038472449989058,32.0,
11.0,11.0,0.0,0.0,d_kam_N_32,0.9999999999999991,"N=32, U0=4",6.275384439089268,2.3842948208236985,,S1,4,32,0.0,2.0,1.0627170978126883,88.08690131805403,1.0902715247822206,0.5552637866682335,0.39200916653757195,0.32278248747996874,3.705154220224358,0.29143563562438274,0.18733626669064754,0.18733626669064754,2.1442431076477946,0.7851735251640687,7.633058571749382,1.0,1.8001167702784493,0.6908535802033016,0.16417006312952742,0.16417006312952742,0.7826085671188813,0.9999999999999991,2.0,d_kam,9.0,3.733079873533036,0.02576112412177986,0.0,hpc,5001,0.0,200.0,3716.0,3167.0,3167.0,741.0308440448716,9.0,427.0,348.0,10.055415653331128,0.9601030920166522,32.0,
34.0,34.0,0.0,0.0,c_kam_N_32,0.9997867019328268,"N=32, U0=4",9.532661656602968,3.1742370686251054,,S1,4,32,1.1914808362106748,4.0,0.8911552814320689,96.9327771218976,4.604160190357267e-16,0.8384020183455339,0.4560048550031082,0.39406481374108593,11.221738470194396,-4.147009533158673e-16,0.1978917165237386,0.1978917165237386,2.5151102288141804,0.6498475930170704,12.906397624467957,0.0,3.2939893078858917,2.2857532859929692e-17,0.17625095203982036,0.17625095203982036,0.7127346919401686,0.9997867019328268,7.0,c_kam,20.0,1.498801083243959e-16,0.37777777777777777,0.0,hpc,5002,7.0,200.0,7839.0,3196.0,3196.0,2244.347694038879,20.0,90.0,0.0,25.28576389123943,2.611353048996534,32.0,
11.0,11.0,0.0,0.0,d_kam_N_32,0.999476904882776,"N=32, U0=4",9.592576023151414,3.548332620421805,,S1,4,32,2.922004010391334,2.0,1.0745338898390917,97.11179008993639,1.5344109769602867,0.8434947395021517,0.36588206099283854,0.2936805134821221,3.6830093257594854,-1.5131411248542834,0.24384446580091257,0.24384446580091257,2.6152365743211536,0.7991460750594812,12.77944813693275,1.0,3.2212589833840286,0.010634926053001627,0.24601190189677427,0.24601190189677427,0.6809365700374491,0.999476904882776,2.0,d_kam,9.0,0.05849209329150895,0.029891304347826088,0.0,hpc,5002,0.0,200.0,3161.0,3151.0,3151.0,736.6018651518971,9.0,368.0,316.0,10.01399776914467,1.0376547069754452,32.0,
40.0,40.0,0.0,0.0,c_kam_N_32,0.9999920221678552,"N=32, U0=4",3.133066463440085,1.7155131996566935,,S1,4,32,0.050800712393386904,3.0,0.8705378666635111,56.84874613095302,2.4980018054066023e-17,0.28147612446957265,0.3665006685578125,0.2943695565619198,7.934340575593524,8.326672684688674e-18,0.16267282949103934,0.16267282949103934,1.6551838105983978,0.666210331222645,3.306158110102407,0.0,0.634307856437863,1.6653345369377347e-17,0.16170361999054308,0.16170361999054308,0.8425402644385457,0.9999920221678552,9.0,c_kam,23.0,1.1102230246251565e-16,0.4444444444444444,0.0,hpc,5003,8.0,200.0,7345.0,3181.0,3181.0,1586.8681151187047,23.0,90.0,0.0,25.61630471778241,1.8903330859611742,32.0,
13.0,13.0,0.0,0.0,d_kam_N_32,0.9996638786179931,"N=32, U0=4",4.351231735676151,2.6086704653241584,,S1,4,32,2.1403315267488883,2.0,1.0989386753337618,56.84874613095302,0.4477375398176729,0.3850201726096384,0.38899510305524637,0.31942523855163585,3.1957637215964496,-0.27439034320214717,0.2156840992160991,0.2156840992160991,1.7860594995708288,0.8249236090766635,3.7436534552373213,1.0,0.6961531821130567,0.08667359830776288,0.2193077980276353,0.2193077980276353,0.7666218968568111,0.9996638786179931,2.0,d_kam,11.0,0.4523155075421275,0.04498269896193772,0.0,hpc,5003,0.0,200.0,3082.0,3167.0,3167.0,639.1527443192899,11.0,289.0,239.0,10.063854002873635,0.8975410219863988,32.0,
40.0,40.0,0.0,0.0,c_kam_N_32,0.9998453443585184,"N=32, U0=4",5.310812233390784,2.3970165763326006,,S1,4,32,0.8811671913103609,4.0,1.0055929769901626,58.3760619342364,3.8857805861880476e-17,0.4669955624486786,0.4471366817951614,0.38418689803916495,8.295406221877784,-3.8857805861880476e-17,0.16389361481618558,0.16389361481618558,1.8581367552196113,0.648127130306426,4.914424004512907,0.0,1.0745642281478744,0.0,0.15157960184093702,0.15157960184093702,0.7845202185293004,0.9998453443585184,14.0,c_kam,12.0,0.0,0.4444444444444444,0.0,hpc,5004,14.0,200.0,7916.0,3197.0,3197.0,1659.0812443755567,12.0,90.0,0.0,24.48783529876839,1.9625545960152522,32.0,
12.0,12.0,0.0,0.0,d_kam_N_32,0.9995563267725243,"N=32, U0=4",6.2383608048446995,3.164495996999644,,S1,4,32,2.5278760475139737,2.0,1.1376749778317912,58.27580260528048,0.49916030130891825,0.5458371910222614,0.3918677909979834,0.3226250147254766,3.077921589720063,-0.28298705441108973,0.22845938644599695,0.22845938644599695,2.033411243399964,0.8312888578667332,5.282007941148659,1.0,1.119767035628441,0.10808662344891425,0.22559686500330592,0.22559686500330592,0.7192844677726016,0.9995563267725243,2.0,d_kam,10.0,0.5393362181183854,0.0410958904109589,0.0,hpc,5004,0.0,200.0,3116.0,3160.0,3160.0,615.5843179440126,10.0,292.0,236.0,11.549732695359356,0.8926190419588238,32.0,
47.0,47.0,0.0,0.0,c_kam_N_32,0.9999830650925969,"N=32, U0=4",2.8533730109954223,1.663092716732936,,S1,4,32,0.11125718573675891,5.0,0.8391333003902005,52.87799432655926,5.196788625904988e-17,0.25727382535820204,0.5005697700968337,0.44370395184053263,14.075623645039741,-4.724353296277262e-18,0.12086257694306632,0.12086257694306632,1.4396009792439144,0.6094101462752654,2.100090638207304,0.0,0.30179401221348795,2.362176648138631e-17,0.11898158024165045,0.11898158024165045,0.8476090787045039,0.9999830650925969,11.0,c_kam,24.0,1.8873791418627614e-16,0.5222222222222223,0.0,hpc,5005,12.0,200.0,9692.0,3251.0,3251.0,2815.124729007948,24.0,90.0,0.0,34.922671656181535,3.169996461016126,32.0,
8.0,8.0,0.0,0.0,d_kam_N_32,0.9979456505706549,"N=32, U0=4",3.2112628939942716,1.8946149843418767,,S1,4,32,13.496450296217164,2.0,1.9366433152950804,52.87799432655926,0.3534086692490866,0.2876944654131044,0.39187381784035064,0.3226317277924698,3.391128990042489,-0.3009167628611845,0.13901152404994546,0.13901152404994546,1.485269531114496,0.8079740422588283,2.387942154007812,1.0,0.3434717289809995,0.026245953193951038,0.1554836866667664,0.1554836866667664,0.8279296859577439,0.9979456505706549,2.0,d_kam,6.0,0.11401912955208933,0.02476780185758514,0.0,hpc,5005,0.0,200.0,3457.0,3138.0,3138.0,678.2257980084978,6.0,323.0,272.0,7.488916996800977,0.9126334869652055,32.0,
38.0,38.0,0.0,0.0,c_kam_N_32,0.999566660811212,"N=32, U0=4",0.63252304175784,0.5881191053563339,,S1,4,32,2.808024073063507,5.0,0.8618147871549072,8.371813171518497,6.135443030823234e-17,0.05409754066292848,0.37645413742352524,0.30545634118957016,9.809735399030615,-8.764918615461762e-18,0.08599913566321525,0.08599913566321525,1.1118993632428151,0.6198553661394753,0.952850342915448,0.0,0.009725319460181842,2.6294755846385285e-17,0.08438909454880097,0.08438909454880097,0.9496688034410485,0.999566660811212,11.0,c_kam,15.0,2.220446049250313e-16,0.4222222222222222,0.0,hpc,5006,12.0,200.0,9514.0,3245.0,3245.0,1961.947079806123,15.0,90.0,0.0,21.80501334929888,2.2030299789621495,32.0,
5.0,5.0,0.0,0.0,d_kam_N_32,0.9974307731026734,"N=32, U0=4",1.7374387541697534,1.3889751401703165,,S1,4,32,16.648508059093867,2.0,2.5328597771157035,19.586398398802878,0.27289808416520467,0.14801537621794109,0.40201862994633997,0.33393164226696287,6.312207184964791,-0.2391799976365739,0.13417301096050704,0.13417301096050704,1.2485083133449524,0.7761396854907135,1.3803015851563076,1.0,0.070667954075895,0.016859043264315376,0.1353119044467471,0.1353119044467471,0.88159604048186,0.9974307731026734,2.0,d_kam,3.0,0.06743617305726149,0.011185682326621925,0.0,hpc,5006,0.0,200.0,4046.0,3129.0,3129.0,1262.4414369929582,3.0,447.0,415.0,3.342852625459475,1.605769274989143,32.0,
52.0,52.0,0.0,0.0,c_kam_N_32,0.999930793421179,"N=32, U0=4",4.729905942228906,2.175462804666226,,S1,4,32,0.4339592594939804,4.0,0.9015170789341387,64.57559709021052,6.832141690000964e-17,0.420945156340184,0.47889749667831394,0.4195640433298051,14.034846304857638,-3.843079700625542e-17,0.15589706896755523,0.15589706896755523,1.8614242445630955,0.6269420346211597,4.561651063791084,0.0,0.9780248946180891,1.4945309946877107e-17,0.15372054608807165,0.15372054608807165,0.8016271685218189,0.999930793421179,11.0,c_kam,30.0,4.996003610813157e-17,0.5777777777777777,0.0,hpc,5007,11.0,200.0,9284.0,3237.0,3237.0,2806.9692609715275,30.0,90.0,0.0,35.16791682642723,3.1819270739797503,32.0,
9.0,9.0,0.0,0.0,d_kam_N_32,0.9990012753728523,"N=32, U0=4",4.517431702755902,2.1751794673475127,,S1,4,32,6.26249421686603,2.0,1.55634747234062,63.422423499281656,0.7641619386599694,0.40288484598497853,0.40762264908466583,0.3401737427923258,3.4037051515770145,-0.42295391339639665,0.2019886064230557,0.2019886064230557,1.8697667944697611,0.7763812354918116,4.589480890629634,1.0,0.9463624816921667,0.17060401263178637,0.17628171659044373,0.17628171659044373,0.8016512521939098,0.9990012753728523,2.0,d_kam,7.0,0.8204574259627666,0.023316062176165803,0.0,hpc,5007,0.0,200.0,3303.0,3139.0,3139.0,680.7410303154029,7.0,386.0,328.0,7.537795213883357,0.9633491040440276,32.0,
46.0,46.0,0.0,0.0,c_kam_N_32,0.999996972649251,"N=32, U0=4",6.875545287589048,2.78316197477327,,S1,4,32,0.01957086497640137,5.0,0.8479568780171373,93.74021688909681,1.9066873683779863e-16,0.6078295474147178,0.38303024031401095,0.3127812082705567,10.115621938894037,2.413528314402514e-18,0.16784369460911253,0.16784369460911253,2.0704910634527365,0.6312106488897204,7.315534745181676,0.0,1.75847009463668,9.654113257610057e-17,0.16650057194817208,0.16650057194817208,0.7479996694051129,0.999996972649251,12.0,c_kam,21.0,2.220446049250313e-16,0.5111111111111111,0.0,hpc,5008,13.0,200.0,9226.0,3237.0,3237.0,2023.1243877788074,21.0,90.0,0.0,32.31541853055364,2.32786641898565,32.0,
7.0,7.0,0.0,0.0,d_kam_N_32,0.999649222129442,"N=32, U0=4",6.3555700781222315,2.5618718981756277,,S1,4,32,2.2676679749624373,2.0,1.276937109968721,93.74021688909681,1.6407965820535384,0.5636316546100385,0.34266544286441286,0.26782041903214304,2.946382191730663,-1.5703913561506984,0.19651149494911066,0.19651149494911066,2.0593237043623462,0.813768726437758,7.310222709307461,1.0,1.7081142983368147,0.03520261295142012,0.1771351547666616,0.1771351547666616,0.7668093259159123,0.999649222129442,2.0,d_kam,5.0,0.15196577173496778,0.019390581717451522,0.0,hpc,5008,0.0,200.0,3154.0,3119.0,3119.0,589.2764383461326,5.0,361.0,328.0,5.824254171451679,0.7974816280184314,32.0,
41.0,41.0,0.0,0.0,c_kam_N_32,1.0,"N=32, U0=4",1.9135704799888709,1.2300661832753388,,S1,4,32,0.0,3.0,0.8878640412400339,34.07621598050993,8.665155314147564e-17,0.1737119968411047,0.3820773976304237,0.31171987359824427,7.817928775621112,5.415722071342227e-18,0.13135290509867562,0.13135290509867562,1.3930631762114813,0.6590385839055217,1.9815309778418486,0.0,0.2719583243516041,4.603363760640893e-17,0.13468728970961547,0.13468728970961547,0.8864387829944939,1.0,10.0,c_kam,22.0,2.220446049250313e-16,0.45555555555555555,0.0,hpc,5009,9.0,200.0,7525.0,3186.0,3186.0,1563.5857551242225,22.0,90.0,0.0,26.960168798995493,1.83060021197889,32.0,
6.0,6.0,0.0,0.0,d_kam_N_32,0.99902110255087,"N=32, U0=4",2.316476003494298,1.4785666050760857,,S1,4,32,5.300727119230762,2.0,1.271959080264481,37.7175908681443,0.231413344647192,0.20795896633906596,0.3672295313619066,0.29518140869519294,3.095887594099622,-0.14933545497423215,0.1884046032155019,0.1884046032155019,1.5011954809086692,0.8432475883212761,2.3667101000309585,1.0,0.3183498077261907,0.04103894483647993,0.16655834246483436,0.16655834246483436,0.8653162471414304,0.99902110255087,2.0,d_kam,4.0,0.13566563840073442,0.02112676056338028,0.0,hpc,5009,0.0,200.0,3077.0,3111.0,3111.0,619.1775188199244,4.0,284.0,254.0,5.345892311828687,0.8307496749912389,32.0,
39.0,39.0,0.0,0.0,c_kam_N_32,0.9996351554748036,"N=32, U0=4",1.5705804885200323,1.1300886259719487,,S1,4,32,2.2147032856545965,5.0,0.8449380832640934,33.35894727323611,5.693451408334136e-17,0.1419199638023273,0.42877014852558903,0.36372912583295813,14.3524679238908,-1.708035422500241e-17,0.11844963716130687,0.11844963716130687,1.2949318614160383,0.5839345509629128,1.3819974167103088,0.0,0.12115684063736182,1.9927079929169476e-17,0.13433407913384623,0.13433407913384623,0.8967116423215049,0.9996351554748036,10.0,c_kam,18.0,2.220446049250313e-16,0.43333333333333335,0.0,hpc,5010,11.0,200.0,11518.0,3301.0,3301.0,2870.49358477816,18.0,90.0,0.0,25.07592368751303,3.222326536953915,32.0,
6.0,6.0,0.0,0.0,d_kam_N_32,0.9998904974854336,"N=32, U0=4",2.4978357090646086,1.8243841126184892,,S1,4,32,0.6647093818070187,2.0,1.1080147002593819,33.35894727323611,0.15583926396626072,0.2207366575486163,0.3864343264578611,0.31657288838128095,3.2751702627865598,-0.10136311913039842,0.15688680025659074,0.15688680025659074,1.4257499143466645,0.7825845319909247,1.8065294951785893,1.0,0.18405987724672812,0.027238072417931154,0.1876266149669129,0.1876266149669129,0.8376965259565489,0.9998904974854336,2.0,d_kam,4.0,0.1225713258806902,0.016260162601626018,0.0,hpc,5010,0.0,200.0,3162.0,3111.0,3111.0,655.034052557312,4.0,369.0,336.0,4.918092965776926,0.8900163290090859,32.0,
48.0,48.0,0.0,0.0,c_kam_N_64,0.9999755061295879,"N=64, U0=8",8.992031800676271,3.0863443055937982,,S1,8,64,0.29843578520323133,5.0,0.8441491740502595,185.91354968824413,2.544261098099317e-17,0.7866234750993325,0.3761789420098547,0.30514981164464017,21.063572833954822,-6.938893903907228e-18,0.20241269654251262,0.20241269654251262,2.9151012343144256,0.6685234874589279,13.744073691827104,0.0,3.535306092648259,9.25185853854297e-18,0.2247472485134557,0.2247472485134557,0.7224580611753842,0.9999755061295879,16.0,c_kam,19.0,7.216449660063502e-17,0.5333333333333333,0.0,hpc,5001,13.0,200.0,19247.0,6594.0,6132.0,4212.714566790964,19.0,90.0,0.0,31.096053000972947,4.698506302025635,64.0,
11.0,11.0,0.0,0.0,d_kam_N_64,0.9998928875316931,"N=64, U0=8",9.278854148643497,3.2313836565873353,,S1,8,64,1.3050691069783704,2.0,1.0712729079144878,193.3938149665642,3.345914497701962,0.8110033746765469,0.29410225002048196,0.2137277537356853,7.297686047386378,-2.9772416254449046,0.229953340148691,0.229953340148691,3.0134224424534892,0.8592825545670066,14.396748484707302,1.0,3.6725229083633932,0.18433643612852874,0.2853486491640788,0.2853486491640788,0.7101297163409336,0.9998928875316931,6.0,d_kam,5.0,1.0092899217330564,0.02972972972972973,0.0,hpc,5001,0.0,200.0,6860.0,6273.0,6273.0,1459.5372094772756,5.0,370.0,263.0,7.050330659305798,1.8578173539717682,64.0,
59.0,59.0,0.0,0.0,c_kam_N_64,0.9993944898497983,"N=64, U0=8",10.872360419299683,3.8010089620859966,,S1,8,64,7.017490156825019,4.0,0.941583200919266,199.08448735387014,3.763467880085276e-17,0.9514118242090184,0.3815577741726679,0.3111410850933181,22.758733612427022,-3.010774304068221e-17,0.17948899083112252,0.17948899083112252,2.827631361677017,0.7040347421369032,13.63215886598259,0.0,3.4995452707592425,3.7634678800852764e-18,0.1989392980193479,0.1989392980193479,0.6597163214674256,0.9993944898497983,14.0,c_kam,35.0,0.0,0.6555555555555556,0.0,hpc,5002,10.0,200.0,15511.0,6229.0,6077.0,4551.7467224854045,35.0,90.0,0.0,43.00311940324202,5.111871308996342,64.0,
9.0,9.0,0.0,0.0,d_kam_N_64,1.0,"N=64, U0=8",10.151437607041123,3.4006255027144903,,S1,8,64,0.0,2.0,1.1787630265687439,206.8657377015712,2.0311603352084635,0.8901333851670408,0.27786164179010514,0.19563796734046363,8.073566465754993,-2.0127835061941726,0.2619450033053147,0.2619450033053147,2.8222569219133526,0.8609549853935786,13.71043725425204,1.0,3.4743599352124734,0.009188414507145618,0.1882606356280777,0.1882606356280777,0.6937489155140036,1.0,6.0,d_kam,3.0,0.04961743833858631,0.02564102564102564,0.0,hpc,5002,0.0,200.0,6826.0,6242.0,6242.0,1614.7132931509987,3.0,351.0,250.0,5.554137772067644,2.2027333739679307,64.0,
55.0,55.0,0.0,0.0,c_kam_N_64,0.9999288632887992,"N=64, U0=8",18.18422376699846,4.658013068561334,,S1,8,64,0.8610146024682899,7.0,0.8784549811210519,314.74314609939137,6.0557619525008536e-18,1.5843973522924923,0.36076109102487874,0.2879764627752362,38.12869370012777,2.0185873175002845e-18,0.24756701516446902,0.24756701516446902,4.480643210992191,0.6567944276291233,40.125883737306324,0.0,10.891827187137249,4.037174635000569e-18,0.27603855894170415,0.27603855894170415,0.5831298924314536,0.9999288632887992,14.0,c_kam,28.0,0.0,0.6111111111111112,0.0,hpc,5003,13.0,200.0,22380.0,6431.0,6179.0,7625.738740025554,28.0,90.0,0.0,40.453659495648814,8.199757845024578,64.0,
16.0,16.0,0.0,0.0,d_kam_N_64,0.9999725504261606,"N=64, U0=8",18.360474704521007,4.580629837323368,,S1,8,64,0.3322403230061922,2.0,1.090751387884699,323.06582923139683,7.074467226586595,1.5993786819819087,0.28985944997093965,0.20900186259139317,7.713806657120585,-5.845590895186861,0.28644224013292413,0.28644224013292413,4.567924136572891,0.8624878860938443,41.5689595212099,1.0,11.240780484300233,0.614438165699867,0.28432082287178667,0.28432082287178667,0.5897074670866806,0.9999725504261606,6.0,d_kam,10.0,3.6990077733721236,0.04419889502762431,0.0,hpc,5003,0.0,200.0,6885.0,6325.0,6325.0,1542.761331424117,10.0,362.0,245.0,12.990542716327267,1.935371920990292,64.0,
46.0,46.0,0.0,0.0,c_kam_N_64,0.9999999999999992,"N=64, U0=8",5.182085759958607,2.2875075203447794,,S1,8,64,0.0,4.0,0.8377927604056119,132.31542056270894,7.240584943207543e-17,0.4568049971804913,0.30911958039341575,0.2304549781609829,23.59851796296425,1.4481169886415085e-17,0.20809524512259425,0.20809524512259425,2.2240025731577204,0.6745515085068667,7.070128017491899,0.0,1.6800783045112024,4.344350965924526e-17,0.2081280287816126,0.2081280287816126,0.793366993894161,0.9999999999999992,13.0,c_kam,24.0,3.0531133177191805e-16,0.5111111111111111,0.0,hpc,5004,9.0,200.0,17368.0,6269.0,6104.0,4719.70359259285,24.0,90.0,0.0,33.342257944536904,5.274827024957631,64.0,
10.0,10.0,0.0,0.0,d_kam_N_64,1.0,"N=64, U0=8",5.144242088603912,2.193054744458716,,S1,8,64,0.0,2.0,1.0915159534680474,132.6239742783851,0.5866565056418411,0.4535882851153422,0.3188794727267158,0.24132614536391614,8.096666949859355,0.12178951351403866,0.26375548930768666,0.26375548930768666,2.314819765882338,0.8633709172182009,7.513548635601496,1.0,1.736672615464699,0.35422300957793984,0.21412481764945623,0.21412481764945623,0.8013954798444763,1.0,6.0,d_kam,4.0,1.631006460479019,0.027777777777777776,0.0,hpc,5004,0.0,200.0,6866.0,6257.0,6257.0,1619.333389971871,4.0,360.0,263.0,6.507473984708656,2.11994332697941,64.0,
61.0,61.0,0.0,0.0,c_kam_N_64,0.9999792519396693,"N=64, U0=8",7.8831542800465115,2.896777138272118,,S1,8,64,0.25721077336670406,5.0,0.866324795306322,184.39548004436497,2.7300566179307128e-17,0.6919846775268477,0.3833069699406986,0.3130894467161247,21.853728904679883,-5.4601132358614255e-18,0.26483785598293336,0.26483785598293336,3.2462130376394343,0.6639838719811008,15.44825595873361,0.0,3.9930559035064728,1.0920226471722851e-17,0.2747443927021918,0.2747443927021918,0.7388412253370313,0.9999792519396693,14.0,c_kam,36.0,1.1102230246251565e-16,0.6777777777777778,0.0,hpc,5005,11.0,200.0,19656.0,6358.0,6138.0,4370.745780935977,36.0,90.0,0.0,43.95665221907208,4.871113932982553,64.0,
11.0,11.0,0.0,0.0,d_kam_N_64,0.9999999999999994,"N=64, U0=8",9.557267208885602,3.219472639511238,,S1,8,64,0.0,2.0,1.1739095277494545,212.85570528555485,3.4539187909849334,0.8342842764781703,0.3332866729174306,0.25737376933872214,12.940723718202207,0.6769133023486349,0.3262164772498241,0.3262164772498241,3.5062735217533993,0.8535324162838396,18.35575755809933,1.0,4.745746045997106,2.0654160466667837,0.29263084832537795,0.29263084832537795,0.7114121077317062,0.9999999999999994,6.0,d_kam,5.0,10.97386735232098,0.026378896882494004,0.0,hpc,5005,0.0,200.0,6853.0,6273.0,6273.0,2588.1447436404414,5.0,417.0,316.0,7.799546761072609,3.247853218985256,64.0,
55.0,55.0,0.0,0.0,c_kam_N_64,0.9998054118829957,"N=64, U0=8",8.389476151391895,2.975011073205126,,S1,8,64,2.4762986819676875,7.0,0.8632217766197927,213.12160646148573,1.7561709662252476e-16,0.7389223329716716,0.40091063263400656,0.3326974868448093,28.96152370085474,-1.2717100100251794e-16,0.19755718673966718,0.19755718673966718,2.7516798812877346,0.6856918434135072,12.413602732196034,0.0,3.156269950791745,2.4223047810003414e-17,0.21066756868380007,0.21066756868380007,0.7305155955886309,0.9998054118829957,16.0,c_kam,24.0,1.4432899320127003e-16,0.6111111111111112,0.0,hpc,5006,15.0,200.0,17111.0,6909.0,6103.0,5792.304740170948,24.0,90.0,0.0,35.606922100751646,6.443508539989125,64.0,
12.0,12.0,0.0,0.0,d_kam_N_64,0.9999999999999996,"N=64, U0=8",9.481723941695012,3.351850621955456,,S1,8,64,0.0,2.0,1.0841921972959359,230.15176775861045,1.534586409840144,0.8317633951474366,0.3419488139978128,0.267022193809445,7.995518674142659,0.023662259282900906,0.2595926662287058,0.2595926662287058,2.958093709364923,0.8094069808633998,13.788212525926491,1.0,3.4999736607798595,0.7791243345615224,0.24576579415998487,0.24576579415998487,0.6984842339448529,0.9999999999999996,6.0,d_kam,6.0,3.8846873546253375,0.02696629213483146,0.0,hpc,5006,0.0,200.0,7388.0,6281.0,6281.0,1599.1037348285317,6.0,445.0,320.0,9.088630289987863,2.101107509981375,64.0,
73.0,73.0,0.0,0.0,c_kam_N_64,0.9999807073539246,"N=64, U0=8",7.998744875096786,3.0653487616186648,,S1,8,64,0.228860715091189,4.0,0.9316541323373937,182.85264675966968,8.97303540450469e-17,0.7029602981035603,0.42209823554162684,0.35629753958844573,27.375260272820015,-5.0188164126890635e-17,0.21054667958267217,0.21054667958267217,2.5401527316718457,0.6445516254697151,10.327083532669015,0.0,2.577289303291396,1.977109495907813e-17,0.21824136334096564,0.21824136334096564,0.7240050346709666,0.9999807073539246,22.0,c_kam,33.0,1.1102230246251565e-16,0.8111111111111111,0.0,hpc,5007,18.0,200.0,24442.0,6621.0,6207.0,5475.052054564003,33.0,90.0,0.0,50.760748660838445,5.895811338035855,64.0,
17.0,17.0,0.0,0.0,d_kam_N_64,0.9982214248976577,"N=64, U0=8",10.369814750732266,3.8776526594668366,,S1,8,64,21.09850396667781,2.0,1.6710032300164472,211.62666673794976,1.2357051856857908,0.9045012375325763,0.3039194466353873,0.22466274996515906,11.641109847696498,0.10519952367128295,0.3107393207056641,0.3107393207056641,3.0630815228564097,0.8527070779555532,13.947597425909478,1.0,3.524654812214345,0.6704523546785369,0.3019734464074665,0.3019734464074665,0.6549592033538719,0.9982214248976577,6.0,d_kam,11.0,5.220413176547864,0.04028436018957346,0.0,hpc,5007,0.0,200.0,8231.0,6380.0,6380.0,2328.2219695392996,11.0,422.0,253.0,15.329551314779899,2.846552705974318,64.0,
41.0,41.0,0.0,0.0,c_kam_N_64,1.0000000000000016,"N=64, U0=8",12.444515101963614,3.7259826952125756,,S1,8,64,0.0,3.0,0.9910688482278192,245.62240226479483,2.6807824253144023e-16,1.088604233016551,0.38139745080051257,0.31096250707977885,15.18873845867347,2.6807824253144023e-16,0.18926183530548485,0.18926183530548485,3.1256590749189455,0.7428537343796114,17.41601732924405,0.0,4.543075263721202,2.6807824253144023e-16,0.1914441082987357,0.1914441082987357,0.6649712102933829,1.0000000000000016,10.0,c_kam,26.0,2.220446049250313e-16,0.45555555555555555,0.0,hpc,5008,5.0,200.0,13329.0,6905.0,6044.0,3037.747691734694,26.0,90.0,0.0,32.17986044200881,3.5189553379896097,64.0,
18.0,18.0,0.0,0.0,d_kam_N_64,0.9998208143249576,"N=64, U0=8",12.98138359657917,4.1773916933597395,,S1,8,64,2.096561101412804,2.0,1.215928341914474,241.52142955269582,2.2219903651705852,1.1342380550588738,0.3708806583710662,0.29924825808658356,7.123595931043383,-1.4896671978814249,0.2734145347104336,0.2734145347104336,3.3323651191476564,0.8207170446311377,18.16534186842442,1.0,4.709781509102938,0.36616158364458024,0.25516385502456,0.25516385502456,0.6266014454508739,0.9998208143249576,6.0,d_kam,12.0,2.5099229374798537,0.043373493975903614,0.0,hpc,5008,0.0,200.0,6843.0,6357.0,6357.0,1424.7191862086765,12.0,415.0,288.0,15.087760838104007,1.8651895790244453,64.0,
59.0,59.0,0.0,0.0,c_kam_N_64,1.0000000000000007,"N=64, U0=8",11.344790161389694,3.500632083625,,S1,8,64,0.0,3.0,0.934622688085011,249.9131330743428,4.327988062098068e-17,0.9959236936782163,0.37704906004822447,0.3061190025289629,21.801200692134444,-1.8817339400426382e-18,0.19675559763059966,0.19675559763059966,2.8812828777579216,0.6984074361755634,16.443545393215263,0.0,4.281942796726176,2.069907334046902e-17,0.18897906894866906,0.18897906894866906,0.6836454036351225,1.0000000000000007,19.0,c_kam,26.0,2.220446049250313e-16,0.6555555555555556,0.0,hpc,5009,14.0,200.0,16421.0,6247.0,6089.0,4360.240138426889,26.0,90.0,0.0,43.29022164406475,4.902820080984384,64.0,
24.0,24.0,0.0,0.0,d_kam_N_64,1.0000000000000002,"N=64, U0=8",13.613751083089895,4.33177439163752,,S1,8,64,0.0,2.0,1.1246728813160989,269.64880411191695,1.3651434029424105,1.1887853720227337,0.41364897585203586,0.3468862354787528,12.243827840138692,-0.5542513718505345,0.29227734808914446,0.29227734808914446,3.336490628217589,0.8165639613411648,20.265549147023492,1.0,5.284619744447931,0.405446015545938,0.2797843043238899,0.2797843043238899,0.6129983074540583,1.0000000000000002,6.0,d_kam,18.0,1.3120020863941648,0.055299539170506916,0.0,hpc,5009,0.0,200.0,7327.0,6424.0,6424.0,2448.7655680277385,18.0,434.0,261.0,23.499165893158416,3.039306355989538,64.0,
62.0,62.0,0.0,0.0,c_kam_N_64,0.9996387052568125,"N=64, U0=8",7.072400355879743,2.8819953876645874,,S1,8,64,4.633888380406383,6.0,0.9743260090518344,180.23120384783212,6.80459273157354e-17,0.6227307616240944,0.40491513547193025,0.337157947926655,24.733111574605573,4.297637514678025e-17,0.18905856498377502,0.18905856498377502,2.5945292883407007,0.6830229415693977,8.996240082726978,0.0,2.2045695149088655,5.551115123125783e-17,0.20970201382601367,0.20970201382601367,0.7401274783135365,0.9996387052568125,15.0,c_kam,34.0,2.220446049250313e-16,0.6888888888888889,0.0,hpc,5010,13.0,200.0,18274.0,6309.0,6119.0,4946.622314921115,34.0,90.0,0.0,46.93796484497213,5.37906111398479,64.0,
11.0,11.0,0.0,0.0,d_kam_N_64,0.9995840729095455,"N=64, U0=8",7.965028175436593,3.0073695052552925,,S1,8,64,5.334591072512646,2.0,1.0876766998440655,195.1893861205057,1.5922182533792373,0.6986041262864267,0.3096196905960854,0.23101203160455064,9.834439987898804,-1.3365199872028297,0.20125842878255984,0.20125842878255984,2.7425924796155097,0.8585618782080343,10.709037459337166,1.0,2.648872913191894,0.1278491330882038,0.2400860792034402,0.2400860792034402,0.7294706783183265,0.9995840729095455,6.0,d_kam,5.0,0.6672772633418784,0.030136986301369864,0.0,hpc,5010,0.0,200.0,7247.0,6274.0,6274.0,1966.8879975797608,5.0,365.0,241.0,8.071454126864518,2.5060766880051233,64.0,
68.0,68.0,0.0,0.0,c_kam_N_128,0.9999999999999999,"N=128, U0=16",14.222155879530636,4.5522252527257265,,S1,16,128,0.0,4.0,0.9348255103705094,475.7418871253045,3.2816886463184776e-16,1.235776978768446,0.4421912647495327,0.37867838895368733,101.80996606533881,-3.151074172833165e-16,0.19126914244348295,0.19126914244348295,3.4154569455127035,0.6952274733956233,17.3508882959221,0.0,4.527091802485789,6.530723674265627e-18,0.19839355694207966,0.19839355694207966,0.5959876893093105,0.9999999999999999,19.0,c_kam,42.0,0.0,0.7555555555555555,0.0,hpc,5001,7.0,200.0,46933.0,12927.0,11952.0,20361.993213067763,42.0,90.0,0.0,55.172265748710366,21.775721113022882,128.0,
27.0,27.0,0.0,0.0,d_kam_N_128,0.9999999999999999,"N=128, U0=16",27.333160540296056,6.386473090981385,,S1,16,128,0.0,2.0,1.0970486857013444,672.3068062332894,0.9918842385998865,2.3502123749335064,0.3202912188765547,0.24289863488725152,79.01523045962676,-0.3951667508215423,0.3563593267399385,0.3563593267399385,5.510671517472061,0.8189245802227834,43.97509022846092,1.0,11.899608952306469,0.2983587438891721,0.28486174631474415,0.28486174631474415,0.44007662305757944,0.9999999999999999,14.0,d_kam,13.0,1.0082482020402463,0.03237410071942446,0.0,hpc,5001,0.0,200.0,20601.0,12560.0,12560.0,15803.046091925353,13.0,834.0,261.0,20.612997057445142,17.510199183016084,128.0,
52.0,52.0,0.0,0.0,c_kam_N_128,0.999848644160371,"N=128, U0=16",12.948831861127017,3.8555090929908715,,S1,16,128,3.81771484786542,6.0,0.9079765721855617,515.021175066594,1.6866849797189877e-15,1.1306237958394265,0.46061604674793954,0.3992010421697346,82.81974350073142,1.6610644483814842e-15,0.19900172291115353,0.19900172291115353,3.3933565293532215,0.6887594242375892,19.334378277832013,0.0,5.07743837990714,1.673874714050236e-15,0.20962296375050787,0.20962296375050787,0.6543785840349574,0.999848644160371,19.0,c_kam,24.0,1.4210854715202004e-14,0.5777777777777777,0.0,hpc,5002,9.0,200.0,44666.0,12516.0,11937.0,16563.948700146284,24.0,90.0,0.0,37.67631234751314,17.808762925036717,128.0,
23.0,23.0,0.0,0.0,d_kam_N_128,0.999775411266862,"N=128, U0=16",18.348804158296065,4.918502288161576,,S1,16,128,5.664900298958348,2.0,1.0517903122096983,600.2447600034169,1.8338305970345814,1.5896214410987954,0.27223638292598984,0.18937220870469168,81.34100905386731,-0.33716080796009035,0.28694213409876285,0.28694213409876285,4.227104700753545,0.8469592198802744,28.76095935627609,1.0,7.672920242997856,0.7483348945372456,0.26689955871179327,0.26689955871179327,0.5640241624454475,0.999775411266862,14.0,d_kam,9.0,1.4565523183597402,0.0343796711509716,0.0,hpc,5002,0.0,200.0,17675.0,12473.0,12473.0,16268.201810773462,9.0,669.0,209.0,14.814276659943378,18.316991532978136,128.0,
59.0,59.0,0.0,0.0,c_kam_N_128,0.9999999999999991,"N=128, U0=16",8.456113995076754,3.0920223611231084,,S1,16,128,0.0,5.0,0.9303409994653467,367.4824731599623,5.983913929335589e-16,0.7394796101211955,0.4688801413171016,0.408406098001722,145.29042211157503,-4.026910631691246e-16,0.21871166034620548,0.21871166034620548,3.0535908409097696,0.6617441033323407,11.408330816072137,0.0,2.865508703680762,9.785016488221718e-17,0.23254812853719126,0.23254812853719126,0.7227360024542483,0.9999999999999991,22.0,c_kam,26.0,2.442490654175332e-16,0.6555555555555556,0.0,hpc,5003,11.0,200.0,60503.0,12725.0,12055.0,29058.084422315005,26.0,90.0,0.0,40.868965900008014,30.398850311990827,128.0,
29.0,29.0,0.0,0.0,d_kam_N_128,0.9999999999999986,"N=128, U0=16",12.162522024813157,3.9555631578826054,,S1,16,128,0.0,2.0,1.154424428238466,443.51340901150274,0.6829792637031945,1.0545242926487899,0.3612125376432671,0.2884793117313619,104.24290266964817,-0.29542065237408544,0.38558966079073687,0.38558966079073687,4.072699988487944,0.7576543402565897,17.6910922897409,1.0,4.564877903838535,0.19377930566455448,0.3145376864981488,0.3145376864981488,0.6493350347296911,0.9999999999999986,14.0,d_kam,15.0,1.401874564561773,0.02269170579029734,0.0,hpc,5003,0.0,200.0,33561.0,12676.0,12676.0,20848.580533929635,15.0,1278.0,594.0,29.73654396478611,22.874474781972822,128.0,
38.0,38.0,0.0,0.0,c_kam_N_128,1.0000000000000007,"N=128, U0=16",13.929175492082024,4.104946174121297,,S1,16,128,0.0,2.0,1.0289756971151913,510.7447169012371,1.3731705830890094e-15,1.2105762813262009,0.39358373939430435,0.324536343384745,115.66207259485964,-6.018577449283744e-16,0.21447745178161287,0.21447745178161287,3.704308345653004,0.7444498433921041,19.92520238669485,0.0,5.234350676603136,3.8565641908031755e-16,0.2283127159071423,0.2283127159071423,0.6339263058314978,1.0000000000000007,18.0,c_kam,16.0,2.220446049250313e-16,0.4222222222222222,0.0,hpc,5004,4.0,200.0,36880.0,12447.0,11874.0,23132.414518971927,16.0,90.0,0.0,27.831237258538316,25.045758139982354,128.0,
25.0,25.0,0.0,0.0,d_kam_N_128,1.0000000000000002,"N=128, U0=16",18.38432081130637,4.819114912781503,,S1,16,128,0.0,2.0,1.0673894256849423,595.5358371634131,0.5799687666713832,1.5892636334602708,0.34392315516311256,0.26922133619653627,96.77460809762124,-0.29160067852926047,0.3375639519648596,0.3375639519648596,4.616075239876312,0.7978100648281997,28.92514596548112,1.0,7.706005696375942,0.1441840440710614,0.26731305742367606,0.26731305742367606,0.5732219630453804,1.0000000000000002,14.0,d_kam,11.0,0.6914453418750695,0.02986857825567503,0.0,hpc,5004,0.0,200.0,20517.0,12529.0,12529.0,19354.921619524248,11.0,837.0,282.0,18.38552571087458,21.777605731971562,128.0,
64.0,64.0,0.0,0.0,c_kam_N_128,0.9999577219863993,"N=128, U0=16",10.8062647796397,4.110948119161781,,S1,16,128,1.0457086294705769,5.0,0.9344189887805961,394.2724296163977,2.8796409701215e-16,0.9432461527432408,0.4063934543391183,0.33880459022921583,123.13602303969674,1.700029006457271e-16,0.2654503119506998,0.2654503119506998,2.95087565312597,0.7134379511711892,11.343192957943359,0.0,2.830622785542904,2.2898349882893854e-16,0.2629884023376332,0.2629884023376332,0.6343903453865599,0.9999577219863993,19.0,c_kam,37.0,1.5432100042289588e-15,0.7111111111111111,0.0,hpc,5005,8.0,200.0,43017.0,12448.0,11923.0,24627.204607939348,37.0,90.0,0.0,52.6020572663093,26.368021850008518,128.0,
24.0,24.0,0.0,0.0,d_kam_N_128,0.9999602142192422,"N=128, U0=16",9.379718301717181,3.1831992405270197,,S1,16,128,0.9840654923187315,2.0,1.076383334487917,414.53555460061364,0.5355310637997678,0.8219897021198267,0.3505923252304581,0.27664986721214385,110.58786897250684,-0.20094608153100066,0.32404474099623004,0.32404474099623004,2.9997996227776906,0.7868834445718396,11.4816197501535,1.0,2.8428238859882593,0.16729249113438358,0.2379012755862213,0.2379012755862213,0.7132490000705147,0.9999602142192422,14.0,d_kam,10.0,0.9474427752056584,0.023529411764705882,0.0,hpc,5005,0.0,200.0,28433.0,12600.0,12600.0,22117.573794501368,10.0,1020.0,474.0,16.6973023656878,24.413642742030788,128.0,
65.0,65.0,0.0,0.0,c_kam_N_128,1.0000000000000004,"N=128, U0=16",15.785308207000567,4.189278701061709,,S1,16,128,0.0,4.0,1.0104100747762588,605.4785554543789,6.815061335775961e-16,1.3739346617926562,0.5432641151137608,0.49125953416136725,158.57884676166577,-6.507614959725917e-16,0.22259460730895791,0.22259460730895791,3.801190923545191,0.6544208634512002,24.844949571648957,0.0,6.604405181904632,1.5372318802502168e-17,0.21367191248246903,0.21367191248246903,0.624765167595206,1.0000000000000004,21.0,c_kam,35.0,1.9984014443252786e-16,0.7222222222222222,0.0,hpc,5006,9.0,200.0,55433.0,12581.0,12016.0,31715.769352333155,35.0,90.0,0.0,50.14577490296891,33.32539239100879,128.0,
22.0,22.0,0.0,0.0,d_kam_N_128,0.9992614489605709,"N=128, U0=16",22.164114701593256,6.35856037765227,,S1,16,128,18.8673055988355,2.0,1.188341197638887,692.7810442014209,1.1384461062801317,1.916133213833035,0.35856577097990916,0.2855311805469285,82.83770993672078,-0.4907457055274076,0.3204049995326967,0.3204049995326967,4.650301778803952,0.8387574197644738,33.45964789351653,1.0,8.962939132907474,0.32385020037636214,0.3031114007380865,0.3031114007380865,0.4403762250850082,0.9992614489605709,14.0,d_kam,8.0,1.688956753626387,0.03442879499217527,0.0,hpc,5006,0.0,200.0,16919.0,12405.0,12405.0,16567.541987344157,8.0,639.0,268.0,15.986411049632729,18.308183846995234,128.0,
66.0,66.0,0.0,0.0,c_kam_N_128,1.0000000000000002,"N=128, U0=16",16.39914323782147,4.463618373634184,,S1,16,128,0.0,4.0,1.0621824173520544,592.5755534831632,9.924720977709733e-16,1.4266234830889215,0.49403006538763244,0.43641962728820444,159.1143212057068,-7.502416196709391e-16,0.1939551506166366,0.1939551506166366,3.5586460741304906,0.6993914013865689,23.257873818541015,0.0,6.165442721645474,1.2111523905001707e-16,0.20126733797069438,0.20126733797069438,0.6012804149193193,1.0000000000000002,21.0,c_kam,36.0,1.6653345369377348e-16,0.7333333333333333,0.0,hpc,5007,9.0,200.0,47964.0,12518.0,11960.0,31822.86424114136,36.0,90.0,0.0,47.80744986628315,33.393623026960995,128.0,
26.0,26.0,0.0,0.0,d_kam_N_128,1.0000000000000002,"N=128, U0=16",23.735954840730436,5.388928227717183,,S1,16,128,0.0,2.0,1.044271810519664,718.7971808601131,1.6061779107007543,2.050252469336184,0.2799612492170745,0.19797663897941462,115.26708240737207,-0.9234726770938421,0.30656965682887793,0.30656965682887793,5.006423909287153,0.8355518799274927,40.54536955187923,1.0,10.958446674891677,0.3413526168034562,0.2681929955495449,0.2681929955495449,0.5226290773222645,1.0000000000000002,14.0,d_kam,12.0,2.2788982307250123,0.036414565826330535,0.0,hpc,5007,0.0,200.0,19149.0,12506.0,12506.0,23053.416481474414,12.0,714.0,235.0,17.267247860726776,25.546570438018534,128.0,
59.0,59.0,0.0,0.0,c_kam_N_128,1.0000000000000004,"N=128, U0=16",8.674074434732411,3.152391823403629,,S1,16,128,0.0,5.0,0.9535655783631344,367.3797548740573,3.95164127408954e-16,0.7598915790387883,0.4743362344622964,0.4144834294753301,163.47647497692378,-3.6129291648818656e-16,0.22598221322324072,0.22598221322324072,2.9498746164861647,0.646869324609179,11.33656359138095,0.0,2.8465960908751553,1.6935605460383745e-17,0.21635312279305907,0.21635312279305907,0.7169905898749641,1.0000000000000004,24.0,c_kam,22.0,1.221245327087666e-16,0.6555555555555556,0.0,hpc,5008,13.0,200.0,60703.0,12782.0,12057.0,32695.294995384756,22.0,90.0,0.0,39.759701338516784,34.2511167700286,128.0,
22.0,22.0,0.0,0.0,d_kam_N_128,1.0000000000000004,"N=128, U0=16",10.973695839917218,3.6769630900128867,,S1,16,128,0.0,2.0,1.0460426140499879,418.06997523854153,0.45198739502761137,0.9553593984794972,0.29607312507866607,0.21592303535990034,112.25872862356482,-0.026568198286392262,0.35752039659768914,0.35752039659768914,3.4881905517320346,0.8216005423361361,14.752317778622219,1.0,3.7460017565488313,0.21270959837060952,0.29296771992380005,0.29296771992380005,0.6724020322131773,1.0000000000000004,14.0,d_kam,8.0,1.1158122891713433,0.028132992327365727,0.0,hpc,5008,0.0,200.0,20557.0,12473.0,12473.0,22451.745724712964,8.0,782.0,384.0,16.680109303208056,25.039938498986885,128.0,
46.0,46.0,0.0,0.0,c_kam_N_128,1.0000000000000002,"N=128, U0=16",25.149725006984333,5.759332209627907,,S1,16,128,0.0,3.0,0.9390203645486661,717.635486838507,1.5470716495320116e-15,2.176396293840566,0.3440774621484581,0.26939321278912404,103.34526846039807,-9.243813444161629e-16,0.2525278186717807,0.2525278186717807,5.299950455976536,0.7153338895674776,48.05967072494875,0.0,13.092608379358104,3.1134515255792434e-16,0.23338343734162906,0.23338343734162906,0.4898803026736104,1.0000000000000002,18.0,c_kam,23.0,0.0,0.5111111111111111,0.0,hpc,5009,5.0,200.0,38420.0,12597.0,11887.0,20669.053692079615,23.0,90.0,0.0,35.58957152842278,22.153344792954158,128.0,
25.0,25.0,0.0,0.0,d_kam_N_128,1.0000000000000004,"N=128, U0=16",31.752152622197876,7.084171208158586,,S1,16,128,0.0,2.0,1.0412696198763816,788.1751009646434,2.2352663385712974,2.737602641133717,0.2996870888294423,0.21994849003279454,123.14608886517817,-1.1279145102859178,0.36397668206165334,0.36397668206165334,6.822187573898957,0.8406199425878708,64.9841892659511,1.0,17.759057148848253,0.5536759141426899,0.32161476119171684,0.32161476119171684,0.3772689877985026,1.0000000000000004,14.0,d_kam,11.0,2.1924792162207543,0.03346720214190094,0.0,hpc,5009,0.0,200.0,20966.0,12550.0,12550.0,24629.217773035634,11.0,747.0,249.0,19.128282978703634,27.573123631009366,128.0,
56.0,56.0,0.0,0.0,c_kam_N_128,1.0000000000000002,"N=128, U0=16",18.79947510106934,4.8479661610362745,,S1,16,128,0.0,4.0,0.8507308955886843,619.8808251911315,3.548748596569697e-16,1.6289685178211886,0.4709197982186291,0.41067799306530467,147.59838039899478,-3.310843662721449e-16,0.20538515201303073,0.20538515201303073,4.4239694131053025,0.7162375643087049,29.55718018261452,0.0,7.919947742548138,1.1895246692412391e-17,0.22435646482799534,0.22435646482799534,0.5692730675262774,1.0000000000000002,21.0,c_kam,26.0,5.551115123125783e-17,0.6222222222222222,0.0,hpc,5010,9.0,200.0,45110.0,12516.0,11939.0,29519.676079798955,26.0,90.0,0.0,40.953137782174245,31.185934431967326,128.0,
23.0,23.0,0.0,0.0,d_kam_N_128,1.0000000000000007,"N=128, U0=16",27.76136851051124,6.0575635548585565,,S1,16,128,0.0,2.0,1.1200704658230574,799.8937574840394,1.7608858528843303,2.3907294576237508,0.2764980997029501,0.19411917046120672,121.5031870585517,-0.978009532714052,0.3222782168469701,0.3222782168469701,5.797043914371884,0.8498036896246421,51.22302395402589,1.0,13.931128963535958,0.39143816008513926,0.2669344083703503,0.2669344083703503,0.4664572890513833,1.0000000000000007,14.0,d_kam,9.0,1.6056342253134641,0.03662420382165605,0.0,hpc,5010,0.0,200.0,17985.0,12462.0,12462.0,24300.63741171034,9.0,628.0,217.0,14.5368722962449,27.414728348026983,128.0,
80.0,80.0,0.0,0.0,c_kam_N_256,0.9999352572947097,"N=256, U0=32",37.62819102078796,7.521237548083639,,S1,32,256,3.258456742168695,7.0,0.9778807967982643,1698.0693401359295,4.633793349029247e-15,3.2352537383933786,0.5346861312748692,0.4817048491923048,722.6006462832447,-1.0783041126671833e-15,0.36541771125220984,0.36541771125220984,9.49787887331889,0.643338294493284,90.22829370165412,0.0,24.81886485501644,1.777744618181032e-15,0.3770774037897541,0.3770774037897541,0.3403081954761376,0.9999352572947097,34.0,c_kam,37.0,5.551115123125467e-18,0.8888888888888888,0.0,hpc,5001,9.0,200.0,194392.0,29742.0,23838.0,144520.12925664894,37.0,90.0,0.0,60.88960379016846,149.15534151397878,256.0,
37.0,37.0,0.0,0.0,d_kam_N_256,0.989199749626101,"N=256, U0=32",64.75788184993642,9.48569054763663,,S1,32,256,543.5693255444535,2.0,15.822822301097522,2272.513102890932,3.168664025125307,5.541277458870999,0.34443177801789504,0.269787871554586,302.55914656911045,-1.7365101683038666,0.47986209218814013,0.47986209218814013,13.757241706557927,0.7820014250960966,187.6926041567888,1.0,51.98503873056036,0.71607692841072,0.44010703250117217,0.44010703250117217,0.17332969051413336,0.989199749626101,30.0,d_kam,7.0,4.142471881690193,0.023125,0.0,hpc,5001,0.0,200.0,46308.0,25155.0,25155.0,60511.82931382209,7.0,1600.0,212.0,22.262528214938083,66.14500675396994,256.0,
61.0,61.0,0.0,0.0,c_kam_N_256,0.9999854130593208,"N=256, U0=32",11.112078021049086,3.87431312588294,,S1,32,256,0.7244749882839723,5.0,0.8594592580263016,789.3715461171693,1.3450078937671979e-15,0.9655987330216362,0.38783809555049165,0.3181364925686169,744.9072603447712,4.2406879465190406e-16,0.22073121017896186,0.22073121017896186,3.3097097845066212,0.6723639439131636,12.577061677923933,0.0,3.2021120880874703,8.84538344209551e-16,0.22608052134835682,0.22608052134835682,0.6562436300298546,0.9999854130593208,36.0,c_kam,16.0,7.105427357601002e-15,0.6777777777777778,0.0,hpc,5002,9.0,200.0,178777.0,29516.0,23776.0,148981.45206895424,16.0,90.0,0.0,36.52176468779871,152.1733488200116,256.0,
38.0,38.0,0.0,0.0,d_kam_N_256,1.0,"N=256, U0=32",20.752909957810378,5.7342433199475265,,S1,32,256,0.0,2.0,1.0489699956691703,1038.5486658661534,0.41129739768788265,1.7850694476463462,0.3812849776558953,0.310837227587012,384.57431702758186,-0.1864954777542603,0.3515640852782841,0.3515640852782841,5.2127346962356365,0.7380266589499164,28.930949577238213,1.0,7.713718431476837,0.11240095996681117,0.31886516331546366,0.31886516331546366,0.49814956353436474,1.0,30.0,d_kam,8.0,0.5935647351951064,0.01761706073249884,0.0,hpc,5002,0.0,200.0,70761.0,25366.0,25366.0,76914.86340551637,8.0,2157.0,421.0,24.400976828690684,81.75619463803014,256.0,
75.0,75.0,0.0,0.0,c_kam_N_256,0.9997836930664271,"N=256, U0=32",22.23277154799972,5.496998734058227,,S1,32,256,11.253419782108697,8.0,0.9962358038548536,1396.8398179133428,4.967877960856034e-15,1.9211760987655482,0.565945510317106,0.5165234644621232,1032.4309045591508,-7.401486830834377e-16,0.2851956309213617,0.2851956309213617,5.294557004194172,0.6465501756563087,39.973317765836775,0.0,10.808208378582709,2.113864638886298e-15,0.2978143134443429,0.2978143134443429,0.5141989206413,0.9997836930664271,36.0,c_kam,27.0,1.8474111129762564e-14,0.8333333333333334,0.0,hpc,5003,12.0,200.0,200438.0,30312.0,23862.0,206486.18091183016,27.0,90.0,0.0,48.45833259245872,211.13814728200668,256.0,
37.0,37.0,0.0,0.0,d_kam_N_256,0.9990345208814496,"N=256, U0=32",41.48251899996045,8.177180545012925,,S1,32,256,50.22928129224631,2.0,1.2301275286517455,1910.2367948200417,1.3221426576469943,3.55740463218221,0.33936444368634516,0.2641435635120181,542.6723239911371,-0.4948033207218256,0.36712691846264206,0.36712691846264206,7.875087350473195,0.7821587305422294,86.06416934806916,1.0,23.651209247235332,0.4136696684625843,0.34951932892533955,0.34951932892533955,0.28638346671015064,0.9990345208814496,30.0,d_kam,7.0,2.20279526368912,0.021094640820980615,0.0,hpc,5003,0.0,200.0,57826.0,25255.0,25255.0,108534.46479822742,7.0,1754.0,329.0,20.976086719663066,115.61206791794393,256.0,
77.0,77.0,0.0,0.0,c_kam_N_256,0.9998588481649371,"N=256, U0=32",29.820628544820238,6.25285784276458,,S1,32,256,7.161017506128722,3.0,1.1011406215391477,1618.2746217641416,3.2037864424897375e-15,2.571050193490879,0.5551146130474764,0.5044593462162485,1075.1774858377757,4.902283485357834e-17,0.34508880069637454,0.34508880069637454,7.565502390914014,0.6520034939692668,69.77687509821462,0.0,19.11047177515897,1.626404638671658e-15,0.35103390399363554,0.35103390399363554,0.4482570759871906,0.9998588481649371,35.0,c_kam,36.0,4.263256414560611e-15,0.8555555555555555,0.0,hpc,5004,6.0,200.0,203893.0,31625.0,23870.0,215035.49716755515,36.0,90.0,0.0,53.392027658410285,219.8047351949499,256.0,
35.0,35.0,0.0,0.0,d_kam_N_256,0.999958214517543,"N=256, U0=32",43.24003912965261,8.003946033650525,,S1,32,256,2.119891471780311,2.0,1.1223858902734927,1925.249272874135,1.9708550454246287,3.7117000932016304,0.3198702505611672,0.24242973453595354,563.8071822398342,-1.5358966700060226,0.4622358527784198,0.4622358527784198,10.433471736634504,0.7957762065868786,113.37273644841939,1.0,31.246463637328084,0.21747918770930322,0.42098555605839805,0.42098555605839805,0.2994145797618853,0.999958214517543,30.0,d_kam,5.0,1.2027515840921967,0.0212636695018226,0.0,hpc,5004,0.0,200.0,50343.0,25186.0,25186.0,112761.43644796684,5.0,1646.0,176.0,19.528347274168503,119.53156071301783,256.0,
62.0,62.0,0.0,0.0,c_kam_N_256,0.9999655072633209,"N=256, U0=32",19.65761924799535,5.164127092458746,,S1,32,256,1.73228989996581,10.0,0.8678939240479588,1134.2108332600153,5.560068534614695e-15,1.6951429428194762,0.4971436872405407,0.43988777044119637,931.8038865164272,3.1927865369462163e-15,0.2744385325305516,0.2744385325305516,5.468693606825525,0.6610705537240839,32.25767234877972,0.0,8.665204496626806,4.376427535780456e-15,0.2826404373441988,0.2826404373441988,0.5450019336545262,0.9999655072633209,34.0,c_kam,16.0,2.842170943040401e-14,0.6888888888888889,0.0,hpc,5005,12.0,200.0,186350.0,29592.0,23811.0,186360.77730328543,16.0,90.0,0.0,38.13152712808311,190.76184397295583,256.0,
38.0,38.0,0.0,0.0,d_kam_N_256,0.9999999999999997,"N=256, U0=32",29.402896691133567,6.649579306340043,,S1,32,256,0.0,2.0,1.1747009330147309,1443.409691730109,0.9219179717265078,2.5234915254862247,0.348414415250875,0.27422397738340043,362.40876588533865,-0.6171580205771585,0.3786243392023041,0.3786243392023041,7.299726743959825,0.7606663386326309,54.30175925181007,1.0,14.78691169589616,0.15237997557467473,0.33929114437204144,0.33929114437204144,0.41873849547461606,0.9999999999999997,30.0,d_kam,8.0,1.1638044201739348,0.02006335797254488,0.0,hpc,5005,0.0,200.0,53229.0,25245.0,25245.0,72481.75317706773,8.0,1894.0,274.0,23.69286993605585,79.28175177099183,256.0,
61.0,61.0,0.0,0.0,c_kam_N_256,0.9999999999999991,"N=256, U0=32",16.6769731472704,4.312013151401747,,S1,32,256,0.0,5.0,0.852056685715127,1186.564364047507,3.2014463939600824e-15,1.4480495953813766,0.4318172993250172,0.36712322944618264,1034.5222029247088,1.1102230246251565e-16,0.28618402937117937,0.28618402937117937,4.873974594979516,0.6744961803434638,29.89964176802471,0.0,8.01094728871204,1.656234348211299e-15,0.27987196480924825,0.27987196480924825,0.6153568305549291,0.9999999999999991,32.0,c_kam,24.0,1.4210854715202004e-14,0.6777777777777778,0.0,hpc,5006,5.0,200.0,178058.0,30051.0,23774.0,206904.44058494177,24.0,90.0,0.0,41.87829991813362,211.6039550700225,256.0,
40.0,40.0,0.0,0.0,d_kam_N_256,1.0,"N=256, U0=32",27.51125742699631,6.1340804987291,,S1,32,256,0.0,2.0,1.0756499819830538,1468.0047702103825,1.216027692514983,2.3689637591580794,0.35179113718879224,0.27798517756177354,479.7588141349843,-0.6515373347880116,0.422193461925306,0.422193461925306,7.331206186563287,0.7719912899519649,54.73516732699961,1.0,14.892090008707747,0.2822451788634858,0.37357767113793705,0.37357767113793705,0.4604811060321039,1.0,30.0,d_kam,10.0,1.7028467307789623,0.022753128555176336,0.0,hpc,5006,0.0,200.0,54739.0,25281.0,25281.0,95951.76282699686,10.0,1758.0,198.0,23.780944154574048,102.0041278009885,256.0,
73.0,73.0,0.0,0.0,c_kam_N_256,0.9999426400745612,"N=256, U0=32",27.5692733302544,6.102737329360467,,S1,32,256,2.9112474771013055,6.0,0.9709523999992319,1421.2035782185603,4.9032315498513766e-15,2.3715623417833105,0.5266111745979445,0.47271046675513617,1200.2729980097502,5.627157796045314e-16,0.32861258242251074,0.32861258242251074,7.283230669308006,0.6427590830763922,56.58978310561247,0.0,15.441605765931117,2.732973664727954e-15,0.3404843137896144,0.3404843137896144,0.46345968914186747,0.9999426400745612,34.0,c_kam,31.0,2.842170943040401e-14,0.8111111111111111,0.0,hpc,5007,8.0,200.0,204582.0,29236.0,23876.0,240054.59960195003,31.0,90.0,0.0,49.454397615999504,244.76972395001212,256.0,
36.0,36.0,0.0,0.0,d_kam_N_256,0.9957890824992788,"N=256, U0=32",51.88599517168802,8.898956140640431,,S1,32,256,213.72104054393438,2.0,3.140162208101874,1989.2668501577336,2.6536166986273586,4.438483698305168,0.29347351680301326,0.21302743208256428,614.6003277067211,-1.0157337224999832,0.4722885725414224,0.4722885725414224,11.721173641218792,0.8068688582932705,130.9562664517313,1.0,36.15288582142529,0.8189414880636878,0.42287329794206935,0.42287329794206935,0.2257810901830706,0.9957890824992788,30.0,d_kam,6.0,3.0988238657310134,0.022756005056890013,0.0,hpc,5007,0.0,200.0,49982.0,25184.0,25184.0,122920.06554134423,6.0,1582.0,204.0,20.990237603765536,130.53276947099948,256.0,
80.0,80.0,0.0,0.0,c_kam_N_256,0.9998249467737718,"N=256, U0=32",20.15937442500815,5.306867846383952,,S1,32,256,8.612271215612287,7.0,1.0145914470971662,1180.2946541855463,3.4486302702418925e-15,1.7402008464495262,0.5292620357249433,0.4756631586045161,1264.778027916036,3.1502578323738816e-16,0.31231887185689183,0.31231887185689183,5.366829096078251,0.6570137910443679,35.01312675928303,0.0,9.419384238495189,1.8818280267396403e-15,0.300534288421791,0.300534288421791,0.5318227686465318,0.9998249467737718,35.0,c_kam,35.0,1.4210854715202004e-14,0.8888888888888888,0.0,hpc,5008,10.0,200.0,198257.0,29216.0,23853.0,252955.60558320722,35.0,90.0,0.0,53.75476268754516,258.7171847160207,256.0,
34.0,34.0,0.0,0.0,d_kam_N_256,0.999951610891517,"N=256, U0=32",31.036870218663747,6.998862110932272,,S1,32,256,2.380648075529514,2.0,1.2879884527655552,1355.564291653441,1.806427300873419,2.6647879889102524,0.3247272627147306,0.2478397728258139,561.7228524206439,-1.3717100474178845,0.4049862185094755,0.4049862185094755,7.300345308581174,0.7909116948103496,57.20524397782358,1.0,15.585722947796585,0.2173586267277673,0.34601888175985457,0.34601888175985457,0.38800325615992437,0.999951610891517,30.0,d_kam,4.0,0.7381992172558081,0.021065675340768277,0.0,hpc,5008,0.0,200.0,50581.0,25166.0,25166.0,112344.57048412878,4.0,1614.0,212.0,18.587045323191923,121.65061914897524,256.0,
72.0,72.0,0.0,0.0,c_kam_N_256,0.9999999999999996,"N=256, U0=32",24.11523864170067,5.749144386569425,,S1,32,256,0.0,5.0,1.0198358806627066,1409.2501789271278,3.8749867512264145e-15,2.081719309577098,0.5705968154308375,0.5217043736234576,1153.795052570058,2.8757860290637736e-15,0.2975149508669519,0.2975149508669519,5.7193833215544805,0.6159352060801311,44.25965102926931,0.0,12.008688413430505,3.375386390145094e-15,0.2909971240282712,0.2909971240282712,0.49218558647218613,0.9999999999999996,36.0,c_kam,27.0,2.842170943040401e-14,0.8,0.0,hpc,5009,9.0,200.0,218796.0,30451.0,23929.0,230759.0105140116,27.0,90.0,0.0,48.714477395186265,236.4207359070424,256.0,
43.0,43.0,0.0,0.0,d_kam_N_256,0.9999999999999991,"N=256, U0=32",44.707716362104854,8.287833832751101,,S1,32,256,0.0,2.0,1.1867602864771338,1862.4764848318218,1.3979117567808395,3.8320799158114536,0.4163629601075309,0.3499092377435368,479.565005771874,-0.33937007222307836,0.41583555096479613,0.41583555096479613,9.590580611231287,0.7240809250980211,99.4930029483071,1.0,27.388712941278445,0.5292708422788804,0.3717013295539004,0.3717013295539004,0.2763969835467438,0.9999999999999991,30.0,d_kam,13.0,2.8482852528187848,0.02084343189529811,0.0,hpc,5009,0.0,200.0,70978.0,25359.0,25359.0,95913.0011543748,13.0,2063.0,440.0,31.37992799214649,102.03498855500948,256.0,
72.0,72.0,0.0,0.0,c_kam_N_256,0.9997105280227875,"N=256, U0=32",19.081778277123597,4.9491882976826576,,S1,32,256,14.706591758843365,3.0,0.9487784532142577,1192.8399790900517,3.0099379778726466e-15,1.6474872328049317,0.48413745096143346,0.4254006260709036,935.6951336999191,-1.942890293094024e-16,0.26501154995803833,0.26501154995803833,5.1030991289339696,0.6558127914978863,30.653911195317338,0.0,8.223729189539275,1.407824474281622e-15,0.27543807762335276,0.27543807762335276,0.5625798333309132,0.9997105280227875,38.0,c_kam,25.0,1.4210854715202004e-14,0.8,0.0,hpc,5010,9.0,200.0,188907.0,29975.0,23813.0,187139.02673998382,25.0,90.0,0.0,46.982698994571514,192.2339705490158,256.0,
45.0,45.0,0.0,0.0,d_kam_N_256,0.9994965831294615,"N=256, U0=32",45.346443334162714,8.449630524420352,,S1,32,256,25.57603838139805,2.0,1.2736881979971195,1858.2895481371397,1.423209808665912,3.8799837626532563,0.3399775573616493,0.264826487160253,500.8799404386082,-0.8446540273384601,0.4961849765672802,0.4961849765672802,9.53045392722146,0.776325972925529,95.82569621894177,1.0,26.341238317695623,0.2892778906637259,0.37620267733961527,0.37620267733961527,0.26504224405820925,0.9994965831294615,30.0,d_kam,15.0,1.8714249184180085,0.023474178403755867,0.0,hpc,5010,0.0,200.0,53695.0,25397.0,25397.0,100175.98808772163,15.0,1917.0,183.0,29.44714906438392,106.66848490398843,256.0,
84.0,84.0,0.0,0.0,c_kam_N_512,0.9994185691542371,"N=512, U0=64",48.04801829491135,8.53037484413415,,S1,64,512,60.342000131945326,7.0,1.065128648775762,3870.3256230715115,1.3621379156889123e-14,4.116316932856525,0.6109264036883798,0.5666259447024032,4698.93397144042,3.634658711570453e-15,0.4642082982172388,0.4642082982172388,12.164900904753331,0.5600179899774341,127.27852563345506,0.0,35.14265443180944,8.628018934229787e-15,0.4716463731095874,0.4716463731095874,0.25575730269352515,0.9994185691542371,65.0,c_kam,11.0,5.684341886080802e-14,0.9333333333333333,0.0,hpc,5001,8.0,200.0,1147961.0,71721.0,48266.0,939786.7942880839,11.0,90.0,0.0,47.424433291849574,945.3651512100478,512.0,
77.0,77.0,0.0,0.0,d_kam_N_512,0.9851861307430286,"N=512, U0=64",66.49298699711089,9.612669906064877,,S1,64,512,1537.4115549139674,3.0,28.746718432881785,4403.751070733533,1.1939598800843962,5.684139272543486,0.476821654410673,0.4172518427841655,860.2277472621063,-0.40792331825064787,0.6694874941211836,0.6694874941211836,17.99869839880723,0.6127294749701392,207.95420939757233,1.0,57.61126111128795,0.39301828091687435,0.605726926317001,0.605726926317001,0.16376222242941324,0.9851861307430286,61.0,d_kam,16.0,2.142510035384766,0.011777301927194861,0.0,hpc,5001,0.0,200.0,194094.0,51736.0,51736.0,172045.54945242126,16.0,6538.0,156.0,48.187626583255984,179.14229564199923,512.0,
78.0,78.0,0.0,0.0,c_kam_N_512,0.9877048494931241,"N=512, U0=64",61.28057820057781,9.462325894779012,,S1,64,512,1279.0154988869947,7.0,20.30986414794853,4258.798577046991,2.3229281746003275e-14,5.2420148197586975,0.617139567283201,0.5735465477164366,4705.423787469335,-6.8321416900009635e-15,0.5065707619584702,0.5065707619584702,13.270337775078634,0.5530570645354358,172.12674683288648,0.0,47.64955217022699,8.198570028001155e-15,0.4925446901966241,0.4925446901966241,0.17628614114171096,0.9877048494931241,61.0,c_kam,13.0,5.684341886080802e-14,0.8666666666666667,0.0,hpc,5002,4.0,200.0,1171257.0,71854.0,48311.0,941084.7574938671,13.0,90.0,0.0,46.638936455231345,946.7473262330168,512.0,
68.0,68.0,0.0,0.0,d_kam_N_512,0.9681629925325718,"N=512, U0=64",87.5820990613917,9.999400351398059,,S1,64,512,3311.876984852539,3.0,130.74562025291286,5353.0794991211615,1.7895726033404373,7.4776440929278785,0.44407314026296774,0.3807745374216225,849.1607367081451,-1.0515670482433772,0.7017794132709002,0.7017794132709002,20.231465670056608,0.6385166463013657,330.83951121648283,1.0,91.89994182107323,0.36900277754853006,0.6211540771699617,0.6211540771699617,0.13063481232909194,0.9681629925325718,61.0,d_kam,7.0,2.2318924125899824,0.011929824561403509,0.0,hpc,5002,0.0,200.0,179690.0,51307.0,51307.0,169832.14734162902,7.0,5700.0,212.0,38.069760498900564,177.31028084701393,512.0,
77.0,77.0,0.0,0.0,c_kam_N_512,0.9997071019412145,"N=512, U0=64",38.778786785764254,7.632604528573855,,S1,64,512,30.114503018512636,7.0,0.8329160745334027,3609.2747467268055,1.9770620926831358e-14,3.3276114060573376,0.5145966867400155,0.4593279926559579,4674.567535042006,5.179118317472159e-15,0.47643622541771175,0.47643622541771175,10.698435296158323,0.5644874547892998,93.33198999916675,0.0,25.679043034260904,1.2474869622151759e-14,0.4495055406274939,0.4495055406274939,0.3320214594304114,0.9997071019412145,66.0,c_kam,2.0,5.684341886080802e-14,0.8555555555555555,0.0,hpc,5003,9.0,200.0,1138234.0,70918.0,48250.0,934913.5070084012,2.0,90.0,0.0,40.1540130024719,940.5246614799835,512.0,
72.0,72.0,0.0,0.0,d_kam_N_512,0.9721933836731416,"N=512, U0=64",87.53888309162421,9.989656665479028,,S1,64,512,2858.955210504176,3.0,135.96636318151064,5497.612415606729,1.1359800723685556,7.472219592055435,0.4727232313361205,0.41268676757736195,887.5418630684726,-0.5415802783349348,0.6331139975241136,0.6331139975241136,19.30011959335499,0.6115066767027375,315.75360134433805,1.0,87.71094133535784,0.2971998970168104,0.5624384801289227,0.5624384801289227,0.13167202779347154,0.9721933836731416,61.0,d_kam,11.0,1.3066883229112505,0.011801344041960335,0.0,hpc,5003,0.0,200.0,214637.0,51406.0,51406.0,177508.37261369452,11.0,6101.0,204.0,40.08544921393478,184.49202119000256,512.0,
76.0,76.0,0.0,0.0,c_kam_N_512,0.9928059401539499,"N=512, U0=64",57.936262803473994,9.264338902816897,,S1,64,512,732.164911861413,2.0,6.77515444796372,4029.1373106993997,1.4771809506591557e-14,4.958708915726727,0.5999491454008894,0.5543988005702976,4564.883370193711,2.804773956947764e-15,0.5270365498206172,0.5270365498206172,14.963753965668168,0.5772821995180191,168.6042863097295,0.0,46.65696720415459,8.78829173176966e-15,0.5326900704458698,0.5326900704458698,0.19321238462524057,0.9928059401539499,65.0,c_kam,8.0,5.684341886080802e-14,0.8444444444444444,0.0,hpc,5004,3.0,200.0,1123669.0,70532.0,48214.0,912976.6740387422,8.0,90.0,0.0,42.01687966992864,918.5854011469637,512.0,
68.0,68.0,0.0,0.0,d_kam_N_512,0.9757364489624407,"N=512, U0=64",82.26101117879286,9.906628660385806,,S1,64,512,2469.3873955764075,2.0,65.89671454594895,5213.449996179734,1.8006652413633817,7.026312527628829,0.43858297262270646,0.3746592516837077,786.3280479377136,-0.8987233628977942,0.6871750910015832,0.6871750910015832,21.253874718302022,0.6602512701232756,306.24304811363976,1.0,85.03378719712951,0.4509709392327938,0.6394345508884123,0.6394345508884123,0.13861775523188333,0.9757364489624407,62.0,d_kam,6.0,2.068796933632339,0.012258878673156661,0.0,hpc,5004,0.0,200.0,159636.0,51244.0,51244.0,157265.6095875427,6.0,5547.0,104.0,36.975507611949055,164.74971840000944,512.0,
82.0,82.0,0.0,0.0,c_kam_N_512,0.9999840505785098,"N=512, U0=64",34.75125166097343,7.474350591204862,,S1,64,512,1.6689503402679522,6.0,1.0106602115039207,3166.0549360903215,1.1627555287171762e-14,2.981803052232704,0.6101973007822257,0.5658138251287168,4760.075605246238,1.456829237191059e-15,0.46277625158931884,0.46277625158931884,10.271508353557456,0.5581197748624814,77.31220883140436,0.0,21.19728058856861,6.5421922621814105e-15,0.44850915772498995,0.44850915772498995,0.3470315732918248,0.9999840505785098,65.0,c_kam,10.0,2.842170943040401e-14,0.9111111111111111,0.0,hpc,5005,7.0,200.0,1148937.0,71755.0,48274.0,952015.1210492477,10.0,90.0,0.0,47.70749719669703,957.765275053971,512.0,
67.0,67.0,0.0,0.0,d_kam_N_512,0.9848985318602921,"N=512, U0=64",65.33485580283624,9.595929947039872,,S1,64,512,1580.220348754293,3.0,26.240875269393456,4375.258765288248,1.2555955354919328,5.581409404291041,0.4567010534125639,0.3948402822664697,853.4341978433076,-0.6052187229599815,0.6176848233785617,0.6176848233785617,17.212384477881987,0.6381578617593089,191.9324008591385,1.0,53.150250452375595,0.3251884062659757,0.5582850451343551,0.5582850451343551,0.16669732804584914,0.9848985318602921,61.0,d_kam,6.0,1.744248371765683,0.011476533059266871,0.0,hpc,5005,0.0,200.0,194996.0,51267.0,51267.0,170686.83956866153,6.0,5838.0,234.0,36.85448141695965,178.13887429697206,512.0,
78.0,78.0,0.0,0.0,c_kam_N_512,0.9999873284316926,"N=512, U0=64",37.48760260495784,7.712981246048382,,S1,64,512,1.313094464432981,4.0,0.9987262903337951,2959.843713298128,1.1425333613674527e-14,3.2103040203459257,0.5622754366239958,0.5124355110910844,4638.532343867992,4.1704531566047547e-16,0.45605395781808034,0.45605395781808034,9.455380241352657,0.5751439173456053,78.093268845777,0.0,21.420538302903378,5.921189464667502e-15,0.4384117723854212,0.4384117723854212,0.32878664125321494,0.9999873284316926,65.0,c_kam,8.0,2.842170943040401e-14,0.8666666666666667,0.0,hpc,5006,5.0,200.0,1115615.0,70967.0,48203.0,927706.4687735983,8.0,90.0,0.0,43.39152059043634,933.9419703579624,512.0,
72.0,72.0,0.0,0.0,d_kam_N_512,0.9877468061822723,"N=512, U0=64",58.24774774288738,9.384897611448796,,S1,64,512,1269.7403023466004,2.0,20.53829488905604,3826.8467741777354,1.1434250937325279,4.974916357069937,0.45035770077692644,0.3877746667069725,886.1972200256423,-0.7046127119471794,0.6053845110215726,0.6053845110215726,14.895268247909994,0.6373890245410149,154.63579041190727,1.0,42.74486773578217,0.2194061908926742,0.5616365583708414,0.5616365583708414,0.18667375019417976,0.9877468061822723,62.0,d_kam,10.0,1.1063931725600924,0.011998000333277787,0.0,hpc,5006,0.0,200.0,195788.0,51433.0,51433.0,177239.44400512846,10.0,6001.0,89.0,42.46819171837694,184.6416766360053,512.0,
82.0,82.0,0.0,0.0,c_kam_N_512,1.0,"N=512, U0=64",35.85246800721513,7.35433434227053,,S1,64,512,0.0,6.0,1.032169999607898,2969.93817336766,8.351043434009714e-15,3.074353198539315,0.6128286844958806,0.568744821839471,5164.748132028908,-1.7113681745441437e-15,0.4852640307924534,0.4852640307924534,9.219481928028697,0.5572109674408845,78.28910462333222,0.0,21.46348961615982,3.319837629732785e-15,0.45889244652417444,0.45889244652417444,0.35802415764796136,1.0,64.0,c_kam,12.0,2.842170943040401e-14,0.9111111111111111,0.0,hpc,5007,6.0,200.0,1154157.0,70183.0,48279.0,1032949.6264057816,12.0,90.0,0.0,44.94588005951761,1038.9488529399969,512.0,
70.0,70.0,0.0,0.0,d_kam_N_512,0.988777939706525,"N=512, U0=64",60.96359836565301,9.388840152283539,,S1,64,512,1133.5549360496047,4.0,16.12951977208945,4174.905449489219,1.0861180504606722,5.208799279006536,0.4657563276136507,0.40492660253995744,1022.4977597367251,-0.46421910597493293,0.6430025591470553,0.6430025591470553,15.480901355754881,0.6135228974093636,174.0744381723589,1.0,48.16390343028609,0.3109494722428698,0.5550862438742966,0.5550862438742966,0.18509116379685564,0.988777939706525,60.0,d_kam,10.0,1.611739051439653,0.011194626579241964,0.0,hpc,5007,0.0,200.0,225679.0,51433.0,51433.0,204499.55194734503,10.0,6253.0,320.0,40.79314098749545,212.20803079998586,512.0,
78.0,78.0,0.0,0.0,c_kam_N_512,0.9999747342933668,"N=512, U0=64",35.57030760444355,7.154019115910726,,S1,64,512,2.5463598649399635,5.0,1.087447550135928,3089.465905061027,1.4287716309214513e-14,3.05222921632155,0.5752608594388591,0.5268994721472441,4950.296670225798,-1.0504417848376481e-15,0.5004637919066254,0.5004637919066254,11.534888666084392,0.5927800358763189,86.56540438072935,0.0,23.76589563743518,6.618637262188433e-15,0.48862934957241877,0.48862934957241877,0.37411239413761144,0.9999747342933668,63.0,c_kam,11.0,5.684341886080802e-14,0.8666666666666667,0.0,hpc,5008,4.0,200.0,1106690.0,71172.0,48184.0,990059.3340451596,11.0,90.0,0.0,45.94948340825207,996.3928711450426,512.0,
69.0,69.0,0.0,0.0,d_kam_N_512,0.9878352388932344,"N=512, U0=64",59.99720702340514,9.438822602362045,,S1,64,512,1226.0040813161847,5.0,21.238710548884427,3877.1796587024346,1.2842303918840188,5.128515666933287,0.4666980456457259,0.4059755458925165,1120.061556386645,-0.4906373401215522,0.6345037839511908,0.6345037839511908,16.59880933395105,0.6225906972310761,162.78904240824838,1.0,45.01373291085711,0.3967965258812332,0.5813719135785588,0.5813719135785588,0.17990409778924932,0.9878352388932344,59.0,d_kam,10.0,1.3661069168673745,0.010835427135678392,0.0,hpc,5008,0.0,200.0,234098.0,51437.0,51437.0,224012.311277329,10.0,6368.0,332.0,41.30810186919821,232.53895379201276,512.0,
83.0,83.0,0.0,0.0,c_kam_N_512,0.9969141108351127,"N=512, U0=64",44.20148363530487,8.657048386688162,,S1,64,512,312.380520230978,4.0,2.3088702524789273,3349.828266386817,1.6864689029486717e-14,3.7883375923707847,0.591557782287927,0.545051985221701,4982.40229877847,-6.677389564974436e-15,0.4827854251013863,0.4827854251013863,11.033443345004509,0.5795175064737802,107.94913232775588,0.0,29.7402729738877,5.09364973225614e-15,0.4728397477438502,0.4728397477438502,0.24545641278945665,0.9969141108351127,62.0,c_kam,19.0,4.121147867408569e-14,0.9222222222222223,0.0,hpc,5009,2.0,200.0,1150752.0,74217.0,48268.0,996480.459755694,19.0,90.0,0.0,49.464706006397186,1002.7647799139959,512.0,
72.0,72.0,0.0,0.0,d_kam_N_512,0.9626634650341418,"N=512, U0=64",94.47613980141965,10.063288222577365,,S1,64,512,3779.528555000109,3.0,177.09668595640645,5524.67198767992,1.8481671118642842,8.06168336649054,0.47844685396522046,0.4190620898127456,884.3316951493034,-0.619737160403944,0.6832618535641068,0.6832618535641068,21.899287636586163,0.6134649288563183,373.2195785901167,1.0,103.73512021911198,0.6142149757301701,0.6317811084893199,0.6317811084893199,0.12592602673887437,0.9626634650341418,61.0,d_kam,11.0,3.129438786028375,0.011272898074213245,0.0,hpc,5009,0.0,200.0,197139.0,51498.0,51498.0,176866.33902986068,11.0,6387.0,236.0,40.70132895722767,184.30676254199352,512.0,
82.0,82.0,0.0,0.0,c_kam_N_512,0.9965700677907925,"N=512, U0=64",50.078566745409546,8.877928205383604,,S1,64,512,355.67849048330606,5.0,2.424778511582792,3673.35341091427,1.9149993244266116e-14,4.288893700951891,0.5992903966438138,0.5536650457666242,4814.2018881687545,2.1662888285368908e-15,0.4719123544252607,0.4719123544252607,11.853672836977484,0.5609445183562234,126.02627085318598,0.0,34.7926727893404,1.0658141036401503e-14,0.4584286402222514,0.4584286402222514,0.22654758672275285,0.9965700677907925,64.0,c_kam,13.0,5.684341886080802e-14,0.9111111111111111,0.0,hpc,5010,5.0,200.0,1134691.0,69272.0,48238.0,962840.3776337509,13.0,90.0,0.0,48.784692303708546,968.3744521129993,512.0,
73.0,73.0,0.0,0.0,d_kam_N_512,0.9719453387313903,"N=512, U0=64",85.83332766967429,9.96600715784801,,S1,64,512,2909.2235538221707,2.0,98.03302309902446,5430.046678252104,1.4641203579171542,7.328048379514394,0.4425143102853398,0.3790382169019874,910.4844003342441,-0.2981439362751078,0.6730244309309826,0.6730244309309826,20.911807058228046,0.6537961803872401,318.1031482674282,1.0,88.34916839525985,0.5829882108210233,0.5922040220858953,0.5922040220858953,0.13406087576327838,0.9719453387313903,62.0,d_kam,11.0,2.4093669059571377,0.012314439946018893,0.0,hpc,5010,0.0,200.0,166251.0,51388.0,51388.0,182096.88006684883,11.0,5928.0,119.0,43.1506799580851,190.3227137089707,512.0,
90.0,90.0,0.0,0.0,c_kam_N_1024,0.9590369318648526,"N=1024, U0=128",87.4609282745887,9.998041690708945,,S1,128,1024,8401.511591691999,38.0,254.91695319111906,10238.495444888635,6.505413491848028e-14,7.462596818145419,0.680021008253242,0.6435877567177198,617736.1834521018,-1.2631870857957337e-15,0.8296031319861057,0.8296031319861057,25.756882166190916,0.395229028909307,364.0974759128196,0.0,101.17373671014917,3.1895473916342275e-14,0.8199138899974241,0.8199138899974241,0.1321785102324073,0.9590369318648526,90.0,c_kam,0.0,1.1368683772161603e-13,1.0,0.0,hpc,5001,0.0,200.0,7947814.0,242900.0,99585.0,123547236.6904203,0.0,90.0,0.0,45.0,123588.63177405106,1024.0,
90.0,90.0,0.0,0.0,d_kam_N_1024,0.9304446593687187,"N=1024, U0=128",111.04678901626727,10.212254300117726,,S1,128,1024,14265.77713001915,43.0,859.6531797552046,14495.857721983535,2.2291973992868277,9.467394981188098,0.6191362926940571,0.575770623050311,46095.740040363155,-0.903721945164928,0.9862506377978312,0.9862506377978312,37.481686962025506,0.4191588657154193,657.8033830021716,1.0,183.11159241773603,0.6627377270609499,0.962525876885205,0.962525876885205,0.11397043843266079,0.9304446593687187,85.0,d_kam,5.0,2.992134124172423,0.004909983633387889,0.0,hpc,5001,0.0,200.0,598003.0,105276.0,105276.0,9219148.00807263,5.0,18330.0,0.0,47.209694054888466,9259.449415800977,1024.0,
90.0,90.0,0.0,0.0,c_kam_N_1024,0.9593437101188601,"N=1024, U0=128",88.1925669177132,10.00872698244215,,S1,128,1024,8348.42192442009,38.0,225.79632902303493,10058.531724271525,7.547542837629508e-14,7.527831083292238,0.6756360231679501,0.6387034911524196,597434.6654042765,-1.484244825809987e-14,0.7699446863304042,0.7699446863304042,23.30670043228347,0.40019394791595303,355.7782896165923,0.0,98.86775759917568,3.031649005909761e-14,0.7666460766892874,0.7666460766892874,0.13078519892934304,0.9593437101188601,90.0,c_kam,0.0,1.4495071809506028e-13,1.0,0.0,hpc,5002,0.0,200.0,7948017.0,231725.0,99585.0,119486933.08085534,0.0,90.0,0.0,45.0,119527.13969881495,1024.0,
90.0,90.0,0.0,0.0,d_kam_N_1024,0.9334464741162416,"N=1024, U0=128",108.89150575673118,10.199054343531259,,S1,128,1024,13666.19817646403,47.0,692.2263209949531,13726.11157515915,1.910885707713012,9.287240884608764,0.6177216170462896,0.5741948704723522,41696.53995764151,-0.6133835514143834,0.9226441747319254,0.9226441747319254,34.74513935573138,0.41846750019332873,616.7913755492608,1.0,171.68267143844068,0.6487510781493142,0.9134303542325752,0.9134303542325752,0.11460737323676869,0.9334464741162416,81.0,d_kam,9.0,2.728810500600363,0.004772763430025985,0.0,hpc,5002,0.0,200.0,525385.0,105529.0,105529.0,8339307.991528306,9.0,18857.0,0.0,51.025215903191885,8381.954876710952,1024.0,
90.0,90.0,0.0,0.0,c_kam_N_1024,0.9707823169551425,"N=1024, U0=128",78.19984327116383,9.877704234633704,,S1,128,1024,6004.704938638387,38.0,134.2798406415779,9594.329936462984,5.668552047508355e-14,6.679910218244293,0.6812396981456132,0.6449452083305096,568713.9093073267,5.210646728907401e-15,0.7814345742335488,0.7814345742335488,23.835558948887382,0.3905515223369849,295.81628257192335,0.0,82.12988946788751,3.094808360199547e-14,0.7742705089474985,0.7742705089474985,0.14157615665504344,0.9707823169551425,90.0,c_kam,0.0,1.7053025658242404e-13,1.0,0.0,hpc,5003,0.0,200.0,7948418.0,238836.0,99585.0,113742781.8614653,0.0,90.0,0.0,45.0,113781.55390363198,1024.0,
90.0,90.0,0.0,0.0,d_kam_N_1024,0.9282322318324928,"N=1024, U0=128",122.0720588224172,10.289913630633814,,S1,128,1024,14749.433460855556,43.0,852.8310908294501,15291.476206710056,1.9814949078722621,10.40904854010083,0.6288432831085771,0.5865828648486626,36007.579662791104,-0.5894497991505843,0.9185585836045211,0.9185585836045211,38.163028163866585,0.4023954505464718,748.6153001130867,1.0,208.48044436341414,0.6960225543608389,0.9079266967988601,0.9079266967988601,0.10653835799503414,0.9282322318324928,85.0,d_kam,5.0,2.6818567590257367,0.0048241852487135506,0.0,hpc,5003,0.0,200.0,570361.0,105446.0,105446.0,7201515.932558221,5.0,18656.0,0.0,49.879620400773305,7240.428445535013,1024.0,
80.0,80.0,0.0,0.0,c_kam_move_only,0.9999174194274312,move_only,7.516500002939801,2.717343191099522,,A1,8,64,0.87411688801901,8.0,1.1346266096487008,215.94894986381516,5.10702591327572e-16,0.7568720905931866,0.8796185697455473,0.8323802869874711,235.11461769987363,-1.3322676295501878e-16,0.33403246703282685,0.33403246703282685,3.366584279609344,0.5233021878496861,15.963296396203532,0.0,4.073262206064263,1.887379141862766e-16,0.34925133896623456,0.34925133896623456,0.7170919208536698,0.9999174194274312,0.0,c_kam,80.0,9.32587340685129e-16,0.8888888888888888,0.0,warehouse,3001,0.0,200.0,40320.0,12240.0,6480.0,47022.92353997473,80.0,90.0,0.0,30.847244372478233,48.72537438798463,,move_only
45.0,45.0,0.0,0.0,c_kam_move_merge,1.0000000000000002,move_merge,6.1204050519903275,1.9236325139975294,,A1,8,64,0.0,2.0,1.099507020605872,216.00388624376046,4.9343245538895844e-17,0.6242430702529866,0.44570979151087586,0.22820350716704238,42.565048146643676,-3.947459643111668e-17,0.1678701113581101,0.1678701113581101,2.3974722426467268,0.8275300130591211,12.321132441066213,0.0,3.0933832382245163,4.934324553889585e-18,0.17445805804747347,0.17445805804747347,0.7924944351783592,1.0000000000000002,6.0,c_kam,39.0,0.0,0.5,0.0,warehouse,3001,0.0,200.0,7455.0,6100.0,5959.0,8513.009629328735,39.0,90.0,0.0,17.906779542919416,9.883098384016193,,move_merge
81.0,81.0,0.0,0.0,c_kam_move_split,0.999831955384526,move_split,7.531677851438755,2.7328389893019547,,A1,8,64,1.7787553628734596,9.0,1.1339288899402016,215.94894986381516,4.96173746807786e-16,0.7583139862005872,0.8791067416780478,0.8316676149947503,256.21357527852524,-1.398058623602049e-16,0.33466876302809084,0.33466876302809084,3.3698478641610405,0.5204525142464633,15.961631432637263,0.0,4.073444131885244,1.7818394222379056e-16,0.3509759857245471,0.3509759857245471,0.7156198200244387,0.999831955384526,0.0,c_kam,80.0,8.881784197001252e-16,0.9,0.0,warehouse,3001,1.0,200.0,41259.0,12249.0,6489.0,51242.71505570505,80.0,90.0,0.0,31.569443871950334,52.5814563530148,,move_split
73.0,73.0,0.0,0.0,c_kam_move_only,0.9999999999999997,move_only,9.362030500206268,2.7838915883009148,,A1,8,64,0.0,8.0,1.054897607534572,314.9831684157503,1.4752278546389067e-15,0.9379157748126279,0.9014422677875717,0.8627677146409226,221.61254601727705,-8.48636229781969e-16,0.25375292539234506,0.25375292539234506,3.1081784078140333,0.5086103034492696,18.406158791266936,0.0,4.778130413584356,3.1329581242846885e-16,0.2684954603888603,0.2684954603888603,0.7091141380444292,0.9999999999999997,0.0,c_kam,73.0,6.217248937900839e-16,0.8111111111111111,0.0,warehouse,3002,0.0,200.0,40320.0,12240.0,6480.0,44322.50920345541,73.0,90.0,0.0,27.988739877651774,45.51052710501244,,move_only
39.0,39.0,0.0,0.0,c_kam_move_merge,0.9999999999999999,move_merge,8.120999357967357,2.2649085133068976,,A1,8,64,0.0,2.0,1.1382069676117228,309.4781506135233,2.7328566760003855e-16,0.8200178162999316,0.5340762939750816,0.35124547262353134,41.157691281987354,2.391249591500337e-16,0.13259665335099616,0.13259665335099616,2.4876238793660175,0.8154912437879145,14.464869636631182,0.0,3.69030848823889,2.562053133750361e-16,0.1619115046562504,0.1619115046562504,0.758417530168861,0.9999999999999999,6.0,c_kam,33.0,3.7747582837255543e-16,0.43333333333333335,0.0,warehouse,3002,0.0,200.0,7187.0,6157.0,5955.0,8231.53825639747,33.0,90.0,0.0,14.589204209291337,9.305347480985802,,move_merge
84.0,84.0,0.0,0.0,c_kam_move_split,0.9988015459616382,move_split,10.57193228184634,3.6661035177759076,,A1,8,64,14.280041935522275,12.0,5.811670208876352,314.9831684157503,1.2820432546266688e-15,1.052856444068435,0.9148497374244527,0.8814363432492379,213.8912726266426,-7.903730580069566e-16,0.6338758437389541,0.6338758437389541,6.541619831675157,0.4763218831747908,21.89294336103625,0.0,5.651622769035808,2.458350983098561e-16,0.6590092345535769,0.6590092345535769,0.625304004744305,0.9988015459616382,0.0,c_kam,80.0,4.1078251911130666e-16,0.9333333333333333,0.0,warehouse,3002,4.0,200.0,48954.0,12385.0,6625.0,42778.25452532852,80.0,90.0,0.0,33.81037954401145,43.722557893022895,,move_split
71.0,71.0,0.0,0.0,c_kam_move_only,0.9999627494922532,move_only,2.0668201940984474,1.1897670944039689,,A1,8,64,0.4321294899785603,8.0,1.1149212213145445,94.24306754980843,2.5019110414088036e-16,0.21779352536094435,0.8752034849457877,0.8262327005574258,134.2952035428607,-2.0640766091622628e-16,0.2262677869938925,0.2262677869938925,1.8411713326411185,0.5051717401580497,3.5745123021408904,0.0,0.6511199763489093,2.189172161232703e-17,0.23736209722112783,0.23736209722112783,0.870992267302696,0.9999627494922532,0.0,c_kam,71.0,2.220446049250313e-16,0.7888888888888889,0.0,warehouse,3003,0.0,200.0,40320.0,12240.0,6480.0,26859.040708572138,71.0,90.0,0.0,27.22181905932815,27.69801076600561,,move_only
32.0,32.0,0.0,0.0,c_kam_move_merge,1.0,move_merge,1.6641018746059062,0.8202481202665164,,A1,8,64,0.0,2.0,1.109912983109999,94.33413462068475,2.0816681711721685e-17,0.1795352850091529,0.460489578289277,0.24878295711165158,27.53976388135925,-6.938893903907228e-18,0.1292989624743367,0.1292989624743367,1.5269486843395952,0.8379672301556458,3.2819657965576954,0.0,0.576087371160625,6.938893903907228e-18,0.14551192501695634,0.14551192501695634,0.9060965698457539,1.0,6.0,c_kam,26.0,0.0,0.35555555555555557,0.0,warehouse,3003,0.0,200.0,7857.0,7098.0,5965.0,5507.95277627185,26.0,90.0,0.0,11.975201289643365,6.201599258987699,,move_merge
68.0,68.0,0.0,0.0,c_kam_move_split,0.9999999999999997,move_split,1.9884572033503,1.1526824873377464,,A1,8,64,0.0,9.0,1.1033696699300308,94.24306754980843,2.3510605227356256e-16,0.21034904123987036,0.8778419295948097,0.8299064842459373,148.83413213508902,-2.0245243390223442e-16,0.2358920245409463,0.2358920245409463,1.8429342941238855,0.48650290942409874,3.5293018266811544,0.0,0.6404635247176761,1.6326809185664067e-17,0.2387669652586929,0.2387669652586929,0.8745153049739871,0.9999999999999997,0.0,c_kam,67.0,2.220446049250313e-16,0.7555555555555555,0.0,warehouse,3003,1.0,200.0,45231.0,12311.0,6551.0,29766.826427017804,67.0,90.0,0.0,26.263767644648958,30.492407523968723,,move_split
83.0,83.0,0.0,0.0,c_kam_move_only,0.9999398861543408,move_only,3.4889507827899715,1.6465504238932782,,A1,8,64,0.688073100906923,8.0,1.1081729163275946,136.66861751926754,2.487969669641917e-16,0.3578446454006093,0.857109905067102,0.8010391083212816,138.5148340795422,1.2573610158405388e-16,0.26870864484729123,0.26870864484729123,2.182202489084418,0.5095326671570585,5.79732323046412,0.0,1.2614872755739914,1.872665342741228e-16,0.2740024679622382,0.2740024679622382,0.8252187738668616,0.9999398861543408,0.0,c_kam,83.0,4.440892098500626e-16,0.9222222222222223,0.0,warehouse,3004,0.0,200.0,40320.0,12240.0,6480.0,27702.96681590844,83.0,90.0,0.0,28.6672889766173,28.602277208003215,,move_only
52.0,52.0,0.0,0.0,c_kam_move_merge,1.0000000000000002,move_merge,2.873173919536472,1.1773191795305844,,A1,8,64,0.0,2.0,1.1513496470721645,137.08282876528858,1.3664283380001927e-16,0.2993458433915268,0.5835911969895632,0.42019027428926536,19.82939812063705,-3.416070845000482e-17,0.15116768056524926,0.15116768056524926,1.751783258220296,0.8081824319813821,5.083613232837614,0.0,1.060137943608926,5.124106267500723e-17,0.15606434950586195,0.15606434950586195,0.8697957420813175,1.0000000000000002,6.0,c_kam,46.0,3.2196467714129445e-16,0.5777777777777777,0.0,warehouse,3004,0.0,200.0,7187.0,6103.0,5955.0,3965.8796241274104,46.0,90.0,0.0,19.380336650054424,4.618942421046086,,move_merge
73.0,73.0,0.0,0.0,c_kam_move_split,1.0000000000000016,move_split,3.3961281910825556,1.5586142064019404,,A1,8,64,0.0,9.0,1.06879484819636,136.66861751926754,2.6767020867675006e-16,0.34902649918840484,0.8567029504269388,0.8004724626197881,145.17323540931102,1.5816875967262503e-16,0.2643180289975929,0.2643180289975929,2.1595642976196157,0.4949744783336733,5.7675377963463434,0.0,1.258529254822176,2.1291948417468754e-16,0.2637906770009782,0.2637906770009782,0.8335727145285386,1.0000000000000016,0.0,c_kam,72.0,9.769962616701264e-16,0.8111111111111111,0.0,warehouse,3004,1.0,200.0,44069.0,12292.0,6532.0,29034.647081862204,72.0,90.0,0.0,26.093305727016013,29.861266863998026,,move_split
81.0,81.0,0.0,0.0,c_kam_move_only,0.9999611007504702,move_only,3.0859891747656114,1.595529838587725,,A1,8,64,0.42875786657835824,8.0,1.0916801079026923,137.52485119154045,2.0833814783089356e-16,0.31917960784611304,0.8951045818265757,0.8539430886192825,109.5841782935895,6.579099405186112e-17,0.2426565115762061,0.2426565115762061,2.2590212085857138,0.5184248059469694,4.510469232271187,0.0,0.9008032716636458,1.3706457094137734e-16,0.2489783708072082,0.2489783708072082,0.8303750689458059,0.9999611007504702,0.0,c_kam,81.0,4.440892098500626e-16,0.9,0.0,warehouse,3005,0.0,200.0,39802.0,12240.0,6480.0,21916.8356587179,81.0,90.0,0.0,28.365724718555484,22.68606863101013,,move_only
53.0,53.0,0.0,0.0,c_kam_move_merge,1.0,move_merge,2.521440892120182,1.093055593227309,,A1,8,64,0.0,2.0,1.077563166829302,137.71351401498717,6.70323335622736e-17,0.2655475209947972,0.5654720310155195,0.39496105584439417,16.826682803221047,2.51371250858526e-17,0.1338477409408372,0.1338477409408372,1.8811622511246633,0.7913560738848967,4.163814431899676,0.0,0.8157562758686848,4.6084729324063104e-17,0.13824902628881283,0.13824902628881283,0.8781101222550454,1.0,6.0,c_kam,47.0,2.220446049250313e-16,0.5888888888888889,0.0,warehouse,3005,0.0,200.0,7857.0,6219.0,5965.0,3365.3365606442094,47.0,90.0,0.0,19.25514799133406,3.8340190650196746,,move_merge
74.0,74.0,0.0,0.0,c_kam_move_split,0.9996916940597972,move_split,3.123662259139362,1.6309270066645616,,A1,8,64,3.3982300114332498,10.0,1.448040387332402,137.52485119154045,2.1904400215577413e-16,0.32275855086161925,0.9033276392819708,0.8653929154559086,105.5704013662762,6.901386369291513e-17,0.2571760575315003,0.2571760575315003,2.426852667919482,0.510082255334869,4.547649267529863,0.0,0.9081099525508634,1.4402893292434464e-16,0.26675865904065016,0.26675865904065016,0.8270123379785065,0.9996916940597972,0.0,c_kam,72.0,4.440892098500626e-16,0.8222222222222222,0.0,warehouse,3005,2.0,200.0,42525.0,12286.0,6526.0,21114.08027325524,72.0,90.0,0.0,26.705383069808025,21.790412489965092,,move_split
81.0,81.0,0.0,0.0,c_kam_move_only,0.9999795997346499,move_only,6.09779080529201,2.315920527220178,,A1,8,64,0.2482359430132684,8.0,1.1152639274080842,212.14552051531248,3.2347238742165055e-16,0.6214346403003077,0.8942811154524507,0.8527964898705008,111.33385755383642,-1.75442650804963e-16,0.3072418494495183,0.3072418494495183,2.954464440326175,0.520275365384757,13.554201789880711,0.0,3.4068477146317697,7.401486830834377e-17,0.32976006176486466,0.32976006176486466,0.7557286991355288,0.9999795997346499,0.0,c_kam,81.0,2.220446049250313e-16,0.9,0.0,warehouse,3006,0.0,200.0,40096.0,12240.0,6480.0,22266.771510767285,81.0,90.0,0.0,30.559872238749715,23.06593778898241,,move_only
32.0,32.0,0.0,0.0,c_kam_move_merge,1.0,move_merge,5.301941906975205,1.6779903415702313,,A1,8,64,0.0,2.0,1.1660373034081262,212.29121863522806,9.020562075079397e-17,0.5458289949602112,0.5289047687773462,0.34404461475326675,18.780585853673983,4.85722573273506e-17,0.15911951229367882,0.15911951229367882,2.2651011146864053,0.8223019560383364,11.290414111982454,0.0,2.7959905685321242,6.938893903907228e-17,0.19074692822641406,0.19074692822641406,0.8163320667722738,1.0,6.0,c_kam,26.0,2.220446049250313e-16,0.35555555555555557,0.0,warehouse,3006,0.0,200.0,7187.0,6058.0,5955.0,3756.1171707347967,26.0,90.0,0.0,12.908830204764016,4.446004503988661,,move_merge
80.0,80.0,0.0,0.0,c_kam_move_split,0.9999573819298341,move_split,6.112444829914,2.3296736979783486,,A1,8,64,0.5185881975385764,10.0,1.071949933601687,212.14552051531248,3.219646771412954e-16,0.6228267726393968,0.8987156299118644,0.8589711302570262,107.73894851998193,-1.7763568394002506e-16,0.31205396102253175,0.31205396102253175,2.9439503973339827,0.5082743264773883,13.550638357694027,0.0,3.406984789861678,7.216449660063518e-17,0.3302715779068488,0.3302715779068488,0.7544221479135027,0.9999573819298341,0.0,c_kam,78.0,2.3314683517128224e-16,0.8888888888888888,0.0,warehouse,3006,2.0,200.0,43022.0,12282.0,6522.0,21547.789703996386,78.0,90.0,0.0,31.444450022337953,22.216024978028145,,move_split
72.0,72.0,0.0,0.0,c_kam_move_only,0.9999243418809554,move_only,2.860048555082104,1.5866087855549191,,A1,8,64,0.7943210663909706,8.0,1.1051566976828293,119.96165309172827,1.4186183092432555e-16,0.29796950714949694,0.8968652678009289,0.8563946766848377,94.66860157321207,8.018277400070575e-17,0.270429922295767,0.270429922295767,2.2564167949643976,0.5305490235638259,4.272588226307224,0.0,0.8231436699077121,1.1102230246251565e-16,0.26066568034852433,0.26066568034852433,0.8311867118295124,0.9999243418809554,0.0,c_kam,72.0,2.220446049250313e-16,0.8,0.0,warehouse,3007,0.0,200.0,39704.0,12240.0,6480.0,18933.720314642414,72.0,90.0,0.0,26.280386859667473,19.51540535996901,,move_only
41.0,41.0,0.0,0.0,c_kam_move_merge,0.9999999999999998,move_merge,2.0799297761143305,0.9606280750816854,,A1,8,64,0.0,2.0,1.124119062229028,119.91902537109947,7.582010899879118e-17,0.22385822314755846,0.5293700306689333,0.3446924477668692,19.33321788208559,2.166288828536891e-17,0.13680272094822882,0.13680272094822882,1.8293773129041355,0.8226641317351959,3.709991690734841,0.0,0.6859094121148914,4.8741498642080043e-17,0.13212348747205582,0.13212348747205582,0.8906548793244695,0.9999999999999998,6.0,c_kam,35.0,2.220446049250313e-16,0.45555555555555555,0.0,warehouse,3007,0.0,200.0,7927.0,7214.0,5966.0,3866.6435764171183,35.0,90.0,0.0,16.06562714757127,4.588014159991872,,move_merge
77.0,77.0,0.0,0.0,c_kam_move_split,0.9999874273430004,move_split,2.870947682912535,1.5981740728967324,,A1,8,64,0.13199807821672027,10.0,1.0569713233503226,119.96165309172827,1.4418480839287747e-16,0.2990049242933878,0.9017408126055463,0.8631834099570898,97.14436672977172,7.497610036429629e-17,0.2715894261743199,0.2715894261743199,2.274384534569827,0.5140508632551254,4.262146748335754,0.0,0.8234004719995148,1.0958045437858688e-16,0.26304225716963797,0.26304225716963797,0.8300880095320402,0.9999874273430004,0.0,c_kam,75.0,2.220446049250313e-16,0.8555555555555555,0.0,warehouse,3007,2.0,200.0,43381.0,12293.0,6533.0,19428.873345954344,75.0,90.0,0.0,29.161359909709386,19.954249755013734,,move_split
73.0,73.0,0.0,0.0,c_kam_move_only,0.9999811524805275,move_only,3.908473312208728,1.6108316805687546,,A1,8,64,0.19810662444742644,8.0,1.0993827870649633,148.0477130620766,3.0417069167812506e-16,0.4067180018654831,0.8710756002752993,0.820485013041556,85.11177648964804,1.0341803517056252e-16,0.20696695204119972,0.20696695204119972,1.9623653560070111,0.5176211021815772,5.837853288791407,0.0,1.2854982540618856,2.037943634243438e-16,0.2309539181857946,0.2309539181857946,0.8253524672730677,0.9999811524805275,0.0,c_kam,73.0,6.217248937900839e-16,0.8111111111111111,0.0,warehouse,3008,0.0,200.0,40278.0,12240.0,6480.0,17022.355297929607,73.0,90.0,0.0,26.52253846170872,17.58896276599262,,move_only
54.0,54.0,0.0,0.0,c_kam_move_merge,1.0,move_merge,3.445304330716025,1.3222870101472624,,A1,8,64,0.0,2.0,1.1606109338453703,150.24082286394102,1.7681329651437678e-16,0.36271694862367626,0.5541232064840405,0.37915889510436007,20.702424449264072,1.5214167374492887e-16,0.1297704179932569,0.1297704179932569,1.660440777964427,0.7786223986493839,4.845959208547353,0.0,1.012573312324493,1.644774851296528e-16,0.13804794700048637,0.13804794700048637,0.8527642109631095,1.0,6.0,c_kam,48.0,2.220446049250313e-16,0.6,0.0,warehouse,3008,0.0,200.0,10537.0,6178.0,6005.0,4140.484889852814,48.0,90.0,0.0,20.572321605239527,4.57685431704158,,move_merge
78.0,78.0,0.0,0.0,c_kam_move_split,0.9999999999999997,move_split,4.089801845641693,1.7692752641621625,,A1,8,64,0.0,11.0,1.0474930066101058,148.0477130620766,2.7043894189587144e-16,0.42394421254161474,0.875712888081085,0.8269419960622705,113.07131010544254,9.394194823751324e-17,0.24841020070171071,0.24841020070171071,2.131014880859869,0.4858566143991901,5.918128994994903,0.0,1.3040751175367584,1.8219044506669235e-16,0.2597709904177754,0.2597709904177754,0.810300326831694,0.9999999999999997,0.0,c_kam,75.0,5.107025913275682e-16,0.8666666666666667,0.0,warehouse,3008,3.0,200.0,47812.0,12357.0,6597.0,22614.262021088507,75.0,90.0,0.0,28.795592244846958,23.125157488975674,,move_split
68.0,68.0,0.0,0.0,c_kam_move_only,0.9999657858677656,move_only,2.6179578123801153,1.2951455800858316,,A1,8,64,0.3628793852396279,8.0,1.142602409275282,109.3424884851218,1.4041055899671097e-16,0.27017821726749797,0.9065638435549414,0.8698990226714374,97.30642759328475,1.0122621695111721e-16,0.190438483939027,0.190438483939027,1.7397718384645222,0.5121666563814646,3.696677237932058,0.0,0.6881467334470763,1.2081838797391408e-16,0.21297556408603768,0.21297556408603768,0.8612333447672679,0.9999657858677656,0.0,c_kam,68.0,4.440892098500626e-16,0.7555555555555555,0.0,warehouse,3009,0.0,200.0,40320.0,12240.0,6480.0,19461.28551865695,68.0,90.0,0.0,24.41720726035672,19.990290445042774,,move_only
34.0,34.0,0.0,0.0,c_kam_move_merge,0.9999999999999997,move_merge,2.1734990425641807,0.9621122143092703,,A1,8,64,0.0,2.0,1.1510826492191688,109.38121689837368,6.530723674265627e-17,0.22795463413498415,0.5607171459635398,0.38834032982265043,14.441411051666364,-1.3061447348531253e-17,0.09441898523073017,0.09441898523073017,1.4473397086795063,0.8094103984434028,3.1132885819619065,0.0,0.5297473168015367,2.6122894697062506e-17,0.13044058801403616,0.13044058801403616,0.8928715145160413,0.9999999999999997,6.0,c_kam,28.0,2.220446049250313e-16,0.37777777777777777,0.0,warehouse,3009,0.0,200.0,7187.0,6130.0,5955.0,2888.282210333273,28.0,90.0,0.0,12.888536151206086,3.3461929660406895,,move_merge
68.0,68.0,0.0,0.0,c_kam_move_split,0.9999657858677656,move_split,2.6179578123801153,1.2951455800858316,,A1,8,64,0.3628793852396279,8.0,1.142602409275282,109.3424884851218,1.4041055899671097e-16,0.27017821726749797,0.9065638435549414,0.8698990226714374,102.24648316623643,1.0122621695111721e-16,0.190438483939027,0.190438483939027,1.7397718384645222,0.5121666563814646,3.696677237932058,0.0,0.6881467334470763,1.2081838797391408e-16,0.21297556408603768,0.21297556408603768,0.8612333447672679,0.9999657858677656,0.0,c_kam,68.0,4.440892098500626e-16,0.7555555555555555,0.0,warehouse,3009,0.0,200.0,40687.0,12240.0,6480.0,20449.296633247286,68.0,90.0,0.0,24.41720726035672,20.97346967703197,,move_split
76.0,76.0,0.0,0.0,c_kam_move_only,0.9999983016789195,move_only,6.335318486730617,2.1336287939366456,,A1,8,64,0.02305275289223324,8.0,1.1078417854427296,259.3451613931995,2.8924231431023814e-16,0.6429563651509765,0.9009760185044894,0.8621185067784028,116.18568467674777,-1.460819769243627e-17,0.313970345079549,0.313970345079549,3.2515706593705884,0.5073948141143061,15.18475652016243,0.0,3.862650083983141,1.3731705830890095e-16,0.2998069978457602,0.2998069978457602,0.773264591312618,0.9999983016789195,0.0,c_kam,76.0,2.7755575615628914e-16,0.8444444444444444,0.0,warehouse,3010,0.0,200.0,40306.0,12240.0,6480.0,23237.136935349554,76.0,90.0,0.0,27.40341824652895,23.79580000898568,,move_only
43.0,43.0,0.0,0.0,c_kam_move_merge,0.9999999999999999,move_merge,6.100962492220056,1.9334008440794392,,A1,8,64,0.0,2.0,1.1293252355027723,259.7454670357221,5.680210823663592e-17,0.6206925456724732,0.49409691303062514,0.2955779801692249,20.14065231604036,2.581914010756178e-17,0.21205040208004605,0.21205040208004605,2.7328106236828718,0.8160168750368558,13.895460991289074,0.0,3.5157383454106537,4.131062417209885e-17,0.20928291418571351,0.20928291418571351,0.7922862465490526,0.9999999999999999,6.0,c_kam,37.0,2.220446049250313e-16,0.4777777777777778,0.0,warehouse,3010,0.0,200.0,7187.0,6106.0,5955.0,4028.130463208072,37.0,90.0,0.0,15.87541801621674,4.606575849989895,,move_merge
78.0,78.0,0.0,0.0,c_kam_move_split,0.9999980345026726,move_split,6.3285315906329,2.1267827890763984,,A1,8,64,0.026679362756582004,9.0,1.0754391728611798,259.3451613931995,2.7897911900837266e-16,0.6423116100216933,0.8996153222503761,0.8602238664245746,119.30871789867524,-1.1386902816668272e-17,0.31753652220150014,0.31753652220150014,3.255927018464722,0.5016564914669602,15.182044078558087,0.0,3.862639806794011,1.337961080958522e-16,0.30001173866573005,0.30001173866573005,0.7739149617743415,0.9999980345026726,0.0,c_kam,77.0,2.553512956637841e-16,0.8666666666666667,0.0,warehouse,3010,1.0,200.0,42338.0,12266.0,6506.0,23861.743579735048,77.0,90.0,0.0,28.27934304972058,24.44957771501504,,move_split
59.0,59.0,0.0,0.0,c_kam_move_only,0.9999136279044576,move_only,3.247136187926087,1.909046249934691,,A1,8,64,0.9774948595702968,8.0,1.1068924929722979,128.05907004508043,2.1075420128477548e-16,0.3326471154585763,0.8574883175934402,0.8015660118389673,99.23303062707419,0.0,0.5113244797483267,0.5113244797483267,4.26981487352913,0.5212134293893813,6.482728797525917,0.0,1.382186757252904,1.0537710064238774e-16,0.531888843695319,0.531888843695319,0.8012872180786218,0.9999136279044576,0.0,c_kam,59.0,2.442490654175332e-16,0.6555555555555556,0.0,warehouse,3011,0.0,200.0,39354.0,12240.0,6480.0,19846.606125414837,59.0,90.0,0.0,21.285320459122968,20.42775387398433,,move_only
53.0,53.0,0.0,0.0,c_kam_move_merge,0.9999999999999997,move_merge,2.112355999333868,0.9476407710103569,,A1,8,64,0.0,2.0,1.0861938340699744,128.143794615304,9.635897949576831e-17,0.22484299754231546,0.5251371842662911,0.3387986110036964,17.98104340181453,4.1895208476421e-18,0.1459960541683238,0.1459960541683238,1.907062662721173,0.8027825333845102,3.946194393056465,0.0,0.7552214205761355,5.02742501717052e-17,0.14466289092150023,0.14466289092150023,0.8926207385764334,0.9999999999999997,6.0,c_kam,47.0,2.220446049250313e-16,0.5888888888888889,0.0,warehouse,3011,0.0,200.0,7589.0,6296.0,5961.0,3596.2086803629063,47.0,90.0,0.0,19.242345321912392,4.1188056679675356,,move_merge
86.0,86.0,0.0,0.0,c_kam_move_split,0.9995978006691612,move_split,3.585759809663331,2.192732310703695,,A1,8,64,4.551791593717966,11.0,1.189441743611774,128.05907004508043,1.8847972278520098e-16,0.3648163595236145,0.8572965084288213,0.8012989357869665,134.2662200340419,2.581914010756178e-18,0.5206313265705541,0.5206313265705541,4.3883924372712,0.4663161042921891,6.503787931722785,0.0,1.3999085298884915,9.553081839797858e-17,0.5557501857947652,0.5557501857947652,0.7743370423055663,0.9995978006691612,0.0,c_kam,83.0,3.885780586188048e-16,0.9555555555555556,0.0,warehouse,3011,3.0,200.0,52717.0,12453.0,6693.0,26853.24400680838,83.0,90.0,0.0,31.660545380128937,27.43066330597503,,move_split
70.0,70.0,0.0,0.0,c_kam_move_only,0.9999999999999997,move_only,1.6028490844253005,1.0342404003920815,,A1,8,64,0.0,8.0,1.12389443727538,53.840029785279384,1.1419436824715895e-16,0.16753326937806107,0.8715687076627492,0.8211716182645875,95.91351570386905,6.344131569286608e-17,0.21935664274891575,0.21935664274891575,1.7002179182335555,0.5179709968723446,2.7706798398748402,0.0,0.4256251775763278,8.881784197001253e-17,0.23136596081755775,0.23136596081755775,0.8895186718466895,0.9999999999999997,0.0,c_kam,70.0,4.440892098500626e-16,0.7777777777777778,0.0,warehouse,3012,0.0,200.0,40320.0,12240.0,6480.0,19182.70314077381,70.0,90.0,0.0,25.696070262887524,19.750204451032914,,move_only
48.0,48.0,0.0,0.0,c_kam_move_merge,0.9999999999999998,move_merge,1.2636323129183253,0.700464075267203,,A1,8,64,0.0,2.0,1.1374157251622579,57.41949908277918,7.401486830834377e-17,0.13530767608489846,0.5237149360044624,0.33681826532266923,16.074684769264422,-9.25185853854297e-18,0.1287119340957751,0.1287119340957751,1.431952316187967,0.8087824254286194,2.5610369362944954,0.0,0.3719368820642531,3.23815048849004e-17,0.1448327657534361,0.1448327657534361,0.921227422733553,0.9999999999999998,6.0,c_kam,42.0,2.220446049250313e-16,0.5333333333333333,0.0,warehouse,3012,0.0,200.0,7187.0,7912.0,5955.0,3214.9369538528845,42.0,90.0,0.0,18.053733231609797,3.7317626160220243,,move_merge
76.0,76.0,0.0,0.0,c_kam_move_split,0.9992824004422577,move_split,2.246115371575994,1.526406254963718,,A1,8,64,6.99549466072967,10.0,1.6164082983277106,53.840029785279384,9.057082569310487e-17,0.22864356665737703,0.8905789657125024,0.8476415978275349,116.87550023983931,3.2138034923359796e-17,0.2939520917115558,0.2939520917115558,1.8978628835765396,0.4819467383079725,3.028692974985016,0.0,0.4833350922844362,6.135443030823234e-17,0.28460766181755986,0.28460766181755986,0.842762915662384,0.9992824004422577,0.0,c_kam,74.0,4.440892098500626e-16,0.8444444444444444,0.0,warehouse,3012,2.0,200.0,47547.0,12350.0,6590.0,23375.100047967862,74.0,90.0,0.0,28.56518108303149,23.964592904027086,,move_split
73.0,73.0,0.0,0.0,c_kam_move_only,0.9999740533536021,move_only,0.39927725114256485,0.380214775008375,,A1,8,64,0.3213772330350264,8.0,1.0873453967846916,17.97746421652391,7.908437983631252e-17,0.042567112813098655,0.8822811933386222,0.8360877375601068,110.922248128918,-1.8250241500687504e-17,0.12227103292229277,0.12227103292229277,1.1731041888801528,0.5122078001790931,1.2075890558871845,0.0,0.016404782500794954,3.0417069167812506e-17,0.12766492484954056,0.12766492484954056,0.9592173647677465,0.9999740533536021,0.0,c_kam,73.0,2.220446049250313e-16,0.8111111111111111,0.0,warehouse,3013,0.0,200.0,40320.0,12240.0,6480.0,22184.4496257836,73.0,90.0,0.0,26.77739056004782,22.778450642013922,,move_only
43.0,43.0,0.0,0.0,c_kam_move_merge,0.9999999999999997,move_merge,0.25688586959229437,0.23740450442267416,,A1,8,64,0.0,2.0,1.146542382824138,18.057230483452386,1.0844038845175947e-16,0.029039931565822963,0.6535343238725254,0.5175794383035164,30.653965569799766,5.163828021512356e-18,0.06567192318537893,0.06567192318537893,1.068713789503503,0.7414853148964595,1.2184969766481795,0.0,0.011684647603106738,5.680210823663592e-17,0.09476683563945469,0.09476683563945469,0.972784340473388,0.9999999999999997,6.0,c_kam,37.0,2.220446049250313e-16,0.4777777777777778,0.0,warehouse,3013,0.0,200.0,12152.0,6672.0,6029.0,6130.793113959953,37.0,90.0,0.0,16.059710134241417,6.681854779017158,,move_merge
81.0,81.0,0.0,0.0,c_kam_move_split,0.9999999999999999,move_split,0.4482968014661476,0.4311701960707189,,A1,8,64,0.0,10.0,1.0640543314387836,17.97746421652391,7.675615972717131e-17,0.04722397009383901,0.8855015076790468,0.8405717195531031,132.01084207976237,-1.644774851296528e-17,0.1338751229629127,0.1338751229629127,1.2244358283164518,0.490081755640082,1.204578743077417,0.0,0.01769253735560237,3.0154205607103015e-17,0.1394952240665589,0.1394952240665589,0.954376599766824,0.9999999999999999,0.0,c_kam,79.0,2.220446049250313e-16,0.9,0.0,warehouse,3013,2.0,200.0,45864.0,12324.0,6564.0,26402.168415952474,79.0,90.0,0.0,28.930587214582104,27.01267484400887,,move_split
80.0,80.0,0.0,0.0,c_kam_move_only,0.9998967209159936,move_only,2.250304416988915,1.2433268819105252,,A1,8,64,1.1037466091389911,8.0,1.0900573458753138,98.69310521604629,8.326672684688674e-17,0.23174986375561246,0.8747240995886131,0.8255652019588284,111.30162784684217,-2.7755575615628914e-17,0.2088237752636945,0.2088237752636945,1.802330239404717,0.5075984519083728,3.183367448560313,0.0,0.54604684326871,2.7755575615628914e-17,0.21858473017567548,0.21858473017567548,0.8675212252903001,0.9998967209159936,0.0,c_kam,80.0,2.220446049250313e-16,0.8888888888888888,0.0,warehouse,3014,0.0,200.0,40320.0,12240.0,6480.0,22260.325569368433,80.0,90.0,0.0,27.962752644365533,22.874863518984057,,move_only
45.0,45.0,0.0,0.0,c_kam_move_merge,1.0000000000000004,move_merge,1.9057573628465128,0.9027229410037281,,A1,8,64,0.0,2.0,1.0939146163574367,98.86525979360758,8.388351741612294e-17,0.1990178936120843,0.50333809309105,0.30844544607614566,19.998020179918967,2.4671622769447922e-17,0.11280583715810004,0.11280583715810004,1.5254254783400236,0.805494684393472,2.9240275899149797,0.0,0.4821312638407759,5.427757009278543e-17,0.14388439211787188,0.14388439211787188,0.8998785996764457,1.0000000000000004,6.0,c_kam,39.0,2.220446049250313e-16,0.5,0.0,warehouse,3014,0.0,200.0,7656.0,6261.0,5962.0,3999.6040359837934,39.0,90.0,0.0,17.122393481155513,4.557295134989545,,move_merge
77.0,77.0,0.0,0.0,c_kam_move_split,0.9997184292729012,move_split,2.2264578711479537,1.218393523357217,,A1,8,64,3.0091546440029595,10.0,1.1249405305414433,98.69310521604629,7.497610036429629e-17,0.2294844419007211,0.8836847849542724,0.8380421056325312,121.99990375578636,-2.3069569342860397e-17,0.21280769880189268,0.21280769880189268,1.805904859538242,0.49149942958907217,3.175588193801052,0.0,0.5456877971873358,2.5953265510717945e-17,0.21689707403338004,0.21689707403338004,0.8698898943528642,0.9997184292729012,0.0,c_kam,75.0,2.220446049250313e-16,0.8555555555555555,0.0,warehouse,3014,2.0,200.0,44711.0,12305.0,6545.0,24399.980751157273,75.0,90.0,0.0,26.927830193511134,25.005526966997422,,move_split
78.0,78.0,0.0,0.0,c_kam_move_only,0.999998265867152,move_only,3.0763407829621356,1.4793573324336131,,A1,8,64,0.019800855706256837,8.0,1.061320384844004,161.7210528713393,3.5014726161254936e-16,0.31946159391552337,0.8770116898480979,0.8287504542188703,104.819413809455,-1.8503717077085943e-16,0.2489629390746075,0.2489629390746075,2.210088489262771,0.5079303506315066,5.385902935328643,0.0,1.149261329541239,8.255504542084498e-17,0.25424781827279735,0.25424781827279735,0.8408374902950115,0.999998265867152,0.0,c_kam,78.0,2.220446049250313e-16,0.8666666666666667,0.0,warehouse,3015,0.0,200.0,40320.0,12240.0,6480.0,20963.882761891,78.0,90.0,0.0,27.33504215197991,21.547409096034244,,move_only
34.0,34.0,0.0,0.0,c_kam_move_merge,1.0000000000000002,move_merge,2.54383548647224,1.0670932001153062,,A1,8,64,0.0,2.0,1.2296335046734952,165.1144895739381,1.1102230246251565e-16,0.2688735907489833,0.6635784943893147,0.5315649921876534,18.99243816093076,-7.18379604169219e-17,0.1266856326081949,0.1266856326081949,1.7798578711166164,0.7925356899802611,4.701698583269581,0.0,0.9516057190955398,1.959217102279688e-17,0.13375830573009082,0.13375830573009082,0.8800025828652507,1.0000000000000002,6.0,c_kam,28.0,2.220446049250313e-16,0.37777777777777777,0.0,warehouse,3015,0.0,200.0,7254.0,6097.0,5956.0,3798.487632186152,28.0,90.0,0.0,12.465102180570367,4.376001676020678,,move_merge
78.0,78.0,0.0,0.0,c_kam_move_split,0.999998265867152,move_split,3.0763407829621356,1.4793573324336131,,A1,8,64,0.019800855706256837,8.0,1.061320384844004,161.7210528713393,3.5014726161254936e-16,0.31946159391552337,0.8770116898480979,0.8287504542188703,101.79342382354662,-1.8503717077085943e-16,0.2489629390746075,0.2489629390746075,2.210088489262771,0.5079303506315066,5.385902935328643,0.0,1.149261329541239,8.255504542084498e-17,0.25424781827279735,0.25424781827279735,0.8408374902950115,0.999998265867152,0.0,c_kam,78.0,2.220446049250313e-16,0.8666666666666667,0.0,warehouse,3015,0.0,200.0,40718.0,12240.0,6480.0,20358.684764709324,78.0,90.0,0.0,27.33504215197991,20.926284746965393,,move_split
77.0,77.0,0.0,0.0,c_kam_move_only,0.9999590338599662,move_only,2.6616666817898733,1.3247942616019006,,A1,8,64,0.47685916952432694,8.0,1.1340544681265523,147.0803001898809,1.7878916240716808e-16,0.27683910985522686,0.8823936840090034,0.8362443701391187,98.79215529304929,-8.074349270001139e-17,0.2161384398211136,0.2161384398211136,1.7692474085392746,0.5106758000604422,3.7582097944738626,0.0,0.7024735883314801,4.902283485357834e-17,0.22137535661591387,0.22137535661591387,0.856950267945808,0.9999590338599662,0.0,c_kam,77.0,2.220446049250313e-16,0.8555555555555555,0.0,warehouse,3016,0.0,200.0,40320.0,12240.0,6480.0,19758.431058609858,77.0,90.0,0.0,27.967445078360694,20.335959696036298,,move_only
40.0,40.0,0.0,0.0,c_kam_move_merge,1.0000000000000002,move_merge,2.3134631245801756,1.0101228306873253,,A1,8,64,0.0,2.0,1.144209232922388,147.18866920454843,8.881784197001253e-17,0.24375977192030562,0.5346374576078342,0.3520268397071109,20.19126540340949,3.3306690738754695e-17,0.1274787723649468,0.1274787723649468,1.510661195625406,0.7956359302967999,3.4229570458352048,0.0,0.6149047457721807,6.106226635438361e-17,0.12546176924958993,0.12546176924958993,0.8868440538826925,1.0000000000000002,6.0,c_kam,34.0,2.220446049250313e-16,0.4444444444444444,0.0,warehouse,3016,0.0,200.0,7591.0,6132.0,5961.0,4038.2530806818977,34.0,90.0,0.0,15.73979946974552,4.590159719984513,,move_merge
85.0,85.0,0.0,0.0,c_kam_move_split,0.9971858009736552,move_split,3.733351170109516,2.085611588032878,,A1,8,64,32.758190287571395,10.0,5.129132008060017,147.0803001898809,1.854725523491438e-16,0.37864913624559293,0.8821015368240209,0.8358375829195229,108.35079874115763,-9.143013143971877e-17,0.30194652437602476,0.30194652437602476,2.088548191875983,0.47645737528337745,4.217319575244071,0.0,0.8158675877966136,4.702121045471251e-17,0.3045298476084501,0.3045298476084501,0.7846726219348651,0.9971858009736552,0.0,c_kam,83.0,2.220446049250313e-16,0.9444444444444444,0.0,warehouse,3016,2.0,200.0,48851.0,12372.0,6612.0,21670.159748231526,83.0,90.0,0.0,32.53143891791726,22.218179660034366,,move_split
74.0,74.0,0.0,0.0,c_kam_move_only,0.9999083617996058,move_only,2.846293971486454,1.3764099977531523,,A1,8,64,1.173960168222283,8.0,1.0895539482358716,171.36383560297722,1.2902591907805872e-16,0.2937437890207469,0.8655510137420565,0.8127925507800786,86.82968102948507,4.50090415388577e-17,0.23142625406261375,0.23142625406261375,1.991810695791469,0.5068249288111937,4.982016962965175,0.0,1.0437760241963965,8.701748030845821e-17,0.24297619837055406,0.24297619837055406,0.8522356643919952,0.9999083617996058,0.0,c_kam,74.0,2.220446049250313e-16,0.8222222222222222,0.0,warehouse,3017,0.0,200.0,40320.0,12240.0,6480.0,17365.936205897015,74.0,90.0,0.0,27.236204171606772,17.944970287033357,,move_only
41.0,41.0,0.0,0.0,c_kam_move_merge,1.0000000000000002,move_merge,2.530024905264054,1.085033793781604,,A1,8,64,0.0,2.0,1.2115363201430058,171.69470367346275,7.582010899879118e-17,0.26369822772961893,0.4724349709377477,0.2654157823183829,12.818088634812739,-1.0831444142684454e-17,0.14393068820105107,0.14393068820105107,1.6563476647651902,0.8577496341485512,4.6058587527748225,0.0,0.9340663972829735,3.249433242805336e-17,0.16142672707976174,0.16142672707976174,0.8799164037692921,1.0000000000000002,6.0,c_kam,35.0,2.220446049250313e-16,0.45555555555555555,0.0,warehouse,3017,0.0,200.0,7187.0,6795.0,5955.0,2563.6177269625477,35.0,90.0,0.0,15.514607351328916,3.0158504839637317,,move_merge
74.0,74.0,0.0,0.0,c_kam_move_split,0.9995700954262738,move_split,2.9093634498336454,1.4354788841240598,,A1,8,64,5.507428599853007,9.0,1.2359143542658293,171.36383560297722,1.2602531630880155e-16,0.29973538946373013,0.8683187863984563,0.8166464114408885,90.75814866053406,3.00060276925718e-17,0.24941788689553135,0.24941788689553135,2.0193808279041523,0.4936556007269213,5.000391900077095,0.0,1.046974981304656,7.801567200068668e-17,0.25768640029083817,0.25768640029083817,0.8466241201867589,0.9995700954262738,0.0,c_kam,73.0,7.77156117237597e-17,0.8222222222222222,0.0,warehouse,3017,1.0,200.0,44779.0,12308.0,6548.0,18151.629732106812,73.0,90.0,0.0,27.799228525808417,18.60923563403776,,move_split
75.0,75.0,0.0,0.0,c_kam_move_only,0.999923311239719,move_only,1.4708067511178262,0.9319068543827725,,A1,8,64,0.9215905591486415,8.0,1.038891311866271,87.53144062200963,1.1842378929335003e-16,0.15430005593484578,0.8614027283595608,0.8070164572095151,81.65743330609985,0.0,0.22191655123784088,0.22191655123784088,1.8558437801336662,0.524587141121177,2.851429080127511,0.0,0.44748234841544465,5.921189464667501e-17,0.22866617996769384,0.22866617996769384,0.8994025288836565,0.999923311239719,0.0,c_kam,75.0,2.220446049250313e-16,0.8333333333333334,0.0,warehouse,3018,0.0,200.0,40138.0,12240.0,6480.0,16331.48666121997,75.0,90.0,0.0,28.0266628129459,16.802597469009925,,move_only
41.0,41.0,0.0,0.0,c_kam_move_merge,0.9999999999999999,move_merge,1.2251083676374692,0.6642400748203435,,A1,8,64,0.0,2.0,1.1029546419740555,93.61126892383584,1.408087738548979e-16,0.13095870950421187,0.39575362891040755,0.1586442934195549,14.138180654263124,-1.19145885569529e-16,0.1365318452024415,0.1365318452024415,1.6088138304937465,0.8791623919771585,2.608375281686063,0.0,0.3855178521925928,1.0831444142684454e-17,0.1432983923247172,0.1432983923247172,0.9248308729420873,0.9999999999999999,6.0,c_kam,35.0,0.0,0.45555555555555555,0.0,warehouse,3018,0.0,200.0,7522.0,6483.0,5960.0,2827.636130852625,35.0,90.0,0.0,14.867412047398968,3.2444914010120556,,move_merge
81.0,81.0,0.0,0.0,c_kam_move_split,0.9997727654873362,move_split,1.575528317161524,1.0263996176434904,,A1,8,64,2.73074151698641,9.0,1.153436940573151,87.53144062200963,1.2335811384723962e-16,0.1642486047089971,0.8770769441005908,0.8288413145704427,94.22171726153465,1.3706457094137734e-17,0.24322173268995748,0.24322173268995748,1.9102446247254532,0.5102598266258244,2.887760082659253,0.0,0.4528832801099247,6.853228547068867e-17,0.24372758194438862,0.24372758194438862,0.8904257163738883,0.9997727654873362,0.0,c_kam,80.0,2.220446049250313e-16,0.9,0.0,warehouse,3018,1.0,200.0,43739.0,12296.0,6536.0,18844.34345230693,80.0,90.0,0.0,29.482957878440477,19.331120926013682,,move_split
80.0,80.0,0.0,0.0,c_kam_move_only,0.9998632994547431,move_only,3.7951001966045323,1.6939221624320437,,A1,8,64,1.8283794650658778,8.0,1.110684961093795,153.3718388842328,3.969047313034935e-16,0.38877098680817623,0.8948261402578835,0.8535553851692049,91.28884718258632,-1.637578961322106e-16,0.29689077699304994,0.29689077699304994,2.674765140441662,0.5043021277790968,8.754912467853577,0.0,2.0744948812623942,1.1657341758564144e-16,0.30139403320894137,0.30139403320894137,0.8198071428857833,0.9998632994547431,0.0,c_kam,80.0,2.220446049250313e-16,0.8888888888888888,0.0,warehouse,3019,0.0,200.0,40320.0,12240.0,6480.0,18257.769436517265,80.0,90.0,0.0,28.285550715163385,18.743470765009988,,move_only
43.0,43.0,0.0,0.0,c_kam_move_merge,0.999868068268771,move_merge,3.19738757380872,1.2334824566693077,,A1,8,64,1.7645962400234714,2.0,1.1155586395540125,153.49746467662246,4.6474452193611206e-17,0.3319882876425742,0.5283593710793364,0.34328520023705067,16.294314491096884,5.163828021512356e-18,0.1835881876363657,0.1835881876363657,2.1901159277745954,0.8202446058025464,7.760007185463358,0.0,1.8042785312853302,2.581914010756178e-17,0.21314954581679127,0.21314954581679127,0.8635489149332433,0.999868068268771,6.0,c_kam,37.0,2.220446049250313e-16,0.4777777777777778,0.0,warehouse,3019,0.0,200.0,7187.0,7450.0,5955.0,3258.862898219377,37.0,90.0,0.0,16.144329129240027,3.7082906289724633,,move_merge
77.0,77.0,0.0,0.0,c_kam_move_split,0.9998515257155397,move_split,3.8221032059742135,1.724153065620414,,A1,8,64,1.9858540599652683,10.0,1.069831254874806,153.3718388842328,4.210196405072022e-16,0.3913362726982961,0.8951628330385172,0.854024197901733,106.74278259393759,-1.7878916240716808e-16,0.3099182157526734,0.3099182157526734,2.6993699568847997,0.48087472811834486,8.74628238415167,0.0,2.0747462956202893,1.2111523905001707e-16,0.30996327591673856,0.30996327591673856,0.816935207082888,0.9998515257155397,0.0,c_kam,75.0,2.220446049250313e-16,0.8555555555555555,0.0,warehouse,3019,2.0,200.0,46474.0,12333.0,6573.0,21348.556518787518,75.0,90.0,0.0,28.518339870130056,21.816736940992996,,move_split
77.0,77.0,0.0,0.0,c_kam_move_only,0.999791495020412,move_only,3.9912853057650333,1.900202916366469,,A1,8,64,2.354507718519674,8.0,1.1906381617898656,124.55196317922467,1.6437068156788032e-16,0.4043230453139099,0.8679227817916856,0.8160950126213344,84.27127029252006,8.362718886786894e-17,0.2860181033857467,0.2860181033857467,2.622512407349354,0.5142764231040389,7.379680002935096,0.0,1.6953005270861692,1.2399893521787462e-16,0.31062956808012115,0.31062956808012115,0.8017258993200099,0.999791495020412,0.0,c_kam,77.0,8.881784197001252e-16,0.8555555555555555,0.0,warehouse,3020,0.0,200.0,40278.0,12240.0,6480.0,16854.25405850401,77.0,90.0,0.0,28.347234345163972,17.35834795201663,,move_only
39.0,39.0,0.0,0.0,c_kam_move_merge,1.0,move_merge,3.381270595108452,1.3766802297708842,,A1,8,64,0.0,2.0,1.0968183887381129,124.7077693268658,4.554761126667309e-17,0.3463716478015346,0.47416674961377325,0.2678271197153805,13.686965632950887,0.0,0.16783839717719584,0.16783839717719584,2.1223954916655203,0.819493613146394,6.542441391175802,0.0,1.4780336962609264,2.2773805633336544e-17,0.1864315525584016,0.1864315525584016,0.8514605545465903,1.0,6.0,c_kam,33.0,2.220446049250313e-16,0.43333333333333335,0.0,warehouse,3020,0.0,200.0,7187.0,7633.0,5955.0,2737.3931265901774,33.0,90.0,0.0,14.762449857630914,3.177471744013019,,move_merge
80.0,80.0,0.0,0.0,c_kam_move_split,0.9999145517045472,move_split,4.370703636016901,2.1970093465000824,,A1,8,64,0.96491062982845,9.0,1.1193498271999962,124.55196317922467,1.8596235662471373e-16,0.44036778668783716,0.8874959027450967,0.8433487253412738,88.4093129177927,6.938893903907228e-17,0.3341566526329707,0.3341566526329707,2.7469713877316444,0.4983422764249734,7.549759691441742,0.0,1.7303659693555575,1.27675647831893e-16,0.34273052308384294,0.34273052308384294,0.7735292884573167,0.9999145517045472,0.0,c_kam,79.0,8.881784197001252e-16,0.8888888888888888,0.0,warehouse,3020,1.0,200.0,44137.0,12295.0,6535.0,17681.86258355854,79.0,90.0,0.0,30.01372471368397,18.152950165967923,,move_split
80.0,80.0,0.0,0.0,c_kam_move_only,0.9999131722927894,move_only,4.577281108239413,1.770298181335286,,A1,8,64,0.8670689124688438,8.0,1.139556188074792,171.77605859803063,6.328271240363392e-16,0.46865744387602054,0.897204288759554,0.8568667311841891,78.65995107975323,-3.9968028886505636e-16,0.24646448260610335,0.24646448260610335,2.5403401247994672,0.5182293380159553,8.4189646437222,0.0,1.9902666200859402,1.1657341758564144e-16,0.2583197955637296,0.2583197955637296,0.8107391107967207,0.9999131722927894,0.0,c_kam,80.0,4.440892098500626e-16,0.8888888888888888,0.0,warehouse,3021,0.0,200.0,40320.0,12240.0,6480.0,15731.990215950646,80.0,90.0,0.0,27.76507328974773,16.1848379150033,,move_only
40.0,40.0,0.0,0.0,c_kam_move_merge,1.0000000000000004,move_merge,4.03748835561921,1.4757281618984797,,A1,8,64,0.0,2.0,1.1700851574804836,170.69977659443984,1.3877787807814457e-16,0.41737713237710133,0.5165320589219313,0.32681679090395505,13.542380644357763,-8.326672684688674e-17,0.13736245552820467,0.13736245552820467,2.0500901886445955,0.8238357230617465,6.835199712784748,0.0,1.55989397442816,2.7755575615628914e-17,0.15902822246985363,0.15902822246985363,0.8387232626432173,1.0000000000000004,6.0,c_kam,34.0,2.220446049250313e-16,0.4444444444444444,0.0,warehouse,3021,0.0,200.0,7187.0,7324.0,5955.0,2708.4761288715526,34.0,90.0,0.0,15.697189403678285,3.158219775010366,,move_merge
77.0,77.0,0.0,0.0,c_kam_move_split,1.0000000000000004,move_split,4.624678207951868,1.8183239429334184,,A1,8,64,0.0,10.0,1.1207645984412622,171.77605859803063,6.401805492643759e-16,0.4731601683487037,0.9014479041406129,0.8627755627274357,90.68665855884319,-4.383218175143475e-16,0.25655299693783873,0.25655299693783873,2.605284355861924,0.5039420231811121,8.427576107459622,0.0,1.9930581933569775,1.0092936587501423e-16,0.26585110238762377,0.26585110238762377,0.806176663444898,1.0000000000000004,0.0,c_kam,75.0,2.664535259100382e-16,0.8555555555555555,0.0,warehouse,3021,2.0,200.0,44301.0,12307.0,6547.0,18137.33171176864,75.0,90.0,0.0,27.232050947321422,18.61545970098814,,move_split
71.0,71.0,0.0,0.0,c_kam_move_only,0.9998800996020892,move_only,3.013550545530075,1.357340142814022,,A1,8,64,1.4092807608313818,8.0,1.1300841081660553,126.81101730196747,3.1586626897786146e-16,0.3147053968534491,0.8985323498374401,0.8587159301533975,81.30952589475783,1.6575160649333323e-16,0.22713482548419342,0.22713482548419342,1.9705212360036726,0.5061387041857789,5.335424351281984,0.0,1.138331501651728,2.4080893773559736e-16,0.23587786053335702,0.23587786053335702,0.8519826968309512,0.9998800996020892,0.0,c_kam,71.0,3.3306690738754696e-16,0.7888888888888889,0.0,warehouse,3022,0.0,200.0,40320.0,12240.0,6480.0,16261.905178951565,71.0,90.0,0.0,26.589670932384895,16.734949645993765,,move_only
44.0,44.0,0.0,0.0,c_kam_move_merge,0.9999999999999999,move_merge,2.7432627436443378,1.1033921950860999,,A1,8,64,0.0,2.0,1.172095465282407,126.95627431000489,6.560408781875925e-17,0.28902805567430406,0.5984793922048894,0.44092067269035234,14.764584885560907,1.5139404881252134e-17,0.12492517391636007,0.12492517391636007,1.6328371774899346,0.7976980205023102,4.669319575343041,0.0,0.9522939324629225,4.0371746350005693e-17,0.1306802999543394,0.1306802999543394,0.8761077518651037,0.9999999999999999,6.0,c_kam,38.0,2.220446049250313e-16,0.4888888888888889,0.0,warehouse,3022,0.0,200.0,7187.0,6109.0,5955.0,2952.9169771121815,38.0,90.0,0.0,17.32328985422087,3.3992495439597405,,move_merge
79.0,79.0,0.0,0.0,c_kam_move_split,0.9998270060271098,move_split,3.128514290271668,1.4709327356335204,,A1,8,64,2.033330013777859,10.0,1.1226780116368453,126.81101730196747,2.8387981135985014e-16,0.32562695260390045,0.903513356593535,0.8656515091808717,96.46735500689829,1.6020939849021245e-16,0.246458639165981,0.246458639165981,2.024652257453939,0.4837291253225097,5.348682086262403,0.0,1.1417659702923788,2.220446049250313e-16,0.25491613130533475,0.25491613130533475,0.8411914005130987,0.9998270060271098,0.0,c_kam,77.0,2.442490654175332e-16,0.8777777777777778,0.0,warehouse,3022,2.0,200.0,46448.0,12332.0,6572.0,19293.471001379658,77.0,90.0,0.0,29.070446474765365,19.758892878016923,,move_split
68.0,68.0,0.0,0.0,c_kam_move_only,0.9999849710559355,move_only,4.076001500014397,1.5819090190270746,,A1,8,64,0.1772868150472905,8.0,1.0967868337142503,165.74625148056924,3.2653618371328136e-16,0.42203346509318185,0.882857791396068,0.8368905956147783,84.8284256682382,1.959217102279688e-16,0.2498823240110015,0.2498823240110015,2.6364786566797616,0.5097407667989359,8.897703361660799,0.0,2.12800553845757,2.612289469706251e-16,0.2642711578725456,0.2642711578725456,0.8279249473274071,0.9999849710559355,0.0,c_kam,68.0,2.220446049250313e-16,0.7555555555555555,0.0,warehouse,3023,0.0,200.0,40320.0,12240.0,6480.0,16965.68513364764,68.0,90.0,0.0,25.731570779163413,17.434143129969016,,move_only
44.0,44.0,0.0,0.0,c_kam_move_merge,0.9999999999999997,move_merge,4.492031299070486,1.531663121240511,,A1,8,64,0.0,2.0,1.1067237644147685,182.97074033047994,7.065055611250996e-17,0.4615562960035102,0.45313768438120694,0.23854614280927552,15.578737696632743,-5.0464682937507114e-17,0.16067865408042412,0.16067865408042412,2.264547798417181,0.8457264819695322,8.697963484161066,0.0,2.0780592493291676,1.0092936587501423e-17,0.17600227934345264,0.17600227934345264,0.8326983076171305,0.9999999999999997,6.0,c_kam,38.0,0.0,0.4888888888888889,0.0,warehouse,3023,0.0,200.0,7187.0,6966.0,5955.0,3115.7475393265486,38.0,90.0,0.0,15.681163721975123,3.5715077719651163,,move_merge
68.0,68.0,0.0,0.0,c_kam_move_split,0.9999849710559355,move_split,4.076001500014397,1.5819090190270746,,A1,8,64,0.1772868150472905,8.0,1.0967868337142503,165.74625148056924,3.2653618371328136e-16,0.42203346509318185,0.882857791396068,0.8368905956147783,87.48318712139735,1.959217102279688e-16,0.2498823240110015,0.2498823240110015,2.6364786566797616,0.5097407667989359,8.897703361660799,0.0,2.12800553845757,2.612289469706251e-16,0.2642711578725456,0.2642711578725456,0.8279249473274071,0.9999849710559355,0.0,c_kam,68.0,2.220446049250313e-16,0.7555555555555555,0.0,warehouse,3023,0.0,200.0,40822.0,12240.0,6480.0,17496.63742427947,68.0,90.0,0.0,25.731570779163413,17.994822569016833,,move_split
80.0,80.0,0.0,0.0,c_kam_move_only,0.9999573918980632,move_only,3.0440313595642965,1.8689007735491283,,A1,8,64,0.46556122506420305,8.0,1.1283955824605973,86.68213047502988,1.6653345369377348e-16,0.3057301739743654,0.8776371003956983,0.829621279031985,84.32644304004498,-1.1102230246251566e-17,0.29798879620246255,0.29798879620246255,2.098708588024314,0.5113380877160251,3.794980357302657,0.0,0.6905275541534263,7.771561172376095e-17,0.3080688083814628,0.3080688083814628,0.8090868505563019,0.9999573918980632,0.0,c_kam,80.0,2.220446049250313e-16,0.8888888888888888,0.0,warehouse,3024,0.0,200.0,40320.0,12240.0,6480.0,16865.288608008996,80.0,90.0,0.0,28.289277892841064,17.34147220500745,,move_only
27.0,27.0,0.0,0.0,c_kam_move_merge,1.0,move_merge,1.4877555842075727,0.7752041188888704,,A1,8,64,0.0,2.0,1.080350790622512,86.87551850602144,4.9343245538895844e-17,0.15788397531547663,0.41536472834665117,0.18595088757128653,14.49170687556034,-1.644774851296528e-17,0.12072209339750994,0.12072209339750994,1.4463902568370195,0.8668237074296167,2.711893035440976,0.0,0.4191267849111705,1.644774851296528e-17,0.13690703415220398,0.13690703415220398,0.9129880327490264,1.0,6.0,c_kam,21.0,1.5543122344752176e-16,0.3,0.0,warehouse,3024,0.0,200.0,7522.0,6686.0,5960.0,2898.341375112068,21.0,90.0,0.0,10.01100824412126,3.333781755005475,,move_merge
81.0,81.0,0.0,0.0,c_kam_move_split,0.999876072858479,move_split,3.515281605714282,2.1267111392887053,,A1,8,64,1.3541009620910074,9.0,1.0614239145564073,86.68213047502988,1.8366652506144565e-16,0.350498947358614,0.8772974392920224,0.8291483331914236,87.92359672981547,-1.9189039931792828e-17,0.32151348567751414,0.32151348567751414,2.2481198347507685,0.4975662466631616,4.132658555088895,0.0,0.7819647896728804,8.22387425648264e-17,0.33107750050402357,0.33107750050402357,0.784594865811042,0.999876072858479,0.0,c_kam,80.0,2.220446049250313e-16,0.9,0.0,warehouse,3024,1.0,200.0,43715.0,12288.0,6528.0,17584.719345963094,80.0,90.0,0.0,29.706185604707798,18.033022738003638,,move_split
70.0,70.0,0.0,0.0,c_kam_move_only,0.9998061034387102,move_only,1.9953715700950225,1.122738430005083,,A1,8,64,2.193852899709567,8.0,1.0783575423106848,109.42752286468018,2.220446049250313e-16,0.2076896255556753,0.8587954501829693,0.8033860698750206,83.97889995743753,2.5376526277146434e-17,0.2160363086601316,0.2160363086601316,1.771383395313738,0.5126876206255947,3.2468050771974775,0.0,0.5632148632545205,1.2371056560108888e-16,0.22821640953690192,0.22821640953690192,0.8790655969735142,0.9998061034387102,0.0,c_kam,70.0,2.220446049250313e-16,0.7777777777777778,0.0,warehouse,3025,0.0,200.0,40320.0,12240.0,6480.0,16795.779991487507,70.0,90.0,0.0,25.355131841016735,17.271561414003372,,move_only
36.0,36.0,0.0,0.0,c_kam_move_merge,1.0000000000000002,move_merge,1.6738648330148171,0.814648930349626,,A1,8,64,0.0,2.0,1.0861280032487075,114.76959191541503,8.018277400070575e-17,0.1771464855330558,0.4646371879422061,0.2545581097929452,14.1357017410337,6.1679056923619804e-18,0.11867332651593493,0.11867332651593493,1.4934089849623904,0.8280168350949981,2.9259684810156465,0.0,0.481599501202328,4.3175339846533866e-17,0.1533451186435673,0.1533451186435673,0.9083340994407827,1.0000000000000002,6.0,c_kam,30.0,2.220446049250313e-16,0.4,0.0,warehouse,3025,0.0,200.0,7388.0,7158.0,5958.0,2827.14034820674,30.0,90.0,0.0,14.143019484730885,3.2587950059678406,,move_merge
73.0,73.0,0.0,0.0,c_kam_move_split,0.9999277530784405,move_split,2.009300658436078,1.131488577810663,,A1,8,64,0.8174416158098894,9.0,1.0591841601909822,109.42752286468018,2.037943634243438e-16,0.20901288894807557,0.8626884845261897,0.808806750606087,88.78321527328808,2.1291948417468754e-17,0.2217061963601079,0.2217061963601079,1.7713130608359982,0.4950811108260828,3.2412904101743685,0.0,0.5641542597745718,1.1254315592090629e-16,0.22674064502391303,0.22674064502391303,0.8782343329319842,0.9999277530784405,0.0,c_kam,72.0,2.220446049250313e-16,0.8111111111111111,0.0,warehouse,3025,1.0,200.0,43876.0,12291.0,6531.0,17756.643054657616,72.0,90.0,0.0,26.269813679963995,18.23009661800461,,move_split
75.0,75.0,0.0,0.0,c_kam_move_only,0.9999999999999991,move_only,1.307758185713466,0.8899264376391215,,A1,8,64,0.0,8.0,1.1098387346432912,66.8889522904082,6.513308411134252e-17,0.13785531913548618,0.8775373770566085,0.8294824237497082,76.66918025002815,-5.921189464667502e-18,0.1944152122342106,0.1944152122342106,1.5420889188885583,0.5083196760370524,2.2315910448068035,0.0,0.2836703457050627,2.960594732333751e-17,0.20655530762031538,0.20655530762031538,0.9039555054994881,0.9999999999999991,0.0,c_kam,75.0,2.220446049250313e-16,0.8333333333333334,0.0,warehouse,3026,0.0,200.0,40320.0,12240.0,6480.0,15333.83605000563,75.0,90.0,0.0,27.194336862557524,15.796126875036862,,move_only
38.0,38.0,0.0,0.0,c_kam_move_merge,1.0,move_merge,1.067103982762179,0.6093317279331857,,A1,8,64,0.0,2.0,1.1093599855956393,67.52675009544153,6.427606984671959e-17,0.11499316985511399,0.4125772688158022,0.18206961480681322,12.760301836242434,5.843279076974508e-18,0.10710073458022905,0.10710073458022905,1.2937751533002761,0.8820321549329475,2.1230211175361613,0.0,0.2546055818688348,3.5059674461847047e-17,0.1320079431777946,0.1320079431777946,0.9306120029215519,1.0,6.0,c_kam,32.0,2.220446049250313e-16,0.4222222222222222,0.0,warehouse,3026,0.0,200.0,7187.0,6447.0,5955.0,2552.0603672484867,32.0,90.0,0.0,13.475548428947633,2.976106118003372,,move_merge
75.0,75.0,0.0,0.0,c_kam_move_split,0.9999999999999991,move_split,1.307758185713466,0.8899264376391215,,A1,8,64,0.0,8.0,1.1098387346432912,66.8889522904082,6.513308411134252e-17,0.13785531913548618,0.8775373770566085,0.8294824237497082,77.81451509770704,-5.921189464667502e-18,0.1944152122342106,0.1944152122342106,1.5420889188885583,0.5083196760370524,2.2315910448068035,0.0,0.2836703457050627,2.960594732333751e-17,0.20655530762031538,0.20655530762031538,0.9039555054994881,0.9999999999999991,0.0,c_kam,75.0,2.220446049250313e-16,0.8333333333333334,0.0,warehouse,3026,0.0,200.0,40724.0,12240.0,6480.0,15562.903019541409,75.0,90.0,0.0,27.194336862557524,16.009703132032882,,move_split
67.0,67.0,0.0,0.0,c_kam_move_only,0.9999957543760679,move_only,2.752219936542371,1.3618898636769563,,A1,8,64,0.04629375029407423,8.0,1.1011206464558136,135.86619125086247,1.193075489149422e-16,0.28788823990659557,0.8866499470971476,0.8421708124137498,86.9574236299377,9.94229574291185e-17,0.22739519232732286,0.22739519232732286,2.0934982055025166,0.5181242619508221,4.2713606513875275,0.0,0.8399476979040216,1.0936525317203034e-16,0.23649639539608394,0.23649639539608394,0.8523037823749087,0.9999957543760679,0.0,c_kam,67.0,3.774758283725523e-16,0.7444444444444445,0.0,warehouse,3027,0.0,200.0,40124.0,12240.0,6480.0,17391.48472598754,67.0,90.0,0.0,24.53732549643231,17.880926906014793,,move_only
38.0,38.0,0.0,0.0,c_kam_move_merge,0.9999999999999994,move_merge,2.1081054772628924,0.9007579140827865,,A1,8,64,0.0,2.0,1.1342680583044378,135.94113140169648,7.596262800066861e-17,0.22669736627504516,0.516953645929832,0.3274038107883736,14.374997955746949,-1.7529837230923523e-17,0.1116905403800362,0.1116905403800362,1.679804087963515,0.8139263912026995,3.4878354620703114,0.0,0.6354114357890637,2.921639538487254e-17,0.13937470296393772,0.13937470296393772,0.8961113175863548,0.9999999999999994,6.0,c_kam,32.0,2.220446049250313e-16,0.4222222222222222,0.0,warehouse,3027,0.0,200.0,7254.0,6091.0,5956.0,2874.9995911493897,32.0,90.0,0.0,14.795722750153221,3.3098097799811512,,move_merge
71.0,71.0,0.0,0.0,c_kam_move_split,0.9999999999999997,move_split,2.753795302527835,1.3634946079108974,,A1,8,64,0.0,10.0,1.0451376769038008,135.86619125086247,1.1571338566515715e-16,0.2880378996752147,0.8870628770315635,0.8427457781452151,90.48971133161103,9.694905285459113e-17,0.22883624671951497,0.22883624671951497,2.095693320994121,0.5098020389998372,4.265424473615296,0.0,0.8400057622829792,1.0633121925987414e-16,0.23461313366896724,0.23461313366896724,0.8521513316726843,0.9999999999999997,0.0,c_kam,69.0,3.3306690738754696e-16,0.7888888888888889,0.0,warehouse,3027,2.0,200.0,42135.0,12268.0,6508.0,18097.942266322207,69.0,90.0,0.0,25.66708052306021,18.572672900976613,,move_split
75.0,75.0,0.0,0.0,c_kam_move_only,0.9999999999999993,move_only,5.5512377994128235,2.20468087829181,,A1,8,64,0.0,8.0,1.1279773548742256,195.04760490751556,3.641531520770513e-16,0.5666964732192318,0.8722053639651137,0.8220581017235762,78.31766509771114,-2.338869838543663e-16,0.31911284318566907,0.31911284318566907,2.820436442300419,0.5124851874466146,10.677157856186327,0.0,2.6062474301125333,6.513308411134252e-17,0.3155635075893124,0.3155635075893124,0.7669788413379769,0.9999999999999993,0.0,c_kam,75.0,2.220446049250313e-16,0.8333333333333334,0.0,warehouse,3028,0.0,200.0,40320.0,12240.0,6480.0,15663.533019542228,75.0,90.0,0.0,26.334158555293865,16.122923015034758,,move_only
41.0,41.0,0.0,0.0,c_kam_move_merge,1.0000000000000002,move_merge,4.6321402176790905,1.5821456571952668,,A1,8,64,0.0,2.0,1.1592368075015966,195.15717139756902,9.748299728416009e-17,0.47938220295452716,0.5001218474425305,0.3039671293503591,14.14103626011638,3.249433242805336e-17,0.15870323165271266,0.15870323165271266,2.15829533418686,0.8386153405890459,8.84725639537499,0.0,2.1143152693499245,6.498866485610672e-17,0.18452456569443654,0.18452456569443654,0.8261196873421484,1.0000000000000002,6.0,c_kam,35.0,2.220446049250313e-16,0.45555555555555555,0.0,warehouse,3028,0.0,200.0,7321.0,6122.0,5957.0,2828.207252023276,35.0,90.0,0.0,15.384001164869058,3.2394857730250806,,move_merge
85.0,85.0,0.0,0.0,c_kam_move_split,0.9999999999999994,move_split,5.6092911223638655,2.264810381371078,,A1,8,64,0.0,10.0,1.0346925743822237,195.04760490751556,3.2653618371328136e-16,0.5722115388995808,0.881789548760174,0.8354031691597359,89.29041824128944,-1.906971312885563e-16,0.3252133657982341,0.3252133657982341,2.8523935177179163,0.49265694629787476,10.674535932776859,0.0,2.6073572870288277,6.791952621236252e-17,0.3296942404713326,0.3296942404713326,0.7612665385454462,0.9999999999999994,0.0,c_kam,83.0,2.220446049250313e-16,0.9444444444444444,0.0,warehouse,3028,2.0,200.0,45396.0,12318.0,6558.0,17858.08364825789,83.0,90.0,0.0,30.479387174021365,18.316058745025657,,move_split
69.0,69.0,0.0,0.0,c_kam_move_only,1.0000000000000007,move_only,3.689471259726858,1.509733445399234,,A1,8,64,0.0,8.0,1.0700604474573536,156.1445425492284,6.049910974768969e-16,0.3841150604272684,0.8837252944217724,0.8380985112201895,81.95226070936769,4.440892098500626e-16,0.28232054835670817,0.28232054835670817,3.0263439513065573,0.5083813777088604,11.102286885035968,0.0,2.73451578711926,5.245401536634797e-16,0.2948447269849983,0.2948447269849983,0.8350801664150578,1.0000000000000007,0.0,c_kam,69.0,2.220446049250313e-16,0.7666666666666667,0.0,warehouse,3029,0.0,200.0,40264.0,12240.0,6480.0,16390.45214187354,69.0,90.0,0.0,24.624135924145676,16.83256272901781,,move_only
47.0,47.0,0.0,0.0,c_kam_move_merge,1.0000000000000002,move_merge,3.4036533446505097,1.2586306863294123,,A1,8,64,0.0,2.0,1.1064209729431242,156.34456831256796,1.1338447911065428e-16,0.3569623584950153,0.45069517631003675,0.2351451822038487,14.067519358068239,5.669223955532714e-17,0.18562768981245703,0.18562768981245703,2.4925232463568885,0.8482728216115997,9.629913912686023,0.0,2.3308474958742806,8.503835933299071e-17,0.20752428821654548,0.20752428821654548,0.8589349285266908,1.0000000000000002,6.0,c_kam,41.0,1.5543122344752097e-16,0.5222222222222223,0.0,warehouse,3029,0.0,200.0,7187.0,6934.0,5955.0,2813.503871613648,41.0,90.0,0.0,16.99385375368278,3.229139486036729,,move_merge
67.0,67.0,0.0,0.0,c_kam_move_split,0.9998190680535104,move_split,3.690455300345834,1.5144972310700267,,A1,8,64,2.1502871475192107,10.0,1.1502696806391355,156.1445425492284,6.230505332224759e-16,0.3842085442860711,0.8901413230869386,0.8470322220197878,93.3856861613458,4.772301956597688e-16,0.28526455989363514,0.28526455989363514,3.0329752924040356,0.49108424477695267,11.089392673187174,0.0,2.733695675472809,5.501403644411224e-16,0.2987628738891836,0.2987628738891836,0.8346276067763325,0.9998190680535104,0.0,c_kam,65.0,3.774758283725523e-16,0.7444444444444445,0.0,warehouse,3029,2.0,200.0,44903.0,12309.0,6549.0,18677.13723226916,65.0,90.0,0.0,24.89865133713784,19.13649807102047,,move_split
77.0,77.0,0.0,0.0,c_kam_move_only,0.9999229812669951,move_only,3.4935352467481,1.5181791560773088,,A1,8,64,0.9176701392047539,8.0,1.0995828142644082,173.62570507655153,2.2492830109288883e-16,0.36011929629395767,0.9133950574308178,0.8794108394606326,89.1975489622564,6.920870802858119e-17,0.2433577464019573,0.2433577464019573,2.2513982917555175,0.5039604728315574,6.6398790038299005,0.0,1.4958755554146652,1.4706850456073502e-16,0.255336891937213,0.255336891937213,0.8364693762794411,0.9999229812669951,0.0,c_kam,77.0,2.220446049250313e-16,0.8555555555555555,0.0,warehouse,3030,0.0,200.0,40320.0,12240.0,6480.0,17839.50979245128,77.0,90.0,0.0,27.896298839721922,18.30420882202452,,move_only
37.0,37.0,0.0,0.0,c_kam_move_merge,0.9999945428286727,move_merge,3.2328269010012947,1.2574284196318104,,A1,8,64,0.06502162494836963,2.0,1.1873832084431717,175.38397219478122,6.601326092365796e-17,0.3353520034480112,0.5615164844535271,0.3894533327833922,14.747477936034556,-6.00120553851436e-18,0.1349028974088189,0.1349028974088189,1.8247989620143574,0.8299111434217061,5.780367708415174,0.0,1.2572284308272057,3.00060276925718e-17,0.14228771359021844,0.14228771359021844,0.8612406962417635,0.9999945428286727,6.0,c_kam,31.0,2.220446049250313e-16,0.4111111111111111,0.0,warehouse,3030,0.0,200.0,7321.0,6126.0,5957.0,2949.4955872069113,31.0,90.0,0.0,13.997022196080254,3.365819397964515,,move_merge
76.0,76.0,0.0,0.0,c_kam_move_split,0.9998971391808228,move_split,3.4933947925438353,1.5179937895424853,,A1,8,64,1.2255758900531069,9.0,1.0904396214814076,173.62570507655153,2.2788788400200583e-16,0.3601059531445525,0.9134293156576075,0.8794585407890736,91.51537681260379,7.011934892369409e-17,0.24368225049046244,0.24368225049046244,2.2508286697682554,0.5034527142720056,6.6396796778487035,0.0,1.4958699537802156,1.4900361646284995e-16,0.25541055271171087,0.25541055271171087,0.8364869861002492,0.9998971391808228,0.0,c_kam,75.0,2.220446049250313e-16,0.8444444444444444,0.0,warehouse,3030,1.0,200.0,40842.0,12242.0,6482.0,18303.075362520758,75.0,90.0,0.0,27.730808838424508,18.778060715994798,,move_split
81.0,81.0,0.0,0.0,c_kam_move_only,1.0000000000000004,move_only,4.056687171298208,1.7315128548811394,,A1,8,64,0.0,8.0,1.0825835461390545,131.7635375720995,4.3586533559358e-16,0.44999796631544553,0.910545943661161,0.894394516822204,60.85921903664712,-5.208453695772339e-17,0.2514372975440178,0.2514372975440178,2.3604674927112472,0.5093637845311731,6.950385111213427,0.0,1.577815200802075,1.9189039931792828e-16,0.2602295974934687,0.2602295974934687,0.801888374539063,1.0000000000000004,0.0,c_kam,81.0,4.440892098500626e-16,0.9,0.0,edge,3001,0.0,200.0,40285.0,12240.0,6480.0,12171.843807329424,81.0,90.0,0.0,60.719217433582216,12.797093026980292,,move_only
37.0,37.0,0.0,0.0,c_kam_move_merge,1.0000000000000004,move_merge,3.197981041333878,1.19159611367603,,A1,8,64,0.0,2.0,1.130162368224925,132.11587304571188,9.601928861622976e-17,0.35983382266919084,0.6135823096296846,0.5438124488683775,10.147715822095051,-2.400482215405744e-17,0.12085496282927527,0.12085496282927527,1.796089390567094,0.8010184577607962,5.333679372026515,0.0,1.1350886206866893,3.600723323108616e-17,0.12369439959817759,0.12369439959817759,0.8585796323655995,1.0000000000000004,6.0,c_kam,31.0,2.220446049250313e-16,0.4111111111111111,0.0,edge,3001,0.0,200.0,7174.0,8235.0,5955.0,2029.5431644190103,31.0,90.0,0.0,22.975744560721296,2.6352434610016644,,move_merge
82.0,82.0,0.0,0.0,c_kam_move_split,0.9997642741157768,move_split,4.074741400756186,1.7479532094896357,,A1,8,64,2.468773888649741,9.0,1.1631182199668546,131.7635375720995,4.251341826003648e-16,0.4518936604085333,0.9134322004138707,0.8978019032663752,64.97487896675011,-4.603363760640893e-17,0.2566256840456097,0.2566256840456097,2.371773783960889,0.5027298120765897,6.952646625502147,0.0,1.5783250727800515,1.8955027249697794e-16,0.2630428694946043,0.2630428694946043,0.8001621373051709,0.9997642741157768,0.0,c_kam,81.0,4.329869796038117e-16,0.9111111111111111,0.0,edge,3001,1.0,200.0,42224.0,12265.0,6505.0,12994.975793350022,81.0,90.0,0.0,60.70390488084718,13.63269474596018,,move_split
76.0,76.0,0.0,0.0,c_kam_move_only,0.9997273578803174,move_only,9.271183211443676,2.5818486202316953,,A1,8,64,3.5345648336083553,8.0,1.1663110872859714,284.70612788862036,5.258951169277057e-16,1.0093076323388255,0.9039789789821568,0.8866418501872687,69.5383642622619,-3.505967446184705e-16,0.28826323836184464,0.28826323836184464,3.393230224259989,0.5125992283412708,22.24391278907792,0.0,5.837589492147837,8.764918615461762e-17,0.2855250704525388,0.2855250704525388,0.7072143233713305,0.9997273578803174,0.0,c_kam,76.0,2.220446049250313e-16,0.8444444444444444,0.0,edge,3002,0.0,200.0,40250.0,12240.0,6480.0,13907.672852452379,76.0,90.0,0.0,53.54859774905221,14.590659917972516,,move_only
28.0,28.0,0.0,0.0,c_kam_move_merge,0.9999999999999997,move_merge,7.124773147655971,1.9426900384817178,,A1,8,64,0.0,2.0,1.0804898972653456,286.25616404351774,2.3790493384824782e-17,0.7839345756411166,0.3810884682790283,0.2693405528294084,11.69477106333943,-7.93016446160826e-18,0.13424934895507612,0.13424934895507612,2.3734817326857223,0.8734797107684491,14.015693738730816,0.0,3.574292545923381,7.93016446160826e-18,0.13753111977416344,0.13753111977416344,0.7743259744550781,0.9999999999999997,6.0,c_kam,22.0,0.0,0.3111111111111111,0.0,edge,3002,0.0,200.0,7174.0,6629.0,5956.0,2338.954212667886,22.0,90.0,0.0,16.692697416613786,2.999254022957757,,move_merge
76.0,76.0,0.0,0.0,c_kam_move_split,0.9998552288297737,move_split,9.251612758166846,2.562662221216573,,A1,8,64,1.8768306518389721,9.0,1.10758459872086,284.70612788862036,5.17130198312244e-16,1.0072527347447584,0.9034650908537489,0.8860351767023426,74.44189931818983,-3.4767510507998325e-16,0.285887276512193,0.285887276512193,3.392213022378578,0.5072961175318714,22.23567833741473,0.0,5.837429464887712,8.472754661613037e-17,0.28298728659605066,0.28298728659605066,0.7092288952679183,0.9998552288297737,0.0,c_kam,75.0,2.220446049250313e-16,0.8444444444444444,0.0,edge,3002,1.0,200.0,42119.0,12264.0,6504.0,14888.379863637965,75.0,90.0,0.0,54.60585219310402,15.571785190026276,,move_split
73.0,73.0,0.0,0.0,c_kam_move_only,0.9999999999999997,move_only,8.885197958426302,2.5022572385810364,,A1,8,64,0.0,8.0,1.1078097355405938,256.3819354138928,2.5793674654305007e-15,0.9706363143044038,0.9125414234128629,0.8967502915290743,67.8160354270949,-1.2410164220467504e-15,0.3491058249418711,0.3491058249418711,4.164535060624087,0.5107342125166168,27.860936569220247,0.0,7.387492399317877,6.691755216918752e-16,0.34815338853361993,0.34815338853361993,0.7154248228756173,0.9999999999999997,0.0,c_kam,73.0,8.881784197001252e-16,0.8111111111111111,0.0,edge,3003,0.0,200.0,40250.0,12240.0,6480.0,13563.20708541898,73.0,90.0,0.0,50.885955861395,14.229541242995765,,move_only
24.0,24.0,0.0,0.0,c_kam_move_merge,1.0000000000000004,move_merge,6.637900760344816,1.9160196332075183,,A1,8,64,0.0,2.0,1.100858427875603,262.32119242406964,9.25185853854297e-18,0.7346701085058477,0.5040487615529068,0.41450201016662613,11.609370411315467,9.25185853854297e-18,0.16156251593705293,0.16156251593705293,2.702374324209666,0.8251572761880064,16.103308337892447,0.0,4.142124480361413,9.25185853854297e-18,0.1650157190059849,0.1650157190059849,0.7769797714398367,1.0000000000000004,6.0,c_kam,18.0,0.0,0.26666666666666666,0.0,edge,3003,0.0,200.0,7137.0,6069.0,5955.0,2321.8740822630934,18.0,90.0,0.0,13.994798148738209,2.9797320059733465,,move_merge
76.0,76.0,0.0,0.0,c_kam_move_split,0.9999999999999997,move_split,8.919723011358158,2.5372267511798503,,A1,8,64,0.0,10.0,1.0767547160052167,256.3819354138928,2.4746286890987043e-15,0.9742614448622485,0.9136888928812678,0.8981049429848301,79.55535918503301,-1.194950571241287e-15,0.35503447490081447,0.35503447490081447,4.186708671562452,0.49318659627568684,27.85350604572558,0.0,7.388246918947399,6.398390589287087e-16,0.3558138832354158,0.3558138832354158,0.7117530240527418,0.9999999999999997,0.0,c_kam,74.0,8.881784197001252e-16,0.8444444444444444,0.0,edge,3003,2.0,200.0,44952.0,12310.0,6550.0,15911.071837006602,74.0,90.0,0.0,52.71342928582214,16.637762879021466,,move_split
83.0,83.0,0.0,0.0,c_kam_move_only,0.9998813706277181,move_only,6.382043388435294,2.3581227846683643,,A1,8,64,1.6765176807937379,8.0,1.1062564828452863,241.57596571253308,1.0995220798094924e-15,0.7098462531700964,0.9004830185774065,0.8825146747094382,69.02338181476807,-1.3108657399188596e-16,0.3488017856037277,0.3488017856037277,3.835928099226921,0.5098477137642802,16.177225132915268,0.0,4.128401704563456,4.842177529088032e-16,0.3550657024367128,0.3550657024367128,0.7298021085480519,0.9998813706277181,0.0,c_kam,83.0,8.881784197001252e-16,0.9222222222222223,0.0,edge,3004,0.0,200.0,40320.0,12240.0,6480.0,13804.676362953614,83.0,90.0,0.0,61.88994016231873,14.495006215001922,,move_only
33.0,33.0,0.0,0.0,c_kam_move_merge,0.9999999999999998,move_merge,4.670892412501791,1.5675452211575436,,A1,8,64,0.0,2.0,1.06313509657969,241.23961850377486,3.6334571715005125e-16,0.5301754006970788,0.38407842003237364,0.2728703569826632,11.396699023316614,-1.2111523905001707e-16,0.16216081850635536,0.16216081850635536,2.6809136644869147,0.8571999941750122,10.65731629311971,0.0,2.632928223370588,1.2111523905001707e-16,0.1683328174389467,0.1683328174389467,0.8128127527166882,0.9999999999999998,6.0,c_kam,27.0,2.220446049250313e-16,0.36666666666666664,0.0,edge,3004,0.0,200.0,7187.0,6819.0,5955.0,2279.339804663323,27.0,90.0,0.0,19.15964948243535,2.931719548010733,,move_merge
82.0,82.0,0.0,0.0,c_kam_move_split,0.9998922789687461,move_split,6.383436357501232,2.353712195027621,,A1,8,64,1.5223566475738384,10.0,1.1059896335081196,241.57596571253308,1.1129308856608276e-15,0.7099925149220199,0.9021885715992896,0.8845281748047169,78.32412683608709,-1.2726946867654232e-16,0.35125724137601094,0.35125724137601094,3.84043048060126,0.49695350858027143,16.173416211280944,0.0,4.129915679254936,4.928307084921427e-16,0.35282833928205404,0.35282833928205404,0.7302652204603299,0.9998922789687461,0.0,c_kam,80.0,8.881784197001252e-16,0.9111111111111111,0.0,edge,3004,2.0,200.0,44526.0,12301.0,6541.0,15664.825367217418,80.0,90.0,0.0,60.24049549446245,16.359024100005627,,move_split
76.0,76.0,0.0,0.0,c_kam_move_only,0.9989656301778834,move_only,4.183321846698585,1.7824393129968847,,A1,8,64,10.924724196314596,8.0,1.3039301638220808,140.36384126882427,3.2722362831057244e-16,0.4601804385861499,0.9059912906097111,0.8890174958586867,64.7589800436981,8.180590707764311e-17,0.29661736507822345,0.29661736507822345,2.6788054081790538,0.5093759209155113,9.8896853045311,0.0,2.3869593047339426,2.0451476769410778e-16,0.3034186512691929,0.3034186512691929,0.7973194581003356,0.9989656301778834,0.0,c_kam,76.0,8.881784197001252e-16,0.8444444444444444,0.0,edge,3005,0.0,200.0,40320.0,12240.0,6480.0,12951.79600873962,76.0,90.0,0.0,49.82004385318051,13.614242102019489,,move_only
30.0,30.0,0.0,0.0,c_kam_move_merge,0.9996877540977055,move_merge,3.0303908988520325,1.1593193218265132,,A1,8,64,3.2978537183318286,2.0,1.1116956645532774,140.3267690832917,5.181040781584064e-17,0.33912268906226173,0.4175370594124469,0.3123701395841387,10.670004988787696,-2.2204460492503132e-17,0.14676185461185798,0.14676185461185798,1.9405110081439103,0.8539766446291063,6.902079092291619,0.0,1.584208819783687,1.4802973661668754e-17,0.14937565472257713,0.14937565472257713,0.8627470571732246,0.9996877540977055,6.0,c_kam,24.0,1.221245327087666e-16,0.3333333333333333,0.0,edge,3005,0.0,200.0,7254.0,6812.0,5956.0,2134.000997757539,24.0,90.0,0.0,17.02126063832108,2.7434294289560057,,move_merge
74.0,74.0,0.0,0.0,c_kam_move_split,0.9986471059509875,move_split,4.1845915123548565,1.7861730663277409,,A1,8,64,14.288887819688123,10.0,1.4955150759891995,140.36384126882427,3.390681129260613e-16,0.46031375348005826,0.9081885389194647,0.8916114695577015,71.36132029234432,8.701748030845821e-17,0.2995012309940648,0.2995012309940648,2.68794883092694,0.496646894009575,9.877604150478215,0.0,2.3858373785304874,2.1304279661725976e-16,0.3050833197894065,0.3050833197894065,0.7969274140005956,0.9986471059509875,0.0,c_kam,72.0,8.881784197001252e-16,0.8222222222222222,0.0,edge,3005,2.0,200.0,43635.0,12289.0,6529.0,14272.264058468863,72.0,90.0,0.0,50.6115869447731,14.956300261022989,,move_split
80.0,80.0,0.0,0.0,c_kam_move_only,0.9996556922320854,move_only,4.17723875590091,1.708039809644824,,A1,8,64,4.156617996883669,8.0,1.1160143834796672,176.22503596693713,4.4131365228849973e-16,0.4699910937338349,0.8938578967518792,0.8746933503320795,63.07952892471803,-1.637578961322106e-16,0.23391465966142408,0.23391465966142408,2.153631448343208,0.5082843771863473,6.538378900218842,0.0,1.4714439549973353,1.3877787807814457e-16,0.23635539306733633,0.23635539306733633,0.8013608235645566,0.9996556922320854,0.0,c_kam,80.0,5.107025913275682e-16,0.8888888888888888,0.0,edge,3006,0.0,200.0,40306.0,12240.0,6480.0,12615.905784943607,80.0,90.0,0.0,51.580422972838214,13.256029530020896,,move_only
35.0,35.0,0.0,0.0,c_kam_move_merge,0.9999024784705444,move_merge,3.09285736107476,1.1574383441189577,,A1,8,64,1.1773180340168747,2.0,1.0816413181066784,175.0059535975421,1.2688263138573217e-16,0.3561310472770891,0.49484772968396074,0.4036396808768981,10.483050835027825,3.8064789415719653e-17,0.1104931730142276,0.1104931730142276,1.7003187886833642,0.8187932843250951,4.961643732500055,0.0,1.0492416718943418,8.247371040072592e-17,0.1078941472945189,0.1078941472945189,0.8591739774447724,0.9999024784705444,6.0,c_kam,29.0,2.220446049250313e-16,0.3888888888888889,0.0,edge,3006,0.0,200.0,7161.0,7499.0,5955.0,2096.610167005565,29.0,90.0,0.0,21.139420163187545,2.707834825036116,,move_merge
78.0,78.0,0.0,0.0,c_kam_move_split,0.9995930858914386,move_split,4.163118654463763,1.6935328921758706,,A1,8,64,4.912426219935266,9.0,1.1714079282323053,176.22503596693713,4.526293869625638e-16,0.4685084830829344,0.900156507825173,0.8821292106269403,72.18813937448431,-1.6226336513752287e-16,0.23645249317774092,0.23645249317774092,2.1492295201027716,0.49729443930193157,6.533673496259472,0.0,1.471393253724314,1.4518301091252047e-16,0.23399139987477255,0.23399139987477255,0.8028840498987965,0.9995930858914386,0.0,c_kam,77.0,6.439293542825794e-16,0.8666666666666667,0.0,edge,3006,1.0,200.0,43120.0,12279.0,6519.0,14437.627874896862,77.0,90.0,0.0,50.632188716495214,15.105316507047974,,move_split
78.0,78.0,0.0,0.0,c_kam_move_only,0.9999792770175969,move_only,10.450089572002037,2.700632550874487,,A1,8,64,0.28503527275473206,8.0,1.1002414271159315,336.1908356110339,2.4538775569920126e-15,1.1392481513105264,0.8918516971458925,0.8723249202416787,65.66468474629801,-2.2773805633336544e-17,0.3471205431567246,0.3471205431567246,4.139299749923284,0.5085565813568859,32.55248341628649,0.0,8.701652966027936,1.215551875679338e-15,0.34889987833104447,0.34889987833104447,0.6928999859350392,0.9999792770175969,0.0,c_kam,78.0,1.8207657603852037e-15,0.8666666666666667,0.0,edge,3007,0.0,200.0,40320.0,12240.0,6480.0,13132.936949259602,78.0,90.0,0.0,52.00581368410298,13.79652457300108,,move_only
36.0,36.0,0.0,0.0,c_kam_move_merge,1.0000000000000004,move_merge,6.844031362258185,1.869922879571523,,A1,8,64,0.0,2.0,1.033340108373422,305.0588182065013,4.3175339846533866e-17,0.7606120392874222,0.4616344497234994,0.3644295587013534,10.694146778841969,-6.1679056923619804e-18,0.14893851016363358,0.14893851016363358,2.5144013655114996,0.8156695368960486,14.815703563042453,0.0,3.7955817719434406,1.850371707708594e-17,0.1546243023232094,0.1546243023232094,0.7801245014218503,1.0000000000000004,6.0,c_kam,30.0,2.220446049250313e-16,0.4,0.0,edge,3007,0.0,200.0,7187.0,6059.0,5955.0,2138.8293557683937,30.0,90.0,0.0,21.569274300234337,2.786544998991303,,move_merge
79.0,79.0,0.0,0.0,c_kam_move_split,0.9998885632203102,move_split,10.4983069645342,2.747579020690068,,A1,8,64,1.532762624401613,9.0,1.1275559851823356,336.1908356110339,2.394708903748439e-15,1.1443109775264035,0.8955718082423906,0.876716718063933,70.06780460826121,-1.686414720949605e-17,0.3537219786776005,0.3537219786776005,4.1589563422871425,0.49668515988395256,32.55583929626953,0.0,8.703345587986613,1.1889223782694715e-15,0.357752716671402,0.357752716671402,0.6879706066044031,0.9998885632203102,0.0,c_kam,78.0,1.5099033134901776e-15,0.8777777777777778,0.0,edge,3007,1.0,200.0,43206.0,12280.0,6520.0,14013.560921652243,78.0,90.0,0.0,52.086887292870266,14.654301058966666,,move_split
78.0,78.0,0.0,0.0,c_kam_move_only,0.9991141952276561,move_only,3.4168064802008695,1.6255718195916262,,A1,8,64,11.261728702320582,8.0,1.3372102144883087,156.1831921032752,3.102931017542104e-16,0.38101203695940256,0.9146767164555851,0.899271123593399,64.94428578298539,1.9073062217919355e-16,0.31164144141065164,0.31164144141065164,2.5235509653486643,0.5064934714217193,8.023991057149827,0.0,1.8613923372777217,2.50511861966702e-16,0.31249929076157135,0.31249929076157135,0.8135341635495389,0.9991141952276561,0.0,c_kam,78.0,2.220446049250313e-16,0.8666666666666667,0.0,edge,3008,0.0,200.0,40320.0,12240.0,6480.0,12988.857156597078,78.0,90.0,0.0,55.06815011687191,13.678788407996763,,move_only
36.0,36.0,0.0,0.0,c_kam_move_merge,0.9993634161159962,move_merge,2.863485853415458,1.1135401659384931,,A1,8,64,8.093244947134016,2.0,1.131137671832204,162.54445649646843,9.251858538542972e-17,0.32291337114693447,0.38226088266823455,0.27072465314999905,10.87406611564802,5.551115123125783e-17,0.14926784201668086,0.14926784201668086,1.8826085730813353,0.8688191417325831,6.46334763735538,0.0,1.4628009502452732,7.401486830834377e-17,0.16712706668822427,0.16712706668822427,0.8672974871831179,0.9993634161159962,6.0,c_kam,30.0,2.220446049250313e-16,0.4,0.0,edge,3008,0.0,200.0,7187.0,6678.0,5955.0,2174.813223129604,30.0,90.0,0.0,22.224654096648603,2.8373247430427,,move_merge
79.0,79.0,0.0,0.0,c_kam_move_split,0.9992768528873641,move_split,3.5958431302805436,1.7649479706661528,,A1,8,64,9.193771414011144,10.0,1.2588010090669153,156.1831921032752,3.0355464977092887e-16,0.3998108852177683,0.922435945716974,0.9084313248047609,76.57417191076092,1.7426285449812583e-16,0.3335344080929417,0.3335344080929417,2.608779758583327,0.48515827732702105,8.096401164487318,0.0,1.8800446345637516,2.3890875213452735e-16,0.33265195403374986,0.33265195403374986,0.7988996676867137,0.9992768528873641,0.0,c_kam,77.0,2.220446049250313e-16,0.8777777777777778,0.0,edge,3008,2.0,200.0,46189.0,12328.0,6568.0,15314.834382152185,77.0,90.0,0.0,54.69146666044699,16.01495281397365,,move_split
77.0,77.0,0.0,0.0,c_kam_move_only,0.9998111266027444,move_only,1.445595680720174,1.056266997527297,,A1,8,64,2.394980254372928,8.0,1.1605413759158625,75.05992908426164,1.7302177007145298e-16,0.16139058101894338,0.9235513256383964,0.9097480927675511,63.16754647385096,-8.074349270001139e-17,0.24666069104661717,0.24666069104661717,1.7576076037239377,0.5067924053259432,2.622955266970544,0.0,0.3702415616348484,4.6139138685720794e-17,0.2469482688599235,0.2469482688599235,0.880486470246395,0.9998111266027444,0.0,c_kam,77.0,2.220446049250313e-16,0.8555555555555555,0.0,edge,3009,0.0,200.0,40320.0,12240.0,6480.0,12633.509294770192,77.0,90.0,0.0,56.17613305901271,13.269514214014634,,move_only
37.0,37.0,0.0,0.0,c_kam_move_merge,0.9999999999999997,move_merge,0.8000655225959493,0.4716847700103318,,A1,8,64,0.0,2.0,1.0938400039577514,75.05992908426164,6.601326092365796e-17,0.09360991441589972,0.4226434934008643,0.31839856859824267,11.08925892651314,-6.00120553851436e-18,0.11440583568195319,0.11440583568195319,1.337559889516925,0.8489802981060908,2.2232477514757925,0.0,0.28751300175073735,3.00060276925718e-17,0.12159440454998188,0.12159440454998188,0.9418676041356763,0.9999999999999997,6.0,c_kam,31.0,2.220446049250313e-16,0.4111111111111111,0.0,edge,3009,0.0,200.0,7455.0,6945.0,5959.0,2217.851785302628,31.0,90.0,0.0,23.247714128846066,2.8369169890065677,,move_merge
82.0,82.0,0.0,0.0,c_kam_move_split,0.9998076079204199,move_split,1.4234080883955411,1.0373778257531574,,A1,8,64,2.4395983679312963,9.0,1.147033289482335,75.05992908426164,1.8684241146130683e-16,0.1590608838248569,0.9284583495556603,0.9155411071143211,70.5371567918337,-7.311224796312007e-17,0.25395647865380955,0.25395647865380955,1.7643946902338825,0.4969013275831779,2.6222334336852846,0.0,0.3696068633498231,5.686508174909338e-17,0.24838227790236808,0.24838227790236808,0.8824698332826796,0.9998076079204199,0.0,c_kam,81.0,2.220446049250313e-16,0.9111111111111111,0.0,edge,3009,1.0,200.0,43361.0,12283.0,6523.0,14107.431358366739,81.0,90.0,0.0,61.741570576100735,14.753436586994212,,move_split
72.0,72.0,0.0,0.0,c_kam_move_only,0.9997800524336696,move_only,10.890514047886873,2.7988966408819915,,A1,8,64,3.1040769845542275,8.0,1.1174284844073985,375.0530887393619,2.6367796834847468e-15,1.194357419485121,0.9001904910471886,0.8821693297084866,71.55868595495122,9.77613052239374e-16,0.3706520227539005,0.3706520227539005,4.328250553367678,0.5135517629607631,39.24296685758703,0.0,10.559874017080986,1.8071963678620605e-15,0.3713251085152989,0.3713251085152989,0.6800050606398195,0.9997800524336696,0.0,c_kam,72.0,2.0605739337042946e-14,0.8,0.0,edge,3010,0.0,200.0,40194.0,12240.0,6480.0,14311.737190990243,72.0,90.0,0.0,52.260330017331654,15.044899833970703,,move_only
34.0,34.0,0.0,0.0,c_kam_move_merge,0.9998962307044048,move_merge,6.73100644916192,1.7923521920797747,,A1,8,64,1.464475772729085,2.0,1.1581040177574076,322.1576127720656,8.816476960258596e-16,0.7576091216190008,0.5472909427921525,0.46555180746295777,11.47359994967701,8.032790119346721e-16,0.14952689108260497,0.14952689108260497,2.4597642931725985,0.801486099436772,16.364896006194286,0.0,4.217514638802296,8.424633539802658e-16,0.15145462136778837,0.15145462136778837,0.7856922277640525,0.9998962307044048,6.0,c_kam,28.0,7.771561172376048e-17,0.37777777777777777,0.0,edge,3010,0.0,200.0,7143.0,6104.0,5955.0,2294.719989935402,28.0,90.0,0.0,19.721587724545014,2.941359137999825,,move_merge
79.0,79.0,0.0,0.0,c_kam_move_split,0.9996479059333863,move_split,10.929660394894059,2.8378258342262392,,A1,8,64,4.969034696807957,11.0,1.1501531012120298,375.0530887393619,2.4171944333611e-15,1.1984677859208754,0.9094813551350411,0.8931377109233125,79.6542193289497,9.050425669096214e-16,0.3781411749304732,0.3781411749304732,4.353220307064938,0.49627933386610096,39.24438495576763,0.0,10.5611553146015,1.6611185001353608e-15,0.3820908716480754,0.3820908716480754,0.6759174953386736,0.9996479059333863,0.0,c_kam,76.0,1.5631940186722123e-14,0.8777777777777778,0.0,edge,3010,3.0,200.0,45047.0,12313.0,6553.0,15930.843865789939,76.0,90.0,0.0,56.21860874901762,16.626980720961,,move_split
79.0,79.0,0.0,0.0,c_kam_move_only,0.9998472519662319,move_only,4.019998849733968,1.7493244363360492,,A1,8,64,1.9593814513041676,8.0,1.1906177158104234,161.77868677041357,8.235325220637237e-16,0.4547752342818549,0.8964502517071822,0.8777537693765345,64.8124814091716,7.111048740004168e-16,0.32892787134428775,0.32892787134428775,3.0149922994764546,0.5148400012975547,10.690622133813779,0.0,2.6016350772850485,7.673186980320703e-16,0.339204528829098,0.339204528829098,0.79597325609946,0.9998472519662319,0.0,c_kam,79.0,5.773159728050738e-16,0.8777777777777778,0.0,edge,3011,0.0,200.0,40320.0,12240.0,6480.0,12962.49628183432,79.0,90.0,0.0,58.88748509050783,13.638151533028577,,move_only
35.0,35.0,0.0,0.0,c_kam_move_merge,1.0000000000000002,move_merge,2.5851254976736344,1.0428649559249425,,A1,8,64,0.0,2.0,1.103683619244496,161.77868677041357,1.1419436824715895e-16,0.3041135323155199,0.395371592262115,0.2862025741983303,11.570892222516704,1.0150610510858574e-16,0.1423899794130726,0.1423899794130726,1.9192238057212472,0.8622773780055962,5.696196490057769,0.0,1.2502301564384104,1.0785023667787235e-16,0.15430647059287889,0.15430647059287889,0.8701515015426261,1.0000000000000002,6.0,c_kam,29.0,6.661338147750876e-17,0.3888888888888889,0.0,edge,3011,0.0,200.0,7589.0,6870.0,5961.0,2314.178444503341,29.0,90.0,0.0,21.29417700762204,2.9583270649891347,,move_merge
74.0,74.0,0.0,0.0,c_kam_move_split,0.9998648077171777,move_split,4.060955649067607,1.7864574241123112,,A1,8,64,1.734184360922613,9.0,1.1383979071098371,161.77868677041357,8.701748030845821e-16,0.4590756982118871,0.8958275439396816,0.8770186282621242,69.27909250371158,7.621531033913237e-16,0.33568414148013426,0.33568414148013426,3.0394058164574886,0.5053722305289771,10.696177452684879,0.0,2.6041339697872417,8.16163953237953e-16,0.3450872314883069,0.3450872314883069,0.7920742923829525,0.9998648077171777,0.0,c_kam,73.0,9.103828801926208e-16,0.8222222222222222,0.0,edge,3011,1.0,200.0,42410.0,12268.0,6508.0,13855.818500742316,73.0,90.0,0.0,55.57662899865436,14.544910125026945,,move_split
78.0,78.0,0.0,0.0,c_kam_move_only,0.9994682763582522,move_only,9.636466411380953,2.8341335010252338,,A1,8,64,6.9505718616987195,8.0,1.206298179098897,258.2029762033037,1.002047447866808e-15,1.0449185783647983,0.9032772528114046,0.8858134234579085,65.12270349718165,-6.26279654916755e-17,0.32521134164057147,0.32521134164057147,3.8047629426505374,0.5060401627357223,24.732985058618787,0.0,6.523859900999253,4.697097411875662e-16,0.3309627186768974,0.3309627186768974,0.6822386181271358,0.9994682763582522,0.0,c_kam,78.0,7.216449660063234e-16,0.8666666666666667,0.0,edge,3012,0.0,200.0,40320.0,12240.0,6480.0,13024.54069943633,78.0,90.0,0.0,59.50475782161209,13.714645786036272,,move_only
41.0,41.0,0.0,0.0,c_kam_move_merge,0.9999518775954932,move_merge,6.192683409924314,1.933147002661764,,A1,8,64,0.6290452491112518,2.0,1.1140422254385745,236.99983769763836,4.332577657073782e-17,0.6833213632118514,0.5690198636869431,0.4912040057415301,11.359565675957128,0.0,0.1459259475250761,0.1459259475250761,2.4723719290676427,0.8019429486298002,13.11579223230826,0.0,3.307602981022816,2.166288828536891e-17,0.14662045245762825,0.14662045245762825,0.7768422004553002,0.9999518775954932,6.0,c_kam,35.0,2.220446049250313e-16,0.45555555555555555,0.0,edge,3012,0.0,200.0,7187.0,6101.0,5955.0,2271.9131351914257,35.0,90.0,0.0,27.410594302370676,2.947385465959087,,move_merge
83.0,83.0,0.0,0.0,c_kam_move_split,0.9994662800701831,move_split,9.620508146088689,2.8214538874296116,,A1,8,64,6.97666689037566,9.0,1.2557281251859458,258.2029762033037,9.44358379982362e-16,1.0432429605091107,0.9038988355775743,0.8865472364457476,72.18899416271597,-6.6880905097901e-17,0.3255541901142116,0.3255541901142116,3.806223979052738,0.5025527684841359,24.72894737876833,0.0,6.523374978769478,4.387387374422305e-16,0.33041533083448404,0.33041533083448404,0.6835699775546761,0.9994662800701831,0.0,c_kam,82.0,2.220446049250313e-16,0.9222222222222223,0.0,edge,3012,1.0,200.0,41657.0,12255.0,6495.0,14437.798832543194,82.0,90.0,0.0,61.87924905791094,15.11260889103869,,move_split
83.0,83.0,0.0,0.0,c_kam_move_only,0.9999146440548645,move_only,8.766079327373705,2.6980929675290084,,A1,8,64,1.0229556159557927,8.0,1.1795884583594118,233.44909233243055,1.1931553469465538e-15,0.9590710148705572,0.92885548030246,0.9160099420237375,67.00851425906876,3.1032739965426064e-16,0.32675292943198914,0.32675292943198914,3.526528258211448,0.5064331678459013,20.847257298735066,0.0,5.433960481518275,7.517413733004072e-16,0.3289255344454387,0.3289255344454387,0.6943523504213492,0.9999146440548645,0.0,c_kam,83.0,3.3750779948604607e-15,0.9222222222222223,0.0,edge,3013,0.0,200.0,40320.0,12240.0,6480.0,13401.702851813752,83.0,90.0,0.0,64.87121294343942,14.078568769968115,,move_only
38.0,38.0,0.0,0.0,c_kam_move_merge,1.0000000000000002,move_merge,7.175517525385758,2.055335237114097,,A1,8,64,0.0,2.0,1.1800495875249681,234.8561535005143,4.674623261579606e-17,0.7920620256618229,0.6095593455699811,0.5390631162978944,11.022965518059209,0.0,0.14126672979064842,0.14126672979064842,2.435244987991268,0.7986866277503344,13.267333465644619,0.0,3.3453385599257963,2.337311630789803e-17,0.14234825613502597,0.14234825613502597,0.7618419121149149,1.0000000000000002,6.0,c_kam,32.0,2.220446049250313e-16,0.4222222222222222,0.0,edge,3013,0.0,200.0,7187.0,8277.0,5955.0,2204.593103611842,32.0,90.0,0.0,22.452164399402903,2.8475148089928553,,move_merge
84.0,84.0,0.0,0.0,c_kam_move_split,0.9996420481622263,move_split,8.770392853823688,2.7024375347703886,,A1,8,64,4.289904377607956,9.0,1.2962051225461664,233.44909233243055,1.1736643403180226e-15,0.9595239351478054,0.9291581881276525,0.9163673054284786,69.01878158940235,3.119198021565916e-16,0.32751532786446974,0.32751532786446974,3.5337627457909666,0.5047982998764245,20.847490618967004,0.0,5.43418569817246,7.427920712373071e-16,0.33002968592499987,0.33002968592499987,0.6938961708610043,0.9996420481622263,0.0,c_kam,83.0,3.2862601528904533e-15,0.9333333333333333,0.0,edge,3013,1.0,200.0,41215.0,12248.0,6488.0,13803.75631788047,83.0,90.0,0.0,65.25498949800323,14.489817733992822,,move_split
79.0,79.0,0.0,0.0,c_kam_move_only,0.9995429730270887,move_only,5.298998640186417,2.085745411582305,,A1,8,64,4.953947662755905,8.0,1.170313376071327,150.87913746849864,4.525212834548107e-16,0.5826742738671454,0.9205207641636766,0.9061703465821183,65.85352005437016,-8.713142724906291e-17,0.28048148803238493,0.28048148803238493,2.394240121061713,0.5070510813089126,9.146137630351399,0.0,2.1820573586316887,1.8269492810287387e-16,0.28473654544939137,0.28473654544939137,0.7638133110932143,0.9995429730270887,0.0,c_kam,79.0,8.881784197001252e-16,0.8777777777777778,0.0,edge,3014,0.0,200.0,40320.0,12240.0,6480.0,13170.704010874033,79.0,90.0,0.0,55.56217948593721,13.836911694030277,,move_only
25.0,25.0,0.0,0.0,c_kam_move_merge,0.9996959267131696,move_merge,3.301171440159656,1.2415979915146653,,A1,8,64,3.2960049141242247,2.0,1.1720572216159448,139.46722473522158,1.0658141036401502e-16,0.3729024178643355,0.4987269043240971,0.40821926204928133,10.594777880760375,-3.552713678800501e-17,0.10936376148431233,0.10936376148431233,1.6272008073686743,0.83026198752744,4.974104538837868,0.0,1.049531584400598,3.552713678800501e-17,0.10975817730698982,0.10975817730698982,0.8524487902003165,0.9996959267131696,6.0,c_kam,19.0,2.220446049250313e-16,0.2777777777777778,0.0,edge,3014,0.0,200.0,7187.0,6065.0,5955.0,2118.955576152075,19.0,90.0,0.0,16.128783089202336,2.7641812870278955,,move_merge
79.0,79.0,0.0,0.0,c_kam_move_split,0.9995429730270887,move_split,5.298998640186417,2.085745411582305,,A1,8,64,4.953947662755905,8.0,1.170313376071327,150.87913746849864,4.525212834548107e-16,0.5826742738671454,0.9205207641636766,0.9061703465821183,66.56257263413863,-8.713142724906291e-17,0.28048148803238493,0.28048148803238493,2.394240121061713,0.5070510813089126,9.146137630351399,0.0,2.1820573586316887,1.8269492810287387e-16,0.28473654544939137,0.28473654544939137,0.7638133110932143,0.9995429730270887,0.0,c_kam,79.0,8.881784197001252e-16,0.8777777777777778,0.0,edge,3014,0.0,200.0,40801.0,12240.0,6480.0,13312.514526827727,79.0,90.0,0.0,55.56217948593721,13.980603432981297,,move_split
72.0,72.0,0.0,0.0,c_kam_move_only,0.9999970405792488,move_only,4.435867944955771,1.8005669241792215,,A1,8,64,0.03708971013868878,8.0,1.0833640205814878,176.59755286938608,3.7315829438789984e-16,0.4927154971026038,0.9056716110166473,0.8886400963390974,67.87716081831604,-5.859510407743882e-17,0.2602405795453001,0.2602405795453001,2.4250469696702184,0.5072618765773773,7.674523432938836,0.0,1.7797144711625978,1.5728159515523052e-16,0.2634784460507013,0.2634784460507013,0.792776517410756,0.9999970405792488,0.0,c_kam,72.0,6.439293542825921e-16,0.8,0.0,edge,3015,0.0,200.0,40299.0,12240.0,6480.0,13575.432163663208,72.0,90.0,0.0,52.715207953845734,14.267256009974517,,move_only
33.0,33.0,0.0,0.0,c_kam_move_merge,1.0000000000000002,move_merge,2.922558823037003,1.1298275290626898,,A1,8,64,0.0,2.0,1.1412795292230447,165.57627297550025,5.3828995133340925e-17,0.333818039301133,0.5627851574915441,0.4838435887052952,11.596854353265371,4.0371746350005693e-17,0.11732923640583447,0.11732923640583447,1.7943970674619059,0.8029210285482958,5.0173741861422885,0.0,1.0560292886073206,4.710037074167331e-17,0.12377442466167471,0.12377442466167471,0.863204153897992,1.0000000000000002,6.0,c_kam,27.0,2.220446049250313e-16,0.36666666666666664,0.0,edge,3015,0.0,200.0,7180.0,6124.0,5955.0,2319.3708706530742,27.0,90.0,0.0,20.469175579376742,2.984074175998103,,move_merge
72.0,72.0,0.0,0.0,c_kam_move_split,0.9999970405792488,move_split,4.435867944955771,1.8005669241792215,,A1,8,64,0.03708971013868878,8.0,1.0833640205814878,176.59755286938608,3.7315829438789984e-16,0.4927154971026038,0.9056716110166473,0.8886400963390974,71.53544060565764,-5.859510407743882e-17,0.2602405795453001,0.2602405795453001,2.4250469696702184,0.5072618765773773,7.674523432938836,0.0,1.7797144711625978,1.5728159515523052e-16,0.2634784460507013,0.2634784460507013,0.792776517410756,0.9999970405792488,0.0,c_kam,72.0,6.439293542825921e-16,0.8,0.0,edge,3015,0.0,200.0,40762.0,12240.0,6480.0,14307.088121131528,72.0,90.0,0.0,52.715207953845734,15.019370203022845,,move_split
73.0,73.0,0.0,0.0,c_kam_move_only,0.9997190250937855,move_only,5.796641551595633,2.0104005492001242,,A1,8,64,3.2150000663617293,8.0,1.151452362664871,196.02310682828266,6.113830902730314e-16,0.6406032590853893,0.9079617187810706,0.8913436957832082,62.525203420664184,-1.247099835880313e-16,0.3416571130229734,0.3416571130229734,3.263767257308927,0.5097375810990876,17.677259263289248,0.0,4.547869473314908,2.4333655334250005e-16,0.3504858591537106,0.3504858591537106,0.7691169688213904,0.9997190250937855,0.0,c_kam,73.0,3.1086244689504194e-16,0.8111111111111111,0.0,edge,3016,0.0,200.0,40306.0,12240.0,6480.0,12505.040684132837,73.0,90.0,0.0,49.773916319596935,13.185497839003801,,move_only
35.0,35.0,0.0,0.0,c_kam_move_merge,0.999954216339743,move_merge,4.2982297483407095,1.4112371848054386,,A1,8,64,0.5238705219154347,2.0,1.141201546297786,191.0578417829159,3.8064789415719653e-17,0.4832700197436223,0.5515869706447514,0.47062350701116484,10.472780659620184,-1.2688263138573217e-17,0.17345249175500638,0.17345249175500638,2.181920733677042,0.8090433044135982,10.453361410080745,0.0,2.5578060120577284,1.2688263138573217e-17,0.17424399132279814,0.17424399132279814,0.8320291220828324,0.999954216339743,6.0,c_kam,29.0,6.661338147750876e-17,0.3888888888888889,0.0,edge,3016,0.0,200.0,7173.0,6082.0,5955.0,2094.556131924037,29.0,90.0,0.0,21.313689739204932,2.7263840090017766,,move_merge
73.0,73.0,0.0,0.0,c_kam_move_split,0.9997190250937855,move_split,5.796641551595633,2.0104005492001242,,A1,8,64,3.2150000663617293,8.0,1.151452362664871,196.02310682828266,6.113830902730314e-16,0.6406032590853893,0.9079617187810706,0.8913436957832082,64.05908275773982,-1.247099835880313e-16,0.3416571130229734,0.3416571130229734,3.263767257308927,0.5097375810990876,17.677259263289248,0.0,4.547869473314908,2.4333655334250005e-16,0.3504858591537106,0.3504858591537106,0.7691169688213904,0.9997190250937855,0.0,c_kam,73.0,3.1086244689504194e-16,0.8111111111111111,0.0,edge,3016,0.0,200.0,40685.0,12240.0,6480.0,12811.816551547963,73.0,90.0,0.0,49.773916319596935,13.469860259036068,,move_split
74.0,74.0,0.0,0.0,c_kam_move_only,0.9998712442378168,move_only,4.836814821354158,2.069226564919195,,A1,8,64,1.3844203166607962,8.0,1.170628922915769,144.42577755926692,1.8303676892468797e-16,0.5366253380353516,0.8976436861824338,0.8791626850764842,62.12875731376698,-1.050210969240013e-16,0.34677283561212063,0.34677283561212063,3.036985059654658,0.5114278153943052,11.888953387908527,0.0,2.9318992618959836,3.900783600034334e-17,0.3517775865821819,0.3517775865821819,0.7646246133736183,0.9998712442378168,0.0,c_kam,74.0,2.220446049250313e-16,0.8222222222222222,0.0,edge,3017,0.0,200.0,40250.0,12240.0,6480.0,12425.751462753396,74.0,90.0,0.0,51.71707301297294,13.085421485011466,,move_only
31.0,31.0,0.0,0.0,c_kam_move_merge,1.0000000000000002,move_merge,3.520456349493928,1.2939753601460435,,A1,8,64,0.0,2.0,1.1046912907266682,147.87850572762403,6.446456272017038e-17,0.3984076984900275,0.46101500997989303,0.363698275670707,10.13388644933002,-7.162729191130042e-18,0.15889964754782349,0.15889964754782349,2.071853724687806,0.8371753999120959,8.230031893359405,0.0,1.9487325945945235,2.865091676452017e-17,0.16002463299875852,0.16002463299875852,0.8460259898747993,1.0000000000000002,6.0,c_kam,25.0,2.220446049250313e-16,0.34444444444444444,0.0,edge,3017,0.0,200.0,7169.0,6109.0,5955.0,2026.7772898660041,25.0,90.0,0.0,19.10579725452545,2.6557038230239414,,move_merge
78.0,78.0,0.0,0.0,c_kam_move_split,0.9999083817654583,move_split,4.859768322421925,2.0919563439711415,,A1,8,64,0.9851065546469311,9.0,1.11820069777388,144.42577755926692,1.8219044506669235e-16,0.5390354556474671,0.9029991145113478,0.8854850657425634,66.02507172356127,-1.0248212535001446e-16,0.35068429121859185,0.35068429121859185,3.053700799658133,0.5033257680302401,11.890969181246662,0.0,2.932524950071996,3.985415985833895e-17,0.3552433170196497,0.3552433170196497,0.7622379865731639,0.9999083817654583,0.0,c_kam,77.0,2.220446049250313e-16,0.8666666666666667,0.0,edge,3017,1.0,200.0,42256.0,12266.0,6506.0,13205.014344712254,77.0,90.0,0.0,54.56373069088473,13.838581771007739,,move_split
74.0,74.0,0.0,0.0,c_kam_move_only,0.9997736109979714,move_only,9.82659740439519,2.762042409982926,,A1,8,64,2.449883738503126,8.0,1.2116433048176694,231.32762404574737,1.2722555741650443e-15,1.074198322625719,0.9047032616532925,0.8874969061184703,65.23523146344814,-3.540711267723472e-16,0.319835616829604,0.319835616829604,3.8434054384149863,0.507582408991682,25.48750892299877,0.0,6.735311115350087,4.590922236963485e-16,0.3310000087374476,0.3310000087374476,0.6872321345856439,0.9997736109979714,0.0,c_kam,74.0,4.440892098500626e-16,0.8222222222222222,0.0,edge,3018,0.0,200.0,40285.0,12240.0,6480.0,13047.046292689629,74.0,90.0,0.0,47.97133710234196,13.689826804969925,,move_only
34.0,34.0,0.0,0.0,c_kam_move_merge,0.9999999999999997,move_merge,7.2457950906303115,1.9990882469851334,,A1,8,64,0.0,2.0,1.128653585612309,230.83259007071052,4.5715065719859385e-17,0.803214079680407,0.5604163616881174,0.481047093659583,11.264820925716776,-6.530723674265627e-18,0.13443178790468405,0.13443178790468405,2.5195859349306415,0.808358486764911,15.060014716252413,0.0,3.853286291920638,1.959217102279688e-17,0.13734369860839507,0.13734369860839507,0.7673423217004121,0.9999999999999997,6.0,c_kam,28.0,2.220446049250313e-16,0.37777777777777777,0.0,edge,3018,0.0,200.0,7174.0,6091.0,5955.0,2252.9641851433553,28.0,90.0,0.0,18.956511320111492,2.895261986006517,,move_merge
75.0,75.0,0.0,0.0,c_kam_move_split,0.9997407610471233,move_split,9.828503443900942,2.7639000935066123,,A1,8,64,2.8053716803753384,9.0,1.2041101615068566,231.32762404574737,1.2552921665095103e-15,1.0743984567738227,0.9049341837925629,0.8877695225328867,67.7596587879816,-3.4935017841538257e-16,0.3201174807525699,0.3201174807525699,3.843579394067263,0.506957408991682,25.487510550848878,0.0,6.735341266852458,4.529709940470639e-16,0.33117113466077563,0.33117113466077563,0.6870370778156568,0.9997407610471233,0.0,c_kam,74.0,4.440892098500626e-16,0.8333333333333334,0.0,edge,3018,1.0,200.0,40867.0,12243.0,6483.0,13551.931757596321,74.0,90.0,0.0,48.47133710234196,14.205585093004629,,move_split
81.0,81.0,0.0,0.0,c_kam_move_only,0.9998900243017489,move_only,4.384520166745901,1.8095925465667568,,A1,8,64,1.3259541068936005,8.0,1.1577168066904457,162.90287976898637,7.01770603219852e-16,0.4861476559329025,0.9226010562521743,0.9086262469643723,71.22299877926707,8.77213254024815e-17,0.3221110099863244,0.3221110099863244,2.9727417838195414,0.5072797682321566,10.880579181814818,0.0,2.6541155201874966,3.9474596431116675e-16,0.3189423357524661,0.3189423357524661,0.7926328000335399,0.9998900243017489,0.0,c_kam,81.0,8.881784197001252e-16,0.9,0.0,edge,3019,0.0,200.0,40292.0,12240.0,6480.0,14244.599755853415,81.0,90.0,0.0,57.90340307969912,14.968061405001208,,move_only
29.0,29.0,0.0,0.0,c_kam_move_merge,1.0000000000000002,move_merge,3.4386160589238206,1.2722018908235964,,A1,8,64,0.0,2.0,1.0909373889223488,162.64234818118138,4.594026308793751e-17,0.3868277246115841,0.3981109118423657,0.28943649314723724,11.383005341049284,0.0,0.15943455186584682,0.15943455186584682,2.139237980256626,0.8472449512794146,7.7538580012285125,0.0,1.82356309811666,2.2970131543968756e-17,0.16191355695878265,0.16191355695878265,0.8490588188865716,1.0000000000000002,6.0,c_kam,23.0,2.220446049250313e-16,0.32222222222222224,0.0,edge,3019,0.0,200.0,7161.0,6959.0,5955.0,2276.6010682098567,23.0,90.0,0.0,17.703568278001057,2.934387721994426,,move_merge
80.0,80.0,0.0,0.0,c_kam_move_split,0.9999999999999999,move_split,4.402913988521202,1.827507798423037,,A1,8,64,0.0,9.0,1.1061996535475191,162.90287976898637,7.16093850883226e-16,0.4880790072193092,0.9231242205437935,0.9092438714753118,74.92556535813492,8.881784197001253e-17,0.3265294946858967,0.3265294946858967,2.995248609328895,0.5017877252367188,10.88335246227395,0.0,2.6551040138665187,4.0245584642661925e-16,0.32179993324068257,0.32179993324068257,0.7907516985886304,0.9999999999999999,0.0,c_kam,79.0,1.0214051826551364e-15,0.8888888888888888,0.0,edge,3019,1.0,200.0,42006.0,12261.0,6501.0,14985.113071626984,79.0,90.0,0.0,57.013736812625176,15.68961295200279,,move_split
87.0,87.0,0.0,0.0,c_kam_move_only,0.9996959759909089,move_only,6.480383278093027,2.1725994103314785,,A1,8,64,4.662664897984629,8.0,1.177235032711063,256.97691513099016,5.997756569814064e-16,0.705031455160408,0.9165060146518013,0.9014307117417099,63.855459417100064,-1.403730261020313e-16,0.33760971117704275,0.33760971117704275,3.3012587270136486,0.5102875066280415,18.233263279605072,0.0,4.7027410998770085,2.297013154396876e-16,0.3448803114636431,0.3448803114636431,0.7544737240823765,0.9996959759909089,0.0,c_kam,87.0,2.220446049250313e-16,0.9666666666666667,0.0,edge,3020,0.0,200.0,40285.0,12240.0,6480.0,12771.091883420013,87.0,90.0,0.0,59.866207178780535,13.44274928397499,,move_only
45.0,45.0,0.0,0.0,c_kam_move_merge,1.0000000000000007,move_merge,4.7576884298490905,1.529886471053004,,A1,8,64,0.0,2.0,1.1460818503944212,250.72692441572366,3.947459643111668e-17,0.5241484960947945,0.5225638797165807,0.4363601357765188,11.076763720193412,0.0,0.17663345859643592,0.17663345859643592,2.266538130091257,0.8324349827220372,11.38115209583833,0.0,2.8143293674167995,1.973729821555834e-17,0.17926663026806658,0.17926663026806658,0.8219585827066161,1.0000000000000007,6.0,c_kam,39.0,2.220446049250313e-16,0.5,0.0,edge,3020,0.0,200.0,7180.0,7270.0,5955.0,2215.3527440386824,39.0,90.0,0.0,28.228436616700055,2.886780351982452,,move_merge
85.0,85.0,0.0,0.0,c_kam_move_split,0.9997192909836795,move_split,6.6423960259544765,2.3187162651673012,,A1,8,64,4.305094459020937,9.0,1.1307169984031964,256.97691513099016,5.851528412142001e-16,0.7220427936858599,0.9317741085362771,0.9194555447997714,72.93659156479407,-1.4628821030355004e-16,0.35860025612207813,0.35860025612207813,3.3702807248017463,0.4946769175825252,18.28301608291189,0.0,4.712405598474245,2.1943231545532507e-16,0.36663291865824477,0.36663291865824477,0.7391314543246148,0.9997192909836795,0.0,c_kam,84.0,2.220446049250313e-16,0.9444444444444444,0.0,edge,3020,1.0,200.0,44512.0,12302.0,6542.0,14587.318312958814,84.0,90.0,0.0,62.782579719794946,15.277835328015499,,move_split
68.0,68.0,0.0,0.0,c_kam_move_only,0.999802336684431,move_only,6.255420659751012,2.0828230232132845,,A1,8,64,2.1490860294924143,8.0,1.1096010558769427,190.65213580798903,7.673600317262112e-16,0.6852211364896401,0.9137250590076735,0.8981476391062813,61.07485900633037,1.7959490104230474e-16,0.28780536572161625,0.28780536572161625,2.7939371742709813,0.5064669080716608,14.434047766908355,0.0,3.6576508536951513,4.734774663842579e-16,0.2916956168438991,0.2916956168438991,0.7628055388933123,0.999802336684431,0.0,c_kam,68.0,1.3100631690576828e-15,0.7555555555555555,0.0,edge,3021,0.0,200.0,40264.0,12240.0,6480.0,12214.971801266074,68.0,90.0,0.0,47.74822154522429,12.844431985053234,,move_only
28.0,28.0,0.0,0.0,c_kam_move_merge,0.9998511659251638,move_merge,3.927036451286927,1.3040555173936683,,A1,8,64,1.6181921770507381,2.0,1.15802758070451,175.44946167823207,1.5860328923216522e-16,0.44074079460091103,0.496967654536899,0.40614236993939457,10.282161480863579,-1.427429603089487e-16,0.11680935315778639,0.11680935315778639,1.841809015561319,0.8270519057495656,7.194290628357802,0.0,1.6683279896879037,7.93016446160826e-18,0.12384533273763183,0.12384533273763183,0.8445761270043719,0.9998511659251638,6.0,c_kam,22.0,0.0,0.3111111111111111,0.0,edge,3021,0.0,200.0,7147.0,7409.0,5955.0,2056.4322961727157,22.0,90.0,0.0,15.938290537836822,2.6756290339981206,,move_merge
77.0,77.0,0.0,0.0,c_kam_move_split,0.9995954321031699,move_split,6.335191873945602,2.1587071864921774,,A1,8,64,4.398647328955816,9.0,1.211667577605829,190.65213580798903,6.661338147750939e-16,0.6935971139800721,0.9194990942377547,0.9049642084751269,67.88226662698435,1.8167285857502563e-16,0.298637247451544,0.298637247451544,2.839947725253792,0.494981912479238,14.449806016295922,0.0,3.6608953739423096,4.239033366750598e-16,0.3062124337739583,0.3062124337739583,0.7548377017490284,0.9995954321031699,0.0,c_kam,76.0,7.10542735760104e-16,0.8555555555555555,0.0,edge,3021,1.0,200.0,43677.0,12288.0,6528.0,13576.45332539687,76.0,90.0,0.0,53.253951509620514,14.213980550004635,,move_split
73.0,73.0,0.0,0.0,c_kam_move_only,0.9997667378458862,move_only,5.297958321378936,2.0468998211559617,,A1,8,64,2.5995290633573096,8.0,1.116889573889921,160.76009124108128,3.224209331788126e-16,0.5862328541359437,0.9076851592493163,0.8910172018915539,69.1702025005361,4.258389683493751e-17,0.2917587010282108,0.2917587010282108,2.8036540605716636,0.5063681601220672,10.208738176257183,0.0,2.4780150986374436,1.8250241500687504e-16,0.29522624435060607,0.29522624435060607,0.7658303566267706,0.9997667378458862,0.0,c_kam,73.0,4.440892098500626e-16,0.8111111111111111,0.0,edge,3022,0.0,200.0,40292.0,12240.0,6480.0,13834.040500107221,73.0,90.0,0.0,51.29195920200714,14.523487964004744,,move_only
30.0,30.0,0.0,0.0,c_kam_move_merge,0.9999524820768515,move_merge,3.3269170242291684,1.2243582090419873,,A1,8,64,0.5295510655096676,2.0,1.0603408158948233,157.0176892956411,1.3322676295501878e-16,0.37927351793521796,0.3799780139925911,0.26802959985236446,10.978751333313994,-8.881784197001253e-17,0.11895945154463489,0.11895945154463489,1.8754849194223169,0.856444298309458,5.777249750944158,0.0,1.283632791983891,2.2204460492503132e-17,0.13248648306118074,0.13248648306118074,0.8521972258987379,0.9999524820768515,6.0,c_kam,24.0,2.220446049250313e-16,0.3333333333333333,0.0,edge,3022,0.0,200.0,7161.0,6794.0,5955.0,2195.750266662799,24.0,90.0,0.0,16.793188961884297,2.8183853430091403,,move_merge
73.0,73.0,0.0,0.0,c_kam_move_split,0.9997667378458862,move_split,5.297958321378936,2.0468998211559617,,A1,8,64,2.5995290633573096,8.0,1.116889573889921,160.76009124108128,3.224209331788126e-16,0.5862328541359437,0.9076851592493163,0.8910172018915539,68.6681838016375,4.258389683493751e-17,0.2917587010282108,0.2917587010282108,2.8036540605716636,0.5063681601220672,10.208738176257183,0.0,2.4780150986374436,1.8250241500687504e-16,0.29522624435060607,0.29522624435060607,0.7658303566267706,0.9997667378458862,0.0,c_kam,73.0,4.440892098500626e-16,0.8111111111111111,0.0,edge,3022,0.0,200.0,40763.0,12240.0,6480.0,13733.6367603275,73.0,90.0,0.0,51.29195920200714,14.397990393976215,,move_split
76.0,76.0,0.0,0.0,c_kam_move_only,0.9993320938659012,move_only,7.36844790797107,2.302352583952069,,A1,8,64,7.223578080285817,8.0,1.1777011802342996,218.24647024575708,1.4228384552432927e-15,0.8118096265514975,0.8981945257540843,0.879812981793016,64.27962898043916,8.96943338315587e-16,0.3562259141389516,0.3562259141389516,3.83541122527428,0.506424632988121,22.949108196254528,0.0,6.017540588920234,1.1598908967794399e-15,0.3532689607122608,0.3532689607122608,0.735874378143771,0.9993320938659012,0.0,c_kam,76.0,4.440892098500626e-16,0.8444444444444444,0.0,edge,3023,0.0,200.0,40320.0,12240.0,6480.0,12855.925796087831,76.0,90.0,0.0,55.2015208947556,13.506975424010307,,move_only
32.0,32.0,0.0,0.0,c_kam_move_merge,0.9995343173351106,move_merge,5.75511058363091,1.702898780209598,,A1,8,64,5.036478808509732,2.0,1.1285403810269226,219.1619094001543,4.163336342344337e-17,0.6424092074957806,0.5014796048000634,0.4114689778889637,10.618167147913482,0.0,0.178342330162773,0.178342330162773,2.6511651500366664,0.8158919137340296,14.749592518548914,0.0,3.7621635763575574,2.0816681711721685e-17,0.16958974711282856,0.16958974711282856,0.7988170275367303,0.9995343173351106,6.0,c_kam,26.0,2.220446049250313e-16,0.35555555555555557,0.0,edge,3023,0.0,200.0,7187.0,7616.0,5955.0,2123.6334295826964,26.0,90.0,0.0,18.380354954825275,2.7456393399625085,,move_merge
78.0,78.0,0.0,0.0,c_kam_move_split,0.9992404532000456,move_split,7.370210847961225,2.3039346924242246,,A1,8,64,8.214695651060866,9.0,1.274168524521113,218.24647024575708,1.3977423207460304e-15,0.8119947352504637,0.8990147888488492,0.8807813479465579,69.00768733030418,8.796382425876241e-16,0.3568474494253491,0.3568474494253491,3.8445606880481744,0.5009701961087561,22.94596829562978,0.0,6.017815652417766,1.1386902816668273e-15,0.3539067018962432,0.3539067018962432,0.7357082567541946,0.9992404532000456,0.0,c_kam,77.0,4.440892098500626e-16,0.8666666666666667,0.0,edge,3023,1.0,200.0,41849.0,12259.0,6499.0,13801.537466060836,77.0,90.0,0.0,55.04835153303389,14.477345207007602,,move_split
71.0,71.0,0.0,0.0,c_kam_move_only,0.9999823657050914,move_only,4.5986185229960705,1.8294620361211493,,A1,8,64,0.20949196607065024,8.0,1.082153269118645,175.22637731693607,9.131975301142132e-16,0.5062416670596023,0.9079127415957263,0.8912858754949547,68.09309471631423,-5.379108739028927e-16,0.29973681518592155,0.29973681518592155,2.8102829240710463,0.5124628133425388,11.104054838190189,0.0,2.7241836368409746,1.8764332810566026e-16,0.30021272988005093,0.30021272988005093,0.7914152094900738,0.9999823657050914,0.0,c_kam,71.0,2.220446049250313e-16,0.7888888888888889,0.0,edge,3024,0.0,200.0,40278.0,12240.0,6480.0,13618.618943262845,71.0,90.0,0.0,48.980196167061955,14.286022764979862,,move_only
39.0,39.0,0.0,0.0,c_kam_move_merge,1.0000000000000004,move_merge,4.009251247862894,1.3913604252479383,,A1,8,64,0.0,2.0,1.0811997819719015,174.8298600460792,1.0817557675834858e-16,0.44435810317061863,0.44430666561275395,0.34397314690394565,11.209829313447699,9.678867394168032e-17,0.15638391459273074,0.15638391459273074,2.1581577210820977,0.8453290892759665,8.55034304324386,0.0,2.0393935606058142,1.0248212535001446e-16,0.15645205007436633,0.15645205007436633,0.8374158786317609,1.0000000000000004,6.0,c_kam,33.0,2.220446049250313e-16,0.43333333333333335,0.0,edge,3024,0.0,200.0,7143.0,7019.0,5955.0,2241.96586268954,33.0,90.0,0.0,21.3371489694802,2.879313780053053,,move_merge
77.0,77.0,0.0,0.0,c_kam_move_split,0.9997870829854116,move_split,4.6795688795335435,1.9070689565715437,,A1,8,64,2.529412388022795,9.0,1.183584751006002,175.22637731693607,8.44922977182262e-16,0.5147414544960367,0.9081400727788985,0.8915542525861996,79.59902004455216,-4.873446523679258e-16,0.31772167098739745,0.31772167098739745,2.860712745760454,0.49208543562895257,11.117066016458294,0.0,2.7281680226079237,1.7878916240716808e-16,0.3162090728364994,0.3162090728364994,0.7832664828427823,0.9997870829854116,0.0,c_kam,76.0,4.440892098500626e-16,0.8555555555555555,0.0,edge,3024,1.0,200.0,44456.0,12301.0,6541.0,15919.804008910432,76.0,90.0,0.0,51.98770639158584,16.620137038000394,,move_split
79.0,79.0,0.0,0.0,c_kam_move_only,0.9999746433688084,move_only,6.827015278216118,2.2017273139211793,,A1,8,64,0.31787696170590696,8.0,1.06009859812885,215.4694482366222,1.4390738952103295e-15,0.7507918363000923,0.896972222851481,0.8783699853107763,67.07929793075891,-9.50013626134944e-16,0.33227424814723117,0.33227424814723117,3.691236860440363,0.5073987626465933,20.638053225757194,0.0,5.379494217668099,2.4453013453769273e-16,0.33885164580806276,0.33885164580806276,0.7485517793335275,0.9999746433688084,0.0,c_kam,79.0,2.442490654175332e-16,0.8777777777777778,0.0,edge,3025,0.0,200.0,40320.0,12240.0,6480.0,13415.859586151782,79.0,90.0,0.0,51.35754889947966,14.104981255019084,,move_only
35.0,35.0,0.0,0.0,c_kam_move_merge,0.9999999999999996,move_merge,6.831471136357704,1.9720840936821655,,A1,8,64,0.0,2.0,1.087933287845275,237.32905558606217,3.172065784643304e-17,0.7512597014049588,0.47840762984554486,0.3842312296787682,11.014405543974135,-6.3441315692866086e-18,0.17251147050369334,0.17251147050369334,2.7475025536185087,0.828212916688475,16.05384774905801,0.0,4.128474354601448,1.2688263138573217e-17,0.17584798753190609,0.17584798753190609,0.772664317458624,0.9999999999999996,6.0,c_kam,29.0,6.661338147750876e-17,0.3888888888888889,0.0,edge,3025,0.0,200.0,7187.0,7326.0,5955.0,2202.881108794827,29.0,90.0,0.0,20.167840111864173,2.861371021019295,,move_merge
80.0,80.0,0.0,0.0,c_kam_move_split,0.9999222360512462,move_split,6.824922737486219,2.1995263184666265,,A1,8,64,0.9748679772907538,9.0,1.1111961812830666,215.4694482366222,1.429412144204889e-15,0.7505721195234529,0.897370207095871,0.8788398278215144,69.4965482360567,-9.298117831235686e-16,0.3326069767484452,0.3326069767484452,3.690211134898504,0.5054051934113271,20.63671963478007,0.0,5.379484784799821,2.498001805406602e-16,0.33801211283639404,0.33801211283639404,0.7487828838562556,0.9999222360512462,0.0,c_kam,79.0,4.440892098500626e-16,0.8888888888888888,0.0,edge,3025,1.0,200.0,41025.0,12246.0,6486.0,13899.30964721134,79.0,90.0,0.0,51.72265371549211,14.589384278981015,,move_split
72.0,72.0,0.0,0.0,c_kam_move_only,0.999428800342272,move_only,3.4043228162969474,1.5942735236123697,,A1,8,64,7.015431659045703,8.0,1.2294026729762315,149.46248462014105,2.1896065207885033e-16,0.3760007575679935,0.903751525176145,0.8863733283329489,64.75961678399472,-9.25185853854297e-18,0.24203460567385218,0.24203460567385218,2.1679675763709714,0.5162563676337691,5.7168510254489044,0.0,1.2362477079929306,1.0485439677015367e-16,0.2561424174204873,0.2561424174204873,0.818401240702346,0.999428800342272,0.0,c_kam,72.0,2.220446049250313e-16,0.8,0.0,edge,3026,0.0,200.0,40285.0,12240.0,6480.0,12951.923356798943,72.0,90.0,0.0,48.68054034871865,13.619309834029991,,move_only
36.0,36.0,0.0,0.0,c_kam_move_merge,0.9997031758573331,move_merge,2.5990363506599516,1.1047479618344391,,A1,8,64,3.645572015780106,2.0,1.1028846324165953,149.46248462014105,8.635067969306773e-17,0.29144567867610904,0.3882072525281755,0.2777446731235405,10.629997579962946,6.167905692361981e-17,0.12057711033875151,0.12057711033875151,1.6504279699885098,0.8685283610268064,4.404652275337593,0.0,0.8953022303832696,7.401486830834377e-17,0.12972681897363525,0.12972681897363525,0.8698014246890284,0.9997031758573331,6.0,c_kam,30.0,2.220446049250313e-16,0.4,0.0,edge,3026,0.0,200.0,7247.0,6779.0,5956.0,2125.9995159925893,30.0,90.0,0.0,21.92707828656714,2.746138718968723,,move_merge
72.0,72.0,0.0,0.0,c_kam_move_split,0.999428800342272,move_split,3.4043228162969474,1.5942735236123697,,A1,8,64,7.015431659045703,8.0,1.2294026729762315,149.46248462014105,2.1896065207885033e-16,0.3760007575679935,0.903751525176145,0.8863733283329489,66.1178534681676,-9.25185853854297e-18,0.24203460567385218,0.24203460567385218,2.1679675763709714,0.5162563676337691,5.7168510254489044,0.0,1.2362477079929306,1.0485439677015367e-16,0.2561424174204873,0.2561424174204873,0.818401240702346,0.999428800342272,0.0,c_kam,72.0,2.220446049250313e-16,0.8,0.0,edge,3026,0.0,200.0,40687.0,12240.0,6480.0,13223.57069363352,72.0,90.0,0.0,48.68054034871865,13.87669681198895,,move_split
79.0,79.0,0.0,0.0,c_kam_move_only,0.9989517643003254,move_only,9.132697391695855,2.6683578944731403,,A1,8,64,10.993613284897423,8.0,1.6094797851884528,234.80371403009678,8.066683748542276e-16,0.997195237902293,0.8945744430406399,0.875539273034089,62.183562768332195,2.4453013453769273e-16,0.3358824505590539,0.3358824505590539,3.702388188726403,0.5099539439660665,22.95958986734851,0.0,6.025785294980065,5.255992546959602e-16,0.3408010260039292,0.3408010260039292,0.6973552775796942,0.9989517643003254,0.0,c_kam,79.0,4.884981308350664e-16,0.8777777777777778,0.0,edge,3027,0.0,200.0,40299.0,12240.0,6480.0,12436.712553666439,79.0,90.0,0.0,56.5382587666546,13.092051876010373,,move_only
40.0,40.0,0.0,0.0,c_kam_move_merge,0.9999149995042548,move_merge,5.966611450453955,1.7706517119516616,,A1,8,64,0.8914622727897941,2.0,1.1607473063554696,212.98985267999998,3.8857805861880476e-17,0.6647562140718938,0.5443296626038469,0.462055851685097,10.623628051544074,-5.551115123125783e-18,0.14523138939498995,0.14523138939498995,2.465278389065543,0.8177001164146188,12.193669361581563,0.0,3.0501411078659406,1.6653345369377347e-17,0.14779820907086497,0.14779820907086497,0.7916144267444494,0.9999149995042548,6.0,c_kam,34.0,2.220446049250313e-16,0.4444444444444444,0.0,edge,3027,0.0,200.0,7180.0,6140.0,5955.0,2124.725610308815,34.0,90.0,0.0,23.466202862619102,2.764057384978514,,move_merge
79.0,79.0,0.0,0.0,c_kam_move_split,0.9989517643003254,move_split,9.132697391695855,2.6683578944731403,,A1,8,64,10.993613284897423,8.0,1.6094797851884528,234.80371403009678,8.066683748542276e-16,0.997195237902293,0.8945744430406399,0.875539273034089,65.81551213137573,2.4453013453769273e-16,0.3358824505590539,0.3358824505590539,3.702388188726403,0.5099539439660665,22.95958986734851,0.0,6.025785294980065,5.255992546959602e-16,0.3408010260039292,0.3408010260039292,0.6973552775796942,0.9989517643003254,0.0,c_kam,79.0,4.884981308350664e-16,0.8777777777777778,0.0,edge,3027,0.0,200.0,40678.0,12240.0,6480.0,13163.102426275145,79.0,90.0,0.0,56.5382587666546,13.841925582964905,,move_split
82.0,82.0,0.0,0.0,c_kam_move_only,0.9999001420302878,move_only,5.327000862679204,2.06564773885107,,A1,8,64,1.2077203550959807,8.0,1.137239196025484,192.1595173328538,6.336394823470405e-16,0.5979746297884642,0.9175456025414632,0.9026580030003385,64.35410732869059,2.166288828536891e-17,0.2995348410862521,0.2995348410862521,2.8632776638930433,0.5052604550190352,11.118900355790474,0.0,2.7286054427196387,3.2765118531620473e-16,0.30489822948522294,0.30489822948522294,0.7612254789248684,0.9999001420302878,0.0,c_kam,82.0,2.220446049250313e-16,0.9111111111111111,0.0,edge,3028,0.0,200.0,40320.0,12240.0,6480.0,12870.821465738118,82.0,90.0,0.0,52.436974537118196,13.52523954201024,,move_only
37.0,37.0,0.0,0.0,c_kam_move_merge,0.9999999999999991,move_merge,3.568601703441344,1.2645096919811867,,A1,8,64,0.0,2.0,1.110906054597614,192.05953999041515,3.00060276925718e-17,0.4133427180684889,0.4185479239953979,0.3135635213834558,10.708819251158275,6.00120553851436e-18,0.12609199102396004,0.12609199102396004,1.9920018022807933,0.8545332283546603,7.112232908233869,0.0,1.6481746533889585,1.800361661554308e-17,0.13325340103106068,0.13325340103106068,0.8453449738462061,0.9999999999999991,6.0,c_kam,31.0,2.220446049250313e-16,0.4111111111111111,0.0,edge,3028,0.0,200.0,7187.0,6898.0,5955.0,2141.763850231655,31.0,90.0,0.0,22.994545991092455,2.7527426169835962,,move_merge
85.0,85.0,0.0,0.0,c_kam_move_split,0.999807785848547,move_split,5.375551771560108,2.1061615907114652,,A1,8,64,2.324711226516732,9.0,1.1528568449750554,192.1595173328538,6.269494727295002e-16,0.6030724752209592,0.9166129113100729,0.9015569091855028,69.57209140091436,5.224578939412501e-18,0.3073934074857582,0.3073934074857582,2.8959087939795545,0.4972029245554608,11.130736202585581,0.0,2.731930112745205,3.1608702583445634e-16,0.31109815957205605,0.31109815957205605,0.7569715244795268,0.999807785848547,0.0,c_kam,84.0,2.220446049250313e-16,0.9444444444444444,0.0,edge,3028,1.0,200.0,43075.0,12277.0,6517.0,13914.418280182872,84.0,90.0,0.0,55.52211734860811,14.56700829701731,,move_split
75.0,75.0,0.0,0.0,c_kam_move_only,0.9997404821421014,move_only,5.893142186505947,2.2608233107756153,,A1,8,64,2.5651675999622503,8.0,1.1354479070861223,146.80179849804563,6.779761937044289e-16,0.6481995124036986,0.8986043620194305,0.8802968162729389,58.99485180067131,1.7467508920769129e-16,0.338272005528311,0.338272005528311,3.584207593064118,0.5089812233625213,13.870042159394334,0.0,3.487539409807083,4.263256414560601e-16,0.34465425827877566,0.34465425827877566,0.7433661860857512,0.9997404821421014,0.0,c_kam,75.0,5.773159728050801e-16,0.8333333333333334,0.0,edge,3029,0.0,200.0,40278.0,12240.0,6480.0,11798.970360134263,75.0,90.0,0.0,53.565828420665326,12.436613561003469,,move_only
23.0,23.0,0.0,0.0,c_kam_move_merge,0.9998729088315597,move_merge,3.61881388373318,1.3067975392614755,,A1,8,64,1.256214698140405,2.0,1.0759020893630369,146.80179849804563,2.896233977283017e-17,0.4093950406125581,0.364468395848042,0.24971963398727184,9.707147985463962,-9.654113257610057e-18,0.14532003930086193,0.14532003930086193,2.2962522050677223,0.8649760477745637,7.905558983073597,0.0,1.8707355055251509,9.654113257610057e-18,0.16827649093350325,0.16827649093350325,0.8435388920947361,0.9998729088315597,6.0,c_kam,17.0,0.0,0.25555555555555554,0.0,edge,3029,0.0,200.0,7174.0,6723.0,5955.0,1941.4295970927924,17.0,90.0,0.0,13.88384716877481,2.5650373640237376,,move_merge
75.0,75.0,0.0,0.0,c_kam_move_split,0.9997404821421014,move_split,5.893142186505947,2.2608233107756153,,A1,8,64,2.5651675999622503,8.0,1.1354479070861223,146.80179849804563,6.779761937044289e-16,0.6481995124036986,0.8986043620194305,0.8802968162729389,61.10587501258124,1.7467508920769129e-16,0.338272005528311,0.338272005528311,3.584207593064118,0.5089812233625213,13.870042159394334,0.0,3.487539409807083,4.263256414560601e-16,0.34465425827877566,0.34465425827877566,0.7433661860857512,0.9997404821421014,0.0,c_kam,75.0,5.773159728050801e-16,0.8333333333333334,0.0,edge,3029,0.0,200.0,40709.0,12240.0,6480.0,12221.175002516247,75.0,90.0,0.0,53.565828420665326,12.87929896597052,,move_split
73.0,73.0,0.0,0.0,c_kam_move_only,0.9998166142213147,move_only,8.15431571427005,2.443363175637077,,A1,8,64,2.5034123550652416,8.0,1.1354031076528632,287.1987097874295,1.1801822837111253e-15,0.8933743459133787,0.9028655987361555,0.8853274429524057,66.78823373687919,-6.509252801911877e-16,0.3027388843783306,0.3027388843783306,3.5389205640747967,0.5122435828052561,20.942980523400774,0.0,5.47072576547204,2.6462850175996884e-16,0.30858809929622494,0.30858809929622494,0.7214923452074884,0.9998166142213147,0.0,c_kam,73.0,3.1086244689504194e-16,0.8111111111111111,0.0,edge,3030,0.0,200.0,40208.0,12240.0,6480.0,13357.646747375838,73.0,90.0,0.0,54.124393619876436,14.025454101036303,,move_only
39.0,39.0,0.0,0.0,c_kam_move_merge,0.9999690822048813,move_merge,5.824258788933157,1.781569532764232,,A1,8,64,0.4220610280979224,2.0,1.11615018531202,268.7102959668898,9.109522253334617e-17,0.6487183687530049,0.5338108083435814,0.4496377598500613,11.56133694195887,-5.693451408334136e-17,0.13533228133832872,0.13533228133832872,2.280950813819748,0.8129330784771495,10.969954826364617,0.0,2.714600599570376,1.708035422500241e-17,0.13568438741618516,0.13568438741618516,0.7909806777091372,0.9999690822048813,6.0,c_kam,33.0,2.2204460492503446e-17,0.43333333333333335,0.0,edge,3030,0.0,200.0,7138.0,7825.0,5955.0,2312.267388391774,33.0,90.0,0.0,23.914183020234685,2.9637037169886753,,move_merge
77.0,77.0,0.0,0.0,c_kam_move_split,0.999787924307621,move_split,8.199892500109991,2.4877201445558614,,A1,8,64,2.895060414812929,9.0,1.1072909531375479,287.1987097874295,1.0986882399537264e-15,0.8981599084265726,0.9101937093423882,0.8939786846403195,75.431268622051,-6.199946760893731e-16,0.3130508457991487,0.3130508457991487,3.572809440449588,0.5014396515157444,20.952826445537145,0.0,5.472171303093217,2.393467819321766e-16,0.32010377974813464,0.32010377974813464,0.7168348634710161,0.999787924307621,0.0,c_kam,76.0,4.440892098500689e-17,0.8555555555555555,0.0,edge,3030,1.0,200.0,43796.0,12291.0,6531.0,15086.253724410199,76.0,90.0,0.0,57.61296550411038,15.763005698041525,,move_split
15.0,15.0,0.0,0.0,c_kam_move_only,0.9999916542559857,move_only,0.8629084332682686,0.6860530430021617,,A1,8,64,0.02918376247598939,8.0,1.139327433590544,14.338072867343016,2.3684757858670006e-16,0.072201913359602,0.8656349938440262,0.7872554069197082,83.0944884289056,-1.1842378929335003e-16,0.22212086316542096,0.22212086316542096,1.3073023707498346,0.5370597728327055,1.569249895886547,0.0,0.08523587084006162,5.921189464667501e-17,0.19329362071302278,0.19329362071302278,0.9410368426399458,0.9999916542559857,0.0,c_kam,15.0,2.8865798640254046e-16,0.16666666666666666,0.0,enterprise,3001,0.0,200.0,37828.0,12240.0,6480.0,16618.89768578112,15.0,90.0,0.0,10.775876199391359,17.071543623984326,,move_only
6.0,6.0,0.0,0.0,c_kam_move_merge,1.0000000000000002,move_merge,0.5614314456842019,0.407097726135284,,A1,8,64,0.0,2.0,1.1965347182261419,14.338072867343016,3.700743415417188e-17,0.05109852422871732,0.5193978679087128,0.23904662418879535,14.070309080998413,-3.700743415417188e-17,0.10932128954215367,0.10932128954215367,1.1234180219010184,0.8386838104291983,1.470699059429761,0.0,0.06624036689251034,0.0,0.12785694623041294,0.12785694623041294,0.9605637148206273,1.0000000000000002,6.0,c_kam,0.0,0.0,0.06666666666666667,0.0,enterprise,3001,0.0,200.0,7137.0,6069.0,5955.0,2814.0618161996827,0.0,90.0,0.0,3.0,3.210860902967397,,move_merge
15.0,15.0,0.0,0.0,c_kam_move_split,0.9999916542559857,move_split,0.8629084332682686,0.6860530430021617,,A1,8,64,0.02918376247598939,8.0,1.139327433590544,14.338072867343016,2.3684757858670006e-16,0.072201913359602,0.8656349938440262,0.7872554069197082,81.92110815405613,-1.1842378929335003e-16,0.22212086316542096,0.22212086316542096,1.3073023707498346,0.5370597728327055,1.569249895886547,0.0,0.08523587084006162,5.921189464667501e-17,0.19329362071302278,0.19329362071302278,0.9410368426399458,0.9999916542559857,0.0,c_kam,15.0,2.8865798640254046e-16,0.16666666666666666,0.0,enterprise,3001,0.0,200.0,38269.0,12240.0,6480.0,16384.221630811226,15.0,90.0,0.0,10.775876199391359,16.820533456047997,,move_split
15.0,15.0,0.0,0.0,c_kam_move_only,0.9999693094135429,move_only,1.0073738299028188,0.7232619004937673,,A1,8,64,0.10804658871125905,8.0,1.2076003074400805,17.92499506627682,7.401486830834377e-17,0.08762494605952278,0.839252028176706,0.7454823779464509,84.50733458332252,1.4802973661668754e-17,0.28062210486759265,0.28062210486759265,1.6178658593607356,0.5390034994758982,2.2731334095249145,0.0,0.269335817934711,4.4408920985006264e-17,0.24673696197265457,0.24673696197265457,0.9347351777294645,0.9999693094135429,0.0,c_kam,15.0,2.8865798640254046e-16,0.16666666666666666,0.0,enterprise,3002,0.0,200.0,39578.0,12240.0,6480.0,16901.466916664504,15.0,90.0,0.0,10.341494830426981,17.352843191009015,,move_only
7.0,7.0,0.0,0.0,c_kam_move_merge,0.9999999999999998,move_merge,0.8096638298576054,0.5225891776206752,,A1,8,64,0.0,2.0,1.188469241946672,17.92499506627682,1.2688263138573217e-16,0.07378524605635789,0.653367396678574,0.4511650447410755,14.231146313541103,-1.2688263138573217e-16,0.14382180616347104,0.14382180616347104,1.407098977063785,0.8151303275113384,2.1836299545601756,0.0,0.23965313213602077,0.0,0.1360687187742643,0.1360687187742643,0.9487822683305811,0.9999999999999998,6.0,c_kam,1.0,0.0,0.07777777777777778,0.0,enterprise,3002,0.0,200.0,7321.0,6099.0,5957.0,2846.2292627082206,1.0,90.0,0.0,3.6657937611645446,3.251287224004045,,move_merge
15.0,15.0,0.0,0.0,c_kam_move_split,0.9999693094135429,move_split,1.0073738299028188,0.7232619004937673,,A1,8,64,0.10804658871125905,8.0,1.2076003074400805,17.92499506627682,7.401486830834377e-17,0.08762494605952278,0.839252028176706,0.7454823779464509,82.64627945522079,1.4802973661668754e-17,0.28062210486759265,0.28062210486759265,1.6178658593607356,0.5390034994758982,2.2731334095249145,0.0,0.269335817934711,4.4408920985006264e-17,0.24673696197265457,0.24673696197265457,0.9347351777294645,0.9999693094135429,0.0,c_kam,15.0,2.8865798640254046e-16,0.16666666666666666,0.0,enterprise,3002,0.0,200.0,39938.0,12240.0,6480.0,16529.25589104416,15.0,90.0,0.0,10.341494830426981,16.966775993001647,,move_split
23.0,23.0,0.0,0.0,c_kam_move_only,0.9984531866185351,move_only,3.5579879083393853,2.6007954695975646,,A1,8,64,5.608658310416341,8.0,19.96512425546348,32.84129020577363,2.3169871818264136e-16,0.27591308648920815,0.8716442643092074,0.7967700851562449,77.2599287025514,7.723290606088045e-17,1.0838993212861872,1.0838993212861872,10.164193894049255,0.536508471116088,8.56311100816328,0.0,1.7954698699073035,1.544658121217609e-16,1.042593032209236,1.042593032209236,0.7977140954847173,0.9984531866185351,0.0,c_kam,23.0,0.0,0.25555555555555554,0.0,enterprise,3003,0.0,200.0,39690.0,12240.0,6480.0,15451.985740510281,23.0,90.0,0.0,17.55580070258601,15.88400395802455,,move_only
9.0,9.0,0.0,0.0,c_kam_move_merge,0.9999824624568827,move_merge,1.8079097717444206,0.8856077849028917,,A1,8,64,0.06359014482680672,2.0,1.3465222745049656,34.40562916175726,7.401486830834377e-17,0.15340761692756066,0.6345304882218079,0.4213399396845292,13.064546435780358,-2.4671622769447922e-17,0.19876574533558627,0.19876574533558627,1.4789228725266448,0.7989632286881748,2.6817190230082675,0.0,0.3708220342368233,2.4671622769447922e-17,0.17921023987454304,0.17921023987454304,0.9177772334133445,0.9999824624568827,6.0,c_kam,3.0,1.332267629550187e-16,0.1,0.0,enterprise,3003,0.0,200.0,7165.0,6041.0,5955.0,2612.9092871560715,3.0,90.0,0.0,5.288389076727869,3.0077700309921056,,move_merge
44.0,44.0,0.0,0.0,c_kam_move_split,0.9981517066392608,move_split,3.7557889723031983,2.74924735837255,,A1,8,64,6.701807756525215,12.0,21.053313064326417,32.84129020577363,1.261617073437678e-16,0.2897591609666751,0.9020583127252205,0.8449256618149323,118.59931660583243,-1.261617073437678e-16,0.9235257052632171,0.9235257052632171,10.405254815401893,0.47303393453200643,8.676214702153777,0.0,1.8819270756922635,0.0,1.0525628584889706,1.0525628584889706,0.7873224632704683,0.9981517066392608,0.0,c_kam,40.0,0.0,0.4888888888888889,0.0,enterprise,3003,4.0,200.0,55743.0,12497.0,6737.0,23719.863321166486,40.0,90.0,0.0,32.59029477871896,24.171429447014816,,move_split
15.0,15.0,0.0,0.0,c_kam_move_only,0.9999633347313865,move_only,2.050927842889715,1.137623020338929,,A1,8,64,0.1306345049675634,8.0,1.1531075925719876,29.41509810666961,1.4802973661668754e-17,0.168019549557553,0.8827059799929268,0.814284468322134,85.48231891472824,1.4802973661668754e-17,0.2851477090386668,0.2851477090386668,1.8157508386375794,0.5202144922893003,3.8999707852204177,0.0,0.7200111713395282,1.4802973661668754e-17,0.2685975534152866,0.2685975534152866,0.9013109595330014,0.9999633347313865,0.0,c_kam,15.0,6.661338147750916e-17,0.16666666666666666,0.0,enterprise,3004,0.0,200.0,40320.0,12240.0,6480.0,17096.463782945648,15.0,90.0,0.0,12.7715638986609,17.546300307963975,,move_only
10.0,10.0,0.0,0.0,c_kam_move_merge,1.0,move_merge,1.7669235630643634,0.8981537105747124,,A1,8,64,0.0,2.0,1.2167117707659916,29.615271446689643,4.884981308350689e-16,0.1481392499697784,0.5226688733421861,0.2442257161251281,14.443756270338781,3.9968028886505636e-16,0.18451438981393248,0.18451438981393248,1.481071245636001,0.8625620562568289,3.310142286119411,0.0,0.5514472311085343,4.440892098500626e-16,0.16074148350866013,0.16074148350866013,0.9180738112164967,1.0,6.0,c_kam,4.0,2.353672812205329e-15,0.1111111111111111,0.0,enterprise,3004,0.0,200.0,7254.0,6091.0,5956.0,2888.7512540677562,4.0,90.0,0.0,5.776568128776773,3.286268573021516,,move_merge
15.0,15.0,0.0,0.0,c_kam_move_split,0.9999633347313865,move_split,2.050927842889715,1.137623020338929,,A1,8,64,0.1306345049675634,8.0,1.1531075925719876,29.41509810666961,1.4802973661668754e-17,0.168019549557553,0.8827059799929268,0.814284468322134,88.62074881559238,1.4802973661668754e-17,0.2851477090386668,0.2851477090386668,1.8157508386375794,0.5202144922893003,3.8999707852204177,0.0,0.7200111713395282,1.4802973661668754e-17,0.2685975534152866,0.2685975534152866,0.9013109595330014,0.9999633347313865,0.0,c_kam,15.0,6.661338147750916e-17,0.16666666666666666,0.0,enterprise,3004,0.0,200.0,40755.0,12240.0,6480.0,17724.149763118476,15.0,90.0,0.0,12.7715638986609,18.17221678898204,,move_split
23.0,23.0,0.0,0.0,c_kam_move_only,0.9999841130975513,move_only,2.261870234231565,1.2791820043784359,,A1,8,64,0.057389895413277436,8.0,1.1955181806413082,33.25920852217636,5.213221159109431e-16,0.189943333218233,0.8685037557938152,0.7917976133402074,78.72661892848555,-1.9308226515220113e-16,0.2567208898466604,0.2567208898466604,1.671519698062176,0.5370770085920178,3.125264538636707,0.0,0.5088265066958055,1.6411992537937096e-16,0.25431885791456216,0.25431885791456216,0.8880946832964439,0.9999841130975513,0.0,c_kam,23.0,1.9984014443252786e-16,0.25555555555555554,0.0,enterprise,3005,0.0,200.0,39004.0,12240.0,6480.0,15745.32378569711,23.0,90.0,0.0,17.48795050203743,16.17911466996884,,move_only
9.0,9.0,0.0,0.0,c_kam_move_merge,1.0,move_merge,1.8409030965400226,0.8885353117933356,,A1,8,64,0.0,2.0,1.2181856063941676,33.136675167947665,3.20731096002823e-16,0.16047563357982508,0.5853598009956714,0.34348635157647983,19.75165468233172,-1.2335811384723962e-16,0.16642410600523105,0.16642410600523105,1.4087848928293372,0.810642351263095,2.8815407676554936,0.0,0.440615980340367,9.868649107779169e-17,0.13375888421972146,0.13375888421972146,0.9154399517774009,1.0,6.0,c_kam,3.0,5.329070518200748e-16,0.1,0.0,enterprise,3005,0.0,200.0,10413.0,6204.0,6007.0,3950.3309364663437,3.0,90.0,0.0,5.155394665161423,4.366377790982369,,move_merge
23.0,23.0,0.0,0.0,c_kam_move_split,0.9999841130975513,move_split,2.261870234231565,1.2791820043784359,,A1,8,64,0.057389895413277436,8.0,1.1955181806413082,33.25920852217636,5.213221159109431e-16,0.189943333218233,0.8685037557938152,0.7917976133402074,80.93234283936908,-1.9308226515220113e-16,0.2567208898466604,0.2567208898466604,1.671519698062176,0.5370770085920178,3.125264538636707,0.0,0.5088265066958055,1.6411992537937096e-16,0.25431885791456216,0.25431885791456216,0.8880946832964439,0.9999841130975513,0.0,c_kam,23.0,1.9984014443252786e-16,0.25555555555555554,0.0,enterprise,3005,0.0,200.0,39429.0,12240.0,6480.0,16186.468567873817,23.0,90.0,0.0,17.48795050203743,16.629464372992516,,move_split
14.0,14.0,0.0,0.0,c_kam_move_only,0.9961778605678727,move_only,3.1828452036915422,2.5814150803182114,,A1,8,64,14.088978740487654,8.0,125.43041040314014,14.088978740487654,1.2688263138573217e-16,0.23246984216089167,0.8014644958526498,0.6856521184333622,77.30439203762216,0.0,1.4819199362574238,1.4819199362574238,13.484510348632966,0.5506705095941079,20.112698298715735,0.0,4.916447631883623,6.344131569286608e-17,1.3113131925740709,1.3113131925740709,0.8100362669924802,0.9961778605678727,0.0,c_kam,14.0,3.108624468950435e-16,0.15555555555555556,0.0,enterprise,3006,0.0,200.0,38962.0,12240.0,6480.0,15460.878407524433,14.0,90.0,0.0,10.868879349824878,15.907633975963108,,move_only
8.0,8.0,0.0,0.0,c_kam_move_merge,1.0000000000000002,move_merge,0.39320803843590124,0.31370526739358323,,A1,8,64,0.0,2.0,1.1927326720299614,11.384802260771869,1.1102230246251565e-16,0.03719524059299679,0.5043823554417195,0.21527206278272237,17.737794095883146,0.0,0.13089427395406944,0.13089427395406944,1.1259649132460183,0.8250007188676739,1.462650459723076,0.0,0.06392545299076322,5.551115123125783e-17,0.12108937326913476,0.12108937326913476,0.9687759538972043,1.0000000000000002,6.0,c_kam,2.0,2.220446049250313e-16,0.08888888888888889,0.0,enterprise,3006,0.0,200.0,9524.0,6313.0,5992.0,3547.558819176629,2.0,90.0,0.0,4.448596352552617,3.9546067740302533,,move_merge
37.0,37.0,0.0,0.0,c_kam_move_split,0.9959015162959518,move_split,3.4622110041090868,2.711940437448849,,A1,8,64,15.107625140309683,12.0,128.98172107136347,15.157578646046906,9.00180830777154e-16,0.25202544819011974,0.8219010830103504,0.7180100480997215,103.5958466361626,6.00120553851436e-17,1.2208882661251217,1.2208882661251217,13.625697674903321,0.5022138380962509,20.30678790872507,0.0,5.051336218077508,4.800964430811488e-16,1.2867912709520264,1.2867912709520264,0.8008994919933354,0.9959015162959518,0.0,c_kam,33.0,7.10542735760085e-16,0.4111111111111111,0.0,enterprise,3006,4.0,200.0,49881.0,12424.0,6664.0,20719.16932723252,33.0,90.0,0.0,28.954826949429606,21.164206351037137,,move_split
20.0,20.0,0.0,0.0,c_kam_move_only,0.9999356373087104,move_only,2.6704288949647443,1.3282347686180238,,A1,8,64,0.2148326023800026,8.0,1.1800701094769168,34.05752422119801,8.659739592076221e-16,0.22325903549760062,0.8890856728101917,0.824385648616137,86.33555462845834,6.883382752675971e-16,0.2855770898494343,0.2855770898494343,1.8119664895229863,0.5193927578981075,4.2541370076006855,0.0,0.8175130875130526,7.771561172376096e-16,0.2501226040453481,0.2501226040453481,0.882474816193126,0.9999356373087104,0.0,c_kam,20.0,7.105427357601002e-15,0.2222222222222222,0.0,enterprise,3007,0.0,200.0,40320.0,12240.0,6480.0,17267.110925691668,20.0,90.0,0.0,14.925396329381172,17.731736148998607,,move_only
6.0,6.0,0.0,0.0,c_kam_move_merge,1.0,move_merge,2.275678048190639,1.0122655048733469,,A1,8,64,0.0,2.0,1.2250402082277623,33.92369864151171,5.921189464667501e-16,0.1956264762234132,0.6762155301342553,0.48734125604590417,14.839987987652421,-5.921189464667501e-16,0.16749909392408846,0.16749909392408846,1.4820393508704728,0.7939741341238635,3.7497946411614556,0.0,0.6723479044729335,0.0,0.13751063370680347,0.13751063370680347,0.9045926646552531,1.0,6.0,c_kam,0.0,0.0,0.06666666666666667,0.0,enterprise,3007,0.0,200.0,7187.0,6093.0,5955.0,2967.997597530484,0.0,90.0,0.0,3.0,3.396743724006228,,move_merge
20.0,20.0,0.0,0.0,c_kam_move_split,0.9999356373087104,move_split,2.6704288949647443,1.3282347686180238,,A1,8,64,0.2148326023800026,8.0,1.1800701094769168,34.05752422119801,8.659739592076221e-16,0.22325903549760062,0.8890856728101917,0.824385648616137,88.09277980501065,6.883382752675971e-16,0.2855770898494343,0.2855770898494343,1.8119664895229863,0.5193927578981075,4.2541370076006855,0.0,0.8175130875130526,7.771561172376096e-16,0.2501226040453481,0.2501226040453481,0.882474816193126,0.9999356373087104,0.0,c_kam,20.0,7.105427357601002e-15,0.2222222222222222,0.0,enterprise,3007,0.0,200.0,40755.0,12240.0,6480.0,17618.55596100213,20.0,90.0,0.0,14.925396329381172,18.06816159799928,,move_split
12.0,12.0,0.0,0.0,c_kam_move_only,1.0,move_only,0.9560865064698542,0.6819141743809211,,A1,8,64,0.0,8.0,1.1869252246552007,18.201572664153215,2.9605947323337506e-16,0.08212278829736488,0.8874676807744243,0.8218238278928385,82.13359251938527,-2.220446049250313e-16,0.21979090243339514,0.21979090243339514,1.5143904176724337,0.5402778404549734,1.9344326208919285,0.0,0.1837086293415556,3.700743415417188e-17,0.20636955954979302,0.20636955954979302,0.9387883964399313,1.0,0.0,c_kam,12.0,2.220446049250313e-16,0.13333333333333333,0.0,enterprise,3008,0.0,200.0,37898.0,12240.0,6480.0,16426.718503877055,12.0,90.0,0.0,8.914205035077709,16.89862352795899,,move_only
7.0,7.0,0.0,0.0,c_kam_move_merge,1.0,move_merge,0.7690692212150297,0.5029991954593444,,A1,8,64,0.0,2.0,1.249428721907818,18.113898218208377,3.172065784643304e-17,0.06903157832952717,0.6479722764466084,0.4426227710404633,14.55227779573761,3.172065784643304e-17,0.13233407609667697,0.13233407609667697,1.3390690129200136,0.8288049202333851,1.890589558316284,0.0,0.15828408928870666,3.172065784643304e-17,0.1093992866398457,0.1093992866398457,0.9513124449644416,1.0,6.0,c_kam,1.0,1.5543122344752176e-16,0.07777777777777778,0.0,enterprise,3008,0.0,200.0,7187.0,7322.0,5955.0,2910.455559147522,1.0,90.0,0.0,3.644089028732229,3.3314617360010743,,move_merge
12.0,12.0,0.0,0.0,c_kam_move_split,1.0,move_split,0.9560865064698542,0.6819141743809211,,A1,8,64,0.0,8.0,1.1869252246552007,18.201572664153215,2.9605947323337506e-16,0.08212278829736488,0.8874676807744243,0.8218238278928385,80.65322385984473,-2.220446049250313e-16,0.21979090243339514,0.21979090243339514,1.5143904176724337,0.5402778404549734,1.9344326208919285,0.0,0.1837086293415556,3.700743415417188e-17,0.20636955954979302,0.20636955954979302,0.9387883964399313,1.0,0.0,c_kam,12.0,2.220446049250313e-16,0.13333333333333333,0.0,enterprise,3008,0.0,200.0,38346.0,12240.0,6480.0,16130.644771968946,12.0,90.0,0.0,8.914205035077709,16.577690651989542,,move_split
15.0,15.0,0.0,0.0,c_kam_move_only,0.9999999999999994,move_only,0.8075285723892895,0.6281380446462966,,A1,8,64,0.0,8.0,1.2035084072479938,13.496439660050918,7.401486830834377e-17,0.0737770292105297,0.8503018967392435,0.7629780031704689,73.77179293893278,7.401486830834377e-17,0.220547950042069,0.220547950042069,1.3330541289056226,0.5469933322580617,1.699314414146084,0.0,0.1216980454535055,7.401486830834377e-17,0.19911664538637722,0.19911664538637722,0.9412348746765001,0.9999999999999994,0.0,c_kam,15.0,4.218847493575588e-16,0.16666666666666666,0.0,enterprise,3009,0.0,200.0,37800.0,12240.0,6480.0,14754.358587786555,15.0,90.0,0.0,11.509880321055133,15.18771668797126,,move_only
8.0,8.0,0.0,0.0,c_kam_move_merge,1.0000000000000002,move_merge,0.5707421038936068,0.4102439755677887,,A1,8,64,0.0,2.0,1.204984392372042,13.496439660050918,8.326672684688674e-17,0.05720197641583189,0.6613686478910427,0.46383369249415113,29.230055908847135,-2.7755575615628914e-17,0.12383730963627779,0.12383730963627779,1.1777184601348594,0.7474408774134416,1.5727669601938192,0.0,0.09153078633575873,2.7755575615628914e-17,0.12490189403407374,0.12490189403407374,0.9564874595119958,1.0000000000000002,6.0,c_kam,2.0,1.4432899320127023e-16,0.08888888888888889,0.0,enterprise,3009,0.0,200.0,15262.0,9201.0,6084.0,5846.011181769427,2.0,90.0,0.0,4.481036724948952,6.2606524949660525,,move_merge
15.0,15.0,0.0,0.0,c_kam_move_split,0.9999999999999994,move_split,0.8075285723892895,0.6281380446462966,,A1,8,64,0.0,8.0,1.2035084072479938,13.496439660050918,7.401486830834377e-17,0.0737770292105297,0.8503018967392435,0.7629780031704689,74.9120602000039,7.401486830834377e-17,0.220547950042069,0.220547950042069,1.3330541289056226,0.5469933322580617,1.699314414146084,0.0,0.1216980454535055,7.401486830834377e-17,0.19911664538637722,0.19911664538637722,0.9412348746765001,0.9999999999999994,0.0,c_kam,15.0,4.218847493575588e-16,0.16666666666666666,0.0,enterprise,3009,0.0,200.0,38112.0,12240.0,6480.0,14982.412040000781,15.0,90.0,0.0,11.509880321055133,15.42181419802364,,move_split
16.0,16.0,0.0,0.0,c_kam_move_only,1.0000000000000002,move_only,0.8928474190421146,0.6815028173731716,,A1,8,64,0.0,8.0,1.1289215738214773,16.14813471697059,3.191891195797325e-16,0.07614672720878002,0.8812702448061646,0.8120112209430936,84.00970567308832,-4.163336342344337e-17,0.23994901150760772,0.23994901150760772,1.4758213191131941,0.5316212586587398,2.000473829151085,0.0,0.19931064339712937,1.3877787807814457e-16,0.2223544501709251,0.2223544501709251,0.9399835709297737,1.0000000000000002,0.0,c_kam,16.0,7.771561172376096e-16,0.17777777777777778,0.0,enterprise,3010,0.0,200.0,38920.0,12240.0,6480.0,16801.941134617664,16.0,90.0,0.0,12.26289841766565,17.25995218800381,,move_only
8.0,8.0,0.0,0.0,c_kam_move_merge,1.0000000000000002,move_merge,0.7184717035137319,0.4957287244881824,,A1,8,64,0.0,2.0,1.230241260772835,16.168436096192526,2.7755575615628914e-17,0.06394042712179324,0.5201189301841466,0.24018830612489864,15.306177546735853,2.7755575615628914e-17,0.13894548234735682,0.13894548234735682,1.2603893763052718,0.8586219387850557,1.871845211864554,0.0,0.16418325197985337,2.7755575615628914e-17,0.1184157790842442,0.1184157790842442,0.952987757431723,1.0000000000000002,6.0,c_kam,2.0,1.4432899320127023e-16,0.08888888888888889,0.0,enterprise,3010,0.0,200.0,7857.0,6794.0,5965.0,3061.2355093471706,2.0,90.0,0.0,4.625338386040681,3.4738015179755166,,move_merge
16.0,16.0,0.0,0.0,c_kam_move_split,1.0000000000000002,move_split,0.8928474190421146,0.6815028173731716,,A1,8,64,0.0,8.0,1.1289215738214773,16.14813471697059,3.191891195797325e-16,0.07614672720878002,0.8812702448061646,0.8120112209430936,83.30368475493742,-4.163336342344337e-17,0.23994901150760772,0.23994901150760772,1.4758213191131941,0.5316212586587398,2.000473829151085,0.0,0.19931064339712937,1.3877787807814457e-16,0.2223544501709251,0.2223544501709251,0.9399835709297737,1.0000000000000002,0.0,c_kam,16.0,7.771561172376096e-16,0.17777777777777778,0.0,enterprise,3010,0.0,200.0,39345.0,12240.0,6480.0,16660.736950987484,16.0,90.0,0.0,12.26289841766565,17.14042234799126,,move_split
16.0,16.0,0.0,0.0,c_kam_move_only,0.9953422480840217,move_only,8.63249105034661,5.610259027182061,,A1,8,64,16.736360381952828,8.0,85.49257397641418,19.04925656713002,8.881784197001252e-16,0.622623747666006,0.9014843073418711,0.8440168199579628,78.51226854691049,8.881784197001252e-16,2.2877589870510158,2.2877589870510158,19.824966051073428,0.5247707180653147,48.92889488048624,0.0,12.725218379945948,8.881784197001252e-16,2.119133901391686,2.119133901391686,0.5916871385374664,0.9953422480840217,0.0,c_kam,16.0,3.552713678800501e-15,0.17777777777777778,0.0,enterprise,3011,0.0,200.0,39060.0,12240.0,6480.0,15702.453709382098,16.0,90.0,0.0,12.090142887517915,16.159194786974695,,move_only
7.0,7.0,0.0,0.0,c_kam_move_merge,1.0,move_merge,0.8197681643556672,0.5310902064069495,,A1,8,64,0.0,2.0,1.1668741390329278,19.04925656713002,6.344131569286608e-17,0.07573314564664008,0.5509678919151147,0.28903249553226495,14.257479171792511,6.344131569286608e-17,0.15165666642868778,0.15165666642868778,1.2983237428989485,0.8534167133460181,1.9286105672715206,0.0,0.17295137124904325,6.344131569286608e-17,0.15380975974926886,0.15380975974926886,0.9472289559917242,1.0,6.0,c_kam,1.0,3.108624468950435e-16,0.07777777777777778,0.0,enterprise,3011,0.0,200.0,7429.0,6900.0,5959.0,2851.495834358502,1.0,90.0,0.0,3.67501096231428,3.262788571009878,,move_merge
29.0,29.0,0.0,0.0,c_kam_move_split,0.995257181556888,move_split,8.902259123206942,5.688106974557556,,A1,8,64,17.04202373204757,11.0,87.95041146478673,22.85355404954412,1.4700884188140004e-15,0.6415075127662294,0.8996482764288003,0.8411097710122672,90.78856441163225,-4.900294729380001e-16,2.1801013297118264,2.1801013297118264,19.92884449618637,0.5051937908194687,49.44120852120062,0.0,12.903037779909408,4.900294729380001e-16,2.0988103860763863,2.0988103860763863,0.5862377822211817,0.995257181556888,0.0,c_kam,26.0,0.0,0.32222222222222224,0.0,enterprise,3011,3.0,200.0,44327.0,12326.0,6566.0,18157.71288232645,26.0,90.0,0.0,22.44948955965721,18.614707836997695,,move_split
17.0,17.0,0.0,0.0,c_kam_move_only,0.9999972926670299,move_only,1.2169710889781733,0.8712007963004771,,A1,8,64,0.0095230277981386,8.0,1.087507030205039,17.992872607472584,5.224578939412501e-17,0.09812258124942577,0.8608394189406776,0.7796624133227397,82.18603136658203,-2.6122894697062506e-17,0.219739031491636,0.219739031491636,1.3237580123061619,0.5268809425735393,1.7135565293042492,0.0,0.1296501349476525,1.3061447348531253e-17,0.1947574036567461,0.1947574036567461,0.9271385975281933,0.9999972926670299,0.0,c_kam,17.0,4.4408920985006104e-17,0.18888888888888888,0.0,enterprise,3012,0.0,200.0,39060.0,12240.0,6480.0,16437.206273316406,17.0,90.0,0.0,12.475952450917836,16.88508851599181,,move_only
9.0,9.0,0.0,0.0,c_kam_move_merge,0.9999999999999998,move_merge,0.7979450906793978,0.5426279127623036,,A1,8,64,0.0,2.0,1.169632415064942,17.74296774720149,7.401486830834377e-17,0.0687907613685115,0.6462727665974907,0.43993188044602705,26.630605036916677,7.401486830834377e-17,0.11825854794488823,0.11825854794488823,1.1582932675813296,0.760121754125166,1.5423891073031495,0.0,0.08365145581047254,7.401486830834377e-17,0.11579456292648327,0.11579456292648327,0.9501386993758655,0.9999999999999998,6.0,c_kam,3.0,3.5527136788005e-16,0.1,0.0,enterprise,3012,0.0,200.0,12884.0,7661.0,6041.0,5326.121007383335,3.0,90.0,0.0,5.259335948786023,5.737149469961878,,move_merge
17.0,17.0,0.0,0.0,c_kam_move_split,0.9999972926670299,move_split,1.2169710889781733,0.8712007963004771,,A1,8,64,0.0095230277981386,8.0,1.087507030205039,17.992872607472584,5.224578939412501e-17,0.09812258124942577,0.8608394189406776,0.7796624133227397,87.3662406031508,-2.6122894697062506e-17,0.219739031491636,0.219739031491636,1.3237580123061619,0.5268809425735393,1.7135565293042492,0.0,0.1296501349476525,1.3061447348531253e-17,0.1947574036567461,0.1947574036567461,0.9271385975281933,0.9999972926670299,0.0,c_kam,17.0,4.4408920985006104e-17,0.18888888888888888,0.0,enterprise,3012,0.0,200.0,39414.0,12240.0,6480.0,17473.24812063016,17.0,90.0,0.0,12.475952450917836,17.938156791962683,,move_split
15.0,15.0,0.0,0.0,c_kam_move_only,1.0,move_only,0.8789222725378771,0.6592693223921684,,A1,8,64,0.0,8.0,1.137555785710425,15.62901621309194,1.924386576016938e-16,0.07713720888096218,0.8605049214488573,0.7791327922940242,78.22219488269184,-1.6283271027835628e-16,0.25654242568986396,0.25654242568986396,1.4633487072976112,0.5321030964899578,1.9447908639712934,0.0,0.1825904726573223,1.4802973661668754e-17,0.22276814878879478,0.22276814878879478,0.940012824820036,1.0,0.0,c_kam,15.0,6.661338147750916e-17,0.16666666666666666,0.0,enterprise,3013,0.0,200.0,39088.0,12240.0,6480.0,15644.438976538368,15.0,90.0,0.0,11.24368275316216,16.1104214899824,,move_only
8.0,8.0,0.0,0.0,c_kam_move_merge,1.0000000000000002,move_merge,0.6610385373778941,0.451345846292629,,A1,8,64,0.0,2.0,1.2099033991433341,15.62901621309194,2.498001805406602e-16,0.06188534741976335,0.6019148958812137,0.36969858514525505,20.15793521539308,2.7755575615628914e-17,0.1348237070479706,0.1348237070479706,1.2479352892622493,0.8032872555706426,1.8129479320260629,0.0,0.15020421792052446,1.3877787807814457e-16,0.12348503393628725,0.12348503393628725,0.9545674681470038,1.0000000000000002,6.0,c_kam,2.0,6.55031584528842e-16,0.08888888888888889,0.0,enterprise,3013,0.0,200.0,10269.0,7122.0,6001.0,4031.5870430786163,2.0,90.0,0.0,4.820697794466755,4.4539619329734705,,move_merge
15.0,15.0,0.0,0.0,c_kam_move_split,1.0,move_split,0.8789222725378771,0.6592693223921684,,A1,8,64,0.0,8.0,1.137555785710425,15.62901621309194,1.924386576016938e-16,0.07713720888096218,0.8605049214488573,0.7791327922940242,80.12525763071608,-1.6283271027835628e-16,0.25654242568986396,0.25654242568986396,1.4633487072976112,0.5321030964899578,1.9447908639712934,0.0,0.1825904726573223,1.4802973661668754e-17,0.22276814878879478,0.22276814878879478,0.940012824820036,1.0,0.0,c_kam,15.0,6.661338147750916e-17,0.16666666666666666,0.0,enterprise,3013,0.0,200.0,39513.0,12240.0,6480.0,16025.051526143216,15.0,90.0,0.0,11.24368275316216,16.478867764002644,,move_split
17.0,17.0,0.0,0.0,c_kam_move_only,0.9998729246079984,move_only,1.4397820179355343,0.8833579613319102,,A1,8,64,0.44186786564600344,8.0,1.212301542713302,24.15157915434129,2.3510605227356256e-16,0.12438533304025469,0.8563278389455953,0.7725190783305258,78.53407796035754,-2.6122894697062506e-17,0.24125453012303277,0.24125453012303277,1.489573435356406,0.5301765226347903,2.3847090943413827,0.0,0.3107765077441637,1.0449157878825003e-16,0.19881969993128423,0.19881969993128423,0.919884946690893,0.9998729246079984,0.0,c_kam,17.0,5.329070518200748e-16,0.18888888888888888,0.0,enterprise,3014,0.0,200.0,39060.0,12240.0,6480.0,15706.815592071507,17.0,90.0,0.0,13.139791684053595,16.147568797983695,,move_only
8.0,8.0,0.0,0.0,c_kam_move_merge,1.0,move_merge,1.1725639180641412,0.65679922551282,,A1,8,64,0.0,2.0,1.195698634640036,24.51483135353245,2.220446049250313e-16,0.10568006604925721,0.5992378571058012,0.36545994041751867,15.376864817808382,2.220446049250313e-16,0.14061143562480102,0.14061143562480102,1.2618585249418215,0.8145422530923725,2.1580119704945497,0.0,0.24247851752755203,2.220446049250313e-16,0.13347600019897135,0.13347600019897135,0.9357440581982293,1.0,6.0,c_kam,2.0,8.881784197001252e-16,0.08888888888888889,0.0,enterprise,3014,0.0,200.0,8118.0,7860.0,5970.0,3075.3729635616764,2.0,90.0,0.0,4.3728768660009285,3.488609178981278,,move_merge
17.0,17.0,0.0,0.0,c_kam_move_split,0.9998729246079984,move_split,1.4397820179355343,0.8833579613319102,,A1,8,64,0.44186786564600344,8.0,1.212301542713302,24.15157915434129,2.3510605227356256e-16,0.12438533304025469,0.8563278389455953,0.7725190783305258,79.32421896723099,-2.6122894697062506e-17,0.24125453012303277,0.24125453012303277,1.489573435356406,0.5301765226347903,2.3847090943413827,0.0,0.3107765077441637,1.0449157878825003e-16,0.19881969993128423,0.19881969993128423,0.919884946690893,0.9998729246079984,0.0,c_kam,17.0,5.329070518200748e-16,0.18888888888888888,0.0,enterprise,3014,0.0,200.0,39452.0,12240.0,6480.0,15864.843793446198,17.0,90.0,0.0,13.139791684053595,16.318060909979977,,move_split
11.0,11.0,0.0,0.0,c_kam_move_only,0.9999669694738664,move_only,0.3490952099911217,0.3457783475209485,,A1,8,64,0.12124804724677432,8.0,1.2126177356776582,6.000656832766349,1.0092936587501423e-16,0.032596382790726894,0.8977191102882458,0.8380552579563889,83.17825277452357,2.0185873175002847e-17,0.1966518536675598,0.1966518536675598,1.2201085201905344,0.5402105544557225,1.3670631796714616,0.0,0.02995244944168888,6.055761952500853e-17,0.17750965497145976,0.17750965497145976,0.9677796659149769,0.9999669694738664,0.0,c_kam,11.0,3.3306690738754696e-16,0.12222222222222222,0.0,enterprise,3015,0.0,200.0,39914.0,12240.0,6480.0,16635.650554904714,11.0,90.0,0.0,8.54938834640706,17.08685011602938,,move_only
7.0,7.0,0.0,0.0,c_kam_move_merge,0.9999999999999999,move_merge,0.20515060289429693,0.19121282207976,,A1,8,64,0.0,2.0,1.2388361752830266,6.000656832766349,2.220446049250313e-16,0.022520260293949153,0.6853353123338721,0.5017809111952972,20.616811381769367,9.516197353929913e-17,0.09766281339464317,0.09766281339464317,1.063867599922565,0.8127819537057657,1.3841903106620992,0.0,0.024593964695859533,1.5860328923216522e-16,0.08413914177862392,0.08413914177862392,0.97859925269586,0.9999999999999999,6.0,c_kam,1.0,3.7747582837255307e-16,0.07777777777777778,0.0,enterprise,3015,0.0,200.0,10415.0,6420.0,6003.0,4123.362276353873,1.0,90.0,0.0,3.729467325059459,4.532910858979449,,move_merge
11.0,11.0,0.0,0.0,c_kam_move_split,0.9999669694738664,move_split,0.3490952099911217,0.3457783475209485,,A1,8,64,0.12124804724677432,8.0,1.2126177356776582,6.000656832766349,1.0092936587501423e-16,0.032596382790726894,0.8977191102882458,0.8380552579563889,87.55467954499181,2.0185873175002847e-17,0.1966518536675598,0.1966518536675598,1.2201085201905344,0.5402105544557225,1.3670631796714616,0.0,0.02995244944168888,6.055761952500853e-17,0.17750965497145976,0.17750965497145976,0.9677796659149769,0.9999669694738664,0.0,c_kam,11.0,3.3306690738754696e-16,0.12222222222222222,0.0,enterprise,3015,0.0,200.0,40200.0,12240.0,6480.0,17510.935908998363,11.0,90.0,0.0,8.54938834640706,17.981221059977543,,move_split
14.0,14.0,0.0,0.0,c_kam_move_only,0.9993202181039483,move_only,2.088069577947054,2.011709124014416,,A1,8,64,2.4250883571102957,8.0,4.408891568063249,7.441315749225532,1.9032394707859825e-16,0.15330511678762893,0.8573300985730715,0.7741059894073635,75.63914791622665,-6.344131569286608e-17,0.6473323518877697,0.6473323518877697,8.529905392622556,0.5422823136798617,5.3427292732787555,0.0,1.0198442714909495,6.344131569286608e-17,0.948877073381054,0.948877073381054,0.852015793628373,0.9993202181039483,0.0,c_kam,14.0,3.108624468950435e-16,0.15555555555555556,0.0,enterprise,3016,0.0,200.0,38626.0,12240.0,6480.0,15127.82958324533,14.0,90.0,0.0,10.737839433681767,15.569030531973112,,move_only
8.0,8.0,0.0,0.0,c_kam_move_merge,0.9999999999999992,move_merge,0.28535236061618285,0.2500736893968898,,A1,8,64,0.0,3.0,1.2289882969070616,7.441315749225532,2.7755575615628914e-17,0.027114911574467892,0.759763181170939,0.6196250368539866,31.538906370115,2.7755575615628914e-17,0.0955949207689732,0.0955949207689732,1.1821952379666323,0.705342020233475,1.3295714394282214,0.0,0.026507770500457342,2.7755575615628914e-17,0.1042625237130534,0.1042625237130534,0.9753302740515999,0.9999999999999992,5.0,c_kam,3.0,1.4432899320127023e-16,0.08888888888888889,0.0,enterprise,3016,0.0,200.0,15685.0,9079.0,6084.0,6307.781274023,3.0,90.0,0.0,4.4716071627411,6.759903163998388,,move_merge
17.0,17.0,0.0,0.0,c_kam_move_split,0.9993384894875988,move_split,2.0189759435366788,1.9537418540728058,,A1,8,64,2.3599060978946063,10.0,4.357828279526972,7.441315749225532,2.0898315757650005e-16,0.1484685623789026,0.8722087897187256,0.7976639170546488,93.28197472670581,-1.0449157878825003e-16,0.6115145756091908,0.6115145756091908,8.601616568392085,0.5084832727933639,5.343128156298823,0.0,1.036357499748069,5.224578939412501e-17,0.9619711302518926,0.9619711302518926,0.8560735025242857,0.9993384894875988,0.0,c_kam,15.0,1.7763568394002442e-16,0.18888888888888888,0.0,enterprise,3016,2.0,200.0,46086.0,12362.0,6602.0,18656.394945341162,15.0,90.0,0.0,12.519790701591525,19.115131071012,,move_split
14.0,14.0,0.0,0.0,c_kam_move_only,0.9997893759319452,move_only,1.448221191536718,0.961263300955573,,A1,8,64,0.7800005002141903,8.0,1.8093456987622174,23.53602478178585,2.061842760018148e-16,0.12279612745351465,0.8752326645617692,0.8024517188894678,82.19630718347616,-7.930164461608261e-17,0.29230375173340145,0.29230375173340145,1.867103122295633,0.5384670841483703,2.468611471479665,0.0,0.3149012871586838,6.344131569286608e-17,0.25339158424872055,0.25339158424872055,0.9155503809378753,0.9997893759319452,0.0,c_kam,14.0,3.108624468950435e-16,0.15555555555555556,0.0,enterprise,3017,0.0,200.0,39690.0,12240.0,6480.0,16439.261436695233,14.0,90.0,0.0,11.049808212425853,16.88239787396742,,move_only
8.0,8.0,0.0,0.0,c_kam_move_merge,1.0,move_merge,1.0704202515730212,0.6231987052118241,,A1,8,64,0.0,2.0,1.202095244840759,23.53602478178585,8.326672684688674e-17,0.09635006165605585,0.4630562307724688,0.14983903205640905,14.716083673993126,-2.7755575615628914e-17,0.12944018843299876,0.12944018843299876,1.3208875156004205,0.889261425074539,2.1636314875962497,0.0,0.24956008528406276,2.7755575615628914e-17,0.13709172400620578,0.13709172400620578,0.9392149026399378,1.0,6.0,c_kam,2.0,1.4432899320127023e-16,0.08888888888888889,0.0,enterprise,3017,0.0,200.0,7421.0,6396.0,5959.0,2943.216734798625,2.0,90.0,0.0,4.679091695744113,3.3758368629496545,,move_merge
15.0,15.0,0.0,0.0,c_kam_move_split,0.9997871535722884,move_split,1.4497014101534436,0.962841533629274,,A1,8,64,0.7882305266299309,9.0,1.748736650689453,23.53602478178585,1.924386576016938e-16,0.12289974275668542,0.8752500635706452,0.8024792673201881,85.45313611190068,-7.401486830834377e-17,0.2903600499404868,0.2903600499404868,1.8691197964946755,0.5344926599401809,2.4635357506251303,0.0,0.3150259339297167,5.921189464667501e-17,0.2537784307784961,0.2537784307784961,0.9154399046507163,0.9997871535722884,0.0,c_kam,14.0,2.664535259100366e-16,0.16666666666666666,0.0,enterprise,3017,1.0,200.0,40645.0,12249.0,6489.0,17090.627222380135,14.0,90.0,0.0,11.549808212425853,17.543794917990454,,move_split
7.0,7.0,0.0,0.0,c_kam_move_only,0.9999999999999999,move_only,0.11345904943661825,0.1267371993367254,,A1,8,64,0.0,8.0,1.1847631928303444,1.2716537027253074,6.344131569286608e-17,0.008723901609169814,0.8283225044366509,0.7281772986913642,81.44467348465696,6.344131569286608e-17,0.1423591040141906,0.1423591040141906,1.0347437585298183,0.5247896011784485,1.1519596213432255,0.0,0.0011770113213016606,6.344131569286608e-17,0.11665363885301192,0.11665363885301192,0.9902411585534034,0.9999999999999999,0.0,c_kam,7.0,2.220446049250313e-16,0.07777777777777778,0.0,enterprise,3018,0.0,200.0,40054.0,12240.0,6480.0,16288.934696931392,7.0,90.0,0.0,5.374247513103104,16.757190331001766,,move_only
5.0,5.0,0.0,0.0,c_kam_move_merge,1.0,move_merge,0.020911699404165335,0.023630789351005273,,A1,8,64,0.0,3.0,1.1774912809377016,0.6677430302489297,8.881784197001253e-17,0.0022455871068981117,0.6594331212810189,0.4607691086949467,44.03376854490489,8.881784197001253e-17,0.08244999760775375,0.08244999760775375,0.9371854629096851,0.70083890834633,1.1571215677334579,0.0,0.00021411477556584706,8.881784197001253e-17,0.06883586643097345,0.06883586643097345,0.9974586072524039,1.0,5.0,c_kam,0.0,3.5527136788005e-16,0.05555555555555555,0.0,enterprise,3018,0.0,200.0,22370.0,8781.0,6181.0,8806.753708980978,0.0,90.0,0.0,2.5,9.240805464971345,,move_merge
7.0,7.0,0.0,0.0,c_kam_move_split,0.9999999999999999,move_split,0.11345904943661825,0.1267371993367254,,A1,8,64,0.0,8.0,1.1847631928303444,1.2716537027253074,6.344131569286608e-17,0.008723901609169814,0.8283225044366509,0.7281772986913642,84.17365511413664,6.344131569286608e-17,0.1423591040141906,0.1423591040141906,1.0347437585298183,0.5247896011784485,1.1519596213432255,0.0,0.0011770113213016606,6.344131569286608e-17,0.11665363885301192,0.11665363885301192,0.9902411585534034,0.9999999999999999,0.0,c_kam,7.0,2.220446049250313e-16,0.07777777777777778,0.0,enterprise,3018,0.0,200.0,40418.0,12240.0,6480.0,16834.731022827327,7.0,90.0,0.0,5.374247513103104,17.330607944983058,,move_split
12.0,12.0,0.0,0.0,c_kam_move_only,0.9999999999999999,move_only,0.5591727836781512,0.5108454309842297,,A1,8,64,0.0,8.0,1.1581891923065477,9.367625633468316,1.1102230246251565e-16,0.04676784876878086,0.8581029728215108,0.7753297069673922,83.28131103538908,-1.1102230246251565e-16,0.1905202952112996,0.1905202952112996,1.2291452580851996,0.5337384716476106,1.3887768163114986,0.0,0.04600019154516917,0.0,0.18638943389090834,0.18638943389090834,0.9566321338726592,0.9999999999999999,0.0,c_kam,12.0,0.0,0.13333333333333333,0.0,enterprise,3019,0.0,200.0,39690.0,12240.0,6480.0,16656.262207077816,12.0,90.0,0.0,9.187417117388868,17.10521923104534,,move_only
6.0,6.0,0.0,0.0,c_kam_move_merge,0.9999999999999998,move_merge,0.33013388685308953,0.2728577067689423,,A1,8,64,0.0,2.0,1.192022195496798,9.367625633468316,1.1102230246251565e-16,0.030735125991026555,0.48650298130374126,0.18696305373092367,19.143308175553102,1.1102230246251565e-16,0.0909803781255022,0.0909803781255022,1.054428033179901,0.8825121977681262,1.3706933549569584,0.0,0.037010031735758765,1.1102230246251565e-16,0.1143783860369895,0.1143783860369895,0.9732912745677296,0.9999999999999998,6.0,c_kam,0.0,3.885780586188048e-16,0.06666666666666667,0.0,enterprise,3019,0.0,200.0,9657.0,6390.0,5994.0,3828.6616351106204,0.0,90.0,0.0,3.0,4.23800414300058,,move_merge
12.0,12.0,0.0,0.0,c_kam_move_split,0.9999999999999999,move_split,0.5591727836781512,0.5108454309842297,,A1,8,64,0.0,8.0,1.1581891923065477,9.367625633468316,1.1102230246251565e-16,0.04676784876878086,0.8581029728215108,0.7753297069673922,84.89977842284134,-1.1102230246251565e-16,0.1905202952112996,0.1905202952112996,1.2291452580851996,0.5337384716476106,1.3887768163114986,0.0,0.04600019154516917,0.0,0.18638943389090834,0.18638943389090834,0.9566321338726592,0.9999999999999999,0.0,c_kam,12.0,0.0,0.13333333333333333,0.0,enterprise,3019,0.0,200.0,40153.0,12240.0,6480.0,16979.955684568267,12.0,90.0,0.0,9.187417117388868,17.430002223001793,,move_split
8.0,8.0,0.0,0.0,c_kam_move_only,0.9999872195150963,move_only,0.20753218228395526,0.21669346549616778,,A1,8,64,0.045561972063611705,8.0,1.2003144751888364,3.5422059213030597,5.551115123125783e-17,0.020668363617089083,0.8336818377546535,0.7366629097782016,78.12741463683778,5.551115123125783e-17,0.16072456573272484,0.16072456573272484,1.056759235418725,0.5468699395276795,1.2188218499584162,0.0,0.007753656761400076,5.551115123125783e-17,0.13830134561629356,0.13830134561629356,0.9785928257521924,0.9999872195150963,0.0,c_kam,8.0,2.220446049250313e-16,0.08888888888888889,0.0,enterprise,3020,0.0,200.0,39690.0,12240.0,6480.0,15625.482927367557,8.0,90.0,0.0,6.229425944495188,16.061392950010486,,move_only
6.0,6.0,0.0,0.0,c_kam_move_merge,1.0,move_merge,0.11610128162593317,0.1155247753995701,,A1,8,64,0.0,3.0,1.1827732976779601,3.5422059213030597,1.8503717077085943e-16,0.014268200571027541,0.6043482135183416,0.3735513380707075,40.10725335945608,-1.1102230246251565e-16,0.09508219999352853,0.09508219999352853,0.9924816119897732,0.7611582370322495,1.2198393156981509,0.0,0.006913525262059457,3.700743415417188e-17,0.09594834271031566,0.09594834271031566,0.9856746340589541,1.0,5.0,c_kam,1.0,1.6653345369377348e-16,0.06666666666666667,0.0,enterprise,3020,0.0,200.0,21137.0,8195.0,6168.0,8021.450671891216,1.0,90.0,0.0,3.2583763029901216,8.439351911016274,,move_merge
8.0,8.0,0.0,0.0,c_kam_move_split,0.9999872195150963,move_split,0.20753218228395526,0.21669346549616778,,A1,8,64,0.045561972063611705,8.0,1.2003144751888364,3.5422059213030597,5.551115123125783e-17,0.020668363617089083,0.8336818377546535,0.7366629097782016,80.68884455598891,5.551115123125783e-17,0.16072456573272484,0.16072456573272484,1.056759235418725,0.5468699395276795,1.2188218499584162,0.0,0.007753656761400076,5.551115123125783e-17,0.13830134561629356,0.13830134561629356,0.9785928257521924,0.9999872195150963,0.0,c_kam,8.0,2.220446049250313e-16,0.08888888888888889,0.0,enterprise,3020,0.0,200.0,40093.0,12240.0,6480.0,16137.768911197782,8.0,90.0,0.0,6.229425944495188,16.591960078978445,,move_split
16.0,16.0,0.0,0.0,c_kam_move_only,1.0000000000000016,move_only,1.5421229551164721,0.9526525017875805,,A1,8,64,0.0,8.0,1.1269185198987528,22.16120629225623,1.3877787807814457e-17,0.13059795928098755,0.8380926216517502,0.7436466509486046,84.68997095013037,1.3877787807814457e-17,0.2562119887457884,0.2562119887457884,1.5540119764117841,0.5280206589264553,2.5045319925424883,0.0,0.34374463889760576,1.3877787807814457e-17,0.23291085041516904,0.23291085041516904,0.9153850848750028,1.0000000000000016,0.0,c_kam,16.0,5.551115123125783e-17,0.17777777777777778,0.0,enterprise,3021,0.0,200.0,40320.0,12240.0,6480.0,16937.994190026075,16.0,90.0,0.0,12.173568239356372,17.406484439969063,,move_only
11.0,11.0,0.0,0.0,c_kam_move_merge,0.9999999999999999,move_merge,1.2671114052839105,0.7228391868993567,,A1,8,64,0.0,2.0,1.1643758603779966,22.016239093521236,6.055761952500853e-17,0.1113471507927083,0.5051448621490757,0.21647936506936996,20.926914283481892,6.055761952500853e-17,0.16327566495775184,0.16327566495775184,1.3581981226883268,0.8557084088588782,2.2559961392208083,0.0,0.26766845793288196,6.055761952500853e-17,0.13369625696172133,0.13369625696172133,0.9314720169171785,0.9999999999999999,6.0,c_kam,5.0,2.220446049250313e-16,0.12222222222222222,0.0,enterprise,3021,0.0,200.0,10537.0,6804.0,6005.0,4185.382856696378,5.0,90.0,0.0,6.564328186116619,4.615859601995908,,move_merge
16.0,16.0,0.0,0.0,c_kam_move_split,1.0000000000000016,move_split,1.5421229551164721,0.9526525017875805,,A1,8,64,0.0,8.0,1.1269185198987528,22.16120629225623,1.3877787807814457e-17,0.13059795928098755,0.8380926216517502,0.7436466509486046,83.45414633513428,1.3877787807814457e-17,0.2562119887457884,0.2562119887457884,1.5540119764117841,0.5280206589264553,2.5045319925424883,0.0,0.34374463889760576,1.3877787807814457e-17,0.23291085041516904,0.23291085041516904,0.9153850848750028,1.0000000000000016,0.0,c_kam,16.0,5.551115123125783e-17,0.17777777777777778,0.0,enterprise,3021,0.0,200.0,40764.0,12240.0,6480.0,16690.829267026857,16.0,90.0,0.0,12.173568239356372,17.12697336799465,,move_split
14.0,14.0,0.0,0.0,c_kam_move_only,0.9999007057831613,move_only,0.7487177958246621,0.6141611962321074,,A1,8,64,0.3513302300059211,8.0,1.19688521372969,14.374956019185403,4.7580986769649563e-17,0.06708712253363461,0.8592470065607555,0.777141093721196,83.83373041724553,-1.586032892321652e-17,0.22211278330956033,0.22211278330956033,1.342082731837224,0.5288002640944756,1.6116555329230084,0.0,0.10042574624451532,1.586032892321652e-17,0.2061595859029316,0.2061595859029316,0.9438718967907681,0.9999007057831613,0.0,c_kam,14.0,7.771561172376088e-17,0.15555555555555556,0.0,enterprise,3022,0.0,200.0,40320.0,12240.0,6480.0,16766.746083449107,14.0,90.0,0.0,10.23707231490507,17.2084458200261,,move_only
7.0,7.0,0.0,0.0,c_kam_move_merge,1.0000000000000002,move_merge,0.4987911606606799,0.35888542952130104,,A1,8,64,0.0,2.0,1.1944859229515659,14.374956019185403,1.2688263138573217e-16,0.04959225807215585,0.6206725282674782,0.3993981697568405,21.191375204653013,6.344131569286608e-17,0.122059019944451,0.122059019944451,1.1435797119992002,0.7663950079635498,1.5468244990184459,0.0,0.08653180318560885,9.516197353929913e-17,0.1057396091941902,0.1057396091941902,0.9617412004605245,1.0000000000000002,6.0,c_kam,1.0,2.220446049250313e-16,0.07777777777777778,0.0,enterprise,3022,0.0,200.0,10339.0,6492.0,6002.0,4238.275040930603,1.0,90.0,0.0,3.7203587927305333,4.680753236985765,,move_merge
14.0,14.0,0.0,0.0,c_kam_move_split,0.9999007057831613,move_split,0.7487177958246621,0.6141611962321074,,A1,8,64,0.3513302300059211,8.0,1.19688521372969,14.374956019185403,4.7580986769649563e-17,0.06708712253363461,0.8592470065607555,0.777141093721196,85.91993398818886,-1.586032892321652e-17,0.22211278330956033,0.22211278330956033,1.342082731837224,0.5288002640944756,1.6116555329230084,0.0,0.10042574624451532,1.586032892321652e-17,0.2061595859029316,0.2061595859029316,0.9438718967907681,0.9999007057831613,0.0,c_kam,14.0,7.771561172376088e-17,0.15555555555555556,0.0,enterprise,3022,0.0,200.0,40767.0,12240.0,6480.0,17183.98679763777,14.0,90.0,0.0,10.23707231490507,17.636867336987052,,move_split
30.0,30.0,0.0,0.0,c_kam_move_only,0.9849193847156392,move_only,18.678015605037682,7.6713289848124315,,A1,8,64,55.050071630738195,8.0,940.9249743899819,55.050071630738195,1.3263464400855204e-14,1.3146975802421634,0.8148514791000548,0.7068481752417535,77.85646936943522,-1.8947806286936005e-15,3.3607626814126332,3.3607626814126332,70.38492318480479,0.5632624062840544,370.5276113990162,0.0,102.19248898879498,5.684341886080802e-15,3.6233476755818943,3.6233476755818943,0.45587573843396284,0.9849193847156392,0.0,c_kam,30.0,3.1263880373444247e-14,0.3333333333333333,0.0,enterprise,3023,0.0,200.0,38542.0,12240.0,6480.0,15571.293873887043,30.0,90.0,0.0,24.09916391361231,16.016982907021884,,move_only
8.0,8.0,0.0,0.0,c_kam_move_merge,0.9999999999999998,move_merge,0.636434906263544,0.45138956101033784,,A1,8,64,0.0,2.0,1.2433266619688281,15.488526094220607,2.7755575615628914e-17,0.05178693132797377,0.48913024789782367,0.19112289250488756,13.351654822763521,-2.7755575615628914e-17,0.14201136272881043,0.14201136272881043,1.6436575049303928,0.8783735888736541,1.8540189157985612,0.0,0.15822601133095524,0.0,0.12995250593142815,0.12995250593142815,0.9612714981001094,0.9999999999999998,6.0,c_kam,2.0,0.0,0.08888888888888889,0.0,enterprise,3023,0.0,200.0,7356.0,6556.0,5958.0,2670.3309645527042,2.0,90.0,0.0,4.367983469194071,3.079532459960319,,move_merge
45.0,45.0,0.0,0.0,c_kam_move_split,0.9782166936412221,move_split,23.228858005748467,8.135974369982288,,A1,8,64,79.5174833913196,12.0,1417.5137241731416,79.5174833913196,3.0000693287648674e-15,1.6332565482919186,0.8397883228940354,0.7463315112488895,120.27140325255459,3.0000693287648674e-15,2.883419432471279,2.883419432471279,70.60466563675378,0.48293934713344067,463.7628331877713,0.0,128.36614678646885,3.0000693287648674e-15,3.437433527683451,3.437433527683451,0.42335056147207284,0.9782166936412221,0.0,c_kam,41.0,7.105427357601002e-15,0.5,0.0,enterprise,3023,4.0,200.0,56851.0,12567.0,6807.0,24054.28065051092,41.0,90.0,0.0,34.05223295411301,24.508492822002154,,move_split
18.0,18.0,0.0,0.0,c_kam_move_only,1.0000000000000002,move_only,1.5066290075150575,0.9325011485921217,,A1,8,64,0.0,8.0,1.13586990203925,26.362921138577477,1.9737298215558337e-16,0.12707948478510286,0.8674699457675672,0.7901607474653147,85.36305489571532,-2.4671622769447922e-17,0.2554091816758151,0.2554091816758151,1.6498112243258647,0.5326062241007498,2.6985310902802295,0.0,0.3918678586320453,8.635067969306773e-17,0.22394396103845893,0.22394396103845893,0.9175167670621758,1.0000000000000002,0.0,c_kam,18.0,5.107025913275714e-16,0.2,0.0,enterprise,3024,0.0,200.0,39690.0,12240.0,6480.0,17072.610979143064,18.0,90.0,0.0,13.772590739002347,17.53728317999048,,move_only
7.0,7.0,0.0,0.0,c_kam_move_merge,1.0000000000000004,move_merge,1.2582265084883795,0.6991031947748378,,A1,8,64,0.0,2.0,1.2311736367215216,26.221959446452964,2.220446049250313e-16,0.1096913098532354,0.45176824492222095,0.1319663877935166,15.263623872888274,9.516197353929913e-17,0.17818605528324377,0.17818605528324377,1.4284179775358559,0.9117562366851436,2.5363024758260995,0.0,0.33593564935684894,1.5860328923216522e-16,0.13350112728135918,0.13350112728135918,0.9338546238293857,1.0000000000000004,6.0,c_kam,1.0,6.883382752675966e-16,0.07777777777777778,0.0,enterprise,3024,0.0,200.0,8003.0,6309.0,5969.0,3052.724774577655,1.0,90.0,0.0,3.722409465376713,3.4699985240004025,,move_merge
18.0,18.0,0.0,0.0,c_kam_move_split,1.0000000000000002,move_split,1.5066290075150575,0.9325011485921217,,A1,8,64,0.0,8.0,1.13586990203925,26.362921138577477,1.9737298215558337e-16,0.12707948478510286,0.8674699457675672,0.7901607474653147,82.93967657984467,-2.4671622769447922e-17,0.2554091816758151,0.2554091816758151,1.6498112243258647,0.5326062241007498,2.6985310902802295,0.0,0.3918678586320453,8.635067969306773e-17,0.22394396103845893,0.22394396103845893,0.9175167670621758,1.0000000000000002,0.0,c_kam,18.0,5.107025913275714e-16,0.2,0.0,enterprise,3024,0.0,200.0,40021.0,12240.0,6480.0,16587.935315968934,18.0,90.0,0.0,13.772590739002347,17.04049018700607,,move_split
13.0,13.0,0.0,0.0,c_kam_move_only,0.9999999999999994,move_only,0.737675764950815,0.5685540373416309,,A1,8,64,0.0,8.0,1.1681519991679767,14.383832101727677,8.540177112501205e-17,0.06311506415303984,0.8359224403860442,0.7402105306112367,78.07969135290477,1.708035422500241e-17,0.1996168950363455,0.1996168950363455,1.2049914733103344,0.5422156546440347,1.5228191716821586,0.0,0.08224563457916419,5.124106267500723e-17,0.17736243673264837,0.17736243673264837,0.9495695098029648,0.9999999999999994,0.0,c_kam,13.0,3.108624468950435e-16,0.14444444444444443,0.0,enterprise,3025,0.0,200.0,38738.0,12240.0,6480.0,15615.938270580955,13.0,90.0,0.0,9.977932009178263,16.06442165002227,,move_only
6.0,6.0,0.0,0.0,c_kam_move_merge,1.0000000000000002,move_merge,0.5371965806843778,0.39355692144396887,,A1,8,64,0.0,2.0,1.2626047805790015,14.383832101727677,7.401486830834377e-17,0.04908152125438924,0.6013106208632378,0.36874181636679326,18.519119810662232,7.401486830834377e-17,0.12779365776921617,0.12779365776921617,1.083252211622145,0.7855307777753997,1.4737199840946604,0.0,0.062691536257169,7.401486830834377e-17,0.1136184331869103,0.1136184331869103,0.9618193079158011,1.0000000000000002,6.0,c_kam,0.0,2.220446049250313e-16,0.06666666666666667,0.0,enterprise,3025,0.0,200.0,9675.0,6175.0,5995.0,3703.8239621324465,0.0,90.0,0.0,3.0,4.132739578024484,,move_merge
13.0,13.0,0.0,0.0,c_kam_move_split,0.9999999999999994,move_split,0.737675764950815,0.5685540373416309,,A1,8,64,0.0,8.0,1.1681519991679767,14.383832101727677,8.540177112501205e-17,0.06311506415303984,0.8359224403860442,0.7402105306112367,81.32355456851656,1.708035422500241e-17,0.1996168950363455,0.1996168950363455,1.2049914733103344,0.5422156546440347,1.5228191716821586,0.0,0.08224563457916419,5.124106267500723e-17,0.17736243673264837,0.17736243673264837,0.9495695098029648,0.9999999999999994,0.0,c_kam,13.0,3.108624468950435e-16,0.14444444444444443,0.0,enterprise,3025,0.0,200.0,39148.0,12240.0,6480.0,16264.710913703311,13.0,90.0,0.0,9.977932009178263,16.74194705800619,,move_split
15.0,15.0,0.0,0.0,c_kam_move_only,0.993782520596371,move_only,10.253686927184129,5.958379962283158,,A1,8,64,23.214222272226298,8.0,284.4483825509563,24.839341152644337,0.0,0.7213430579164836,0.8436943034105915,0.7525159804001033,84.3401817875565,0.0,3.4019911298942906,3.4019911298942906,49.11586985947819,0.5424227101972983,158.4802370893672,0.0,42.99681174504556,0.0,3.3646118899721973,3.3646118899721973,0.5790298467934991,0.993782520596371,0.0,c_kam,15.0,0.0,0.16666666666666666,0.0,enterprise,3026,0.0,200.0,39662.0,12240.0,6480.0,16868.0363575113,15.0,90.0,0.0,11.013744673828398,17.357398520980496,,move_only
6.0,6.0,0.0,0.0,c_kam_move_merge,0.9999999999999996,move_merge,0.16895005822081705,0.1746730206456387,,A1,8,64,0.0,4.0,1.2553468339819696,4.3592159998893685,3.700743415417188e-17,0.015411477089051788,0.7571800288662394,0.6155350457048792,54.236830073350575,-3.700743415417188e-17,0.18206787922958065,0.18206787922958065,1.4524299400193486,0.6540724407318135,1.4237529989996827,0.0,0.04312936116039383,0.0,0.17588783001258826,0.17588783001258826,0.9838893327081254,0.9999999999999996,4.0,c_kam,2.0,0.0,0.06666666666666667,0.0,enterprise,3026,0.0,200.0,24483.0,9483.0,6224.0,10847.366014670115,2.0,90.0,0.0,3.5975548107261153,11.314741214970127,,move_merge
48.0,48.0,0.0,0.0,c_kam_move_split,0.9936465687880892,move_split,10.757604140895012,6.0946033466878005,,A1,8,64,23.721825963509037,13.0,292.7171124398822,26.010902249803735,2.7385501274087196e-15,0.7566172628762453,0.8795306769022219,0.8092569050951844,132.3423831362743,-3.7007434154171886e-16,2.9559751575576905,2.9559751575576905,49.625397621169355,0.46490564956638214,161.56588457111832,0.0,43.995534815156795,1.1842378929335002e-15,3.3172077314195554,3.3172077314195554,0.5694942098851741,0.9936465687880892,0.0,c_kam,43.0,0.0,0.5333333333333333,0.0,enterprise,3026,5.0,200.0,58928.0,12568.0,6808.0,26468.47662725486,43.0,90.0,0.0,36.300620842473535,26.951031724980567,,move_split
12.0,12.0,0.0,0.0,c_kam_move_only,0.9999908487453762,move_only,1.1266685954002431,0.7219586810479593,,A1,8,64,0.0324949227612481,8.0,1.135772404710118,20.62760661479745,1.8503717077085943e-16,0.09746818294891277,0.830757821838816,0.7320332179114587,83.07132177636959,1.1102230246251565e-16,0.2414160329585041,0.2414160329585041,1.4000081590761388,0.529400798117821,2.1447928733404247,0.0,0.24880596895819562,1.4802973661668753e-16,0.19384590569472895,0.19384590569472895,0.9339353818172055,0.9999908487453762,0.0,c_kam,12.0,7.993605777301114e-16,0.13333333333333333,0.0,enterprise,3027,0.0,200.0,39060.0,12240.0,6480.0,16614.264355273917,12.0,90.0,0.0,9.041760455457569,17.102800046035554,,move_only
6.0,6.0,0.0,0.0,c_kam_move_merge,1.0,move_merge,1.0150340381855618,0.6241152016704546,,A1,8,64,0.0,2.0,1.2069444019127573,20.451599069212072,2.9605947323337506e-16,0.08965376394388508,0.4398005235068036,0.11301749555243903,13.496337181713898,-2.9605947323337506e-16,0.1302354184243651,0.1302354184243651,1.2452644384739588,0.9119760882884964,2.0847286965719167,0.0,0.22527629181130807,0.0,0.12193738775947763,0.12193738775947763,0.9407844253736306,1.0,6.0,c_kam,0.0,0.0,0.06666666666666667,0.0,enterprise,3027,0.0,200.0,6965.0,6256.0,5955.0,2699.2674363427795,0.0,90.0,0.0,3.0,3.139091503981035,,move_merge
12.0,12.0,0.0,0.0,c_kam_move_split,0.9999908487453762,move_split,1.1266685954002431,0.7219586810479593,,A1,8,64,0.0324949227612481,8.0,1.135772404710118,20.62760661479745,1.8503717077085943e-16,0.09746818294891277,0.830757821838816,0.7320332179114587,82.01453143643448,1.1102230246251565e-16,0.2414160329585041,0.2414160329585041,1.4000081590761388,0.529400798117821,2.1447928733404247,0.0,0.24880596895819562,1.4802973661668753e-16,0.19384590569472895,0.19384590569472895,0.9339353818172055,0.9999908487453762,0.0,c_kam,12.0,7.993605777301114e-16,0.13333333333333333,0.0,enterprise,3027,0.0,200.0,39507.0,12240.0,6480.0,16402.906287286896,12.0,90.0,0.0,9.041760455457569,16.845190396998078,,move_split
11.0,11.0,0.0,0.0,c_kam_move_only,1.0,move_only,0.776182588411842,0.6004297720739004,,A1,8,64,0.0,8.0,1.056606774371888,12.921056565918303,1.2111523905001707e-16,0.06577168527814826,0.8314674638932331,0.7331568178309523,81.85178163897945,1.2111523905001707e-16,0.19161611400496142,0.19161611400496142,1.3448602633917395,0.5186502813898413,1.6093991038786482,0.0,0.11601183470398971,1.2111523905001707e-16,0.18396149678256013,0.18396149678256013,0.9472307595853715,1.0,0.0,c_kam,11.0,6.661338147750939e-16,0.12222222222222222,0.0,enterprise,3028,0.0,200.0,40320.0,12240.0,6480.0,16370.35632779589,11.0,90.0,0.0,8.177472468707615,16.81220601295354,,move_only
7.0,7.0,0.0,0.0,c_kam_move_merge,1.0,move_merge,0.6082774167464475,0.43416531366547434,,A1,8,64,0.0,3.0,1.1898201903856584,13.326991237798966,6.344131569286608e-17,0.05401832326157066,0.6434838560065888,0.43551610534376567,27.24287261022255,-6.344131569286608e-17,0.1464489379829395,0.1464489379829395,1.147612575540782,0.7551453926307814,1.5927607276846831,0.0,0.09181335687817581,0.0,0.11106197378438382,0.11106197378438382,0.9588692716739614,1.0,5.0,c_kam,2.0,0.0,0.07777777777777778,0.0,enterprise,3028,0.0,200.0,13219.0,11806.0,6046.0,5448.57452204451,2.0,90.0,0.0,3.869162574326757,5.893661679991055,,move_merge
11.0,11.0,0.0,0.0,c_kam_move_split,1.0,move_split,0.776182588411842,0.6004297720739004,,A1,8,64,0.0,8.0,1.056606774371888,12.921056565918303,1.2111523905001707e-16,0.06577168527814826,0.8314674638932331,0.7331568178309523,83.44898555078544,1.2111523905001707e-16,0.19161611400496142,0.19161611400496142,1.3448602633917395,0.5186502813898413,1.6093991038786482,0.0,0.11601183470398971,1.2111523905001707e-16,0.18396149678256013,0.18396149678256013,0.9472307595853715,1.0,0.0,c_kam,11.0,6.661338147750939e-16,0.12222222222222222,0.0,enterprise,3028,0.0,200.0,40683.0,12240.0,6480.0,16689.797110157087,11.0,90.0,0.0,8.177472468707615,17.14838205697015,,move_split
13.0,13.0,0.0,0.0,c_kam_move_only,0.9973051789285005,move_only,1.8939208360774926,1.6586090390097705,,A1,8,64,9.927614937855772,8.0,29.31578095606396,9.927614937855772,2.391249591500337e-16,0.13646879331852385,0.8341736240676997,0.7374415714405244,76.66720616340172,1.708035422500241e-16,0.7505467939784987,0.7505467939784987,4.957772409551791,0.5369041694632032,5.901812703944532,0.0,1.152552765373973,2.049642507000289e-16,0.6683586454738265,0.6683586454738265,0.8797557171160318,0.9973051789285005,0.0,c_kam,13.0,1.243449787580174e-15,0.14444444444444443,0.0,enterprise,3029,0.0,200.0,37870.0,12240.0,6480.0,15333.441232680343,13.0,90.0,0.0,9.82148561699941,15.807226245000493,,move_only
7.0,7.0,0.0,0.0,c_kam_move_merge,1.0000000000000002,move_merge,0.1877956594034367,0.17844422638749968,,A1,8,64,0.0,2.0,1.2425727397567699,6.09676315399748,1.9032394707859825e-16,0.01704003095133994,0.6708680745370063,0.47887445135025986,31.296132876595948,6.344131569286608e-17,0.12272439603610877,0.12272439603610877,1.0289617502381823,0.7234379019413487,1.268656333730081,0.0,0.011935194737958678,1.2688263138573217e-16,0.09045878753123848,0.09045878753123848,0.9833672539995908,1.0000000000000002,6.0,c_kam,1.0,3.7747582837255307e-16,0.07777777777777778,0.0,enterprise,3029,0.0,200.0,15418.0,7849.0,6084.0,6259.22657531919,1.0,90.0,0.0,3.829777358508971,6.728335425956175,,move_merge
20.0,20.0,0.0,0.0,c_kam_move_split,0.9967923236024157,move_split,1.9879355665741127,1.7145806092021716,,A1,8,64,11.816953807157098,13.0,29.645744433461456,11.816953807157098,1.1102230246251565e-16,0.1430498244532873,0.841293144617452,0.7487141456442992,87.76608504500473,6.661338147750939e-17,0.6964953995408726,0.6964953995408726,4.985750241165398,0.5089201375635316,5.895213279789061,0.0,1.1717495964410534,8.881784197001253e-17,0.6643307493989511,0.6643307493989511,0.8758377072025638,0.9967923236024157,0.0,c_kam,15.0,8.881784197001379e-17,0.2222222222222222,0.0,enterprise,3029,5.0,200.0,44100.0,12337.0,6577.0,17553.217009000946,15.0,90.0,0.0,13.721470418876915,18.0242784889997,,move_split
12.0,12.0,0.0,0.0,c_kam_move_only,0.9999999999999999,move_only,0.49144676352062666,0.4299753715491101,,A1,8,64,0.0,8.0,1.136130625152786,8.839346380862034,9.251858538542972e-17,0.040705147117270614,0.8695563193186402,0.7934641722545136,80.93217210611328,1.850371707708594e-17,0.19553351619719297,0.19553351619719297,1.2075025487413038,0.5127294621194565,1.400296989478035,0.0,0.05161635491744453,5.551115123125783e-17,0.16616287940241037,0.16616287940241037,0.963394000929463,0.9999999999999999,0.0,c_kam,12.0,2.220446049250313e-16,0.13333333333333333,0.0,enterprise,3030,0.0,200.0,40320.0,12240.0,6480.0,16186.434421222657,12.0,90.0,0.0,8.855451316038799,16.65633731195703,,move_only
7.0,7.0,0.0,0.0,c_kam_move_merge,0.9999999999999998,move_merge,0.40073820713791886,0.32637639013782743,,A1,8,64,0.0,3.0,1.1841148510940296,9.134141367183265,2.220446049250313e-16,0.03435554817048107,0.6190857898692795,0.39688583395969274,33.88445116230287,3.172065784643304e-17,0.13267977170957848,0.13267977170957848,1.085871648553246,0.7517116211182704,1.3942651284082987,0.0,0.04519675083437433,1.2688263138573217e-16,0.13101387039122905,0.13101387039122905,0.9706459296282529,0.9999999999999998,5.0,c_kam,2.0,6.21724893790087e-16,0.07777777777777778,0.0,enterprise,3030,0.0,200.0,17237.0,7586.0,6106.0,6776.890232460573,2.0,90.0,0.0,3.730700831010358,7.248995846952312,,move_merge
12.0,12.0,0.0,0.0,c_kam_move_split,0.9999999999999999,move_split,0.49144676352062666,0.4299753715491101,,A1,8,64,0.0,8.0,1.136130625152786,8.839346380862034,9.251858538542972e-17,0.040705147117270614,0.8695563193186402,0.7934641722545136,83.86992044223007,1.850371707708594e-17,0.19553351619719297,0.19553351619719297,1.2075025487413038,0.5127294621194565,1.400296989478035,0.0,0.05161635491744453,5.551115123125783e-17,0.16616287940241037,0.16616287940241037,0.963394000929463,0.9999999999999999,0.0,c_kam,12.0,2.220446049250313e-16,0.13333333333333333,0.0,enterprise,3030,0.0,200.0,40755.0,12240.0,6480.0,16773.984088446014,12.0,90.0,0.0,8.855451316038799,17.245862238982227,,move_split
87.0,87.0,0.0,0.0,c_kam_move_only,0.9999999999999999,move_only,18.131795248357616,5.263426248831436,,A1,8,64,0.0,8.0,1.0372913720404753,262.05065511432804,1.2250736823450004e-15,1.5744106299690779,0.7698527104487525,0.7436478210444024,36.11604258650914,-4.185668414678751e-16,0.36208761900573405,0.36208761900573405,4.76403559749256,0.5098409553323648,32.46942879605379,0.0,8.693567582135907,4.032534204385626e-16,0.34547459674752445,0.34547459674752445,0.5336089473520138,0.9999999999999999,0.0,c_kam,87.0,8.881784197001252e-16,0.9666666666666667,0.0,hpc,3001,0.0,200.0,40320.0,12240.0,6480.0,7223.208517301828,87.0,90.0,0.0,78.71595824769506,7.56149033998372,,move_only
33.0,33.0,0.0,0.0,c_kam_move_merge,0.9999999999999999,move_merge,15.740194957679524,4.259545657626308,,A1,8,64,0.0,2.0,1.082786379708707,255.63773925408535,1.3457248783335231e-17,1.3711246052614408,0.39860821842943034,0.33013291656743476,5.89180622191634,0.0,0.18086515002682585,0.18086515002682585,3.469166252552422,0.7928297507013324,24.902137861805844,0.0,6.618537392036094,6.7286243916676156e-18,0.1843292209591489,0.1843292209591489,0.6189387976044496,0.9999999999999999,6.0,c_kam,27.0,0.0,0.36666666666666664,0.0,hpc,3001,0.0,200.0,7187.0,6111.0,5955.0,1178.361244383268,27.0,90.0,0.0,25.616874606816925,1.4935000959667377,,move_merge
90.0,90.0,0.0,0.0,c_kam_move_split,0.9999897253290022,move_split,18.419296430751775,5.469015770220296,,A1,8,64,0.11966224910629458,9.0,1.0329688322503578,262.05065511432804,1.2385154630262857e-15,1.5988482304725817,0.7783283319095634,0.7530884885131275,41.863241636310704,-3.20731096002823e-16,0.3742573462304605,0.3742573462304605,4.875120080902658,0.4940940096194818,32.574460881677396,0.0,8.72223647515022,4.588921835117314e-16,0.3657304892958721,0.3657304892958721,0.5161338380339606,0.9999897253290022,0.0,c_kam,89.0,1.7763568394002505e-15,1.0,0.0,hpc,3001,1.0,200.0,44718.0,12306.0,6546.0,8372.64832726214,89.0,90.0,0.0,82.73490856567291,8.720208933984395,,move_split
82.0,82.0,0.0,0.0,c_kam_move_only,0.9995154928025566,move_only,12.174167070361323,4.16638642107729,,A1,8,64,6.033960952777015,8.0,1.1408155151467934,232.22731174796348,8.610998093434141e-16,1.0649117680208477,0.8055247258769108,0.7833815015955687,33.865295399155,-3.845162670652981e-16,0.2637263051170601,0.2637263051170601,3.338951513980233,0.5035309443462417,15.859112670900355,0.0,4.080243293717908,2.38291771139058e-16,0.2577105941639354,0.2577105941639354,0.6278865004219553,0.9995154928025566,0.0,c_kam,82.0,8.881784197001252e-16,0.9111111111111111,0.0,hpc,3002,0.0,200.0,40320.0,12240.0,6480.0,6773.059079831,82.0,90.0,0.0,85.00699909427395,7.077663682983257,,move_only
33.0,33.0,0.0,0.0,c_kam_move_merge,0.9996327919928676,move_merge,10.681384107429148,3.4777447010921128,,A1,8,64,4.573139033382619,2.0,1.0090585996497112,230.53132141982775,9.420074148334662e-17,0.9380252161716126,0.3031027780716016,0.22375309438668484,5.911815110011958,4.0371746350005693e-17,0.1573053942043952,0.1573053942043952,2.7406499053026825,0.7975879111930325,13.644636606257695,0.0,3.4974975915173605,6.728624391667616e-17,0.16226175071558838,0.16226175071558838,0.6864210466206953,0.9996327919928676,6.0,c_kam,27.0,1.5543122344752176e-16,0.36666666666666664,0.0,hpc,3002,0.0,200.0,7254.0,6123.0,5956.0,1182.3630220023915,27.0,90.0,0.0,27.096216712059224,1.469805250002537,,move_merge
83.0,83.0,0.0,0.0,c_kam_move_split,0.9993982722020706,move_split,12.242085357163548,4.2224046656073675,,A1,8,64,7.4938041293624025,10.0,1.1752467313371813,232.22731174796348,8.373489318257204e-16,1.0706848223990364,0.8099245682052251,0.7882823160701763,37.795328840147704,-3.7720830475216163e-16,0.2652672702605123,0.2652672702605123,3.3673605400713815,0.49698225842664184,15.86781031309967,0.0,4.083319788943441,2.3007031353677943e-16,0.26303763665498026,0.26303763665498026,0.6231249496368986,0.9993982722020706,0.0,c_kam,81.0,8.881784197001252e-16,0.9222222222222223,0.0,hpc,3002,2.0,200.0,42740.0,12274.0,6514.0,7559.065768029541,81.0,90.0,0.0,84.46755250821042,7.8641425729729235,,move_split
85.0,85.0,0.0,0.0,c_kam_move_only,0.9968440546109963,move_only,6.69734199788283,3.893808275930263,,A1,8,64,39.0223143707041,8.0,4.221828253747461,104.80492101126792,1.6065580238693441e-16,0.5845208592192498,0.6893023489585914,0.6539258837410051,34.29613825632259,1.959217102279688e-17,0.3976323975536523,0.3976323975536523,2.6038800743650667,0.5060397653012834,4.883302632053055,0.0,0.9979310358187387,9.012398670486565e-17,0.3651601732397585,0.3651601732397585,0.6575387056316715,0.9968440546109963,0.0,c_kam,85.0,8.881784197001252e-16,0.9444444444444444,0.0,hpc,3003,0.0,200.0,40320.0,12240.0,6480.0,6859.2276512645185,85.0,90.0,0.0,80.62403259052704,7.151559600024484,,move_only
28.0,28.0,0.0,0.0,c_kam_move_merge,0.9999999999999999,move_merge,3.1310678004747534,1.6007899821239844,,A1,8,64,0.0,2.0,1.0078204858048085,103.93247772714594,4.7580986769649563e-17,0.2813875524395632,0.36772224160869676,0.29573021961364737,6.200079382979311,1.586032892321652e-17,0.11714046930014858,0.11714046930014858,1.6387183605557056,0.7922992249901487,3.234775428316019,0.0,0.5936763287111492,3.172065784643304e-17,0.13478737767874804,0.13478737767874804,0.8524452606052051,0.9999999999999999,6.0,c_kam,22.0,2.220446049250313e-16,0.3111111111111111,0.0,hpc,3003,0.0,200.0,8125.0,6274.0,5969.0,1240.0158765958622,22.0,90.0,0.0,24.81469590125531,1.5339371290174313,,move_merge
90.0,90.0,0.0,0.0,c_kam_move_split,0.9982721309102848,move_split,7.1188973203687205,4.079641812303028,,A1,8,64,21.364580973188055,9.0,2.7809908553402702,104.80492101126792,1.5789838572446671e-16,0.6203530616305504,0.6908363066975101,0.6556345000343553,38.5338028910337,6.908054375445419e-17,0.39585091927080085,0.39585091927080085,2.7596102404085707,0.4974891442114124,5.142767732391774,0.0,1.0727709631120768,1.1348946473946044e-16,0.37482363265766006,0.37482363265766006,0.6417428550399866,0.9982721309102848,0.0,c_kam,89.0,8.881784197001252e-16,1.0,0.0,hpc,3003,1.0,200.0,43761.0,12293.0,6533.0,7706.76057820674,89.0,90.0,0.0,85.52484928694707,8.005496356985532,,move_split
89.0,89.0,0.0,0.0,c_kam_move_only,0.999890857137763,move_only,17.952514986598857,5.543196772100095,,A1,8,64,1.3694476752791895,8.0,1.0593193953572737,279.06617837672235,7.035570627961667e-16,1.5598390192164073,0.7794929683258681,0.7543857320461401,34.17507959500654,4.989766402809692e-18,0.4325162096569213,0.4325162096569213,5.230800176509327,0.5090020183044561,33.20397146293073,0.0,8.877432172636874,3.5427341459948813e-16,0.3985325436582532,0.3985325436582532,0.5092397581097685,0.999890857137763,0.0,c_kam,89.0,8.881784197001252e-16,0.9888888888888889,0.0,hpc,3004,0.0,200.0,40320.0,12240.0,6480.0,6835.015919001307,89.0,90.0,0.0,89.75266089162264,7.135733209957834,,move_only
30.0,30.0,0.0,0.0,c_kam_move_merge,0.9999999999999991,move_merge,15.406886229101799,4.214250159440395,,A1,8,64,0.0,2.0,1.017552866278547,280.288993108348,5.921189464667501e-17,1.343460574829157,0.36438955783053417,0.29201807184094153,5.457128807902336,-1.4802973661668754e-17,0.2374107712980254,0.2374107712980254,4.003543272974082,0.8195416468945015,28.40885870517614,0.0,7.579913818540185,2.2204460492503132e-17,0.23305275668370257,0.23305275668370257,0.622200220185843,0.9999999999999991,6.0,c_kam,24.0,2.220446049250313e-16,0.3333333333333333,0.0,hpc,3004,0.0,200.0,7187.0,7517.0,5955.0,1091.4257615804672,24.0,90.0,0.0,25.147566098551263,1.382123182003852,,move_merge
89.0,89.0,0.0,0.0,c_kam_move_split,0.999890857137763,move_split,17.952514986598857,5.543196772100095,,A1,8,64,1.3694476752791895,8.0,1.0593193953572737,279.06617837672235,7.035570627961667e-16,1.5598390192164073,0.7794929683258681,0.7543857320461401,35.63578522531316,4.989766402809692e-18,0.4325162096569213,0.4325162096569213,5.230800176509327,0.5090020183044561,33.20397146293073,0.0,8.877432172636874,3.5427341459948813e-16,0.3985325436582532,0.3985325436582532,0.5092397581097685,0.999890857137763,0.0,c_kam,89.0,8.881784197001252e-16,0.9888888888888889,0.0,hpc,3004,0.0,200.0,40704.0,12240.0,6480.0,7127.157045062631,89.0,90.0,0.0,89.75266089162264,7.441557019948959,,move_split
90.0,90.0,0.0,0.0,c_kam_move_only,0.9993888547998173,move_only,8.962975974144548,3.9703111094457353,,A1,8,64,7.672982614283706,8.0,1.3501173305404333,167.24758000502112,3.848773152033876e-16,0.7816821621225614,0.737353073989249,0.7074477309286189,34.104060899990145,7.894919286223336e-17,0.35969719308968506,0.35969719308968506,3.0490387041936953,0.5091214965662197,9.58952673651196,0.0,2.313099919197224,2.319132540328105e-16,0.32066337816811324,0.32066337816811324,0.6486517042985107,0.9993888547998173,0.0,c_kam,90.0,1.7763568394002505e-15,1.0,0.0,hpc,3005,0.0,200.0,40264.0,12240.0,6480.0,6820.812179998029,90.0,90.0,0.0,85.7393325787291,7.117793084005825,,move_only
35.0,35.0,0.0,0.0,c_kam_move_merge,0.9998668626937662,move_merge,6.636939602867004,2.642690839964228,,A1,8,64,1.6715507799767826,2.0,1.0527221351582234,167.13117086620517,1.2053849981644556e-16,0.5839690705639704,0.41708260661275287,0.3507108241973733,6.2674569300725125,5.709718412357947e-17,0.1583504224078454,0.1583504224078454,2.1980890137555793,0.7888714965929081,7.221966832613305,0.0,1.6877461084659626,8.881784197001253e-17,0.14970634791194593,0.14970634791194593,0.7614994272044388,0.9998668626937662,6.0,c_kam,29.0,2.220446049250313e-16,0.3888888888888889,0.0,hpc,3005,0.0,200.0,7589.0,11721.0,5961.0,1253.4913860145025,29.0,90.0,0.0,29.171606674723638,1.5363700430025347,,move_merge
90.0,90.0,0.0,0.0,c_kam_move_split,0.9993888547998173,move_split,8.962975974144548,3.9703111094457353,,A1,8,64,7.672982614283706,8.0,1.3501173305404333,167.24758000502112,3.848773152033876e-16,0.7816821621225614,0.737353073989249,0.7074477309286189,34.10629680467537,7.894919286223336e-17,0.35969719308968506,0.35969719308968506,3.0490387041936953,0.5091214965662197,9.58952673651196,0.0,2.313099919197224,2.319132540328105e-16,0.32066337816811324,0.32066337816811324,0.6486517042985107,0.9993888547998173,0.0,c_kam,90.0,1.7763568394002505e-15,1.0,0.0,hpc,3005,0.0,200.0,40614.0,12240.0,6480.0,6821.259360935073,90.0,90.0,0.0,85.7393325787291,7.1145045990124345,,move_split
80.0,80.0,0.0,0.0,c_kam_move_only,0.9993467485268355,move_only,10.224662300931543,3.6593471861924987,,A1,8,64,8.118260051866098,8.0,1.3282752531005568,218.08154216121596,8.992806499463768e-16,0.8977884002184474,0.7341823995222834,0.7039160390718502,33.51591674465453,-2.498001805406602e-16,0.3637915597508241,0.3637915597508241,4.231741367371658,0.5080392528802407,22.930297433901373,0.0,6.036803620808241,3.2474023470285827e-16,0.3713093541752457,0.3713093541752457,0.6710625468640589,0.9993467485268355,0.0,c_kam,80.0,4.662936703425645e-16,0.8888888888888888,0.0,hpc,3006,0.0,200.0,40320.0,12240.0,6480.0,6703.1833489309065,80.0,90.0,0.0,73.08468344278803,6.995396526006516,,move_only
35.0,35.0,0.0,0.0,c_kam_move_merge,0.9999999999999997,move_merge,8.717398133414852,2.884635216756858,,A1,8,64,0.0,2.0,1.0427283916145471,212.8622397212198,3.8064789415719653e-17,0.7696709459795287,0.40469456007477866,0.33691225750903564,5.317286065837834,1.2688263138573217e-17,0.18571385104827237,0.18571385104827237,2.8051240915376834,0.7936233944455047,14.67388045738589,0.0,3.7608459123624347,2.5376526277146434e-17,0.19514799980474584,0.19514799980474584,0.7369130642660884,0.9999999999999997,6.0,c_kam,29.0,2.220446049250313e-16,0.3888888888888889,0.0,hpc,3006,0.0,200.0,7187.0,6068.0,5955.0,1063.4572131675668,29.0,90.0,0.0,29.12512991670798,1.3517759519745596,,move_merge
80.0,80.0,0.0,0.0,c_kam_move_split,0.9993467485268355,move_split,10.224662300931543,3.6593471861924987,,A1,8,64,8.118260051866098,8.0,1.3282752531005568,218.08154216121596,8.992806499463768e-16,0.8977884002184474,0.7341823995222834,0.7039160390718502,34.40992075600661,-2.498001805406602e-16,0.3637915597508241,0.3637915597508241,4.231741367371658,0.5080392528802407,22.930297433901373,0.0,6.036803620808241,3.2474023470285827e-16,0.3713093541752457,0.3713093541752457,0.6710625468640589,0.9993467485268355,0.0,c_kam,80.0,4.662936703425645e-16,0.8888888888888888,0.0,hpc,3006,0.0,200.0,40722.0,12240.0,6480.0,6881.984151201323,80.0,90.0,0.0,73.08468344278803,7.184920974017587,,move_split
88.0,88.0,0.0,0.0,c_kam_move_only,0.9997015392229127,move_only,20.168370443845397,5.173551254941504,,A1,8,64,3.6368814692134164,8.0,1.0962957470220438,332.2273798703619,2.275957200481571e-15,1.7594391530693256,0.7490971421552568,0.7205289949749148,34.58924850245239,8.881784197001252e-16,0.31683652231499904,0.31683652231499904,4.807147149513528,0.5073087080097758,36.689477672166845,0.0,9.888051528782658,1.582067810090848e-15,0.30742784207855184,0.30742784207855184,0.537741304262352,0.9997015392229127,0.0,c_kam,88.0,1.4210854715202004e-14,0.9777777777777777,0.0,hpc,3007,0.0,200.0,40306.0,12240.0,6480.0,6917.849700490478,88.0,90.0,0.0,89.99593198803332,7.221614181005862,,move_only
38.0,38.0,0.0,0.0,c_kam_move_merge,0.9999553610051559,move_merge,18.26635351306454,4.539923309513799,,A1,8,64,0.5439466275531628,2.0,1.088643798411288,331.53803717909966,5.258951169277057e-17,1.5977677139529534,0.3464869790690177,0.27207708064618313,5.668852143280674,-1.7529837230923523e-17,0.20631589276231987,0.20631589276231987,3.85229479452752,0.8107231588927342,30.814824101408455,0.0,8.265251768169781,1.7529837230923523e-17,0.1952750535803266,0.1952750535803266,0.5915996796237067,0.9999553610051559,6.0,c_kam,32.0,3.330669073875438e-17,0.4222222222222222,0.0,hpc,3007,0.0,200.0,7307.0,6122.0,5957.0,1133.7704286561348,32.0,90.0,0.0,35.05618538904882,1.4149411070393398,,move_merge
88.0,88.0,0.0,0.0,c_kam_move_split,0.9997015392229127,move_split,20.168370443845397,5.173551254941504,,A1,8,64,3.6368814692134164,8.0,1.0962957470220438,332.2273798703619,2.275957200481571e-15,1.7594391530693256,0.7490971421552568,0.7205289949749148,35.50903968367493,8.881784197001252e-16,0.31683652231499904,0.31683652231499904,4.807147149513528,0.5073087080097758,36.689477672166845,0.0,9.888051528782658,1.582067810090848e-15,0.30742784207855184,0.30742784207855184,0.537741304262352,0.9997015392229127,0.0,c_kam,88.0,1.4210854715202004e-14,0.9777777777777777,0.0,hpc,3007,0.0,200.0,40744.0,12240.0,6480.0,7101.807936734986,88.0,90.0,0.0,89.99593198803332,7.412382802984212,,move_split
82.0,82.0,0.0,0.0,c_kam_move_only,0.9999596635272049,move_only,5.546481326008672,2.735797304360181,,A1,8,64,0.5012368359580637,8.0,1.0708662351919935,150.80376067760167,2.0579743871100464e-16,0.48928423621237516,0.785477270454987,0.7610514151107529,34.671656749851536,7.582010899879118e-17,0.316364916268688,0.316364916268688,2.7778042387899817,0.5053620028691374,7.548696628573278,0.0,1.7486301734081064,1.408087738548979e-16,0.31998588625182284,0.31998588625182284,0.7544066091524507,0.9999596635272049,0.0,c_kam,82.0,2.220446049250313e-16,0.9111111111111111,0.0,hpc,3008,0.0,200.0,40320.0,12240.0,6480.0,6934.331349970307,82.0,90.0,0.0,74.7082371193617,7.250168255006429,,move_only
39.0,39.0,0.0,0.0,c_kam_move_merge,1.0000000000000002,move_merge,4.520186444032121,1.9536359289262768,,A1,8,64,0.0,2.0,1.10359654276191,150.3342982014289,4.554761126667309e-17,0.4020491712443682,0.44032242201003596,0.3765967571893965,5.754527561657596,3.416070845000482e-17,0.19077565982259642,0.19077565982259642,2.1559481753729317,0.7985583776139977,6.502861025621525,0.0,1.4712886367429427,3.985415985833895e-17,0.1992307494685524,0.1992307494685524,0.8208903260643327,1.0000000000000002,6.0,c_kam,33.0,2.220446049250313e-16,0.43333333333333335,0.0,hpc,3008,0.0,200.0,7388.0,6141.0,5958.0,1150.9055123315193,33.0,90.0,0.0,33.438737944432894,1.4301224799710326,,move_merge
82.0,82.0,0.0,0.0,c_kam_move_split,0.9999596635272049,move_split,5.546481326008672,2.735797304360181,,A1,8,64,0.5012368359580637,8.0,1.0708662351919935,150.80376067760167,2.0579743871100464e-16,0.48928423621237516,0.785477270454987,0.7610514151107529,34.42368239921052,7.582010899879118e-17,0.316364916268688,0.316364916268688,2.7778042387899817,0.5053620028691374,7.548696628573278,0.0,1.7486301734081064,1.408087738548979e-16,0.31998588625182284,0.31998588625182284,0.7544066091524507,0.9999596635272049,0.0,c_kam,82.0,2.220446049250313e-16,0.9111111111111111,0.0,hpc,3008,0.0,200.0,40653.0,12240.0,6480.0,6884.736479842104,82.0,90.0,0.0,74.7082371193617,7.20385545300087,,move_split
82.0,82.0,0.0,0.0,c_kam_move_only,0.9999999999999999,move_only,5.526301250132098,2.7589337213377894,,A1,8,64,0.0,8.0,1.0337136454381677,135.48307284704163,1.8684241146130683e-16,0.4873927588646495,0.7453833796838879,0.7163923783607662,34.58601176913362,-8.12358310701334e-18,0.30790787459168656,0.30790787459168656,2.4348127779207718,0.5050292085081999,6.69820213705873,0.0,1.5200669587341238,8.935941417714675e-17,0.2903246838277392,0.2903246838277392,0.7524460717406223,0.9999999999999999,0.0,c_kam,82.0,2.220446049250313e-16,0.9111111111111111,0.0,hpc,3009,0.0,200.0,40320.0,12240.0,6480.0,6917.202353826724,82.0,90.0,0.0,76.85316393475811,7.213727848022245,,move_only
26.0,26.0,0.0,0.0,c_kam_move_merge,0.9999999999999992,move_merge,4.2875743713864,1.8174839346051541,,A1,8,64,0.0,2.0,1.0406979873545135,135.02806044229445,5.124106267500723e-17,0.3821009741712652,0.3069281358259916,0.2280140126774659,6.473088311031461,0.0,0.15461295909086206,0.15461295909086206,1.906811268954221,0.8365045032299355,5.639063277751542,0.0,1.252570112984689,2.5620531337503614e-17,0.19562954416221473,0.19562954416221473,0.8324693036128963,0.9999999999999992,6.0,c_kam,20.0,2.220446049250313e-16,0.28888888888888886,0.0,hpc,3009,0.0,200.0,8661.0,6733.0,5977.0,1294.6176622062922,20.0,90.0,0.0,22.001791551324384,1.5791328399791382,,move_merge
85.0,85.0,0.0,0.0,c_kam_move_split,0.9990276812635844,move_split,5.9357276560404175,3.0757384979356,,A1,8,64,11.164028450548123,9.0,1.4329464867778299,135.48307284704163,1.7241110500061255e-16,0.5221940033668566,0.7516712246050338,0.7233961660204584,36.441214585502166,1.0449157878825003e-17,0.33692108729772585,0.33692108729772585,2.5326141680555985,0.4998885186092258,6.816413518546519,0.0,1.545112757370505,9.143013143971877e-17,0.3189382530878287,0.3189382530878287,0.7255176657298084,0.9990276812635844,0.0,c_kam,84.0,2.220446049250313e-16,0.9444444444444444,0.0,hpc,3009,1.0,200.0,42191.0,12264.0,6504.0,7288.242917100433,84.0,90.0,0.0,83.87045408255696,7.634589747991413,,move_split
89.0,89.0,0.0,0.0,c_kam_move_only,0.9997913764726816,move_only,14.522207413183514,4.839699407312896,,A1,8,64,2.693584879110813,8.0,1.0846929729840462,263.55293705172045,8.906733029015301e-16,1.2718358966821182,0.7505141614061566,0.7221073580019071,33.46714046318084,-1.1725951046602776e-16,0.37155479678068093,0.37155479678068093,4.23808511170401,0.5075064863523862,24.234161664462317,0.0,6.396103570537398,3.8670689621775116e-16,0.36865712955312985,0.36865712955312985,0.567883297091536,0.9997913764726816,0.0,c_kam,89.0,1.7763568394002505e-15,0.9888888888888889,0.0,hpc,3010,0.0,200.0,40320.0,12240.0,6480.0,6693.428092636168,89.0,90.0,0.0,83.96395068295627,6.992956609989051,,move_only
48.0,48.0,0.0,0.0,c_kam_move_merge,0.9997437522425036,move_merge,12.737053452789558,3.7502718761704052,,A1,8,64,3.3084719339520428,2.0,1.0773487811371318,262.46494908593127,7.864079757761526e-17,1.120097810048632,0.40266059509140745,0.33464670245330036,8.157113339402713,-4.625929269271485e-18,0.15588186965533735,0.15588186965533735,2.8950119653118174,0.76361661227441,17.664084506785237,0.0,4.61201560266403,3.700743415417188e-17,0.17380379615843566,0.17380379615843566,0.6604846372386476,0.9997437522425036,6.0,c_kam,42.0,2.220446049250313e-16,0.5333333333333333,0.0,hpc,3010,0.0,200.0,9800.0,6129.0,5994.0,1631.4226678805426,42.0,90.0,0.0,38.85032855843826,1.926762588962447,,move_merge
89.0,89.0,0.0,0.0,c_kam_move_split,0.9997913764726816,move_split,14.522207413183514,4.839699407312896,,A1,8,64,2.693584879110813,8.0,1.0846929729840462,263.55293705172045,8.906733029015301e-16,1.2718358966821182,0.7505141614061566,0.7221073580019071,35.05328339524567,-1.1725951046602776e-16,0.37155479678068093,0.37155479678068093,4.23808511170401,0.5075064863523862,24.234161664462317,0.0,6.396103570537398,3.8670689621775116e-16,0.36865712955312985,0.36865712955312985,0.567883297091536,0.9997913764726816,0.0,c_kam,89.0,1.7763568394002505e-15,0.9888888888888889,0.0,hpc,3010,0.0,200.0,40748.0,12240.0,6480.0,7010.656679049134,89.0,90.0,0.0,83.96395068295627,7.31063251697924,,move_split
88.0,88.0,0.0,0.0,c_kam_move_only,0.9996989466241646,move_only,9.637199397729523,3.882931799726031,,A1,8,64,3.596533811730151,8.0,1.1038017016479145,182.05601512217234,5.324024049907001e-16,0.8431836315631551,0.7510442345856744,0.7226977860483995,34.98655044066254,-2.447537122469095e-16,0.3295385575459384,0.3295385575459384,3.6101499698467046,0.5078467681700446,15.113557568536624,0.0,3.8610809337573473,1.4382434637189527e-16,0.3339498304281811,0.3339498304281811,0.6544578865673566,0.9996989466241646,0.0,c_kam,88.0,2.220446049250313e-16,0.9777777777777777,0.0,hpc,3011,0.0,200.0,40320.0,12240.0,6480.0,6997.310088132508,88.0,90.0,0.0,93.43419304406672,7.304417389037553,,move_only
29.0,29.0,0.0,0.0,c_kam_move_merge,0.9999697218498413,move_merge,8.717513383068884,3.19654463709052,,A1,8,64,0.3617178864040749,2.0,1.0500153968473152,187.39542155594808,3.062684205862501e-17,0.7650103203170004,0.3544241460558176,0.28091798446811367,5.428575786645524,0.0,0.19177240799066386,0.19177240799066386,2.8686400514747525,0.8272383841775729,13.303605834790604,0.0,3.376076776924807,1.5313421029312504e-17,0.24024869596158044,0.24024869596158044,0.7128007953913752,0.9999697218498413,6.0,c_kam,23.0,1.332267629550183e-16,0.32222222222222224,0.0,hpc,3011,0.0,200.0,7187.0,6124.0,5955.0,1085.7151573291048,23.0,90.0,0.0,25.514472190788712,1.3711284919991158,,move_merge
89.0,89.0,0.0,0.0,c_kam_move_split,0.9987328713715491,move_split,9.989967715373327,4.115509749905082,,A1,8,64,15.13775071738343,9.0,1.5048378707007561,182.05601512217234,5.264203554964225e-16,0.8731689385628784,0.7435972299988052,0.7144028551966889,38.40816553507466,-2.469934369390798e-16,0.346790765143094,0.346790765143094,3.6619296177582523,0.49735380156918896,15.192034298835397,0.0,3.8825211499432,1.3971345927867138e-16,0.3462291493379601,0.3462291493379601,0.6346887608021372,0.9987328713715491,0.0,c_kam,88.0,2.220446049250313e-16,0.9888888888888889,0.0,hpc,3011,1.0,200.0,43874.0,12304.0,6544.0,7681.633107014932,88.0,90.0,0.0,88.92183526793549,7.975768194010016,,move_split
80.0,80.0,0.0,0.0,c_kam_move_only,0.9995210556449643,move_only,11.905835039872358,4.196370695446232,,A1,8,64,5.361852560342724,8.0,1.0788236492726304,196.95104596514133,1.2018164241567319e-15,1.0396669418713649,0.7417431512621636,0.7123376684850833,33.92703735415125,5.523359547510153e-16,0.32598922216106685,0.32598922216106685,3.7948972345814593,0.5101080316022467,18.49476039150612,0.0,4.807291446508811,8.770761894538737e-16,0.30850127330564253,0.30850127330564253,0.6258655957316678,0.9995210556449643,0.0,c_kam,80.0,3.730349362740516e-15,0.8888888888888888,0.0,hpc,3012,0.0,200.0,40320.0,12240.0,6480.0,6785.4074708302505,80.0,90.0,0.0,80.35436345784656,7.0938454149873,,move_only
30.0,30.0,0.0,0.0,c_kam_move_merge,0.9999059687405637,move_merge,10.176838802998983,3.500488830073587,,A1,8,64,1.0526937917947454,2.0,1.010172525478395,196.10904935607533,7.401486830834377e-17,0.892702261737128,0.3521234549237353,0.2783553334546556,5.7861332496395335,5.921189464667501e-17,0.21442772886596187,0.21442772886596187,2.978089658971847,0.8001607770986143,15.170148723710442,0.0,3.898435140325608,6.661338147750939e-17,0.21067681343922173,0.21067681343922173,0.6850155542883427,0.9999059687405637,6.0,c_kam,24.0,1.221245327087666e-16,0.3333333333333333,0.0,hpc,3012,0.0,200.0,7187.0,6118.0,5955.0,1157.2266499279067,24.0,90.0,0.0,23.62079107165049,1.446972078003455,,move_merge
80.0,80.0,0.0,0.0,c_kam_move_split,0.9995210556449643,move_split,11.905835039872358,4.196370695446232,,A1,8,64,5.361852560342724,8.0,1.0788236492726304,196.95104596514133,1.2018164241567319e-15,1.0396669418713649,0.7417431512621636,0.7123376684850833,34.73836116318125,5.523359547510153e-16,0.32598922216106685,0.32598922216106685,3.7948972345814593,0.5101080316022467,18.49476039150612,0.0,4.807291446508811,8.770761894538737e-16,0.30850127330564253,0.30850127330564253,0.6258655957316678,0.9995210556449643,0.0,c_kam,80.0,3.730349362740516e-15,0.8888888888888888,0.0,hpc,3012,0.0,200.0,40748.0,12240.0,6480.0,6947.672232636251,80.0,90.0,0.0,80.35436345784656,7.237421725003514,,move_split
82.0,82.0,0.0,0.0,c_kam_move_only,0.9999511577739395,move_only,7.477163741382254,3.448537042042081,,A1,8,64,0.5982647261814795,8.0,1.0936477587056375,167.3987427954795,4.603363760640893e-16,0.6569490823696483,0.7676423812808204,0.7411858207335872,33.510864585405216,1.5705594006892458e-16,0.3485835550262982,0.3485835550262982,3.066085271617537,0.5056241995048402,9.764609550094821,0.0,2.361106216847749,3.086961580665069e-16,0.3352345020006306,0.3352345020006306,0.6920892006541572,0.9999511577739395,0.0,c_kam,82.0,8.659739592076234e-16,0.9111111111111111,0.0,hpc,3013,0.0,200.0,40320.0,12240.0,6480.0,6702.172917081043,82.0,90.0,0.0,80.08401765518803,6.99104300403269,,move_only
34.0,34.0,0.0,0.0,c_kam_move_merge,0.9999999999999994,move_merge,5.864414900919358,2.348112952173108,,A1,8,64,0.0,2.0,1.0363544976701504,166.69959001944488,4.5715065719859385e-17,0.5198654309303022,0.4078625941284911,0.3404410083114381,5.543723554874305,4.5715065719859385e-17,0.16435836917606647,0.16435836917606647,2.1785361473383977,0.7930593422377634,7.561504680770468,0.0,1.7812420401355364,4.5715065719859385e-17,0.15250301016338227,0.15250301016338227,0.7856252482930199,0.9999999999999994,6.0,c_kam,28.0,2.220446049250313e-16,0.37777777777777777,0.0,hpc,3013,0.0,200.0,7187.0,6151.0,5955.0,1108.744710974861,28.0,90.0,0.0,28.809181316406146,1.400090478011407,,move_merge
82.0,82.0,0.0,0.0,c_kam_move_split,0.9999511577739395,move_split,7.477163741382254,3.448537042042081,,A1,8,64,0.5982647261814795,8.0,1.0936477587056375,167.3987427954795,4.603363760640893e-16,0.6569490823696483,0.7676423812808204,0.7411858207335872,37.06287542037899,1.5705594006892458e-16,0.3485835550262982,0.3485835550262982,3.066085271617537,0.5056241995048402,9.764609550094821,0.0,2.361106216847749,3.086961580665069e-16,0.3352345020006306,0.3352345020006306,0.6920892006541572,0.9999511577739395,0.0,c_kam,82.0,8.659739592076234e-16,0.9111111111111111,0.0,hpc,3013,0.0,200.0,40727.0,12240.0,6480.0,7412.575084075797,82.0,90.0,0.0,80.08401765518803,7.7380545969936065,,move_split
89.0,89.0,0.0,0.0,c_kam_move_only,0.9996229219296445,move_only,20.700275047449427,5.868108060138658,,A1,8,64,4.533219702708827,8.0,1.1859010950639812,285.7033691937223,1.4694862056274545e-15,1.7960997744935523,0.7945329875546169,0.7711382287118256,34.09389805106912,3.018808673699864e-16,0.27371915239308536,0.27371915239308536,4.419571333492072,0.5086905990295597,28.496670054313103,0.0,7.605718458003519,8.856835364987204e-16,0.266992881815996,0.266992881815996,0.4808355804295627,0.9996229219296445,0.0,c_kam,89.0,3.552713678800501e-15,0.9888888888888889,0.0,hpc,3014,0.0,200.0,40320.0,12240.0,6480.0,6818.779610213824,89.0,90.0,0.0,88.48015357421905,7.114398233010434,,move_only
28.0,28.0,0.0,0.0,c_kam_move_merge,0.9999700374950398,move_merge,17.51867384039512,4.711750261498626,,A1,8,64,0.36020821285071375,2.0,1.0818580465969265,284.91094343768714,3.0927641400272217e-16,1.5256636718939358,0.41598462011704307,0.3494878194373004,5.328726180887315,2.616954272330726e-16,0.15727444853370798,0.15727444853370798,3.395869198711686,0.804810156910483,23.35133699524189,0.0,6.186145811114249,2.854859206178974e-16,0.14581846512128233,0.14581846512128233,0.5791259933139653,0.9999700374950398,6.0,c_kam,22.0,2.220446049250313e-16,0.3111111111111111,0.0,hpc,3014,0.0,200.0,7187.0,6103.0,5955.0,1065.745236177463,22.0,90.0,0.0,23.899842833366947,1.3428306769928895,,move_merge
89.0,89.0,0.0,0.0,c_kam_move_split,0.9996229219296445,move_split,20.700275047449427,5.868108060138658,,A1,8,64,4.533219702708827,8.0,1.1859010950639812,285.7033691937223,1.4694862056274545e-15,1.7960997744935523,0.7945329875546169,0.7711382287118256,34.53258317371365,3.018808673699864e-16,0.27371915239308536,0.27371915239308536,4.419571333492072,0.5086905990295597,28.496670054313103,0.0,7.605718458003519,8.856835364987204e-16,0.266992881815996,0.266992881815996,0.4808355804295627,0.9996229219296445,0.0,c_kam,89.0,3.552713678800501e-15,0.9888888888888889,0.0,hpc,3014,0.0,200.0,40685.0,12240.0,6480.0,6906.516634742729,89.0,90.0,0.0,88.48015357421905,7.20656294899527,,move_split
85.0,85.0,0.0,0.0,c_kam_move_only,0.9998355841357782,move_only,15.193009410402464,4.513713014281899,,A1,8,64,1.9964252622053293,8.0,1.0813281190603174,261.2032470596155,8.881784197001252e-16,1.3199883333406013,0.751219384533313,0.7228928788118586,33.74955368315568,2.455552101523876e-16,0.34340051754397516,0.34340051754397516,4.7878669770764555,0.51063460574136,32.55899255374115,0.0,8.72646852708038,5.668668149262564e-16,0.3556399089845737,0.3556399089845737,0.5983902850881496,0.9998355841357782,0.0,c_kam,85.0,3.552713678800501e-15,0.9444444444444444,0.0,hpc,3015,0.0,200.0,40320.0,12240.0,6480.0,6749.910736631136,85.0,90.0,0.0,80.98058880819765,7.041946120967623,,move_only
24.0,24.0,0.0,0.0,c_kam_move_merge,0.9999188350946767,move_merge,14.073554070956341,3.9625333802789506,,A1,8,64,0.9855476426164023,2.0,1.0374434865149014,263.09207473976664,1.850371707708594e-17,1.2248346294876808,0.30244216988369926,0.22301726843481354,5.333495413069613,0.0,0.24704668357934687,0.24704668357934687,3.8017582069016784,0.8602182820330003,27.99249890220374,0.0,7.460605305623594,9.25185853854297e-18,0.2822599362476921,0.2822599362476921,0.6452405539784003,0.9999188350946767,6.0,c_kam,18.0,0.0,0.26666666666666666,0.0,hpc,3015,0.0,200.0,7187.0,6764.0,5955.0,1066.6990826139227,18.0,90.0,0.0,18.776070092365597,1.334719871985726,,move_merge
85.0,85.0,0.0,0.0,c_kam_move_split,0.9998355841357782,move_split,15.193009410402464,4.513713014281899,,A1,8,64,1.9964252622053293,8.0,1.0813281190603174,261.2032470596155,8.881784197001252e-16,1.3199883333406013,0.751219384533313,0.7228928788118586,34.32372208160814,2.455552101523876e-16,0.34340051754397516,0.34340051754397516,4.7878669770764555,0.51063460574136,32.55899255374115,0.0,8.72646852708038,5.668668149262564e-16,0.3556399089845737,0.3556399089845737,0.5983902850881496,0.9998355841357782,0.0,c_kam,85.0,3.552713678800501e-15,0.9444444444444444,0.0,hpc,3015,0.0,200.0,40746.0,12240.0,6480.0,6864.744416321628,85.0,90.0,0.0,80.98058880819765,7.164575621951371,,move_split
82.0,82.0,0.0,0.0,c_kam_move_only,0.9991614296980256,move_only,7.031744633777979,3.0644334919218426,,A1,8,64,10.62149198042195,8.0,1.434642140468357,181.3455862554203,2.7349396460278246e-16,0.6195595292513854,0.7013173164880615,0.6673088921277912,34.2632958793547,1.976738556039913e-16,0.2535408858863019,0.2535408858863019,2.508737620738516,0.5101624697991591,7.645707051691995,0.0,1.8059622437682308,2.355839101033869e-16,0.25993444140419003,0.25993444140419003,0.7247236538199147,0.9991614296980256,0.0,c_kam,82.0,1.7097434579227449e-15,0.9111111111111111,0.0,hpc,3016,0.0,200.0,40320.0,12240.0,6480.0,6852.65917587094,82.0,90.0,0.0,77.14300093225036,7.154551122046541,,move_only
38.0,38.0,0.0,0.0,c_kam_move_merge,0.9999999999999997,move_merge,6.0586817036963865,2.2944902074671583,,A1,8,64,0.0,2.0,1.040955020401622,181.19112279854394,7.596262800066861e-17,0.53684918019445,0.376107890038074,0.3050706695968646,5.511149463709444,-5.843279076974508e-18,0.1396485617652778,0.1396485617652778,1.999365902149801,0.7942112147652638,6.8931566413231655,0.0,1.6063884620702717,3.5059674461847047e-17,0.13338862568699295,0.13338862568699295,0.7901688329985629,0.9999999999999997,6.0,c_kam,32.0,2.220446049250313e-16,0.4222222222222222,0.0,hpc,3016,0.0,200.0,7187.0,6127.0,5955.0,1102.2298927418888,32.0,90.0,0.0,32.66258281408179,1.3832866430166177,,move_merge
84.0,84.0,0.0,0.0,c_kam_move_split,0.9998691695163643,move_split,6.761744719668509,2.861657325993723,,A1,8,64,1.657123951863017,11.0,0.9912223189254457,181.3455862554203,2.5376526277146434e-16,0.5966095365520804,0.7239833484946342,0.6925557099568945,45.678920933569316,1.7975039446312059e-16,0.23726254600878854,0.23726254600878854,2.4696870144144616,0.4770014484813798,7.5527729786460585,0.0,1.7897588898313663,2.1675782861729246e-16,0.2464726854337404,0.2464726854337404,0.7419596279238049,0.9998691695163643,0.0,c_kam,81.0,1.5432100042289588e-15,0.9333333333333333,0.0,hpc,3016,3.0,200.0,47977.0,12358.0,6598.0,9135.784186713863,81.0,90.0,0.0,75.86964165362153,9.474849126010668,,move_split
79.0,79.0,0.0,0.0,c_kam_move_only,0.9999487564602056,move_only,21.018305002530564,5.481159507435677,,A1,8,64,0.6445850878611047,8.0,1.0841469651900422,320.1289594012956,1.967483841107872e-15,1.8226698754716764,0.7842700317896888,0.7597067185776237,33.469965481199324,1.573987072886298e-16,0.3245188491232309,0.3245188491232309,5.541086648341664,0.5069063107884744,43.35369186854959,0.0,11.740488386598463,1.062441274198251e-15,0.3347289856945093,0.3347289856945093,0.5137502492852699,0.9999487564602056,0.0,c_kam,79.0,7.105427357601002e-15,0.8777777777777778,0.0,hpc,3017,0.0,200.0,40320.0,12240.0,6480.0,6693.993096239865,79.0,90.0,0.0,89.88092979981232,7.002605267975014,,move_only
39.0,39.0,0.0,0.0,c_kam_move_merge,0.9999511351969728,move_merge,18.995311754074564,4.706869108787433,,A1,8,64,0.6146633015339731,2.0,0.9897711350235753,316.5335440537886,2.2773805633336544e-17,1.6507154493529166,0.3215561289812308,0.24430756940978676,5.365374125249218,1.1386902816668272e-17,0.20499584945965563,0.20499584945965563,4.33888065849834,0.8178380123212725,36.33655865798496,0.0,9.809362477114739,1.708035422500241e-17,0.2307899492534981,0.2307899492534981,0.5795649331703707,0.9999511351969728,6.0,c_kam,33.0,2.220446049250313e-16,0.43333333333333335,0.0,hpc,3017,0.0,200.0,7187.0,7546.0,5955.0,1073.0748250498436,33.0,90.0,0.0,31.782129048682144,1.357653777988162,,move_merge
90.0,90.0,0.0,0.0,c_kam_move_split,0.9989254246291233,move_split,21.918740391718497,6.032779883508152,,A1,8,64,13.516928428925947,9.0,1.542568870948715,320.1289594012956,1.5913196686293911e-15,1.899206883552651,0.7807017229877081,0.7557321171892788,38.44823341089068,3.700743415417188e-17,0.3710755967105432,0.3710755967105432,5.749934716491217,0.4915540578073758,43.75009127674437,0.0,11.842573174315403,8.141635513917814e-16,0.3763653396629039,0.3763653396629039,0.46686251731910955,0.9989254246291233,0.0,c_kam,89.0,4.10782519111306e-15,1.0,0.0,hpc,3017,1.0,200.0,45067.0,12309.0,6549.0,7689.646682178136,89.0,90.0,0.0,104.3505105804416,7.987415951967705,,move_split
88.0,88.0,0.0,0.0,c_kam_move_only,0.9993398370576156,move_only,6.683558794071063,3.346738382840165,,A1,8,64,7.787451248231697,8.0,1.2573979291652226,135.12445850182712,1.9681226345627775e-16,0.5878585661621488,0.7670384927126187,0.7405131725759366,33.81875838560518,-8.074349270001139e-17,0.3410777289482386,0.3410777289482386,2.5826552702681966,0.5073479924578749,6.818905595266641,0.0,1.5401660516316351,5.803438537813318e-17,0.3106983544814912,0.3106983544814912,0.7011610682327415,0.9993398370576156,0.0,c_kam,88.0,1.4432899320126846e-16,0.9777777777777777,0.0,hpc,3018,0.0,200.0,40320.0,12240.0,6480.0,6763.751677121036,88.0,90.0,0.0,84.65548881890798,7.081953798013274,,move_only
23.0,23.0,0.0,0.0,c_kam_move_merge,0.9995955782953494,move_merge,4.739304337154393,1.998422378115419,,A1,8,64,4.770662069152969,2.0,1.0716203902266583,133.636574354247,6.75787928032704e-17,0.4225969373242319,0.40742546742210833,0.33995410975234835,5.602518194937147,2.896233977283017e-17,0.1323056189786967,0.1323056189786967,1.8681419057391122,0.7899191305023561,5.256508867139482,0.0,1.1481416706657372,4.827056628805028e-17,0.13676598815665625,0.13676598815665625,0.8157679286343451,0.9995955782953494,6.0,c_kam,17.0,1.9984014443252786e-16,0.25555555555555554,0.0,hpc,3018,0.0,200.0,7522.0,6345.0,5960.0,1120.5036389874294,17.0,90.0,0.0,18.209357880931083,1.3947323290049098,,move_merge
88.0,88.0,0.0,0.0,c_kam_move_split,0.9993398370576156,move_split,6.683558794071063,3.346738382840165,,A1,8,64,7.787451248231697,8.0,1.2573979291652226,135.12445850182712,1.9681226345627775e-16,0.5878585661621488,0.7670384927126187,0.7405131725759366,34.79949683416635,-8.074349270001139e-17,0.3410777289482386,0.3410777289482386,2.5826552702681966,0.5073479924578749,6.818905595266641,0.0,1.5401660516316351,5.803438537813318e-17,0.3106983544814912,0.3106983544814912,0.7011610682327415,0.9993398370576156,0.0,c_kam,88.0,1.4432899320126846e-16,0.9777777777777777,0.0,hpc,3018,0.0,200.0,40755.0,12240.0,6480.0,6959.89936683327,88.0,90.0,0.0,84.65548881890798,7.264485556981526,,move_split
86.0,86.0,0.0,0.0,c_kam_move_only,0.9996448364224532,move_only,14.492640964754413,4.482348945786991,,A1,8,64,4.2858730699570255,8.0,1.079742625620058,254.24845394458873,1.1050591966036442e-15,1.2619905087513332,0.7356757323991886,0.7055794049000862,33.550811799941584,7.642465471838287e-16,0.2632462749721144,0.2632462749721144,3.6727096512468536,0.5098761349072654,21.32160898877438,0.0,5.614908444455676,9.346528718937365e-16,0.2774986226773394,0.2774986226773394,0.600853320729466,0.9996448364224532,0.0,c_kam,86.0,7.105427357601002e-15,0.9555555555555556,0.0,hpc,3019,0.0,200.0,40320.0,12240.0,6480.0,6710.162359988317,86.0,90.0,0.0,82.6403109846949,7.007892453984823,,move_only
24.0,24.0,0.0,0.0,c_kam_move_merge,0.9999286734715801,move_merge,12.89866486088512,3.5853147628154733,,A1,8,64,0.8607201488416019,2.0,0.9858569930628989,252.35703982591593,6.38378239159465e-16,1.1265025399224435,0.3023754216614078,0.22294292016740966,5.380675153865013,5.828670879282072e-16,0.14870927331502537,0.14870927331502537,2.950023658126439,0.7986368232625404,18.54199238808067,0.0,4.866938844109767,6.106226635438361e-16,0.15421000121487757,0.15421000121487757,0.6771012262820452,0.9999286734715801,6.0,c_kam,18.0,6.0729199446995916e-15,0.26666666666666666,0.0,hpc,3019,0.0,200.0,7254.0,6078.0,5956.0,1076.1350307730027,18.0,90.0,0.0,18.593775603948423,1.3509818429592997,,move_merge
86.0,86.0,0.0,0.0,c_kam_move_split,0.9996448364224532,move_split,14.492640964754413,4.482348945786991,,A1,8,64,4.2858730699570255,8.0,1.079742625620058,254.24845394458873,1.1050591966036442e-15,1.2619905087513332,0.7356757323991886,0.7055794049000862,35.28640873963013,7.642465471838287e-16,0.2632462749721144,0.2632462749721144,3.6727096512468536,0.5098761349072654,21.32160898877438,0.0,5.614908444455676,9.346528718937365e-16,0.2774986226773394,0.2774986226773394,0.600853320729466,0.9996448364224532,0.0,c_kam,86.0,7.105427357601002e-15,0.9555555555555556,0.0,hpc,3019,0.0,200.0,40710.0,12240.0,6480.0,7057.281747926027,86.0,90.0,0.0,82.6403109846949,7.367367948987521,,move_split
73.0,73.0,0.0,0.0,c_kam_move_only,0.9997874393659123,move_only,5.849932119993168,2.7898174590831077,,A1,8,64,2.704766988947336,8.0,1.0399326376456939,141.70389179739973,1.247099835880313e-16,0.5144336406985787,0.7420812530347303,0.7127142669941303,34.66497852321481,-5.779243141884376e-17,0.2796510440429599,0.2796510440429599,2.4778505295730238,0.50883029499053,6.632871685845277,0.0,1.5095961928412855,3.3458776084593757e-17,0.2895381306566923,0.2895381306566923,0.7500531773065869,0.9997874393659123,0.0,c_kam,73.0,0.0,0.8111111111111111,0.0,hpc,3020,0.0,200.0,40320.0,12240.0,6480.0,6932.995704642963,73.0,90.0,0.0,77.67049860116387,7.227472545986529,,move_only
34.0,34.0,0.0,0.0,c_kam_move_merge,0.9999999999999996,move_merge,4.324207734915309,1.9027570732223094,,A1,8,64,0.0,2.0,1.098507112828957,141.3500414128141,5.877651306839064e-17,0.3847470679669606,0.3895019630205192,0.3199898102951328,5.7562538323691115,6.530723674265627e-18,0.1455554828288195,0.1455554828288195,1.8473077417773272,0.7917279560001603,5.055782199036625,0.0,1.090415011415681,3.2653618371328135e-17,0.15359264085159846,0.15359264085159846,0.8254533101047548,0.9999999999999996,6.0,c_kam,28.0,2.220446049250313e-16,0.37777777777777777,0.0,hpc,3020,0.0,200.0,7522.0,6230.0,5960.0,1151.2507664738223,28.0,90.0,0.0,28.648452811804894,1.4309647069894709,,move_merge
73.0,73.0,0.0,0.0,c_kam_move_split,0.9998662406714588,move_split,5.8488277831412425,2.7885403633409527,,A1,8,64,1.7020452439622489,9.0,1.036822607086619,141.70389179739973,1.247099835880313e-16,0.5143397720661649,0.7412746886450279,0.7118158660650061,35.63633722398663,-5.779243141884376e-17,0.27936338144143397,0.27936338144143397,2.476415079981746,0.5070856849953213,6.630188774286222,0.0,1.5095451126959898,3.3458776084593757e-17,0.2893303525090934,0.2893303525090934,0.75016173044467,0.9998662406714588,0.0,c_kam,72.0,0.0,0.8111111111111111,0.0,hpc,3020,1.0,200.0,41070.0,12247.0,6487.0,7127.267444797326,72.0,90.0,0.0,77.44939298778984,7.426346257969271,,move_split
80.0,80.0,0.0,0.0,c_kam_move_only,0.9998267503895465,move_only,10.594255066519151,3.904162721781643,,A1,8,64,2.186954127924256,8.0,1.0267621468853214,214.40350557512193,5.079270337660091e-16,0.924707943821127,0.727949703725194,0.696973679891924,33.40088515455136,8.604228440844963e-17,0.25619078689462027,0.25619078689462027,2.9530475859753107,0.5047539360082532,11.741800407932649,0.0,2.945986503373969,2.9698465908722935e-16,0.2574291587533755,0.2574291587533755,0.6519404213544422,0.9998267503895465,0.0,c_kam,80.0,1.0214051826551364e-15,0.8888888888888888,0.0,hpc,3021,0.0,200.0,40320.0,12240.0,6480.0,6680.177030910272,80.0,90.0,0.0,76.17783190700484,6.978293491003569,,move_only
43.0,43.0,0.0,0.0,c_kam_move_merge,1.0000000000000007,move_merge,9.561207228493547,3.272404992147381,,A1,8,64,0.0,2.0,1.0594116135469718,213.32497065322895,4.131062417209885e-17,0.8368988775889507,0.4637227938604596,0.40266152781486847,8.19709042989416,-1.0327656043024712e-17,0.12520005344866425,0.12520005344866425,2.3435511640855076,0.7509530520812726,10.063777347844933,0.0,2.492705303550581,1.5491484064537068e-17,0.1313942501710548,0.1313942501710548,0.7056398283733543,1.0000000000000007,6.0,c_kam,37.0,1.9984014443252786e-16,0.4777777777777778,0.0,hpc,3021,0.0,200.0,10202.0,6960.0,6000.0,1639.418085978832,37.0,90.0,0.0,37.22945281287387,1.923730959999375,,move_merge
80.0,80.0,0.0,0.0,c_kam_move_split,0.9998267503895465,move_split,10.594255066519151,3.904162721781643,,A1,8,64,2.186954127924256,8.0,1.0267621468853214,214.40350557512193,5.079270337660091e-16,0.924707943821127,0.727949703725194,0.696973679891924,34.49536095140502,8.604228440844963e-17,0.25619078689462027,0.25619078689462027,2.9530475859753107,0.5047539360082532,11.741800407932649,0.0,2.945986503373969,2.9698465908722935e-16,0.2574291587533755,0.2574291587533755,0.6519404213544422,0.9998267503895465,0.0,c_kam,80.0,1.0214051826551364e-15,0.8888888888888888,0.0,hpc,3021,0.0,200.0,40766.0,12240.0,6480.0,6899.072190281004,80.0,90.0,0.0,76.17783190700484,7.192020373011474,,move_split
88.0,88.0,0.0,0.0,c_kam_move_only,0.999935764530607,move_only,5.955432024055903,3.3367375183983334,,A1,8,64,0.7564034243601077,8.0,1.0333905660917055,113.61474810668795,2.573698829812863e-16,0.5221240680878494,0.7779958195437322,0.7527181158284146,34.618943276873324,5.0464682937507114e-17,0.3431389583045995,0.3431389583045995,2.5657271365635936,0.5044001119761297,5.453412286711876,0.0,1.1572732290452195,1.5391728295939671e-16,0.3320438911628875,0.3320438911628875,0.7043369312993931,0.999935764530607,0.0,c_kam,88.0,4.440892098500626e-16,0.9777777777777777,0.0,hpc,3022,0.0,200.0,40320.0,12240.0,6480.0,6923.788655374665,88.0,90.0,0.0,90.93651266371788,7.222021759022027,,move_only
32.0,32.0,0.0,0.0,c_kam_move_merge,0.9999999999999996,move_merge,3.382703240996461,1.6426273625266195,,A1,8,64,0.0,2.0,1.0529931164610353,113.2544755989168,3.469446951953614e-17,0.3034421215277967,0.3619629966396565,0.28931521902932034,5.528413237771019,-6.938893903907228e-18,0.11861329117167674,0.11861329117167674,1.7031538211740542,0.8209166605265236,3.6777902996025524,0.0,0.709988207785862,1.3877787807814457e-17,0.15566384290360147,0.15566384290360147,0.8483362945484888,0.9999999999999996,6.0,c_kam,26.0,0.0,0.35555555555555557,0.0,hpc,3022,0.0,200.0,7187.0,7436.0,5955.0,1105.6826475542039,26.0,90.0,0.0,27.282684256430485,1.3803007189999335,,move_merge
88.0,88.0,0.0,0.0,c_kam_move_split,0.999935764530607,move_split,5.955432024055903,3.3367375183983334,,A1,8,64,0.7564034243601077,8.0,1.0333905660917055,113.61474810668795,2.573698829812863e-16,0.5221240680878494,0.7779958195437322,0.7527181158284146,36.34597211435903,5.0464682937507114e-17,0.3431389583045995,0.3431389583045995,2.5657271365635936,0.5044001119761297,5.453412286711876,0.0,1.1572732290452195,1.5391728295939671e-16,0.3320438911628875,0.3320438911628875,0.7043369312993931,0.999935764530607,0.0,c_kam,88.0,4.440892098500626e-16,0.9777777777777777,0.0,hpc,3022,0.0,200.0,40680.0,12240.0,6480.0,7269.194422871806,88.0,90.0,0.0,90.93651266371788,7.57388295896817,,move_split
87.0,87.0,0.0,0.0,c_kam_move_only,0.9983647666143524,move_only,8.041894458561293,3.7493992481673337,,A1,8,64,18.886544922225433,8.0,1.7968252412594987,150.99035618431438,2.0417894705750005e-16,0.7053153338307719,0.7284745392743446,0.6975582739441956,35.589915076852776,-1.1740289455806254e-16,0.3203964121050868,0.3203964121050868,2.771768642339907,0.5056740355434918,7.837656489743325,0.0,1.8373480275657068,4.3388026249718764e-17,0.30567767886324354,0.30567767886324354,0.6662667742184499,0.9983647666143524,0.0,c_kam,87.0,2.220446049250313e-16,0.9666666666666667,0.0,hpc,3023,0.0,200.0,40320.0,12240.0,6480.0,7117.983015370555,87.0,90.0,0.0,84.4805994714646,7.4377752330037765,,move_only
36.0,36.0,0.0,0.0,c_kam_move_merge,1.0000000000000009,move_merge,6.182062211469069,2.5411641678523176,,A1,8,64,0.0,2.0,1.0238828729693437,150.42977132012632,1.6653345369377348e-16,0.5472295928279328,0.34349277617001406,0.26874195365471865,5.9870594055973925,-9.251858538542972e-17,0.1465747485190395,0.1465747485190395,2.08851846306591,0.8122344321833792,6.4164853480277575,0.0,1.4719280208308079,3.700743415417188e-17,0.167486694317357,0.167486694317357,0.7689667560452261,1.0000000000000009,6.0,c_kam,30.0,2.220446049250313e-16,0.4,0.0,hpc,3023,0.0,200.0,7522.0,6202.0,5960.0,1197.4118811194785,30.0,90.0,0.0,31.696868295640627,1.494248447008431,,move_merge
87.0,87.0,0.0,0.0,c_kam_move_split,0.9983647666143524,move_split,8.041894458561293,3.7493992481673337,,A1,8,64,18.886544922225433,8.0,1.7968252412594987,150.99035618431438,2.0417894705750005e-16,0.7053153338307719,0.7284745392743446,0.6975582739441956,34.66163104574662,-1.1740289455806254e-16,0.3203964121050868,0.3203964121050868,2.771768642339907,0.5056740355434918,7.837656489743325,0.0,1.8373480275657068,4.3388026249718764e-17,0.30567767886324354,0.30567767886324354,0.6662667742184499,0.9983647666143524,0.0,c_kam,87.0,2.220446049250313e-16,0.9666666666666667,0.0,hpc,3023,0.0,200.0,40703.0,12240.0,6480.0,6932.326209149323,87.0,90.0,0.0,84.4805994714646,7.229324546002317,,move_split
90.0,90.0,0.0,0.0,c_kam_move_only,0.9989629766314547,move_only,11.271256747173862,4.1432321939261785,,A1,8,64,12.382177035230463,8.0,1.5165936036969008,214.52041926288902,1.0115365335473648e-15,0.9871641982086384,0.7761336403926025,0.7506439063778987,34.527072802593466,-4.490235344039522e-16,0.30424936186099244,0.30424936186099244,3.686113023781905,0.5080887645001313,17.768949132636266,0.0,4.604969917712433,2.812564995717063e-16,0.3196474143944975,0.3196474143944975,0.6303967504490632,0.9989629766314547,0.0,c_kam,90.0,5.884182030513311e-16,1.0,0.0,hpc,3024,0.0,200.0,40320.0,12240.0,6480.0,6905.414560518693,90.0,90.0,0.0,97.84997924965622,7.2015766050317325,,move_only
35.0,35.0,0.0,0.0,c_kam_move_merge,0.9999999999999999,move_merge,11.182082212297962,3.51876327258481,,A1,8,64,0.0,2.0,1.0656559074457752,231.16058017850952,6.3441315692866086e-18,0.979584362744187,0.3363496471032545,0.26078549801105066,7.088182157895062,6.3441315692866086e-18,0.17168126326988795,0.17168126326988795,3.0080330510903805,0.846747285876264,16.808183701874565,0.0,4.357673045021162,6.3441315692866086e-18,0.22578969265402443,0.22578969265402443,0.6834766087630796,0.9999999999999999,6.0,c_kam,29.0,0.0,0.3888888888888889,0.0,hpc,3024,0.0,200.0,9063.0,6976.0,5983.0,1417.6364315790124,29.0,90.0,0.0,30.474881522663654,1.7114532849518582,,move_merge
90.0,90.0,0.0,0.0,c_kam_move_split,0.9989629766314547,move_split,11.271256747173862,4.1432321939261785,,A1,8,64,12.382177035230463,8.0,1.5165936036969008,214.52041926288902,1.0115365335473648e-15,0.9871641982086384,0.7761336403926025,0.7506439063778987,35.491725434258115,-4.490235344039522e-16,0.30424936186099244,0.30424936186099244,3.686113023781905,0.5080887645001313,17.768949132636266,0.0,4.604969917712433,2.812564995717063e-16,0.3196474143944975,0.3196474143944975,0.6303967504490632,0.9989629766314547,0.0,c_kam,90.0,5.884182030513311e-16,1.0,0.0,hpc,3024,0.0,200.0,40763.0,12240.0,6480.0,7098.345086851623,90.0,90.0,0.0,97.84997924965622,7.394852586032357,,move_split
89.0,89.0,0.0,0.0,c_kam_move_only,0.9996767839712911,move_only,5.404598542838816,3.0580085391878704,,A1,8,64,4.0364917726320915,8.0,1.0589123296990801,124.99695665685323,1.3971345927867138e-16,0.4755453001264677,0.7021381747091617,0.6682232144037692,34.55069259653101,-2.494883201404846e-17,0.317036553514405,0.317036553514405,2.5588312096181243,0.508394626113423,5.336305362314139,0.0,1.1433475505983854,5.738231363231147e-17,0.31789170456411026,0.31789170456411026,0.7282858626605094,0.9996767839712911,0.0,c_kam,89.0,2.220446049250313e-16,0.9888888888888889,0.0,hpc,3025,0.0,200.0,40320.0,12240.0,6480.0,6910.1385193062015,89.0,90.0,0.0,92.93897154105665,7.22077931498643,,move_only
27.0,27.0,0.0,0.0,c_kam_move_merge,0.9999999999999999,move_merge,3.7811087436003237,1.7098964803057142,,A1,8,64,0.0,2.0,1.0130158920716172,128.44685822331763,9.046261682130905e-17,0.3375486671911959,0.3407495492187597,0.26568637908030174,5.59249119454762,4.11193712824132e-17,0.14146504953701547,0.14146504953701547,1.9192388638518683,0.817732885200968,4.611195237483692,0.0,0.968797661672019,6.579099405186112e-17,0.16297829732583732,0.16297829732583732,0.8428753876654927,0.9999999999999999,6.0,c_kam,21.0,2.220446049250313e-16,0.3,0.0,hpc,3025,0.0,200.0,7187.0,6106.0,5955.0,1118.498238909524,21.0,90.0,0.0,21.08766247812502,1.405783660011366,,move_merge
90.0,90.0,0.0,0.0,c_kam_move_split,0.9996525540620305,move_split,5.405313970382025,3.058692273692519,,A1,8,64,4.3390876239993705,9.0,1.0720152226284765,124.99695665685323,1.4062824978585316e-16,0.4756061114676405,0.7026048452824639,0.6687430207354177,34.876269598607905,-2.2204460492503132e-17,0.3169022216181119,0.3169022216181119,2.5629108052229164,0.507329097571851,5.3358331695054755,0.0,1.1434419988049507,5.921189464667501e-17,0.3182105526744385,0.3182105526744385,0.7282277452276144,0.9996525540620305,0.0,c_kam,89.0,2.220446049250313e-16,1.0,0.0,hpc,3025,1.0,200.0,40899.0,12244.0,6484.0,6975.253919721581,89.0,90.0,0.0,93.43897154105665,7.272689918987453,,move_split
83.0,83.0,0.0,0.0,c_kam_move_only,0.9993611718500225,move_only,3.1988269008345953,2.318746120116377,,A1,8,64,8.045170445164791,8.0,1.2780665709775605,64.59472978114478,8.560755852531328e-17,0.2812679405028622,0.7268999291970255,0.6958043765808452,34.81083601422142,-1.6051417223496238e-17,0.2879003333466709,0.2879003333466709,1.9652839274279825,0.5097772473843595,2.458205324014593,0.0,0.34372480272209677,3.477807065090852e-17,0.2669284125579935,0.2669284125579935,0.7950386001655826,0.9993611718500225,0.0,c_kam,83.0,2.220446049250313e-16,0.9222222222222223,0.0,hpc,3026,0.0,200.0,40320.0,12240.0,6480.0,6962.1672028442845,83.0,90.0,0.0,87.11725595048523,7.268831185007002,,move_only
31.0,31.0,0.0,0.0,c_kam_move_merge,1.0000000000000002,move_merge,1.4788598672301838,0.9537234934974691,,A1,8,64,0.0,2.0,1.0377635467218134,64.22430560257408,1.360918546314708e-16,0.13507074264648716,0.3880978419278962,0.31842581402859726,5.461940159730148,3.581364595565021e-17,0.11630171165744038,0.11630171165744038,1.4275530828018481,0.7927527979013124,1.9868426324001518,0.0,0.24197524724800346,8.59527502935605e-17,0.10609622931103214,0.10609622931103214,0.9110655234281899,1.0000000000000002,6.0,c_kam,25.0,2.220446049250313e-16,0.34444444444444444,0.0,hpc,3026,0.0,200.0,7187.0,6140.0,5955.0,1092.3880319460295,25.0,90.0,0.0,24.693565866426347,1.367611374007538,,move_merge
86.0,86.0,0.0,0.0,c_kam_move_split,0.9983535548122476,move_split,3.8934280577692504,2.7568043456781077,,A1,8,64,20.73473463020335,9.0,2.0273422516845883,64.59472978114478,9.036699037646623e-17,0.3403090388423079,0.7338807738664767,0.7035800699007784,36.790766014310066,-2.581914010756178e-18,0.3232851151169098,0.3232851151169098,2.1344371171441896,0.4991104291649479,2.7416401908572126,0.0,0.41467427571806054,4.3892538182855024e-17,0.3029032904314889,0.3029032904314889,0.7578036509928355,0.9983535548122476,0.0,c_kam,85.0,3.885780586188048e-16,0.9555555555555556,0.0,hpc,3026,1.0,200.0,43277.0,12282.0,6522.0,7358.153202862013,85.0,90.0,0.0,90.69392675343936,7.657767770986538,,move_split
80.0,80.0,0.0,0.0,c_kam_move_only,0.9999999999999994,move_only,7.214730258530352,3.275864136765839,,A1,8,64,0.0,8.0,1.0099302017121286,167.3055031987449,6.13398221105399e-16,0.6335678394542584,0.7215298326830086,0.6898228334340442,34.56510404852452,-9.159339953157541e-17,0.308803093063617,0.308803093063617,2.8292920643016872,0.5075549267120876,8.72726946278411,0.0,2.089613849160136,2.609024107869118e-16,0.29478451220692303,0.29478451220692303,0.707476844424825,0.9999999999999994,0.0,c_kam,80.0,4.662936703425645e-16,0.8888888888888888,0.0,hpc,3027,0.0,200.0,40320.0,12240.0,6480.0,6913.0208097049035,80.0,90.0,0.0,80.37582971753795,7.210682525997981,,move_only
41.0,41.0,0.0,0.0,c_kam_move_merge,1.0,move_merge,6.066842999711057,2.355393086423775,,A1,8,64,0.0,2.0,1.0553206607853838,172.07642813963264,3.791005449939559e-17,0.5359974224546182,0.4345360846304316,0.3701515794150847,6.616688150097616,-5.415722071342227e-18,0.15634433428110767,0.15634433428110767,2.2591975422932062,0.7774804388170966,7.772692796584404,0.0,1.8419776625098074,1.624716621402668e-17,0.1663850153165496,0.1663850153165496,0.7857168837039004,1.0,6.0,c_kam,35.0,2.220446049250313e-16,0.45555555555555555,0.0,hpc,3027,0.0,200.0,8661.0,6440.0,5977.0,1323.3376300195232,35.0,90.0,0.0,34.38243489802894,1.5944399269646965,,move_merge
80.0,80.0,0.0,0.0,c_kam_move_split,0.9999999999999994,move_split,7.214730258530352,3.275864136765839,,A1,8,64,0.0,8.0,1.0099302017121286,167.3055031987449,6.13398221105399e-16,0.6335678394542584,0.7215298326830086,0.6898228334340442,34.83867905160878,-9.159339953157541e-17,0.308803093063617,0.308803093063617,2.8292920643016872,0.5075549267120876,8.72726946278411,0.0,2.089613849160136,2.609024107869118e-16,0.29478451220692303,0.29478451220692303,0.707476844424825,0.9999999999999994,0.0,c_kam,80.0,4.662936703425645e-16,0.8888888888888888,0.0,hpc,3027,0.0,200.0,40669.0,12240.0,6480.0,6967.735810321756,80.0,90.0,0.0,80.37582971753795,7.26740738999797,,move_split
84.0,84.0,0.0,0.0,c_kam_move_only,0.9997867225694358,move_only,10.200347568827597,3.8517482595806958,,A1,8,64,2.6496288420418983,8.0,1.0177055613882244,202.70077723085285,2.458350983098561e-16,0.8896812115839883,0.792379614622582,0.768739669752876,34.148935318225995,-1.2423924323186276e-16,0.2795394445551637,0.2795394445551637,3.1338409226503434,0.5058024856894947,12.773317796778445,0.0,3.216233657080999,6.079792753899667e-17,0.2602010670857398,0.2602010670857398,0.6572975116448699,0.9997867225694358,0.0,c_kam,84.0,2.220446049250313e-16,0.9333333333333333,0.0,hpc,3028,0.0,200.0,40320.0,12240.0,6480.0,6829.787063645199,84.0,90.0,0.0,76.5219924132401,7.131020973960403,,move_only
31.0,31.0,0.0,0.0,c_kam_move_merge,0.9999954375702694,move_merge,8.714187686703527,3.1023034038595263,,A1,8,64,0.056680846965386555,2.0,1.0501138837730775,201.7458601499102,4.297637514678025e-17,0.7633576216034426,0.3844395470733242,0.3143509806509799,5.455905557319056,1.4325458382260084e-17,0.17785517290881558,0.17785517290881558,2.604441659208007,0.8193615275643122,11.362496330838098,0.0,2.8353191598257452,2.865091676452017e-17,0.17604010411524906,0.17604010411524906,0.7210003243811695,0.9999954375702694,6.0,c_kam,25.0,2.220446049250313e-16,0.34444444444444444,0.0,hpc,3028,0.0,200.0,7187.0,7487.0,5955.0,1091.1811114638112,25.0,90.0,0.0,25.088652106083476,1.377457731985487,,move_merge
88.0,88.0,0.0,0.0,c_kam_move_split,0.9997948184549218,move_split,10.722172568030404,4.231194908748826,,A1,8,64,2.5490504937886103,9.0,1.0256181532804887,202.70077723085285,2.6493958542191234e-16,0.934036336516227,0.7929789544091298,0.7694072511982882,38.39788794051856,-1.0345260002188958e-16,0.3206823551268814,0.3206823551268814,3.2646687018393097,0.48981578834264694,12.937221985414885,0.0,3.2545367401037337,8.074349270001139e-17,0.2960090774588149,0.2960090774588149,0.625044546465579,0.9997948184549218,0.0,c_kam,87.0,2.220446049250313e-16,0.9777777777777777,0.0,hpc,3028,1.0,200.0,44769.0,12305.0,6545.0,7679.577588103712,87.0,90.0,0.0,84.68352731317292,7.973384497046936,,move_split
88.0,88.0,0.0,0.0,c_kam_move_only,0.9981536163625668,move_only,6.135577504470727,3.4385967504509374,,A1,8,64,22.60386547762627,8.0,2.26441629309748,131.5393436911135,2.0942843419065454e-16,0.537631569376304,0.7297616100065628,0.6989918923340427,32.86599037091946,-2.2709107321878203e-17,0.32708304701618707,0.32708304701618707,2.49470114851073,0.5057192158351714,5.1020196388659445,0.0,1.0714149407808775,9.335966343438817e-17,0.33418173354615627,0.33418173354615627,0.6956033481361075,0.9981536163625668,0.0,c_kam,88.0,3.6637359812629977e-16,0.9777777777777777,0.0,hpc,3029,0.0,200.0,40320.0,12240.0,6480.0,6573.1980741838925,88.0,90.0,0.0,92.50985593423029,6.85844438301865,,move_only
32.0,32.0,0.0,0.0,c_kam_move_merge,1.0000000000000002,move_merge,3.6061025076620745,1.6817590711443222,,A1,8,64,0.0,2.0,1.035212207794503,131.2007401781146,5.551115123125783e-17,0.3226261946475683,0.40600480368490355,0.33837168727278866,5.490882187441457,-4.163336342344337e-17,0.10853873365995634,0.10853873365995634,1.6338576241069298,0.7914646163338257,3.5420545330826587,0.0,0.6755004860199105,6.938893903907228e-18,0.12284150916757013,0.12284150916757013,0.8449345508771698,1.0000000000000002,6.0,c_kam,26.0,0.0,0.35555555555555557,0.0,hpc,3029,0.0,200.0,7388.0,6313.0,5958.0,1098.1764374882914,26.0,90.0,0.0,29.556312132601626,1.3784517020103522,,move_merge
88.0,88.0,0.0,0.0,c_kam_move_split,0.9981536163625668,move_split,6.135577504470727,3.4385967504509374,,A1,8,64,22.60386547762627,8.0,2.26441629309748,131.5393436911135,2.0942843419065454e-16,0.537631569376304,0.7297616100065628,0.6989918923340427,34.53100309619913,-2.2709107321878203e-17,0.32708304701618707,0.32708304701618707,2.49470114851073,0.5057192158351714,5.1020196388659445,0.0,1.0714149407808775,9.335966343438817e-17,0.33418173354615627,0.33418173354615627,0.6956033481361075,0.9981536163625668,0.0,c_kam,88.0,3.6637359812629977e-16,0.9777777777777777,0.0,hpc,3029,0.0,200.0,40808.0,12240.0,6480.0,6906.200619239826,88.0,90.0,0.0,92.50985593423029,7.20203607698204,,move_split
78.0,78.0,0.0,0.0,c_kam_move_only,0.9999406029517222,move_only,5.121538962713366,2.618979630247472,,A1,8,64,0.7518793036863922,8.0,1.00892603671277,139.43560088712928,1.878838964750265e-16,0.4519259332397742,0.7225265179631459,0.6909330026817219,32.2680643358035,3.416070845000482e-17,0.23724091132745742,0.23724091132745742,2.0107142216640153,0.5046972197600801,4.365539184879368,0.0,0.8927771652815214,1.1102230246251565e-16,0.22414688489107285,0.22414688489107285,0.7649869882976941,0.9999406029517222,0.0,c_kam,78.0,5.107025913275682e-16,0.8666666666666667,0.0,hpc,3030,0.0,200.0,40320.0,12240.0,6480.0,6453.6128671607,78.0,90.0,0.0,79.53387624058017,6.764800623001065,,move_only
28.0,28.0,0.0,0.0,c_kam_move_merge,0.9999999999999994,move_merge,4.2071504585060335,1.8174114350735824,,A1,8,64,0.0,2.0,1.0450129250044182,140.19876995568117,2.3790493384824782e-17,0.3742029103821509,0.419002972181201,0.3528498452513378,5.852174878527876,-7.93016446160826e-18,0.09372625619546211,0.09372625619546211,1.6134738966328284,0.7922103590554453,3.873150381889119,0.0,0.7700102012290939,7.93016446160826e-18,0.10156893476924961,0.10156893476924961,0.8331202848874747,0.9999999999999994,6.0,c_kam,22.0,0.0,0.3111111111111111,0.0,hpc,3030,0.0,200.0,7656.0,6454.0,5962.0,1170.4349757055752,22.0,90.0,0.0,25.137119528556163,1.4581989760044962,,move_merge
85.0,85.0,0.0,0.0,c_kam_move_split,0.9999067048143105,move_split,5.135040598676834,2.6380865764836976,,A1,8,64,1.1809798851520332,10.0,0.9767181006932835,139.43560088712928,1.6196194712178753e-16,0.4530735722966689,0.7251230851119069,0.6938252185652428,36.149705081188586,3.657205257588751e-17,0.2331026682588228,0.2331026682588228,2.032514469063326,0.49024480773645207,4.351193321130095,0.0,0.8930578184314402,9.926699984883753e-17,0.2294062978133348,0.2294062978133348,0.7633628978676148,0.9999067048143105,0.0,c_kam,83.0,3.996802888650557e-16,0.9444444444444444,0.0,hpc,3030,2.0,200.0,44808.0,12306.0,6546.0,7229.941016237717,83.0,90.0,0.0,87.49347138340103,7.52516848500818,,move_split
