accepted_event_count,accepted_operation_count,actual_worsening_fraction,actual_worsening_operation_count,analysis_method,completion_ratio,condition,disturbance_backlog_auc_mean,disturbance_service_loss_auc_mean,dkam_observation_delay,experiment_block,experimental_initial_n_units,experimental_n_agents,final_backlog,final_n_units,final_objective,max_backlog,mean_abs_delta_estimation_error,mean_backlog_to_capacity,mean_coordination_cost_normalized,mean_cross_communication_ratio,mean_decision_time_ms,mean_delta_estimation_error,mean_kam_capacity_mismatch,mean_kam_load_cv,mean_makespan_proxy,mean_management_overhead_normalized,mean_objective,mean_observation_lag_on_search_steps,mean_overload_penalty,mean_positive_underestimate_error,mean_raw_load_cv,mean_raw_load_imbalance,mean_service_ratio,mean_throughput_ratio,merge_count,method,move_count,p95_positive_underestimate_error,proposal_acceptance_fraction,repartition_count,scenario,seed,split_count,steps,total_candidate_evaluations,total_control_message_hops,total_control_messages,total_decision_time_ms,total_moved_agents,total_proposals,total_rejected_proposals,total_reorganization_cost,wall_elapsed_seconds,scale_n_agents,ablation_variant,reference_source
10.0,10.0,0.0,0.0,d_kam_delay_0,0.9999999999999997,delay=0,6.244701367585371,2.0129400606505987,0.0,D1,8.0,64.0,0.0,2.0,1.1693136246505922,216.00388624376046,0.0,0.6360512202345157,0.39508618728470535,0.15771494432047586,12.560997119580861,0.0,0.22272852496204565,0.22272852496204565,2.5019678296567935,0.8971467631124622,12.481557615467167,0.0,3.1130226306262627,0.0,0.21600261992102682,0.21600261992102682,0.7840102182463176,0.9999999999999997,6.0,d_kam,4.0,0.0,0.031446540880503145,0.0,warehouse,3001,0.0,200.0,7433.0,6288.0,6288.0,2512.1994239161722,4.0,318.0,217.0,4.561151626869473,2.8072186849894933,,,
11.0,11.0,0.0,0.0,d_kam_delay_2,1.0000000000000004,delay=2,6.27719730337825,2.1195237029677814,2.0,D1,8.0,64.0,0.0,2.0,1.2455563598710633,216.00388624376046,6.788595808851223,0.6391383341348392,0.5022227596627115,0.30689245016326916,12.902021785703255,-5.0720690085102795,0.26026830580524224,0.26026830580524224,2.6552603397916097,0.8610882727889877,12.581570113686823,2.0,3.1224107205115024,0.8582634001704715,0.2408553364825269,0.2408553364825269,0.773884772226185,1.0000000000000004,6.0,d_kam,5.0,4.389040835089471,0.028205128205128206,0.0,warehouse,3001,0.0,200.0,7330.0,6289.0,6289.0,2580.404357140651,5.0,390.0,284.0,4.8276250249023285,2.8919089499977417,,,
11.0,11.0,0.0,0.0,d_kam_delay_4,1.0000000000000002,delay=4,6.104846558568157,1.9198733649684916,4.0,D1,8.0,64.0,0.0,2.0,1.1758565063105921,216.00388624376046,8.941799753579538,0.6227650133778804,0.3755870514942387,0.13056424891602864,13.0362781448639,-7.998008838499829,0.22047588072976596,0.22047588072976596,2.5676865430798377,0.8818583295919248,12.509655834668742,4.0,3.1288697812114203,0.4718954575398542,0.23650192751335866,0.23650192751335866,0.7928515543361176,1.0000000000000002,6.0,d_kam,5.0,2.241376658191818,0.030303030303030304,0.0,warehouse,3001,0.0,200.0,7562.0,6293.0,6293.0,2607.25562897278,5.0,363.0,258.0,4.788677387065789,2.8845658479840495,,,
10.0,10.0,0.0,0.0,d_kam_delay_8,1.0000000000000002,delay=8,6.191087663508737,1.9756297011396904,8.0,D1,8.0,64.0,0.0,2.0,1.1758565063105921,216.00388624376046,13.01827415158516,0.6309579183472356,0.37252032994512263,0.12629413030333533,12.314403555501485,-12.493966384972136,0.2440556821868135,0.2440556821868135,2.6837015608354524,0.8854134556316421,12.701643622616366,8.0,3.175425892134994,0.2621538833065114,0.2594412943739215,0.2594412943739215,0.7875547023998538,1.0000000000000002,6.0,d_kam,4.0,1.2364771122569949,0.02865329512893983,0.0,warehouse,3001,0.0,200.0,7174.0,6271.0,6271.0,2462.880711100297,4.0,349.0,252.0,4.461439612969291,2.7401308130065445,,,
15.0,15.0,0.0,0.0,d_kam_delay_0,0.9999999999999993,delay=0,10.108624237496501,2.8827098568631353,0.0,D1,8.0,64.0,0.0,2.0,1.2331800639957469,334.73999987897014,0.0,1.0088421798552,0.46119248159331255,0.2497616832311948,14.189218624960631,0.0,0.2671147963824535,0.2671147963824535,3.016331189519608,0.8448425052757762,17.794363369069487,0.0,4.58668377476653,0.0,0.27697130760379063,0.27697130760379063,0.6997264025310185,0.9999999999999993,6.0,d_kam,9.0,0.0,0.033632286995515695,0.0,warehouse,3002,0.0,200.0,7548.0,6339.0,6339.0,2837.843724992126,9.0,446.0,309.0,6.312958265681398,3.1224276009888854,,,
14.0,14.0,0.0,0.0,d_kam_delay_2,1.0,delay=2,9.910225234741835,2.722417534494028,2.0,D1,8.0,64.0,0.0,2.0,1.2284434438744176,334.73999987897014,2.869653086821081,0.9899942745935068,0.45980221049630743,0.2478258627163774,14.425523654208519,-1.9916374760063316,0.22775147661768202,0.22775147661768202,2.9243699366940494,0.8451559354550322,17.701868751123246,2.0,4.571994909494233,0.43900780540737483,0.25522798349224174,0.25522798349224174,0.7149541731560837,1.0,6.0,d_kam,8.0,2.9470225906122804,0.03309692671394799,0.0,warehouse,3002,0.0,200.0,7720.0,6330.0,6330.0,2885.1047308417037,8.0,423.0,290.0,6.0954120043059,3.169709531008266,,,
15.0,15.0,0.0,0.0,d_kam_delay_4,0.99992668140365,delay=4,9.877471828332181,2.695970104767177,4.0,D1,8.0,64.0,0.873619343768525,2.0,1.264880841355076,334.73999987897014,4.1991945019444765,0.9868827009845899,0.46623238263269073,0.2567792669569113,14.864409330184571,-3.8086837117088552,0.24935037632801552,0.24935037632801552,3.0013617986479098,0.8442432966212582,17.81042301844909,4.0,4.595441488566837,0.19525539511781034,0.2592889889413907,0.2592889889413907,0.7174666789801346,0.99992668140365,6.0,d_kam,9.0,1.067360400688106,0.035211267605633804,0.0,warehouse,3002,0.0,200.0,7786.0,6347.0,6347.0,2972.8818660369143,9.0,426.0,286.0,6.180837125065266,3.259808250993956,,,
16.0,16.0,0.0625,1.0,d_kam_delay_8,0.9999933031919251,delay=8,9.357401275177674,2.694282938460471,8.0,D1,8.0,64.0,0.07979505018134742,2.0,1.2738914214463384,321.3857974402337,7.3399888426503725,0.9374759984349117,0.4852973211532341,0.28332538388425016,16.148635789286345,-6.776386017962882,0.29728489565307775,0.29728489565307775,3.084068083719622,0.8341280036034836,17.50604594138961,8.0,4.496670724674355,0.281801412343745,0.30596247902379037,0.30596247902379037,0.7176269597792717,0.9999933031919251,6.0,d_kam,10.0,1.4557175120790768,0.03389830508474576,0.0,warehouse,3002,0.0,200.0,8415.0,6358.0,6358.0,3229.727157857269,10.0,472.0,287.0,6.930712650155189,3.5170440720103215,,,
6.0,6.0,0.0,0.0,d_kam_delay_0,0.9999999999999997,delay=0,1.7552098030070198,0.8622140822548016,0.0,D1,8.0,64.0,0.0,2.0,1.1620279478820024,94.33413462068475,0.0,0.18819053820725867,0.4551994595122914,0.24141696894116527,12.284591444622492,0.0,0.15933985062007675,0.15933985062007675,1.551050312010043,0.8583014591166712,3.3814347457580167,0.0,0.5912622239506848,0.0,0.16879337091118984,0.16879337091118984,0.902109803456867,0.9999999999999997,6.0,d_kam,0.0,0.0,0.014388489208633094,0.0,warehouse,3003,0.0,200.0,6884.0,6209.0,6209.0,2456.9182889244985,0.0,417.0,336.0,3.0,2.7347587260010187,,,
9.0,9.0,0.0,0.0,d_kam_delay_2,0.9999999999999993,delay=2,1.933135521514965,0.9838167821027503,2.0,D1,8.0,64.0,0.0,2.0,1.2145719239133095,94.33413462068475,1.004995381734184,0.2050934814655135,0.39059655571918867,0.15146355859633873,13.025121083774138,-0.5376308124051761,0.2535393997613251,0.2535393997613251,1.6538454718392723,0.8785968584420436,3.565427209568008,2.0,0.6215336396609009,0.23368228466450397,0.28015781644986154,0.28015781644986154,0.8905575469713116,0.9999999999999993,6.0,d_kam,3.0,0.8099340431635274,0.02452316076294278,0.0,warehouse,3003,0.0,200.0,7422.0,6247.0,6247.0,2605.0242167548276,3.0,367.0,254.0,4.03714338210324,2.88473970600171,,,
9.0,9.0,0.0,0.0,d_kam_delay_4,0.9999999999999993,delay=4,1.9559847524413887,0.9976578332723022,4.0,D1,8.0,64.0,0.0,2.0,1.2145719239133095,94.33413462068475,1.4973103495185178,0.20726415840352375,0.3919695716309412,0.15337535290384216,13.300976960017579,-1.1590953120597607,0.259858418836586,0.259858418836586,1.6853470371200916,0.8768115791120608,3.6206683672792264,4.0,0.6354416879256387,0.1691075187293786,0.28594893799626364,0.28594893799626364,0.8892426471102043,0.9999999999999993,6.0,d_kam,3.0,0.6754129345833186,0.024128686327077747,0.0,warehouse,3003,0.0,200.0,7526.0,6253.0,6253.0,2660.1953920035157,3.0,373.0,261.0,4.03714338210324,2.940809388004709,,,
10.0,10.0,0.0,0.0,d_kam_delay_8,0.9999999999999997,delay=8,4.084672384340532,2.616078435604692,8.0,D1,8.0,64.0,0.0,2.0,1.2908116378537484,94.33413462068475,3.8441779453574356,0.40948948343394226,0.44848451742354156,0.23206704957708318,19.100351419474464,-3.497652756150334,0.36936712559712775,0.36936712559712775,2.1115156156913137,0.8419257795022622,4.337469842730066,8.0,0.8049853326634627,0.17326259460355092,0.3789833533139262,0.3789833533139262,0.7354926898886273,0.9999999999999997,6.0,d_kam,4.0,0.8664120407100577,0.018050541516245487,0.0,warehouse,3003,0.0,200.0,10612.0,6314.0,6314.0,3820.070283894893,4.0,554.0,434.0,4.448006093709479,4.102779147011461,,,
8.0,8.0,0.0,0.0,d_kam_delay_0,1.0000000000000002,delay=0,2.9369413633836055,1.2872566551961129,0.0,D1,8.0,64.0,0.0,2.0,1.1949629121218104,137.08282876528858,2.7755575615628914e-17,0.30540375055700447,0.4001663140176165,0.164788538505542,12.326740695571061,2.7755575615628914e-17,0.26422714401626096,0.26422714401626096,2.0415533139482474,0.8899805258874884,5.191544664080012,0.0,1.0677770667581101,2.7755575615628914e-17,0.22603580062549278,0.22603580062549278,0.8593516818930922,1.0000000000000002,6.0,d_kam,2.0,1.4432899320127023e-16,0.02346041055718475,0.0,warehouse,3004,0.0,200.0,6954.0,6248.0,6248.0,2465.3481391142122,2.0,341.0,250.0,3.779004594325058,2.7404317210020963,,,
8.0,8.0,0.0,0.0,d_kam_delay_2,1.0000000000000002,delay=2,2.9982730221907334,1.3149177515729462,2.0,D1,8.0,64.0,0.0,2.0,1.1949629121218104,137.08282876528858,1.8192275280181454,0.3112302581436817,0.3988972428197974,0.1630214773440217,12.25062003461062,-1.2667905437486562,0.2710356505985166,0.2710356505985166,2.083029009933798,0.8906772871074667,5.2441496820140765,2.0,1.080583129164625,0.2762184921347445,0.23133825019810084,0.23133825019810084,0.8567238777372931,1.0000000000000002,6.0,d_kam,2.0,0.98833608400359,0.02359882005899705,0.0,warehouse,3004,0.0,200.0,6889.0,6247.0,6247.0,2450.124006922124,2.0,339.0,250.0,3.779004594325058,2.7265864569926634,,,
9.0,9.0,0.0,0.0,d_kam_delay_4,1.0,delay=4,3.0167447566320362,1.332190285531386,4.0,D1,8.0,64.0,0.0,2.0,1.245349165514313,137.08282876528858,2.691917270178307,0.31298507291560546,0.39120455138090066,0.15231013483416547,12.174558948900085,-2.079022131639604,0.2927610640615942,0.2927610640615942,2.099461564154762,0.895622714139825,5.269388881429059,4.0,1.081480709451335,0.3064475692693515,0.25618343098313495,0.25618343098313495,0.8550829870112413,1.0,6.0,d_kam,3.0,1.0028399132448682,0.029801324503311258,0.0,warehouse,3004,0.0,200.0,6756.0,6258.0,6258.0,2434.911789780017,3.0,302.0,210.0,4.240466010938966,2.715330103994347,,,
10.0,10.0,0.0,0.0,d_kam_delay_8,1.0,delay=8,3.027959086010182,1.272335814388719,8.0,D1,8.0,64.0,0.0,2.0,1.1780757998308498,137.08282876528858,5.0147856219293985,0.3140504342065293,0.40431404522227593,0.17056386043608052,12.439632199821062,-4.494962609057808,0.22845041128478857,0.22845041128478857,2.050392076766291,0.8937211944346649,5.375068994460256,8.0,1.1272684041837733,0.2599115064357952,0.21451220857263528,0.21451220857263528,0.8607691617697947,1.0,6.0,d_kam,4.0,0.9703034756619686,0.029498525073746312,0.0,warehouse,3004,0.0,200.0,6883.0,6267.0,6267.0,2487.9264399642125,4.0,339.0,244.0,4.408425633890044,2.7688871990249027,,,
17.0,17.0,0.0,0.0,d_kam_delay_0,0.9999999999999996,delay=0,2.9981989238507727,1.5236261958713968,0.0,D1,8.0,64.0,0.0,2.0,1.228333409921595,137.52485119154045,4.702121045471251e-16,0.3108395340092033,0.5968134547532944,0.4386010129476252,18.594735404331004,4.179663151530001e-16,0.2480205552519104,0.2480205552519104,2.2428669343735868,0.788692720911732,4.615224030043051,0.0,0.9060256719561989,4.440892098500626e-16,0.24612335418016937,0.24612335418016937,0.8372059150038571,0.9999999999999996,6.0,d_kam,11.0,1.7763568394002457e-15,0.027777777777777776,0.0,warehouse,3005,0.0,200.0,10098.0,6379.0,6379.0,3718.947080866201,11.0,612.0,406.0,7.459484565865082,4.0011516619997565,,,
11.0,11.0,0.0,0.0,d_kam_delay_2,0.9999515697100277,delay=2,2.846346321790135,1.3351352365067106,2.0,D1,8.0,64.0,0.5338115273965371,2.0,1.21169453589855,137.52485119154045,1.5711337617905792,0.2964135368134426,0.5583042275140455,0.3849805699562659,18.687898284115363,-1.5306899729898584,0.21005727493941642,0.21005727493941642,2.081745612632095,0.8053403962153791,4.51914336071822,2.0,0.8917920593057054,0.020221894400360284,0.22020163363551012,0.22020163363551012,0.8551125561435023,0.9999515697100277,6.0,d_kam,5.0,0.11122041920198156,0.017857142857142856,0.0,warehouse,3005,0.0,200.0,10179.0,6313.0,6313.0,3737.5796568230726,5.0,616.0,444.0,5.095260600878151,4.023250302008819,,,
11.0,11.0,0.0,0.0,d_kam_delay_4,0.9999999999999999,delay=4,2.970924101704282,1.3596075210258125,4.0,D1,8.0,64.0,0.0,2.0,1.1689628932254061,137.52485119154045,2.3448692436039256,0.30824842590528667,0.5101947238589238,0.3179926534744509,17.013058014708804,-2.0345119046932987,0.22126927693621545,0.22126927693621545,2.115362299673681,0.813411117585566,4.667408785435957,4.0,0.9358682891751977,0.15517866945531333,0.23691960745336232,0.23691960745336232,0.8527876891141876,0.9999999999999999,6.0,d_kam,5.0,0.8534826820042234,0.019538188277087035,0.0,warehouse,3005,0.0,200.0,9229.0,6308.0,6308.0,3402.611602941761,5.0,563.0,391.0,4.949031887465919,3.688956911006244,,,
18.0,18.0,0.0,0.0,d_kam_delay_8,0.9999731251218972,delay=8,3.737958260490019,1.8749982567770571,8.0,D1,8.0,64.0,0.29622204898841253,2.0,1.298233764600017,134.35607316908556,2.84655586273506,0.38111667098993157,0.5463656900266624,0.3683572899105427,17.54067400470376,-2.6135835379258046,0.3461302271694546,0.3461302271694546,2.4614178806218323,0.8176572303666464,5.544228232458679,8.0,1.1385113629177186,0.11648616240462742,0.3334519624274077,0.3334519624274077,0.8038255692178194,0.9999731251218972,6.0,d_kam,12.0,0.5950814905935186,0.03383458646616541,0.0,warehouse,3005,0.0,200.0,9261.0,6389.0,6389.0,3508.134800940752,12.0,532.0,299.0,7.596849635707359,3.806923402007669,,,
9.0,9.0,0.0,0.0,d_kam_delay_0,1.0000000000000002,delay=0,6.500894051209468,2.039009288307823,0.0,D1,8.0,64.0,0.0,2.0,1.3395114305848066,226.41540272751143,0.0,0.6597294486624662,0.3776149935096754,0.13338796564638344,13.566512459074147,0.0,0.3248652286486579,0.3248652286486579,2.645709451953099,0.9018538491487778,13.18071345936371,0.0,3.2813100520168375,0.0,0.33256609396683373,0.33256609396683373,0.7820352668322025,1.0000000000000002,6.0,d_kam,3.0,0.0,0.032490974729241874,0.0,warehouse,3006,0.0,200.0,6847.0,6253.0,6253.0,2713.3024918148294,3.0,277.0,169.0,4.339217436755246,3.0074964899977203,,,
9.0,9.0,0.0,0.0,d_kam_delay_2,1.0,delay=2,6.456552576952507,2.0171101707661134,2.0,D1,8.0,64.0,0.0,2.0,1.3395114305848066,226.41540272751143,5.689488384659026,0.655517008608055,0.3780299696991189,0.1339657805937099,13.055723465367919,-4.828938334851715,0.32510119330847337,0.32510119330847337,2.6558112374610134,0.901733268259442,13.166264099707305,2.0,3.2771732393793305,0.43027502490365577,0.3316080686984371,0.3316080686984371,0.7841156829986651,1.0,6.0,d_kam,3.0,2.094259349385972,0.03237410071942446,0.0,warehouse,3006,0.0,200.0,6856.0,6253.0,6253.0,2611.1446930735838,3.0,278.0,170.0,4.339217436755246,2.896263528993586,,,
13.0,13.0,0.0,0.0,d_kam_delay_4,1.0000000000000002,delay=4,6.511270355881776,2.017184161439288,4.0,D1,8.0,64.0,0.0,2.0,1.3395114305848066,226.41540272751143,6.294107791149719,0.6607151976063355,0.3823581463078581,0.13999235561853657,13.554129509138875,-5.41034250402338,0.3372110903610811,0.3372110903610811,2.7819935995482625,0.8999553919748218,13.497201263061516,4.0,3.3658982450466186,0.44188264356317003,0.3470911300557324,0.3470911300557324,0.7841086538847134,1.0000000000000002,6.0,d_kam,7.0,2.421367924812127,0.04609929078014184,0.0,warehouse,3006,0.0,200.0,6978.0,6303.0,6303.0,2710.825901827775,7.0,282.0,159.0,6.133578871761162,2.996485653013224,,,
13.0,13.0,0.0,0.0,d_kam_delay_8,1.0,delay=8,6.648830838677264,2.0374546202634627,8.0,D1,8.0,64.0,0.0,2.0,1.3395114305848066,226.41540272751143,10.076814842416153,0.6737834434719068,0.3854293362835435,0.1442686960910099,13.480432730866596,-9.128538783877309,0.3650646887057151,0.3650646887057151,3.0466919376943906,0.8984215811562855,14.054977765087592,8.0,3.513707994681586,0.47413802926942183,0.37098715715283953,0.37098715715283953,0.7821829602964168,1.0,6.0,d_kam,7.0,2.0200998691539174,0.04498269896193772,0.0,warehouse,3006,0.0,200.0,7093.0,6305.0,6305.0,2696.086546173319,7.0,289.0,166.0,6.133578871761162,2.9787337000016123,,,
15.0,15.0,0.0,0.0,d_kam_delay_0,0.9999999999999998,delay=0,3.017802737085874,1.4144060825177907,0.0,D1,8.0,64.0,0.0,2.0,1.1720631926526937,136.54870716432106,1.4802973661668754e-17,0.3129561544398551,0.48942872731022846,0.2890779747357611,19.473101748881163,1.4802973661668754e-17,0.21179924526619678,0.21179924526619678,2.1128640912003513,0.8386180420004133,4.58946575872902,0.0,0.9133334975868849,1.4802973661668754e-17,0.2046832108834648,0.2046832108834648,0.8475459686180398,0.9999999999999998,6.0,d_kam,9.0,6.661338147750916e-17,0.02702702702702703,0.0,warehouse,3007,0.0,200.0,10301.0,6396.0,6396.0,3894.6203497762326,9.0,555.0,338.0,6.924643316733697,4.185384497017367,,,
12.0,12.0,0.0,0.0,d_kam_delay_2,1.0,delay=2,2.8462974606212756,1.258129881980469,2.0,D1,8.0,64.0,0.0,2.0,1.1566503880088053,136.54870716432103,1.2769248933839579,0.2966631531757182,0.4806083572555076,0.27679644681146626,16.579725450574188,-0.904580837379869,0.19956336151889723,0.19956336151889723,2.163134479448454,0.8818787992108276,4.659250247309698,2.0,0.9260109345923232,0.18617202800204433,0.18730055148077734,0.18730055148077734,0.8623922076690852,1.0,6.0,d_kam,6.0,0.805648734205714,0.03183023872679045,0.0,warehouse,3007,0.0,200.0,9108.0,6331.0,6331.0,3315.9450901148375,6.0,377.0,233.0,5.777582108645586,3.598856462020194,,,
11.0,11.0,0.0,0.0,d_kam_delay_4,1.0000000000000002,delay=4,3.3505301447632925,1.6911351770508247,4.0,D1,8.0,64.0,0.0,2.0,1.2067411747848826,136.54870716432103,2.485169359822754,0.3445652581692098,0.4973797275828548,0.30014898777359533,16.019355666066986,-2.312273968338632,0.26249164015778065,0.26249164015778065,2.271188803509137,0.8320966239890814,4.752308271032948,4.0,0.9451282586663643,0.08644769574206122,0.2711833926697689,0.2711833926697689,0.8212567046374013,1.0000000000000002,6.0,d_kam,5.0,0.32382232280441725,0.02286902286902287,0.0,warehouse,3007,0.0,200.0,8278.0,6315.0,6315.0,3203.871133213397,5.0,481.0,348.0,5.205908285415925,3.4940326969954185,,,
12.0,12.0,0.08333333333333333,1.0,d_kam_delay_8,1.0,delay=8,3.634030156271014,1.7525229629731722,8.0,D1,8.0,64.0,0.0,2.0,1.2345527871353759,136.54870716432103,6.841112932769381,0.3714977592624434,0.4946307596278632,0.29632131087423996,15.063217039423762,-6.291484730337587,0.30802969545843917,0.30802969545843917,2.502407617653054,0.8366590830238249,5.573494999778308,8.0,1.1608416859302428,0.2748141012158965,0.31082177025851015,0.31082177025851015,0.8154248649747783,1.0,6.0,d_kam,6.0,1.2619777879167804,0.025423728813559324,0.0,warehouse,3007,0.0,200.0,7962.0,6315.0,6315.0,3012.6434078847524,6.0,472.0,333.0,5.528235653516833,3.3019105510029476,,,
10.0,10.0,0.0,0.0,d_kam_delay_0,1.0,delay=0,3.6740346454510386,1.332382425395927,0.0,D1,8.0,64.0,0.0,2.0,1.1482388573311781,158.09424962081312,4.4408920985006264e-17,0.38444632852350247,0.47470344163633427,0.2685744124050224,14.215430439944612,4.4408920985006264e-17,0.1323721380168844,0.1323721380168844,1.71679948450911,0.8547743409177102,5.3008199780533864,0.0,1.132210952123005,4.4408920985006264e-17,0.14631620644438215,0.14631620644438215,0.8518051465144864,1.0,6.0,d_kam,4.0,2.4424906541753397e-16,0.02666666666666667,0.0,warehouse,3008,0.0,200.0,7897.0,6286.0,6286.0,2843.0860879889224,4.0,375.0,268.0,4.55747946427098,3.132436323008733,,,
11.0,11.0,0.0,0.0,d_kam_delay_2,1.0000000000000004,delay=2,3.4158760653269282,1.3171123893333483,2.0,D1,8.0,64.0,0.0,2.0,1.1482388573311781,150.24082286394102,1.091105353362128,0.359921263411712,0.5024675857021405,0.3072333471801955,17.965094384853728,-0.9865188332832112,0.17434156564219738,0.17434156564219738,1.8574455635507257,0.8321366074326615,5.002308659518946,2.0,1.038657501828573,0.052293260039458354,0.18246681450198163,0.18246681450198163,0.8532557999404312,1.0000000000000004,6.0,d_kam,5.0,0.28761293021702095,0.022267206477732792,0.0,warehouse,3008,0.0,200.0,10249.0,6342.0,6342.0,3593.0188769707456,5.0,494.0,370.0,4.93362620247415,3.877071398019325,,,
16.0,16.0,0.0,0.0,d_kam_delay_4,0.9992598365015364,delay=4,5.472252431821857,2.7111157768656713,4.0,D1,8.0,64.0,7.779872170314145,2.0,1.5327534446198054,158.09424962081312,1.1853396353956505,0.5552770182287303,0.5573615896402169,0.3836680362078968,13.116296734224306,-1.0717842004013287,0.3060641607155226,0.3060641607155226,2.152991109727851,0.7878113898995551,6.072158529212896,4.0,1.3033235389173512,0.056777717497160846,0.3066031730239277,0.3066031730239277,0.7208254781248606,0.9992598365015364,6.0,d_kam,10.0,0.23558130133707067,0.03686635944700461,0.0,warehouse,3008,0.0,200.0,7446.0,6326.0,6326.0,2623.2593468448613,10.0,434.0,305.0,7.341195747588015,2.9120024150179233,,,
11.0,11.0,0.0,0.0,d_kam_delay_8,1.0,delay=8,3.7127908894833657,1.532381189606669,8.0,D1,8.0,64.0,0.0,2.0,1.2485598180422441,150.24082286394102,2.6072515754408268,0.38812817170657354,0.4464319740506937,0.2292090777921051,16.469754580321023,-2.305544544917249,0.22716509464177345,0.22716509464177345,1.9283214264386275,0.8454678138605352,5.229524859667772,8.0,1.0930541295631946,0.150853515261789,0.22548505114885495,0.22548505114885495,0.8328052639144659,1.0,6.0,d_kam,5.0,0.7159453062158594,0.023655913978494623,0.0,warehouse,3008,0.0,200.0,9438.0,6310.0,6310.0,3293.9509160642046,5.0,465.0,349.0,4.98209180304192,3.5757255690114107,,,
9.0,9.0,0.0,0.0,d_kam_delay_0,0.9999999999999993,delay=0,2.658602317461795,1.3507958374430373,0.0,D1,8.0,64.0,0.0,2.0,1.2427025587865919,109.38121689837368,2.4671622769447924e-16,0.2740394452502576,0.5474087576241078,0.3698096625145806,20.380535180011066,-1.9737298215558337e-16,0.20168133989877746,0.20168133989877746,1.63285540742192,0.7805280112593128,3.4416642995615088,0.0,0.6019285533691253,2.4671622769447922e-17,0.20138853420841712,0.20138853420841712,0.8559465703183333,0.9999999999999993,6.0,d_kam,3.0,1.332267629550187e-16,0.014657980456026058,0.0,warehouse,3009,0.0,200.0,10988.0,6304.0,6304.0,4076.107036002213,3.0,614.0,489.0,4.332446983571307,4.366202617005911,,,
10.0,10.0,0.0,0.0,d_kam_delay_2,0.9999999999999994,delay=2,2.5711476656812513,1.2405503567097103,2.0,D1,8.0,64.0,0.0,2.0,1.2427025587865919,109.38121689837368,0.5381277279118917,0.26573125333110587,0.5374132296080042,0.35589183869468927,18.277265201031696,-0.4379101992044565,0.18968107533762268,0.18968107533762268,1.6088400327653067,0.7871397888627368,3.462443794879483,2.0,0.6109367132464701,0.050108764353717514,0.18547396460043308,0.18547396460043308,0.8664198909879994,0.9999999999999994,6.0,d_kam,4.0,0.1929281375764719,0.01721170395869191,0.0,warehouse,3009,0.0,200.0,9698.0,6308.0,6308.0,3655.453040206339,4.0,581.0,443.0,4.773633122507562,3.9485257169872057,,,
12.0,12.0,0.0,0.0,d_kam_delay_4,0.9999999999999997,delay=4,3.4110752603513306,1.9324845483564963,4.0,D1,8.0,64.0,0.0,2.0,1.194559149008097,109.38121689837368,1.0102894493366381,0.3455243748247635,0.5565593531391823,0.3825509980418994,14.34433881950099,-0.8170998167443907,0.25187701423185405,0.25187701423185405,1.7885918210600833,0.7924692176071733,3.6923568998570886,4.0,0.6530980907446261,0.09659481629612358,0.2554321996314239,0.2554321996314239,0.8006861427815548,0.9999999999999997,6.0,d_kam,6.0,0.43773192120647253,0.02531645569620253,0.0,warehouse,3009,0.0,200.0,7808.0,6287.0,6287.0,2868.867763900198,6.0,474.0,338.0,5.334026119445793,3.164944538002601,,,
10.0,10.0,0.0,0.0,d_kam_delay_8,0.9999999999999993,delay=8,2.6305765423883885,1.2951557032505503,8.0,D1,8.0,64.0,0.0,2.0,1.2467222183108553,109.38121689837368,1.8446943351998257,0.2713769966182839,0.487924011865406,0.2869828013315781,13.807347053807462,-1.5838823396764279,0.2425648824855304,0.2425648824855304,1.7096529229403077,0.8278066637712223,3.614155561396272,8.0,0.6357535325494876,0.1304059977616988,0.2342196402880672,0.2342196402880672,0.8612323830666198,0.9999999999999993,6.0,d_kam,4.0,0.6691317498393348,0.02145922746781116,0.0,warehouse,3009,0.0,200.0,7667.0,6271.0,6271.0,2761.4694107614923,4.0,466.0,348.0,4.542672175023327,3.0580280389986,,,
12.0,12.0,0.0,0.0,d_kam_delay_0,1.0,delay=0,6.1348929402521595,1.981501912427476,0.0,D1,8.0,64.0,0.0,2.0,1.249823252803443,259.7454670357221,5.921189464667501e-16,0.6239159382355229,0.4096984699810426,0.17806116073309727,14.972051024524262,0.0,0.29602791898139863,0.29602791898139863,2.8074124398055607,0.8624099703197706,14.012873933098044,0.0,3.5269567151371155,2.9605947323337506e-16,0.28463331434784017,0.28463331434784017,0.7877166450559892,1.0,6.0,d_kam,6.0,1.5987211554602229e-15,0.03361344537815126,0.0,warehouse,3010,0.0,200.0,7287.0,6292.0,6292.0,2994.4102049048524,6.0,357.0,238.0,5.095467806308015,3.296736707998207,,,
13.0,13.0,0.0,0.0,d_kam_delay_2,0.9999999999999996,delay=2,6.1262550491908305,1.9702714864401318,2.0,D1,8.0,64.0,0.0,2.0,1.199028366133951,259.7454670357221,3.575216078222339,0.6230953385846969,0.42665213759342757,0.20166753335793713,14.51179135896382,-2.871612044501099,0.2845478412680225,0.2845478412680225,2.875066269783273,0.8551823283320789,14.084878544657354,2.0,3.5493911204691004,0.3518020168606198,0.26507149214437975,0.26507149214437975,0.7887835355247869,0.9999999999999996,6.0,d_kam,7.0,1.6274206435502758,0.033942558746736295,0.0,warehouse,3010,0.0,200.0,7250.0,6304.0,6304.0,2902.358271792764,7.0,383.0,257.0,5.418511926084765,3.1947756730078254,,,
15.0,15.0,0.06666666666666667,1.0,d_kam_delay_4,1.0,delay=4,6.379894869969914,2.1056035247915297,4.0,D1,8.0,64.0,0.0,2.0,1.2652112023752935,259.7454670357221,6.396970068744479,0.6471911215587097,0.44347730739722957,0.2250949849834842,14.887440025340766,-5.488147306869523,0.3451903984559283,0.3451903984559283,2.970439827668929,0.8587096633496349,14.408008264129355,4.0,3.618884967854315,0.4544113809374768,0.32735360926570467,0.32735360926570467,0.7759269918814041,1.0,6.0,d_kam,9.0,1.969667451428811,0.03926701570680628,0.0,warehouse,3010,0.0,200.0,7431.0,6326.0,6326.0,2977.488005068153,9.0,382.0,252.0,6.262778892971269,3.271462343982421,,,
10.0,10.0,0.0,0.0,d_kam_delay_8,0.9999999999999996,delay=8,6.188053110553945,2.0309988263384136,8.0,D1,8.0,64.0,0.0,2.0,1.199028366133951,259.7454670357221,14.832100130208673,0.6289661544141928,0.4184875855311953,0.19029916972698085,14.060964127274929,-13.580303612459948,0.30362717385542665,0.30362717385542665,2.908932596707855,0.8593153950598136,14.100150317786238,8.0,3.5485667718968923,0.6258982588743607,0.2850322613462373,0.2850322613462373,0.7830144382344502,0.9999999999999996,6.0,d_kam,4.0,2.773799426506396,0.027247956403269755,0.0,warehouse,3010,0.0,200.0,6968.0,6267.0,6267.0,2812.1928254549857,4.0,367.0,261.0,4.620103969649348,3.111869696993381,,,
13.0,13.0,0.0,0.0,d_kam_delay_0,0.9999999999999993,delay=0,2.539763182942132,1.1754285717091688,0.0,D1,8.0,64.0,0.0,2.0,1.2097887516916432,128.8769120115561,1.708035422500241e-16,0.2654466799851005,0.46894767291876405,0.260560050899545,16.518037759960862,1.708035422500241e-16,0.24788042531063922,0.24788042531063922,2.15527166118937,0.8431984267102564,4.541526079751996,0.0,0.892067903167914,1.708035422500241e-16,0.24492381644729064,0.24492381644729064,0.8709808975100464,0.9999999999999993,6.0,d_kam,7.0,9.769962616701359e-16,0.02914798206278027,0.0,warehouse,3011,0.0,200.0,9184.0,6338.0,6338.0,3303.6075519921724,7.0,446.0,300.0,5.804541635561955,3.5895669579913374,,,
14.0,14.0,0.0,0.0,d_kam_delay_2,0.9999999999999996,delay=2,2.8009202878894737,1.3743883955853424,2.0,D1,8.0,64.0,0.0,2.0,1.2318754541987975,128.8769120115561,1.2081573336035345,0.290256604955098,0.4922435993561092,0.2929974168249623,20.05480431849719,-0.8901792274495458,0.2812762188471135,0.2812762188471135,2.2420402842767073,0.8166854306111326,4.68234421982472,2.0,0.9253378255217846,0.15898905307699446,0.28283222397696905,0.28283222397696905,0.8520797142418098,0.9999999999999996,6.0,d_kam,8.0,0.8817939506365764,0.025179856115107913,0.0,warehouse,3011,0.0,200.0,11063.0,6379.0,6379.0,4010.960863699438,8.0,556.0,374.0,6.590207937264819,4.298498657997698,,,
18.0,18.0,0.0,0.0,d_kam_delay_4,1.0,delay=4,2.928617324570722,1.4825297589202975,4.0,D1,8.0,64.0,0.0,2.0,1.2870352108480063,128.8769120115561,1.3016968338764174,0.30238782343981657,0.4812042092252869,0.27762611411115895,16.368969160830602,-1.156200945645876,0.3308900101851069,0.3308900101851069,2.432541693711963,0.833641555118976,4.925949611030244,4.0,0.976684841838328,0.07274794411527073,0.30027816943587254,0.30027816943587254,0.8418062847249891,1.0,6.0,d_kam,12.0,0.4242634947966466,0.03592814371257485,0.0,warehouse,3011,0.0,200.0,8903.0,6399.0,6399.0,3273.7938321661204,12.0,501.0,290.0,7.960622206796016,3.5607597100024577,,,
23.0,23.0,0.043478260869565216,1.0,d_kam_delay_8,0.9972438562759081,delay=8,4.5104129256759675,2.6896224085117515,8.0,D1,8.0,64.0,31.191975899730874,2.0,2.8151075006071125,128.8769120115561,2.1359544381761624,0.45265840554481485,0.5828119019426479,0.4191051799201426,22.587689249048708,-1.8075807909793202,0.44068043803600887,0.44068043803600887,2.88627048149977,0.7591712965195251,5.651592340274958,8.0,1.1517856218973515,0.16418682359842118,0.4146751578743581,0.4146751578743581,0.7271324830138011,0.9972438562759081,6.0,d_kam,17.0,0.7263819630904302,0.033045977011494254,0.0,warehouse,3011,0.0,200.0,12165.0,6513.0,6513.0,4517.537849809742,17.0,696.0,452.0,9.69717208807197,4.807854776998283,,,
10.0,10.0,0.0,0.0,d_kam_delay_0,1.0000000000000004,delay=0,1.6566839118363732,0.9771753524218681,0.0,D1,8.0,64.0,0.0,3.0,1.222132166166835,57.311445786545534,4.4408920985006264e-17,0.17264757798211303,0.5249766344190807,0.33857506058353,26.508531935687643,4.4408920985006264e-17,0.22298187775790698,0.22298187775790698,1.5806848662195565,0.7913757841152411,2.8072518490061595,0.0,0.41966102230916896,4.4408920985006264e-17,0.21931726338914678,0.21931726338914678,0.8949398514038598,1.0000000000000004,5.0,d_kam,5.0,2.4424906541753397e-16,0.01335113484646195,0.0,warehouse,3012,0.0,200.0,15685.0,6373.0,6373.0,5301.7063871375285,5.0,749.0,609.0,4.454830303891031,5.592599099007202,,,
10.0,10.0,0.0,0.0,d_kam_delay_2,1.0000000000000004,delay=2,1.6874851938041588,1.0061066977351694,2.0,D1,8.0,64.0,0.0,3.0,1.222132166166835,57.311445786545534,0.531066305577587,0.17557369976905263,0.5265542998344814,0.34077180989611333,26.21189148077974,-0.49521368493608736,0.232202655056305,0.232202655056305,1.6111657114925542,0.7904243112211802,2.8280932680002295,2.0,0.42289931599661684,0.017926310320749872,0.22690024478905713,0.22690024478905713,0.8921913735990961,1.0000000000000004,5.0,d_kam,5.0,0.09478575420615351,0.013315579227696404,0.0,warehouse,3012,0.0,200.0,15740.0,6374.0,6374.0,5242.378296155948,5.0,751.0,612.0,4.454830303891031,5.533050461002858,,,
13.0,13.0,0.0,0.0,d_kam_delay_4,1.0,delay=4,1.830038809957726,1.088570236446725,4.0,D1,8.0,64.0,0.0,2.0,1.159747121880326,57.311445786545534,1.1669423720209655,0.18911629330364146,0.5131174087760371,0.3220622147514441,18.350188799086027,-1.0996856492555531,0.24558365080452949,0.24558365080452949,1.7389595733476317,0.8178107988843882,3.016101620222049,4.0,0.46640534850466103,0.033628361382706196,0.22506390488243624,0.22506390488243624,0.8843573374214984,1.0,6.0,d_kam,7.0,0.2145686775448908,0.021172638436482084,0.0,warehouse,3012,0.0,200.0,11025.0,6360.0,6360.0,3670.0377598172054,7.0,614.0,424.0,5.739990613741518,3.950959084992064,,,
9.0,9.0,0.0,0.0,d_kam_delay_8,1.0000000000000007,delay=8,1.6886788129667467,1.0810994520926493,8.0,D1,8.0,64.0,0.0,2.0,1.1338778357586228,54.51474411270313,2.1363425080454745,0.17568709358949847,0.5607442172105338,0.3883780239640345,19.166881600831402,-1.9268894368450684,0.2512467278421211,0.2512467278421211,1.8031101613289917,0.7854367017735321,2.9015116782387707,8.0,0.4337456759382552,0.10472653560020298,0.2480772340477521,0.2480772340477521,0.8850670619351355,1.0000000000000007,6.0,d_kam,3.0,0.5239612042613462,0.014018691588785047,0.0,warehouse,3012,0.0,200.0,11342.0,6324.0,6324.0,3833.3763201662805,3.0,642.0,522.0,4.151432799886964,4.118720629980089,,,
10.0,10.0,0.0,0.0,d_kam_delay_0,1.0000000000000007,delay=0,2.148561498597586,1.7640877144726816,0.0,D1,8.0,64.0,0.0,2.0,1.2014453981527704,37.1773090380394,1.1102230246251565e-16,0.20874911632132573,0.6007859524297229,0.4441323388261964,30.878446989372605,6.661338147750939e-17,0.2716671553646858,0.2716671553646858,1.5574727599673428,0.7250938756664083,1.765900557242496,0.0,0.12075232602099809,8.881784197001253e-17,0.2602301061591021,0.2602301061591021,0.8277494355186374,1.0000000000000007,6.0,d_kam,4.0,4.440892098500626e-16,0.010672358591248666,0.0,warehouse,3013,0.0,200.0,16253.0,6451.0,6451.0,6175.689397874521,4.0,937.0,807.0,4.401626246968063,6.472664216009434,,,
10.0,10.0,0.0,0.0,d_kam_delay_2,1.0000000000000013,delay=2,2.6195575841897956,2.0217858255920245,2.0,D1,8.0,64.0,0.0,2.0,1.1723520927833788,52.36398319774231,0.43077570601153514,0.25349374445258555,0.5940996715016201,0.4348223274073193,30.133176381350495,-0.38322130346694117,0.2809449670208646,0.2809449670208646,1.6510895406179942,0.732016571934187,1.9898396396905673,2.0,0.1799228100878208,0.02377720127229699,0.26732254407331213,0.26732254407331213,0.8032681149622999,1.0000000000000013,6.0,d_kam,4.0,0.11956980581240442,0.011037527593818985,0.0,warehouse,3013,0.0,200.0,15705.0,6445.0,6445.0,6026.635276270099,4.0,906.0,776.0,4.4558623684018634,6.327903759985929,,,
19.0,19.0,0.0,0.0,d_kam_delay_4,0.9994367404475359,delay=4,3.2405858316105456,2.345165746292723,4.0,D1,8.0,64.0,6.976577769279899,2.0,1.4275441535844011,60.85871348441485,0.5864387090971118,0.31249142795755686,0.6369587827206099,0.4944995708767987,20.57558187021641,-0.4124806338077387,0.3234440032810837,0.3234440032810837,1.797817652159586,0.7426417676240251,2.6137021996996506,4.0,0.332104775848082,0.0869790376446866,0.312303098611105,0.312303098611105,0.7725470224957334,0.9994367404475359,6.0,d_kam,13.0,0.27551317358620403,0.028528528528528527,0.0,warehouse,3013,0.0,200.0,10851.0,6420.0,6420.0,4115.116374043282,13.0,666.0,504.0,7.944544301716717,4.410536413983209,,,
11.0,11.0,0.09090909090909091,1.0,d_kam_delay_8,0.9999999999999997,delay=8,2.3317621631448837,1.3413796944335339,8.0,D1,8.0,64.0,0.0,2.0,1.2693195142146374,102.15159715565909,2.3457422858780466,0.22615317945331895,0.4978991209819113,0.30087219377228164,19.551590819464764,-2.107382029130584,0.28807496279357186,0.28807496279357186,1.7394692102697646,0.8285732377031882,3.122903418430335,8.0,0.48405662399611715,0.11918012837373099,0.2745558719179351,0.2745558719179351,0.8679066974223565,0.9999999999999997,6.0,d_kam,5.0,0.6554907060555204,0.020257826887661142,0.0,warehouse,3013,0.0,200.0,10709.0,6363.0,6363.0,3910.3181638929527,5.0,543.0,405.0,4.883880950282736,4.201367913978174,,,
14.0,14.0,0.0,0.0,d_kam_delay_0,1.0000000000000004,delay=0,2.752825604192839,1.5393519561067994,0.0,D1,8.0,64.0,0.0,2.0,1.1666854180453408,98.47285800353775,4.7580986769649563e-17,0.2794893765399852,0.6264787131374686,0.4799070689255891,28.782977620285237,1.586032892321652e-17,0.2762948913579542,0.2762948913579542,1.88590596513606,0.7265135963787158,3.4779929617963763,0.0,0.5926638474120823,3.172065784643304e-17,0.24127073028171941,0.24127073028171941,0.839398843241654,1.0000000000000004,6.0,d_kam,8.0,2.220446049250313e-16,0.015927189988623434,0.0,warehouse,3014,0.0,200.0,14607.0,6441.0,6441.0,5756.595524057047,8.0,879.0,674.0,5.788485377454279,6.052603796997573,,,
9.0,9.0,0.0,0.0,d_kam_delay_2,1.0,delay=2,2.399100479987168,1.283318325463958,2.0,D1,8.0,64.0,0.0,2.0,1.1750746271670858,98.47285800353775,0.8842246653676816,0.24588548974044652,0.6102237297020672,0.4572735476864226,14.107635464752093,-0.7879587733437415,0.19958655540369022,0.19958655540369022,1.7312297363008864,0.7924007591079472,3.352416652480577,2.0,0.5639803742360613,0.04813294601197003,0.19514299030811585,0.19514299030811585,0.8637220381527239,1.0,6.0,d_kam,3.0,0.20020531955163617,0.0200445434298441,0.0,warehouse,3014,0.0,200.0,7353.0,6252.0,6252.0,2821.5270929504186,3.0,449.0,324.0,3.940930971590361,3.1094683519913815,,,
19.0,19.0,0.05263157894736842,1.0,d_kam_delay_4,0.9991267454642384,delay=4,2.99520506385441,1.6811664930238945,4.0,D1,8.0,64.0,9.332496913851104,2.0,1.467831500507758,98.47285800353775,1.0893084189587825,0.3025154252078345,0.5145627267303202,0.3240746827890536,19.379297955019865,-0.6024740012962339,0.34088083427757054,0.34088083427757054,2.0660783006466414,0.8165273782556699,3.8463167642224234,4.0,0.6716124674714752,0.24341720883127418,0.3135236245946336,0.3135236245946336,0.82592646223453,0.9991267454642384,6.0,d_kam,13.0,0.8754219200230567,0.03460837887067395,0.0,warehouse,3014,0.0,200.0,10032.0,6418.0,6418.0,3875.859591003973,13.0,549.0,315.0,7.574894060819841,4.167276029009372,,,
17.0,17.0,0.058823529411764705,1.0,d_kam_delay_8,1.000000000000001,delay=8,3.419383272693254,1.7540296994322184,8.0,D1,8.0,64.0,0.0,3.0,1.1841604855782746,98.47285800353775,1.7534642505328841,0.3428123550475247,0.6151099463919696,0.4640771405457804,26.30795794466394,-1.4057272550822932,0.2617398122308441,0.2617398122308441,2.0737686909429933,0.7410932326597277,4.264735778665129,8.0,0.8142537421757133,0.17386849772529542,0.25955587988524126,0.25955587988524126,0.8190044576257393,1.000000000000001,5.0,d_kam,12.0,0.7901392292216771,0.02028639618138425,0.0,warehouse,3014,0.0,200.0,14656.0,6481.0,6481.0,5261.591588932788,12.0,838.0,578.0,7.031771829089662,5.537474429002032,,,
7.0,7.0,0.0,0.0,d_kam_delay_0,1.0000000000000002,delay=0,3.41424323028276,1.4426379585793174,0.0,D1,8.0,64.0,0.0,2.0,1.1017939959634144,176.8140197145346,1.2688263138573217e-16,0.3515623264109828,0.51497381660541,0.32464708641259626,12.056725273287157,1.2688263138573217e-16,0.16506258783368313,0.16506258783368313,1.9298269616724513,0.7910220025339669,5.289540774800878,0.0,1.130536962490881,1.2688263138573217e-16,0.17589763242904025,0.17589763242904025,0.8443258308111694,1.0000000000000002,6.0,d_kam,1.0,6.21724893790087e-16,0.016018306636155607,0.0,warehouse,3015,0.0,200.0,7277.0,6231.0,6231.0,2411.3450546574313,1.0,437.0,347.0,3.5024000244069544,2.6731652159942314,,,
7.0,7.0,0.0,0.0,d_kam_delay_2,1.0000000000000002,delay=2,3.507617028556616,1.5045895088352537,2.0,D1,8.0,64.0,0.0,2.0,1.1017939959634144,176.8140197145346,1.874190070145472,0.3604328372469991,0.5161119771507807,0.3262318669188086,12.336892530001933,-1.6452147517130544,0.17602837480197359,0.17602837480197359,1.9669765831801078,0.7897172851917538,5.346872562644534,2.0,1.1436402727793746,0.11448765921620867,0.18586899579803157,0.18586899579803157,0.8384404335368555,1.0000000000000002,6.0,d_kam,1.0,0.5040242278755827,0.01580135440180587,0.0,warehouse,3015,0.0,200.0,7409.0,6233.0,6233.0,2467.3785060003866,1.0,443.0,353.0,3.5024000244069544,2.7299537140061148,,,
8.0,8.0,0.0,0.0,d_kam_delay_4,0.9999999999999997,delay=4,3.9300774967462098,1.9314433958386956,4.0,D1,8.0,64.0,0.0,2.0,1.22970011680966,172.97119897196148,2.2478429570944214,0.4005665817250105,0.6046385859420822,0.4494967652358106,11.842630400933558,-2.0735329160705085,0.2477664895252914,0.2477664895252914,2.1132216068016008,0.7895233198989715,5.476055224149974,4.0,1.14500001831954,0.0871550205119564,0.2532829791587286,0.2532829791587286,0.7978893142715286,0.9999999999999997,6.0,d_kam,2.0,0.38270448473217356,0.018648018648018648,0.0,warehouse,3015,0.0,200.0,7126.0,6237.0,6237.0,2368.5260801867116,2.0,429.0,340.0,3.627422232941997,2.630633394990582,,,
9.0,9.0,0.1111111111111111,1.0,d_kam_delay_8,0.9999931024292871,delay=8,3.687418964172423,1.6566253122569177,8.0,D1,8.0,64.0,0.07875855797441259,2.0,1.3014797401081086,172.97119897196148,4.3556065333156,0.3775140211305007,0.4339459390730845,0.21182345946885192,11.950401404465083,-3.707834765623466,0.28173397512255105,0.28173397512255105,2.0561073046317166,0.8668912221828302,5.575511122341895,8.0,1.1707007631332471,0.32388588384606687,0.29490962151759315,0.29490962151759315,0.8239970322117975,0.9999931024292871,6.0,d_kam,3.0,1.0901036626450606,0.025069637883008356,0.0,warehouse,3015,0.0,200.0,7301.0,6257.0,6257.0,2390.0802808930166,3.0,359.0,263.0,4.253821106372757,2.6486928280210122,,,
13.0,13.0,0.0,0.0,d_kam_delay_0,0.9999999999999997,delay=0,2.9492194183952107,1.4979808949087958,0.0,D1,8.0,64.0,0.0,2.0,1.108829331905761,147.11146409535968,1.1956247957501685e-16,0.304156619832734,0.5374592496102302,0.3559559171788015,22.304356713866582,-5.124106267500723e-17,0.21166520923569762,0.21166520923569762,1.7975844251334205,0.7614530739293732,3.7361546586824557,0.0,0.6881262306478498,3.416070845000482e-17,0.2174118408365238,0.2174118408365238,0.8404975377816528,0.9999999999999997,6.0,d_kam,7.0,1.7763568394002442e-16,0.01870503597122302,0.0,warehouse,3016,0.0,200.0,12932.0,6407.0,6407.0,4460.871342773316,7.0,695.0,516.0,5.862288806407607,4.726816345995758,,,
11.0,11.0,0.0,0.0,d_kam_delay_2,0.9999999999999999,delay=2,2.6804190002338366,1.2890716909925506,2.0,D1,8.0,64.0,0.0,2.0,1.1257763078194576,147.11146409535968,0.851352911801408,0.2786205801074033,0.5172501512957242,0.32781666636113493,21.84194649613346,-0.5187275429446871,0.1980170647792928,0.1980170647792928,1.7775988546258865,0.7779124860871965,3.7032675365087147,2.0,0.6816893841077772,0.16631268442836034,0.20550137595705528,0.20550137595705528,0.8603439121536962,0.9999999999999999,6.0,d_kam,5.0,0.7622396490990457,0.016845329249617153,0.0,warehouse,3016,0.0,200.0,12744.0,6359.0,6359.0,4368.389299226692,5.0,653.0,508.0,4.834515112938192,4.6336486479849555,,,
11.0,11.0,0.0,0.0,d_kam_delay_4,1.0000000000000002,delay=4,2.8203255087626857,1.383246665867956,4.0,D1,8.0,64.0,0.0,2.0,1.1257763078194576,147.11146409535968,1.4771637831140387,0.2919116984176441,0.5225782349545763,0.33523551702535953,22.20541405462427,-1.1875817350962246,0.21258260263044504,0.21258260263044504,1.8435373399451875,0.77485983041725,3.81675966140306,4.0,0.7092407615192512,0.144791024008907,0.2215526736394743,0.2215526736394743,0.8513972895405325,1.0000000000000002,6.0,d_kam,5.0,0.6279615133819023,0.016591251885369532,0.0,warehouse,3016,0.0,200.0,12936.0,6363.0,6363.0,4441.082810924854,5.0,663.0,518.0,4.972778166167557,4.706079144001706,,,
13.0,13.0,0.07692307692307693,1.0,d_kam_delay_8,1.0,delay=8,4.020187787524478,1.7584326468426763,8.0,D1,8.0,64.0,0.0,2.0,1.1041711251865518,147.04873754317828,2.7319709864803414,0.4058986149000143,0.459960254618718,0.24804592415264523,16.20365399037837,-2.3107015087411904,0.221222940787967,0.221222940787967,1.9214400025364988,0.8210262661219312,4.950042726560187,8.0,1.0210761917517381,0.21063473886957548,0.19515724898158948,0.19515724898158948,0.8157546213479343,1.0,6.0,d_kam,7.0,1.200827309266455,0.024074074074074074,0.0,warehouse,3016,0.0,200.0,9181.0,6327.0,6327.0,3240.730798075674,7.0,540.0,366.0,5.770399409321169,3.504010078002466,,,
9.0,9.0,0.0,0.0,d_kam_delay_0,1.0000000000000004,delay=0,2.733813456465333,1.2829300772382568,0.0,D1,8.0,64.0,0.0,2.0,1.2725271506709457,171.69470367346275,2.4671622769447922e-17,0.2830581400937405,0.5020857996665575,0.30670174637115594,11.656565734738251,-2.4671622769447922e-17,0.24344768060091881,0.24344768060091881,1.8449399112940505,0.8562938505308095,4.8013808953781885,0.0,0.9568385048789841,0.0,0.20552122802517675,0.20552122802517675,0.8611162568409102,1.0000000000000004,6.0,d_kam,3.0,0.0,0.02425876010781671,0.0,warehouse,3017,0.0,200.0,7311.0,6260.0,6260.0,2331.3131469476502,3.0,371.0,285.0,4.229072573907063,2.588097492000088,,,
9.0,9.0,0.0,0.0,d_kam_delay_2,1.0000000000000004,delay=2,2.6233809189044863,1.1825118831817603,2.0,D1,8.0,64.0,0.0,2.0,1.2725271506709457,171.69470367346275,2.477809926573749,0.27256704902546003,0.49885730790472893,0.30220637809519213,11.659403840021696,-1.5088799538660636,0.2220966445486475,0.2220966445486475,1.780891347986575,0.8565732826967027,4.737396815083503,2.0,0.9454018924520873,0.4844649863538428,0.1839895271260925,0.1839895271260925,0.8706559852762774,1.0000000000000004,6.0,d_kam,3.0,2.2540630780006206,0.024657534246575342,0.0,warehouse,3017,0.0,200.0,7298.0,6260.0,6260.0,2331.880768004339,3.0,365.0,279.0,4.229072573907063,2.590541457000654,,,
11.0,11.0,0.0,0.0,d_kam_delay_4,1.0000000000000002,delay=4,2.8019540122323123,1.3291313942262402,4.0,D1,8.0,64.0,0.0,2.0,1.206621870782466,171.69470367346275,2.248341574803651,0.28953149289160346,0.5038110400234792,0.30910397977952814,13.980410186049994,-1.8088300974196068,0.22341360729487067,0.22341360729487067,1.8837997796502293,0.8495789139632691,4.840410982007543,4.0,0.9748139092898256,0.21975573869202203,0.24673458644893734,0.24673458644893734,0.8567271317270517,1.0000000000000002,6.0,d_kam,5.0,0.8114246945334611,0.02546296296296296,0.0,warehouse,3017,0.0,200.0,8751.0,6306.0,6306.0,2796.082037209999,5.0,432.0,340.0,5.23766810710424,3.0543463980138768,,,
11.0,11.0,0.0,0.0,d_kam_delay_8,1.0000000000000002,delay=8,2.7089712565573074,1.2178945427361265,8.0,D1,8.0,64.0,0.0,2.0,1.2257052073601413,171.69470367346275,3.4505747171845047,0.280698131102478,0.3913176777718493,0.15246765259371423,11.091986809915397,-3.037208498456678,0.24156081336838375,0.24156081336838375,1.8678516016311062,0.8839346370561927,4.872902985444272,8.0,0.9882483815000274,0.20668310936391376,0.25332145489223934,0.25332145489223934,0.8672946326186124,1.0000000000000002,6.0,d_kam,5.0,0.6772883177283795,0.03374233128834356,0.0,warehouse,3017,0.0,200.0,6951.0,6279.0,6279.0,2218.3973619830795,5.0,326.0,237.0,5.26506431386489,2.4747132360062096,,,
8.0,8.0,0.0,0.0,d_kam_delay_0,0.9999605363080504,delay=0,1.490924905930943,0.8596077184485976,0.0,D1,8.0,64.0,0.47424636670571996,2.0,1.3177812253709156,95.97801795159745,4.440892098500626e-16,0.15621128064209194,0.43768188401207264,0.21702540811807583,14.191783194546588,-4.440892098500626e-16,0.22953065716900703,0.22953065716900703,1.7199947995413243,0.8633546106390881,2.89250387640549,0.0,0.43670531471331053,0.0,0.22406764823550468,0.22406764823550468,0.906270946797403,0.9999605363080504,6.0,d_kam,2.0,0.0,0.017391304347826087,0.0,warehouse,3018,0.0,200.0,8806.0,6277.0,6277.0,2838.3566389093176,2.0,460.0,356.0,3.6659870442950737,3.0941363559977617,,,
8.0,8.0,0.0,0.0,d_kam_delay_2,0.9999605363080504,delay=2,1.6694559384429855,0.8895917684011604,2.0,D1,8.0,64.0,0.47424636670571996,2.0,1.3177812253709156,104.74435568066187,1.2867329896789792,0.17317172873073589,0.4046833762030768,0.17107811876377776,12.369014390424127,-1.032451686830473,0.22770588409485343,0.22770588409485343,1.7415442747738183,0.8803126738462486,3.061717196660922,2.0,0.4853598437134153,0.12714065142425315,0.21968428868172904,0.21968428868172904,0.9034224620519098,0.9999605363080504,6.0,d_kam,2.0,0.5686223001087264,0.0199501246882793,0.0,warehouse,3018,0.0,200.0,7759.0,6261.0,6261.0,2473.8028780848254,2.0,401.0,290.0,3.5660353098217548,2.72777961200336,,,
11.0,11.0,0.0,0.0,d_kam_delay_4,0.9999605363080504,delay=4,2.816441701442785,1.6926714967324925,4.0,D1,8.0,64.0,0.47424636670571996,2.0,1.3177812253709156,110.77772102990632,1.7136003028185842,0.2821353762157168,0.45182081734956314,0.2367125304867335,16.66459868036327,-1.4542372872434906,0.27698348651755067,0.27698348651755067,1.945346034705265,0.8443649031794154,3.5406460617529603,4.0,0.6071564382795437,0.12968150778754697,0.2710290358723076,0.2710290358723076,0.8271298878604331,0.9999605363080504,6.0,d_kam,5.0,0.5789899270402685,0.02029520295202952,0.0,warehouse,3018,0.0,200.0,10042.0,6320.0,6320.0,3332.919736072654,5.0,542.0,389.0,4.71608662537543,3.598194391001016,,,
11.0,11.0,0.0,0.0,d_kam_delay_8,0.9998537951667513,delay=8,1.9717335479031546,1.1876296537490094,8.0,D1,8.0,64.0,1.7569849027559554,2.0,1.2616531302992078,95.97801795159745,2.7758416193622897,0.20188810162945198,0.4775495802148137,0.2725373901725255,13.174314480711473,-2.412842880911314,0.31034424054612275,0.31034424054612275,1.9351556374778758,0.8566124545100888,3.3592944878117406,8.0,0.5396137309630727,0.18149936922548798,0.314296374879065,0.314296374879065,0.8751088629438641,0.9998537951667513,6.0,d_kam,5.0,0.6796583936139535,0.026570048309178744,0.0,warehouse,3018,0.0,200.0,7905.0,6297.0,6297.0,2634.8628961422946,5.0,414.0,297.0,4.621310193447212,2.903817040991271,,,
8.0,8.0,0.0,0.0,d_kam_delay_0,1.0,delay=0,3.2322590064137136,1.2459943111288518,0.0,D1,8.0,64.0,0.0,2.0,1.1336257068526232,153.49746467662246,0.0,0.3353010737400486,0.4367212964014019,0.21568788106524323,13.569507524080109,0.0,0.2134298365439935,0.2134298365439935,2.2112723661575266,0.8509326051597094,7.820869984516894,0.0,1.820349268830477,0.0,0.21296125691207124,0.21296125691207124,0.8623602887595865,1.0,6.0,d_kam,2.0,0.0,0.02168021680216802,0.0,warehouse,3019,0.0,200.0,7414.0,6247.0,6247.0,2713.9015048160218,2.0,369.0,270.0,3.6974237087757755,2.992220485000871,,,
12.0,12.0,0.0,0.0,d_kam_delay_2,1.0000000000000002,delay=2,3.6457627570060733,1.6181311124149087,2.0,D1,8.0,64.0,0.0,2.0,1.1020885385273054,153.49746467662246,3.0846920633373345,0.3745839300463228,0.5366689135378524,0.35485544922992107,20.10625702489051,-2.521238827258628,0.2665260188218704,0.2665260188218704,2.4042370398827178,0.7945328812730967,8.01203157811773,2.0,1.857498911087915,0.2817266180393532,0.26250792617061347,0.26250792617061347,0.8270072926374111,1.0000000000000002,6.0,d_kam,6.0,1.2458477574667228,0.022058823529411766,0.0,warehouse,3019,0.0,200.0,11150.0,6360.0,6360.0,4021.251404978102,6.0,544.0,402.0,4.87420614275679,4.293301012017764,,,
10.0,10.0,0.1,1.0,d_kam_delay_4,1.0,delay=4,3.2138353699229425,1.235739461504562,4.0,D1,8.0,64.0,0.0,2.0,1.149572262197261,153.49746467662246,5.218383302269021,0.33355082827342536,0.4501332475429689,0.2343627497433744,13.263732524210354,-4.363117114433774,0.2188595383228661,0.2188595383228661,2.2947888691518425,0.8531951234873151,7.916028100965054,4.0,1.84253968253497,0.42763309391762333,0.21254708988642418,0.21254708988642418,0.863334499473894,1.0,6.0,d_kam,4.0,1.1205493815290146,0.026881720430107527,0.0,warehouse,3019,0.0,200.0,7389.0,6271.0,6271.0,2652.746504842071,4.0,372.0,252.0,4.268695833464438,2.9242921360128094,,,
11.0,11.0,0.0,0.0,d_kam_delay_8,1.0,delay=8,3.2506431122231674,1.2709455699862187,8.0,D1,8.0,64.0,0.0,2.0,1.149572262197261,153.49746467662246,7.577365839889305,0.3370475637919468,0.4550503937605443,0.24120940903366922,14.119951139000477,-6.901044849234132,0.24174639128103104,0.24174639128103104,2.364713067173895,0.8488633023978502,8.060866941277844,8.0,1.8769152448354403,0.3381604953275859,0.2334490833079703,0.2334490833079703,0.8599899191681366,1.0,6.0,d_kam,5.0,1.7268574420879048,0.027989821882951654,0.0,warehouse,3019,0.0,200.0,7763.0,6288.0,6288.0,2823.9902278000955,5.0,393.0,264.0,4.789260729127927,3.099314951978158,,,
8.0,8.0,0.0,0.0,d_kam_delay_0,0.9999469045963963,delay=0,3.404935121935806,1.4041573905761475,0.0,D1,8.0,64.0,0.5995709927379183,2.0,1.142879888752309,124.7077693268658,3.3306690738754696e-16,0.3486197778501332,0.4109898429946945,0.17985927505590382,11.63931085015065,3.3306690738754696e-16,0.20877286160313052,0.20877286160313052,2.1569656792302117,0.8649862638334141,6.606704687082095,0.0,1.4832185161685998,3.3306690738754696e-16,0.2157707415968454,0.2157707415968454,0.8488502242700904,0.9999469045963963,6.0,d_kam,2.0,1.4654943925052062e-15,0.02203856749311295,0.0,warehouse,3020,0.0,200.0,7444.0,6236.0,6236.0,2327.86217003013,2.0,363.0,266.0,3.748764423626005,2.585651303001214,,,
8.0,8.0,0.0,0.0,d_kam_delay_2,0.9999469045963963,delay=2,3.43707118217806,1.419440048821016,2.0,D1,8.0,64.0,0.5995709927379183,2.0,1.142879888752309,124.7077693268658,3.974629288406258,0.3516727035731474,0.41191466121307313,0.18114699662579806,11.903965638921363,-3.8142283788734423,0.21084581496804813,0.21084581496804813,2.1633714368361763,0.8635883719652168,6.6356771580039045,2.0,1.4909505256957076,0.08020045476640791,0.21871186945219775,0.21871186945219775,0.8473983717368279,0.9999469045963963,6.0,d_kam,2.0,0.3258202645101105,0.02168021680216802,0.0,warehouse,3020,0.0,200.0,7569.0,6238.0,6238.0,2380.7931277842727,2.0,369.0,272.0,3.748764423626005,2.644143140001688,,,
9.0,9.0,0.0,0.0,d_kam_delay_4,0.9999999999999997,delay=4,3.6646004286232072,1.5218862586301067,4.0,D1,8.0,64.0,0.0,2.0,1.1778738368281092,124.7077693268658,5.235668220373799,0.3732879819854364,0.42118399713496446,0.19405366689678594,11.906629705481464,-4.934066391611444,0.2532675927055101,0.2532675927055101,2.1724713662503006,0.8474555250707287,6.808564013067565,4.0,1.530183956142823,0.15080091438117707,0.2423161390283902,0.2423161390283902,0.8376659818049643,0.9999999999999997,6.0,d_kam,3.0,0.7073951723278575,0.020454545454545454,0.0,warehouse,3020,0.0,200.0,7514.0,6248.0,6248.0,2381.325941096293,3.0,440.0,339.0,4.145179979831078,2.641712820972316,,,
11.0,11.0,0.09090909090909091,1.0,d_kam_delay_8,0.9999999999999999,delay=8,3.8452410513431814,1.5881921267438563,8.0,D1,8.0,64.0,0.0,2.0,1.1590517526744324,124.7077693268658,7.477087731084844,0.3904488411438339,0.4455967127577668,0.22804605573866268,12.398942146537593,-6.803895520672481,0.20996961529320873,0.20996961529320873,2.272470791206693,0.8376431241061075,7.018719535600209,8.0,1.599502043458096,0.33659610520618094,0.21592752244456317,0.21592752244456317,0.8313669243341582,0.9999999999999999,6.0,d_kam,5.0,1.4042430958527659,0.023965141612200435,0.0,warehouse,3020,0.0,200.0,7806.0,6281.0,6281.0,2479.7884293075185,5.0,459.0,340.0,5.05542922409269,2.7363816679862794,,,
18.0,18.0,0.0,0.0,d_kam_delay_0,1.0,delay=0,5.346127237201114,2.084806832657101,0.0,D1,8.0,64.0,0.0,2.0,1.1859371601812954,186.50821632886212,8.018277400070575e-16,0.5416978261273822,0.5747317347067726,0.4078543141486709,19.608104620710947,-7.771561172376096e-16,0.24685183695486634,0.24685183695486634,2.6349992003127123,0.7795222857091482,8.700810398670502,0.0,2.052879645661776,1.2335811384723961e-17,0.25775108089798804,0.25775108089798804,0.7808607889211483,1.0,6.0,d_kam,12.0,3.330669073875438e-17,0.026587887740029542,0.0,warehouse,3021,0.0,200.0,11864.0,6436.0,6436.0,3921.6209241421893,12.0,677.0,438.0,7.294006841385199,4.187912863999372,,,
16.0,16.0,0.0,0.0,d_kam_delay_2,1.0,delay=2,5.247522733280934,1.9082814089414102,2.0,D1,8.0,64.0,0.0,2.0,1.1821638989834544,186.50821632886212,1.4109749351575331,0.532330398254965,0.5911958696385095,0.4307790589903297,21.052642450813437,-1.1037185175565047,0.2468176911480889,0.2468176911480889,2.5072731280477485,0.7617495252648183,8.74887201370349,2.0,2.068427101137097,0.1536282088005142,0.2514409388190565,0.2514409388190565,0.7976307041741388,1.0,6.0,d_kam,10.0,0.8207855452793864,0.02302158273381295,0.0,warehouse,3021,0.0,200.0,12934.0,6429.0,6429.0,4210.528490162687,10.0,695.0,491.0,6.382603522703759,4.4805635860248,,,
16.0,16.0,0.0,0.0,d_kam_delay_4,0.9999999999999997,delay=4,5.391498374890819,1.942159152215572,4.0,D1,8.0,64.0,0.0,2.0,1.2091074613773882,186.50821632886212,2.606259983866677,0.546008084207904,0.446663164267067,0.22953098821996673,14.055284439673414,-2.1242868994370583,0.2558563694993832,0.2558563694993832,2.5889918622742987,0.8354031163157819,8.96731034145048,4.0,2.1309691923710927,0.2409865422148094,0.30763469511703645,0.30763469511703645,0.7944123185630936,0.9999999999999997,6.0,d_kam,10.0,0.8378222784374252,0.034782608695652174,0.0,warehouse,3021,0.0,200.0,8698.0,6370.0,6370.0,2811.056887934683,10.0,460.0,275.0,6.136589819559082,3.0688171630026773,,,
16.0,16.0,0.125,2.0,d_kam_delay_8,0.9999999999999997,delay=8,5.850050811075405,2.1831779310431156,8.0,D1,8.0,64.0,0.0,2.0,1.1599627541295625,186.51500390022497,4.765577825953126,0.5895705656454396,0.49005303184519483,0.289947259531284,15.593579210544704,-4.319704343710263,0.2904464264795196,0.2904464264795196,2.864194432096945,0.8247559743236966,9.668056215836394,8.0,2.312579743951593,0.2229367411214318,0.29091093540133595,0.29091093540133595,0.7715155345744767,0.9999999999999997,6.0,d_kam,10.0,1.3515268793835338,0.03180914512922465,0.0,warehouse,3021,0.0,200.0,8888.0,6373.0,6373.0,3118.7158421089407,10.0,503.0,310.0,6.389538257230992,3.3949257739877794,,,
10.0,10.0,0.0,0.0,d_kam_delay_0,1.0000000000000002,delay=0,3.2766468637450927,1.277506707149227,0.0,D1,8.0,64.0,0.0,2.0,1.177525906753773,137.43376592076012,2.220446049250313e-16,0.3396995470838759,0.487388212598719,0.2862367517197354,12.781737264303956,-1.3322676295501878e-16,0.19297703463433483,0.19297703463433483,1.824232178532776,0.8583944866933467,5.548417566971926,0.0,1.1813129186931821,4.4408920985006264e-17,0.18233555372566498,0.18233555372566498,0.8595668732191066,1.0000000000000002,6.0,d_kam,4.0,2.4424906541753397e-16,0.025906735751295335,0.0,warehouse,3022,0.0,200.0,7554.0,6297.0,6297.0,2556.3474528607912,4.0,386.0,256.0,4.490927404310147,2.8295728850062005,,,
12.0,12.0,0.0,0.0,d_kam_delay_2,0.9999999999999993,delay=2,3.396102384219076,1.3951558178870074,2.0,D1,8.0,64.0,0.0,2.0,1.244279312093866,137.43376592076012,1.2381626030759147,0.3510478215289043,0.47680169450627313,0.27149603032519043,12.024172835372156,-0.7704804496099006,0.23890725259536005,0.23890725259536005,1.9075038647683729,0.8697893482724376,5.663244862623706,2.0,1.1991912157596167,0.23384107673300703,0.23838761333192834,0.23838761333192834,0.8483902076990175,0.9999999999999993,6.0,d_kam,6.0,0.9695212535618802,0.032520325203252036,0.0,warehouse,3022,0.0,200.0,7232.0,6305.0,6305.0,2404.834567074431,6.0,369.0,234.0,5.386315234781938,2.666764224995859,,,
12.0,12.0,0.0,0.0,d_kam_delay_4,0.9999999999999997,delay=4,3.597472863206901,1.557735578906654,4.0,D1,8.0,64.0,0.0,2.0,1.244279312093866,137.43376592076012,1.7150758900254515,0.3701780170327476,0.45472376249557184,0.24075460600649243,12.251710884302156,-1.4347680777154606,0.26025417796617417,0.26025417796617417,1.9138708972049658,0.8742444703425397,5.740780206517895,4.0,1.2173332291940853,0.1401539061549956,0.28096230451313775,0.28096230451313775,0.8329451304021511,0.9999999999999997,6.0,d_kam,6.0,0.6295498550595032,0.03183023872679045,0.0,warehouse,3022,0.0,200.0,7371.0,6307.0,6307.0,2450.342176860431,6.0,377.0,241.0,5.386315234781938,2.7147232049901504,,,
15.0,15.0,0.06666666666666667,1.0,d_kam_delay_8,0.9993306772520957,delay=8,3.537695882981927,1.6036103414796286,8.0,D1,8.0,64.0,7.867060392217682,2.0,1.4010242992523017,126.89165645102133,3.138188416486488,0.3644992039113751,0.4871096120752814,0.2858488269402653,13.926917670469265,-2.4402612083029327,0.2963281606522517,0.2963281606522517,2.090179719975389,0.846357180962594,5.691405084633702,8.0,1.1956209004155152,0.34896360409177785,0.29813734312813767,0.29813734312813767,0.8285870279577184,0.9993306772520957,6.0,d_kam,9.0,1.0207555309993033,0.03456221198156682,0.0,warehouse,3022,0.0,200.0,8234.0,6352.0,6352.0,2785.383534093853,9.0,434.0,268.0,6.2381215240288475,3.0524071010004263,,,
9.0,9.0,0.0,0.0,d_kam_delay_0,1.0,delay=0,5.436728720867987,1.8096575609287642,0.0,D1,8.0,64.0,0.0,2.0,1.1386806643944214,202.24721670639633,0.0,0.5513025510742727,0.4187907061207502,0.1907212363706649,12.335074856091524,0.0,0.20079971677878677,0.20079971677878677,2.4867941057363074,0.8813417805541127,9.952666406818572,0.0,2.4136430473514205,0.0,0.2129979859874534,0.2129979859874534,0.8062888358467465,1.0,6.0,d_kam,3.0,0.0,0.025210084033613446,0.0,warehouse,3023,0.0,200.0,7280.0,6257.0,6257.0,2467.0149712183047,3.0,357.0,254.0,4.589641233737028,2.7291469859774224,,,
13.0,13.0,0.0,0.0,d_kam_delay_2,0.9999359823825632,delay=2,5.626689099412732,1.9906240426030608,2.0,D1,8.0,64.0,0.7551747783710365,3.0,1.2623939587184583,202.24721670639633,2.8231019797591594,0.5693487870360237,0.49483837435182904,0.29661039466710376,22.380369810853153,-2.3902642114162074,0.2841795255894223,0.2841795255894223,2.5848026009274254,0.8056797917135071,10.111116674784366,2.0,2.442383274883531,0.21641888417147614,0.280318391544774,0.280318391544774,0.7890970200876882,0.9999359823825632,5.0,d_kam,8.0,1.2174012889705894,0.02066772655007949,0.0,warehouse,3023,0.0,200.0,13217.0,6407.0,6407.0,4476.073962170631,8.0,629.0,479.0,7.462164573661073,4.7468481920077465,,,
15.0,15.0,0.0,0.0,d_kam_delay_4,0.9999999999999999,delay=4,5.1480311443043725,1.919875023277393,4.0,D1,8.0,64.0,0.0,2.0,1.2790383342520997,181.33822128130896,3.64720980872466,0.5238762813007295,0.5499511285574492,0.3733496726749294,21.223728936020052,-3.279073400613768,0.3221343847264858,0.3221343847264858,2.6639733865193556,0.7990900259267292,9.791311845370503,4.0,2.335132832007563,0.1840682040554457,0.3128797074241094,0.3128797074241094,0.7958181769236268,0.9999999999999999,6.0,d_kam,9.0,1.0826600755608113,0.023696682464454975,0.0,warehouse,3023,0.0,200.0,12233.0,6401.0,6401.0,4244.74578720401,9.0,633.0,432.0,6.8321223877294095,4.51213073899271,,,
16.0,16.0,0.0625,1.0,d_kam_delay_8,0.9995893745617378,delay=8,5.528070821284055,1.9884561168691373,8.0,D1,8.0,64.0,4.843884960894984,2.0,1.6251184571556472,181.36262432819285,6.577279025505848,0.5599800506137992,0.528595317223671,0.3436137328430865,15.21369923983002,-6.253923927490035,0.2736125057175452,0.2736125057175452,2.7801687317764547,0.8280079906762902,10.401882754371353,8.0,2.5148285372340293,0.16167754900790665,0.2613650882400636,0.2613650882400636,0.789302973032411,0.9995893745617378,6.0,d_kam,10.0,0.8433561947294455,0.030947775628626693,0.0,warehouse,3023,0.0,200.0,8749.0,6360.0,6360.0,3042.739847966004,10.0,517.0,311.0,7.767879653713164,3.3081847630091943,,,
9.0,9.0,0.0,0.0,d_kam_delay_0,0.999994113753632,delay=0,1.8732986387195336,1.0059783760829686,0.0,D1,8.0,64.0,0.06431659580157587,2.0,1.212446145896727,93.53631554834703,1.9737298215558337e-16,0.19451056549411289,0.4184529125336337,0.19025089086961658,16.42927485110704,-1.9737298215558337e-16,0.23943102179754816,0.23943102179754816,1.6072513991491173,0.8481243853781067,2.9907239493604942,0.0,0.46865538046960536,0.0,0.24886132115797596,0.24886132115797596,0.8910644783155871,0.999994113753632,6.0,d_kam,3.0,0.0,0.018442622950819672,0.0,warehouse,3024,0.0,200.0,10319.0,6302.0,6302.0,3285.8549702214077,3.0,488.0,387.0,4.1657862425294745,3.547847849986283,,,
8.0,8.0,0.0,0.0,d_kam_delay_2,0.9999941137536317,delay=2,1.6576999140336566,0.8506279457929814,2.0,D1,8.0,64.0,0.06431659580157587,2.0,1.212446145896727,93.53631554834703,0.993468420399958,0.1740286866489546,0.38768487360933207,0.1474093176838802,11.540325374517124,-0.7654782535059701,0.21351192053332027,0.21351192053332027,1.541025709875767,0.8829762875034664,2.9400715945443863,2.0,0.4574582152808566,0.11399508344699394,0.23652418477530912,0.23652418477530912,0.9058227691931359,0.9999941137536317,6.0,d_kam,2.0,0.4690571413033824,0.022598870056497175,0.0,warehouse,3024,0.0,200.0,7229.0,6247.0,6247.0,2308.065074903425,2.0,354.0,266.0,3.7771908283529827,2.564622261998011,,,
9.0,9.0,0.0,0.0,d_kam_delay_4,0.999985792550779,delay=4,1.8217110690702902,0.9915260084107661,4.0,D1,8.0,64.0,0.1552389607448323,2.0,1.2115207225946514,93.53631554834703,1.4534817847828974,0.18960974637743486,0.4623221550185273,0.25133464622832924,13.076565290248254,-1.327021170828417,0.20624330944650932,0.20624330944650932,1.683271797940769,0.86055481744838,3.0175640158204486,4.0,0.4747758991123806,0.06323030697724012,0.1801059103267636,0.1801059103267636,0.8924374532444463,0.999985792550779,6.0,d_kam,3.0,0.2585990038444036,0.02349869451697128,0.0,warehouse,3024,0.0,200.0,7999.0,6271.0,6271.0,2615.313058049651,3.0,383.0,285.0,3.883246568247204,2.8739001590001862,,,
8.0,8.0,0.0,0.0,d_kam_delay_8,0.9999999999999999,delay=8,1.780136600506518,0.9530094639432558,8.0,D1,8.0,64.0,0.0,2.0,1.1630012231955735,93.53631554834703,3.046517327413833,0.18566017186387648,0.41579103484362634,0.1865444788961886,14.780091300344793,-2.805638459369576,0.21555364574275232,0.21555364574275232,1.6725055995319287,0.8491575433881269,3.0611876838718786,8.0,0.4951813125555374,0.12043943402212876,0.24171526305625285,0.24171526305625285,0.8960965249688598,0.9999999999999999,6.0,d_kam,2.0,0.5090986503474821,0.018018018018018018,0.0,warehouse,3024,0.0,200.0,9298.0,6276.0,6276.0,2956.0182600689586,2.0,444.0,345.0,3.6870186866175585,3.214785659016343,,,
9.0,9.0,0.0,0.0,d_kam_delay_0,0.9999999999999999,delay=0,2.179824640115286,1.248638849101427,0.0,D1,8.0,64.0,0.0,2.0,1.1726958455734309,114.37383902615196,3.9474596431116675e-16,0.22521266720760033,0.5639342447945045,0.3928198345239937,12.415871614211937,3.9474596431116675e-16,0.21697762446222651,0.21697762446222651,1.7099615011527194,0.7982866518875116,3.23152089812915,0.0,0.5314545416333829,3.9474596431116675e-16,0.21272502717339875,0.21272502717339875,0.8671050571593614,0.9999999999999999,6.0,d_kam,3.0,2.1316282072802993e-15,0.019955654101995565,0.0,warehouse,3025,0.0,200.0,7468.0,6263.0,6263.0,2483.1743228423875,3.0,451.0,346.0,4.413886899954364,2.7407892259943765,,,
11.0,11.0,0.0,0.0,d_kam_delay_2,1.0000000000000002,delay=2,2.130709129299712,1.1988591708287146,2.0,D1,8.0,64.0,0.0,2.0,1.189631849758294,114.37383902615196,1.0323048552306957,0.22054669368012086,0.5775876610457867,0.4118309204435006,14.922626723709982,-0.8386395572766877,0.22544136909614867,0.22544136909614867,1.7451524064423558,0.7812564450290551,3.2779078095052374,2.0,0.5443516761848053,0.09683264897700394,0.22328175610654782,0.22328175610654782,0.8718341265952693,1.0000000000000002,6.0,d_kam,5.0,0.37942096877728204,0.020637898686679174,0.0,warehouse,3025,0.0,200.0,8873.0,6304.0,6304.0,2984.5253447419964,5.0,533.0,416.0,5.041325549133387,3.244510882999748,,,
10.0,10.0,0.0,0.0,d_kam_delay_4,1.0,delay=4,2.0700132770354767,1.108306673561695,4.0,D1,8.0,64.0,0.0,2.0,1.1290518733732906,106.47638190129409,1.8377743051439548,0.21478058771501843,0.4399028799325781,0.22011793408333666,13.61379371563089,-1.3327917182718447,0.2256839486432102,0.2256839486432102,1.6453363987255252,0.8604351586747981,3.214189689085176,4.0,0.527991965748596,0.25249129343605514,0.247512015382626,0.247512015382626,0.880436613835636,1.0,6.0,d_kam,4.0,0.8311536217846749,0.024213075060532687,0.0,warehouse,3025,0.0,200.0,8187.0,6287.0,6287.0,2722.758743126178,4.0,413.0,283.0,4.484205416077616,2.980335055006435,,,
8.0,8.0,0.0,0.0,d_kam_delay_8,1.0,delay=8,1.7506310654771657,0.9258622371985105,8.0,D1,8.0,64.0,0.0,2.0,1.1290518733732906,106.47638190129409,2.8046463935287265,0.1844392776169789,0.4328372581082239,0.2102797264798055,12.81780789970071,-2.53876430190669,0.220028488770381,0.220028488770381,1.612052464379401,0.8675045089706934,3.1174326322145203,8.0,0.5018342908405059,0.1329410458110183,0.24177076475811518,0.24177076475811518,0.8977688352901386,1.0,6.0,d_kam,2.0,0.5955346068605687,0.020671834625323,0.0,warehouse,3025,0.0,200.0,7741.0,6249.0,6249.0,2563.561579940142,2.0,387.0,282.0,3.7882768415190258,2.8220866970077623,,,
7.0,7.0,0.0,0.0,d_kam_delay_0,0.9999999999999994,delay=0,2.3203523326488096,1.618873889206557,0.0,D1,8.0,64.0,0.0,3.0,1.307486058380177,67.52675009544153,1.9032394707859825e-16,0.2340517630943438,0.5642533862540201,0.3932642087081292,22.29168330450193,1.9032394707859825e-16,0.2860173998304755,0.2860173998304755,1.5762437317683708,0.7577563823984569,2.5083276935334156,0.0,0.3212516606747922,1.9032394707859825e-16,0.2917035830414121,0.2917035830414121,0.8347054976005817,0.9999999999999994,5.0,d_kam,2.0,7.549516567451061e-16,0.009985734664764621,0.0,warehouse,3026,0.0,200.0,14399.0,6356.0,6356.0,4458.336660900386,2.0,701.0,604.0,3.4817401841158993,4.7198537250224035,,,
14.0,14.0,0.0,0.0,d_kam_delay_2,0.9999999999999997,delay=2,2.258816896635845,1.5136729739036916,2.0,D1,8.0,64.0,0.0,2.0,1.2193727826528695,67.43378990306164,0.4706097251781399,0.22820589667311222,0.5255567242820487,0.3393827806458905,19.56072076005512,-0.3286297656723323,0.2565788157122561,0.2565788157122561,1.6538515346832916,0.795436776087698,2.599005539102551,2.0,0.35090881461250895,0.07098997975290378,0.26098875436909164,0.26098875436909164,0.8446995845543538,0.9999999999999997,6.0,d_kam,8.0,0.2686649085176197,0.021052631578947368,0.0,warehouse,3026,0.0,200.0,12569.0,6413.0,6413.0,3912.144152011024,8.0,665.0,473.0,5.918618929391514,4.173060783999972,,,
10.0,10.0,0.0,0.0,d_kam_delay_4,1.0000000000000004,delay=4,1.2430608397670408,0.7576264441782508,4.0,D1,8.0,64.0,0.0,2.0,1.3192207894316448,67.52675009544153,0.9254557648747328,0.1317090712705758,0.4151211544961727,0.1856117341085949,10.404236953909276,-0.6641279395172702,0.2685999907907393,0.2685999907907393,1.5175643285819036,0.8976560343189496,2.4395324226398323,4.0,0.29379342036939105,0.13066391267873126,0.24563166795357877,0.24563166795357877,0.9165240048782708,1.0000000000000004,6.0,d_kam,4.0,0.43736863129366915,0.036101083032490974,0.0,warehouse,3026,0.0,200.0,6907.0,6270.0,6270.0,2080.847390781855,4.0,277.0,178.0,4.486833683006215,2.332467653992353,,,
12.0,12.0,0.08333333333333333,1.0,d_kam_delay_8,1.0,delay=8,2.2798552283883398,1.3436139113360233,8.0,D1,8.0,64.0,0.0,2.0,1.1798957086456894,73.1869720345792,1.4784475861794293,0.2302045381895993,0.5389845056129164,0.358079691359757,15.380969994876068,-1.1349135063535296,0.23588831984323128,0.23588831984323128,1.8457446151732975,0.8102277398721763,3.0252504129722313,8.0,0.4694711118829875,0.17176703991294975,0.2212917629492308,0.2212917629492308,0.8608551954982824,1.0,6.0,d_kam,6.0,1.0028820684028876,0.02097902097902098,0.0,warehouse,3026,0.0,200.0,10025.0,6355.0,6355.0,3076.1939989752136,6.0,572.0,411.0,5.339995099178484,3.3323026849830057,,,
9.0,9.0,0.0,0.0,d_kam_delay_0,0.9987406727005826,delay=0,2.870743436810051,1.594243009517685,0.0,D1,8.0,64.0,13.731546760029007,2.0,1.5350475159589978,136.23065087661828,0.0,0.2991479724320252,0.47153484414480246,0.264162441214282,18.829638284660177,0.0,0.276437560409908,0.276437560409908,1.9316731914328076,0.8108062902769967,3.772379315568057,0.0,0.677795776793223,0.0,0.29856715835437325,0.29856715835437325,0.8302302335200394,0.9987406727005826,6.0,d_kam,3.0,0.0,0.01744186046511628,0.0,warehouse,3027,0.0,200.0,11344.0,6325.0,6325.0,3765.9276569320355,3.0,516.0,411.0,4.09207798446554,4.028650226013269,,,
9.0,9.0,0.0,0.0,d_kam_delay_2,0.9987406727005826,delay=2,2.8998620577011507,1.642229686021762,2.0,D1,8.0,64.0,13.731546760029007,2.0,1.5350475159589978,135.94113140169648,1.5564348287141856,0.30191424141667966,0.47672063624323646,0.27138316438931664,19.113311546097975,-1.2881285004288041,0.287362201977518,0.287362201977518,1.9682230237393146,0.8086151201664559,3.825362656701011,2.0,0.6892666537702348,0.13415316414269077,0.3094806814567371,0.3094806814567371,0.8256714992521522,0.9987406727005826,6.0,d_kam,3.0,0.6798825918556205,0.01717557251908397,0.0,warehouse,3027,0.0,200.0,11507.0,6328.0,6328.0,3822.662309219595,3.0,524.0,416.0,4.09207798446554,4.085706805984955,,,
12.0,12.0,0.0,0.0,d_kam_delay_4,0.9999999999999991,delay=4,3.1178955204324077,1.685570660595014,4.0,D1,8.0,64.0,0.0,2.0,1.2734709375418127,135.94113140169648,1.7263642165036528,0.32262742037614905,0.5184644544311964,0.3295074681953366,16.283031865168596,-1.6071455200738336,0.26351327186031076,0.26351327186031076,2.0003807606074555,0.8394128581689821,4.046561639243763,4.0,0.742352475318036,0.05960934821490963,0.26330001453651797,0.26330001453651797,0.8215541066676931,0.9999999999999991,6.0,d_kam,6.0,0.31151563676891525,0.025974025974025976,0.0,warehouse,3027,0.0,200.0,9925.0,6341.0,6341.0,3256.606373033719,6.0,462.0,338.0,5.214464176726532,3.5184702779806685,,,
12.0,12.0,0.0,0.0,d_kam_delay_8,0.9999999999999991,delay=8,3.735030830897943,2.0411476176709975,8.0,D1,8.0,64.0,0.0,2.0,1.2734709375418127,135.94113140169648,3.0656063576583286,0.38125527487037475,0.5282074261334084,0.343073631324999,16.668556749937125,-3.064787570159391,0.31606794832704854,0.31606794832704854,2.2422756298746607,0.8335434712908301,4.606562363855534,8.0,0.883962981857505,0.00040939374946857843,0.31103323690880674,0.31103323690880674,0.7877742957454749,0.9999999999999991,6.0,d_kam,6.0,0.00221072624713032,0.025,0.0,warehouse,3027,0.0,200.0,10183.0,6347.0,6347.0,3333.711349987425,6.0,480.0,356.0,5.214464176726532,3.5950034669949673,,,
12.0,12.0,0.0,0.0,d_kam_delay_0,0.9999999999999998,delay=0,4.875578453481532,1.7251141936722136,0.0,D1,8.0,64.0,0.0,2.0,1.1798478911591335,195.15717139756902,2.4054832200211723e-16,0.5025088353557592,0.4842448207652892,0.2818598770149596,12.989386494300561,5.551115123125783e-17,0.23507374397710037,0.23507374397710037,2.382913490876663,0.8524955881903815,9.158818588533332,0.0,2.179394504696642,1.4802973661668753e-16,0.21964347849525198,0.21964347849525198,0.8125376763768385,0.9999999999999998,6.0,d_kam,6.0,7.993605777301114e-16,0.030303030303030304,0.0,warehouse,3028,0.0,200.0,7839.0,6304.0,6304.0,2597.877298860112,6.0,396.0,248.0,5.102294444626277,2.8542544009978883,,,
13.0,13.0,0.0,0.0,d_kam_delay_2,1.0,delay=2,4.905621699662828,1.7519334284922288,2.0,D1,8.0,64.0,0.0,2.0,1.2563315123482526,195.15717139756902,1.7834536234561535,0.5053629437429823,0.505174224802319,0.3110020851677859,13.719633429864189,-1.351368163823388,0.23251742354662283,0.23251742354662283,2.386308617535476,0.8524281805715569,9.225877784572873,2.0,2.195349983300817,0.2160427298163827,0.20954409569286692,0.20954409569286692,0.8099898490689371,1.0,6.0,d_kam,7.0,0.9662458568065196,0.03140096618357488,0.0,warehouse,3028,0.0,200.0,8029.0,6329.0,6329.0,2743.9266859728377,7.0,414.0,265.0,5.262341983143583,3.0124416399921756,,,
16.0,16.0,0.0,0.0,d_kam_delay_4,0.9999999999999998,delay=4,5.418964875454211,2.055914726008573,4.0,D1,8.0,64.0,0.0,2.0,1.2947683506064351,195.15717139756902,3.0440250572982306,0.5541305454431635,0.6165165951520575,0.4660357654015991,13.32709363574395,-2.4698782280730622,0.27158426571733685,0.27158426571733685,2.499264723597848,0.8135020732832843,9.733041300086741,4.0,2.3180237759030553,0.2870734146125842,0.2645851602712266,0.2645851602712266,0.7811116258048842,0.9999999999999998,6.0,d_kam,10.0,1.8832231012332268,0.034482758620689655,0.0,warehouse,3028,0.0,200.0,7691.0,6321.0,6321.0,2665.41872714879,10.0,464.0,314.0,6.17245747900986,2.9332625629904214,,,
19.0,19.0,0.05263157894736842,1.0,d_kam_delay_8,0.9999999999999998,delay=8,6.33618414764808,2.397454895139528,8.0,D1,8.0,64.0,0.0,2.0,1.213137179203795,195.15717139756902,5.0477652897111875,0.6412663763015811,0.6195568979040048,0.4702690983473484,13.916553484741598,-4.702559431605834,0.29400712259676626,0.29400712259676626,2.7614694956877286,0.8077238271835953,11.144864206282316,8.0,2.7068668736529538,0.17260292905267646,0.2877702092324228,0.2877702092324228,0.7486653097374437,0.9999999999999998,6.0,d_kam,13.0,1.1658445471992123,0.03941908713692946,0.0,warehouse,3028,0.0,200.0,8001.0,6351.0,6351.0,2783.3106969483197,13.0,482.0,320.0,7.200945248295142,3.0483576609985903,,,
7.0,7.0,0.0,0.0,d_kam_delay_0,0.9999999999999997,delay=0,3.826382943357686,1.5520670021529892,0.0,D1,8.0,64.0,0.0,2.0,1.1453863068060968,156.964386911359,5.075305255429287e-16,0.3971216703721971,0.44684942098293035,0.2297903330142068,11.747365484479815,5.075305255429287e-16,0.25991022846827394,0.25991022846827394,2.5814891423854864,0.8613287871895627,9.841900736749357,0.0,2.366984790110085,5.075305255429287e-16,0.280358672528467,0.280358672528467,0.831058478523451,0.9999999999999997,6.0,d_kam,1.0,2.486899575160348e-15,0.020289855072463767,0.0,warehouse,3029,0.0,200.0,6934.0,6231.0,6231.0,2349.473096895963,1.0,345.0,260.0,3.4352949213994735,2.6135692149982788,,,
9.0,9.0,0.0,0.0,d_kam_delay_2,0.9999999999999993,delay=2,3.4442703600386175,1.2857668225881764,2.0,D1,8.0,64.0,0.0,2.0,1.1926846931198893,156.964386911359,8.292370236898194,0.36082097495688553,0.47179784296495497,0.26452864210310184,12.960500450863037,-7.024649204111018,0.22599777016834857,0.22599777016834857,2.5481037967518345,0.8585753400573262,9.767971061044024,2.0,2.352394606624278,0.6338605163935866,0.21744351139358278,0.21744351139358278,0.8563569955821083,0.9999999999999993,6.0,d_kam,3.0,2.647571268029658,0.023809523809523808,0.0,warehouse,3029,0.0,200.0,7660.0,6266.0,6266.0,2592.1000901726075,3.0,378.0,268.0,4.16257002894808,2.8581361869873945,,,
8.0,8.0,0.0,0.0,d_kam_delay_4,0.9999999999999997,delay=4,3.691510082680232,1.4734665422457442,4.0,D1,8.0,64.0,0.0,2.0,1.1453863068060968,156.964386911359,13.193935724128194,0.3843087486078389,0.45665001942037037,0.24343673590178155,12.327579849952599,-11.997367179751517,0.2691790640768514,0.2691790640768514,2.644435949188519,0.8551839117629016,9.941723648210772,4.0,2.3922828135861907,0.5982842721883388,0.2895856128084573,0.2895856128084573,0.8385255222146393,0.9999999999999997,6.0,d_kam,2.0,2.0660592730625553,0.021621621621621623,0.0,warehouse,3029,0.0,200.0,7352.0,6250.0,6250.0,2465.51596999052,2.0,370.0,271.0,3.8134380511428447,2.726976553007262,,,
7.0,7.0,0.14285714285714285,1.0,d_kam_delay_8,0.9999999999999997,delay=8,3.5841099908377294,1.404227051585447,8.0,D1,8.0,64.0,0.0,2.0,1.1453863068060968,156.964386911359,20.42998662219056,0.37410573988280116,0.44417472186610496,0.2260660684211588,11.355525830003899,-19.588839192524155,0.2552834756221719,0.2552834756221719,2.5643993458571597,0.863109831941763,9.772588569030162,8.0,2.3488902384969688,0.4205737148332026,0.2743602057752224,0.2743602057752224,0.8451032738273676,0.9999999999999997,6.0,d_kam,1.0,1.1070626186476196,0.020527859237536656,0.0,warehouse,3029,0.0,200.0,6809.0,6229.0,6229.0,2271.1051660007797,1.0,341.0,256.0,3.4352949213994735,2.530189065990271,,,
14.0,14.0,0.0,0.0,d_kam_delay_0,0.9998759760770295,delay=0,5.0394196639661635,2.286229982103323,0.0,D1,8.0,64.0,1.4777320557802125,2.0,1.255222541089692,195.00915664597153,3.172065784643304e-17,0.5069783159296736,0.5678559232494699,0.3982803994612872,22.699926944624167,-3.172065784643304e-17,0.2658418858990393,0.2658418858990393,2.2923725230680185,0.7821852831576891,7.050955584823666,0.0,1.5875840545614899,0.0,0.261864273331619,0.261864273331619,0.7635045478069697,0.9998759760770295,6.0,d_kam,8.0,0.0,0.022082018927444796,0.0,warehouse,3030,0.0,200.0,12743.0,6415.0,6415.0,4539.985388924833,8.0,634.0,464.0,5.610431267510099,4.809202311997069,,,
12.0,12.0,0.0,0.0,d_kam_delay_2,0.9999999999999999,delay=2,4.180830098188487,1.6200319563187724,2.0,D1,8.0,64.0,0.0,2.0,1.2041216151665908,195.00915664597153,1.7162814262954613,0.4254123071807945,0.4713846702961795,0.2639533383870854,15.142888355330797,-1.4028821388543058,0.22922152168276,0.22922152168276,2.109932449561976,0.838534486882066,6.887078712064456,2.0,1.5528611040837412,0.15669964372057774,0.22919991837388487,0.22919991837388487,0.8267933602565022,0.9999999999999999,6.0,d_kam,6.0,0.9051412052320862,0.02696629213483146,0.0,warehouse,3030,0.0,200.0,8547.0,6316.0,6316.0,3028.5776710661594,6.0,445.0,294.0,4.991677775770256,3.2949076959921513,,,
10.0,10.0,0.0,0.0,d_kam_delay_4,0.9999999999999999,delay=4,3.9110290481366294,1.5201016884880978,4.0,D1,8.0,64.0,0.0,2.0,1.1998866327377755,193.04491120584566,3.480503592851479,0.399781207425868,0.4963694927463193,0.2987423316720902,13.215475960168988,-3.0421961864259215,0.2136653959508362,0.2136653959508362,2.096950006077281,0.8583431126343086,6.7691417250479455,4.0,1.5148122845628322,0.2191537032127787,0.21817265067362218,0.21817265067362218,0.8362867357004161,0.9999999999999999,6.0,d_kam,4.0,0.9546055402912442,0.026595744680851064,0.0,warehouse,3030,0.0,200.0,7488.0,6277.0,6277.0,2643.0951920337975,4.0,376.0,247.0,4.272819507474758,2.9080827870056964,,,
17.0,17.0,0.11764705882352941,2.0,d_kam_delay_8,0.9960545318256914,delay=8,6.913220254739435,3.491567524675906,8.0,D1,8.0,64.0,47.00984017147036,2.0,4.210164479045138,200.6073570290405,3.993897577680838,0.6849893720531344,0.4328406445003427,0.21028444170933802,14.172385439451318,-3.4529557444583996,0.4014763642418734,0.4014763642418734,2.6063005286476923,0.8672984066152816,8.27934355760853,8.0,1.8919856078556834,0.2704709166112189,0.40457902411293645,0.40457902411293645,0.6489974812625745,0.9960545318256914,6.0,d_kam,11.0,1.5653693015128787,0.0412621359223301,0.0,warehouse,3030,0.0,200.0,7964.0,6364.0,6364.0,2834.4770878902636,11.0,412.0,234.0,6.793427160362318,3.0983435999951325,,,
9.0,9.0,0.0,0.0,d_kam_delay_0,0.9998000422109248,delay=0,3.753278002436331,1.467210855199615,0.0,D1,8.0,64.0,2.0941720936906894,2.0,1.24261495899532,144.01269698562277,0.0,0.41814000358494846,0.4831214186509822,0.38979611924074287,9.27775090560317,0.0,0.19882607088635534,0.19882607088635534,2.0951100419327116,0.8367048210464729,6.2284811594724365,0.0,1.3760202377494013,0.0,0.19617202426461422,0.19617202426461422,0.8296400845056232,0.9998000422109248,6.0,d_kam,3.0,0.0,0.020316027088036117,0.0,edge,3001,0.0,200.0,7471.0,6257.0,6257.0,1855.550181120634,3.0,443.0,348.0,6.018865960996392,2.088323959003901,,,
11.0,11.0,0.0,0.0,d_kam_delay_2,0.9996685366458656,delay=2,3.8677934174852235,1.4347864214747559,2.0,D1,8.0,64.0,3.4714391948358068,2.0,1.3622652737566598,147.38059342807333,1.3392035308259442,0.4301641221650821,0.46198224098289115,0.3648401456048021,8.866048464406049,-0.704691527946355,0.18134288642666632,0.18134288642666632,2.0134615553159536,0.8488229771179783,6.511154909226888,2.0,1.4599975818872537,0.3172560014397947,0.1874245540165086,0.1874245540165086,0.8330446500467333,0.9996685366458656,6.0,d_kam,5.0,1.5832879982355141,0.02669902912621359,0.0,edge,3001,0.0,200.0,6908.0,6277.0,6277.0,1773.2096928812098,5.0,412.0,316.0,8.238954825083287,2.0118137910030782,,,
11.0,11.0,0.0,0.0,d_kam_delay_4,0.9993527552223774,delay=4,3.94198406321569,1.501777726854623,4.0,D1,8.0,64.0,6.778640418812012,2.0,1.7009430096303266,147.38059342807333,2.680760946714301,0.43795413996678106,0.46331413901213914,0.3664125252226642,8.597705876018154,-1.9984080903079589,0.2108933356709612,0.2108933356709612,2.1078678656327963,0.8482148819236356,6.614788600773012,4.0,1.4805732046935398,0.34117642820317134,0.2152671590542505,0.2152671590542505,0.8260105629818472,0.9993527552223774,6.0,d_kam,5.0,1.8254975068113675,0.02669902912621359,0.0,edge,3001,0.0,200.0,6898.0,6277.0,6277.0,1719.5411752036307,5.0,412.0,316.0,8.403608922219133,1.95108489098493,,,
19.0,19.0,0.0,0.0,d_kam_delay_8,0.9978722670963357,delay=8,5.906866518241834,2.2967731279355537,8.0,D1,8.0,64.0,22.283897467961012,2.0,1.7443242858173842,137.42877643344144,4.491725807985164,0.6442667977445261,0.5965991882913972,0.5237629306217884,19.03875577118015,-3.929745621648972,0.3139260669085365,0.3139260669085365,2.906281202698898,0.7577495978430485,10.210758491383135,8.0,2.457801291480381,0.2809900931680957,0.3313151579215453,0.3313151579215453,0.7425360458683496,0.9978722670963357,6.0,d_kam,13.0,1.2580709213130445,0.023227383863080684,0.0,edge,3001,0.0,200.0,15051.0,6490.0,6490.0,3807.75115423603,13.0,818.0,519.0,13.779551966284892,4.047026320011355,,,
10.0,10.0,0.0,0.0,d_kam_delay_0,0.9999999999999996,delay=0,7.146891826056614,2.018417613140339,0.0,D1,8.0,64.0,0.0,2.0,1.1060618324295186,285.7060644191632,0.0,0.786257036873184,0.3627143949108408,0.2476489384364092,9.339164125412935,0.0,0.19215823119604322,0.19215823119604322,2.5506948420035416,0.8804022458228932,14.32217215469238,0.0,3.64522536877943,0.0,0.19638690568818568,0.19638690568818568,0.7663745791159229,0.9999999999999996,6.0,d_kam,4.0,0.0,0.03067484662576687,0.0,edge,3002,0.0,200.0,6753.0,6265.0,6265.0,1867.832825082587,4.0,326.0,240.0,5.46188513125215,2.108388260996435,,,
11.0,11.0,0.0,0.0,d_kam_delay_2,0.9999999999999994,delay=2,7.141913595246693,2.0256726216551493,2.0,D1,8.0,64.0,0.0,2.0,1.1427173040733622,285.7060644191632,4.585609528396963,0.7857343226381421,0.3613961880246843,0.24609272197358562,9.34406250496977,-0.27942929377740866,0.21011264795369525,0.21011264795369525,2.6253951474307256,0.8828388569604144,14.372589603996605,2.0,3.653797040746125,2.153090117309777,0.20913336914305705,0.20913336914305705,0.7656128032218678,0.9999999999999994,6.0,d_kam,5.0,11.003621092892459,0.03374233128834356,0.0,edge,3002,0.0,200.0,6747.0,6277.0,6277.0,1868.812500993954,5.0,326.0,237.0,6.501910798270489,2.1100197059859056,,,
11.0,11.0,0.0,0.0,d_kam_delay_4,0.9999999999999997,delay=4,7.452991755419708,2.0894498237359986,4.0,D1,8.0,64.0,0.0,2.0,1.1427173040733622,285.7060644191632,4.501565337958017,0.8183975294563087,0.3681474656836629,0.25406298032099084,9.432053490454564,-2.4048237339465777,0.21195036873084605,0.21195036873084605,2.6701323436706317,0.8821564457796183,14.974399784683806,4.0,3.8203306123184033,1.0483708020057199,0.21138738418610523,0.21138738418610523,0.7589161970033786,0.9999999999999997,6.0,d_kam,5.0,5.660394426976964,0.03353658536585366,0.0,edge,3002,0.0,200.0,6813.0,6278.0,6278.0,1886.4106980909128,5.0,328.0,241.0,6.5019107982704885,2.128586256003473,,,
12.0,12.0,0.08333333333333333,1.0,d_kam_delay_8,0.9999162919579575,delay=8,8.63285818775545,2.481468953622035,8.0,D1,8.0,64.0,1.085201002829735,2.0,1.2223847026502894,305.3070814731185,9.423179441670412,0.9422835048515623,0.3547178967509454,0.23820862810875496,9.551822809735313,-8.56503697482575,0.2857799120805265,0.2857799120805265,3.0729088753937908,0.8851764561585744,17.422664309650795,8.0,4.484420299404231,0.42907123342233083,0.28723157414627437,0.28723157414627437,0.7177541883653449,0.9999162919579575,6.0,d_kam,6.0,1.9258406390044125,0.03625377643504532,0.0,edge,3002,0.0,200.0,6954.0,6292.0,6292.0,1910.3645619470626,6.0,331.0,246.0,7.541912588924287,2.1513075999973807,,,
10.0,10.0,0.0,0.0,d_kam_delay_0,1.0,delay=0,8.116531737293698,2.2212815646484394,0.0,D1,8.0,64.0,0.0,2.0,1.0889774518269344,273.5431436668973,4.4408920985006264e-17,0.8899263610854803,0.35718148603049416,0.24111703211933339,9.08451325551141,4.4408920985006264e-17,0.19570670931800538,0.19570670931800538,2.9824966293510933,0.8898393467285343,19.005166764197952,0.0,4.949674930353406,4.4408920985006264e-17,0.20311120566957638,0.20311120566957638,0.74492726863854,1.0,6.0,d_kam,4.0,2.4424906541753397e-16,0.030864197530864196,0.0,edge,3003,0.0,200.0,6766.0,6265.0,6265.0,1816.902651102282,4.0,324.0,240.0,6.125329842698163,2.0563662229978945,,,
18.0,18.0,0.0,0.0,d_kam_delay_2,0.9999999999999996,delay=2,6.9662998178272275,2.028790317434768,2.0,D1,8.0,64.0,0.0,2.0,1.0943938817295658,256.2690637785578,4.660136653906199,0.769152009541501,0.4267202034909377,0.3232113513434682,9.300239390722709,2.5618045777004177,0.23435008205241226,0.23435008205241226,3.138236923763848,0.867085192460743,17.40454342517911,2.0,4.486633592084862,3.6109706158033084,0.23694151793707113,0.23694151793707113,0.7651388495959754,0.9999999999999996,6.0,d_kam,12.0,11.171976465111355,0.052941176470588235,0.0,edge,3003,0.0,200.0,6838.0,6357.0,6357.0,1860.0478781445418,12.0,340.0,220.0,12.417907286331847,2.100962625001557,,,
20.0,20.0,0.0,0.0,d_kam_delay_4,0.9999999999999997,delay=4,7.095682108740034,2.1489843753376645,4.0,D1,8.0,64.0,0.0,2.0,1.228165500162509,256.2690637785578,3.607653819274683,0.7827371500873458,0.3944294477547462,0.2850903202660198,9.274235964549007,-1.6710709441993317,0.30996260181583096,0.30996260181583096,3.2397513734277594,0.8777760789219156,17.566924077113796,4.0,4.513246799286864,0.9682914375376755,0.31418720506438697,0.31418720506438697,0.7525184735161713,0.9999999999999997,6.0,d_kam,14.0,3.4455384230977772,0.058823529411764705,0.0,edge,3003,0.0,200.0,6838.0,6381.0,6381.0,1854.8471929098014,14.0,340.0,214.0,13.909324099732107,2.0943348630098626,,,
20.0,20.0,0.05,1.0,d_kam_delay_8,1.0000000000000007,delay=8,7.642478451073113,2.329490087500398,8.0,D1,8.0,64.0,0.0,2.0,1.1999402364697962,262.32119242406964,7.000533581690067,0.8401507660323188,0.40843485624849885,0.3016244830711445,9.275899774802383,-5.829365558272889,0.33093680474961146,0.33093680474961146,3.530331223172585,0.8778725530018048,19.087454646110324,8.0,4.9294304813750305,0.5855840117085878,0.3368173141901185,0.3368173141901185,0.7335653737390844,1.0000000000000007,6.0,d_kam,14.0,3.9747683141757535,0.058823529411764705,0.0,edge,3003,0.0,200.0,6800.0,6385.0,6385.0,1855.1799549604766,14.0,340.0,217.0,14.803528336943947,2.0960652620124165,,,
8.0,8.0,0.0,0.0,d_kam_delay_0,0.9999999999999998,delay=0,5.984008010675278,1.9920681407613405,0.0,D1,8.0,64.0,0.0,2.0,1.1550209107838876,263.42826668242617,0.0,0.6680525385052948,0.409103486467894,0.3024138381912638,10.028200235683471,0.0,0.23020345460832214,0.23020345460832214,2.9476688902604224,0.863510187356496,12.507334273049619,0.0,3.1249116543244178,0.0,0.23364079469047003,0.23364079469047003,0.7682378461582894,0.9999999999999998,6.0,d_kam,2.0,0.0,0.022792022792022793,0.0,edge,3004,0.0,200.0,7103.0,6238.0,6238.0,2005.6400471366942,2.0,351.0,250.0,4.804311123957037,2.255610335007077,,,
13.0,13.0,0.0,0.0,d_kam_delay_2,0.99912434471109,delay=2,7.429972263613855,3.370372984097569,2.0,D1,8.0,64.0,12.375110361819026,2.0,1.362095165453452,243.38481883253945,3.0156253038049927,0.8198787850638456,0.39300148019001063,0.2834045252243181,13.63786280489876,1.631964245978023,0.36105839344691104,0.36105839344691104,3.2621282169296273,0.8672911280282665,12.220491308047581,2.0,3.009894693255144,2.3237947748915078,0.3626221409438294,0.3626221409438294,0.6235158376079855,0.99912434471109,6.0,d_kam,7.0,11.251939741382799,0.03494623655913978,0.0,edge,3004,0.0,200.0,7119.0,6310.0,6310.0,2727.572560979752,7.0,372.0,250.0,8.02785280790549,3.0771444879937917,,,
13.0,13.0,0.0,0.0,d_kam_delay_4,0.9999999999999997,delay=4,6.0399736242735855,2.0118310067560863,4.0,D1,8.0,64.0,0.0,2.0,1.1550209107838876,263.42826668242617,4.526910639088573,0.6739289279331172,0.41084718331442155,0.3044723691906366,15.986503535241354,-3.6172830030378895,0.2592783643519062,0.2592783643519062,3.0941353140625596,0.8588140696545469,12.814179802736636,4.0,3.2033873443468277,0.4548138180253422,0.26367542612028955,0.26367542612028955,0.7661627452288411,0.9999999999999997,6.0,d_kam,7.0,2.071895651452888,0.033854166666666664,0.0,edge,3004,0.0,200.0,7613.0,6306.0,6306.0,3197.300707048271,7.0,384.0,249.0,8.327547674225258,3.5849539980117697,,,
13.0,13.0,0.15384615384615385,2.0,d_kam_delay_8,0.9999999999999998,delay=8,5.989893491290862,1.9368112490993878,8.0,D1,8.0,64.0,0.0,2.0,1.169357468949694,263.42826668242617,9.209054949857874,0.6686705139699312,0.42508288558201746,0.32127840658988177,13.827527719986392,-8.322864278287696,0.2566023766017357,0.2566023766017357,3.224753455313969,0.8544170758069347,13.36484607141184,8.0,3.356658776139599,0.4430953357850893,0.25975175939528333,0.25975175939528333,0.7740398197827945,0.9999999999999998,6.0,d_kam,7.0,2.0970067732396087,0.0327455919395466,0.0,edge,3004,0.0,200.0,7905.0,6303.0,6303.0,2765.5055439972784,7.0,397.0,245.0,8.584724719662638,3.1187184959999286,,,
9.0,9.0,0.0,0.0,d_kam_delay_0,0.9995446619948228,delay=0,3.708301115568201,1.476523470233688,0.0,D1,8.0,64.0,4.80915240980582,2.0,1.1879949992046401,141.1272260350363,1.9737298215558337e-16,0.41030326181745946,0.40554516285923115,0.29821303948659234,11.21065682542394,-1.9737298215558337e-16,0.19980608728582808,0.19980608728582808,2.0831507552937647,0.8669647462528998,7.525711094725479,0.0,1.7425771247718942,0.0,0.214359258341345,0.214359258341345,0.8294406215904712,0.9995446619948228,6.0,d_kam,3.0,0.0,0.02556818181818182,0.0,edge,3005,0.0,200.0,7229.0,6268.0,6268.0,2242.131365084788,3.0,352.0,243.0,5.354451457460199,2.541632134001702,,,
9.0,9.0,0.0,0.0,d_kam_delay_2,0.9989028097811057,delay=2,3.871832626296979,1.6590354552144757,2.0,D1,8.0,64.0,11.58821562271374,2.0,1.4516215184011636,141.1272260350363,2.434231844220764,0.427474070443981,0.48970220009921506,0.397565097339351,12.47976203536382,0.8793022009462779,0.25311366809375624,0.25311366809375624,2.1580124081158156,0.8238753969910522,7.606117199610246,2.0,1.7478183264006102,1.656767022583521,0.2572909330206269,0.2572909330206269,0.8102768631674886,0.9989028097811057,6.0,d_kam,3.0,8.107503863290734,0.020134228187919462,0.0,edge,3005,0.0,200.0,7454.0,6270.0,6270.0,2495.952407072764,3.0,447.0,332.0,5.216939627777449,2.82170666300226,,,
12.0,12.0,0.0,0.0,d_kam_delay_4,0.999638526085286,delay=4,3.5433642127080054,1.3905866088515235,4.0,D1,8.0,64.0,3.817786190179873,2.0,1.19754937564892,141.1272260350363,3.137110949839711,0.3929848870171389,0.5216976067791663,0.435337452447627,12.578824624069966,-0.7740335903066216,0.20507961958999274,0.20507961958999274,2.209461877547059,0.8142972789428541,7.638652100517858,4.0,1.767509398421784,1.181538679766545,0.20790796235275763,0.20790796235275763,0.8384639920355985,0.999638526085286,6.0,d_kam,6.0,5.162328019321231,0.02586206896551724,0.0,edge,3005,0.0,200.0,7716.0,6302.0,6302.0,2515.7649248139933,6.0,464.0,324.0,7.449187524192047,2.828352152981097,,,
15.0,15.0,0.06666666666666667,1.0,d_kam_delay_8,0.9984094414148676,delay=8,4.154277204311542,1.7844260192833206,8.0,D1,8.0,64.0,16.79903404867949,2.0,1.617082962686299,141.1272260350363,4.437607947426784,0.4571307511355102,0.43461044973046625,0.33252622537624477,14.78794329392258,-2.9299614541863175,0.29628479999809465,0.29628479999809465,2.4032301621957197,0.8579020356889829,8.199989346938183,8.0,1.9012937079773529,0.7538232466202331,0.29887114351179533,0.29887114351179533,0.7971108539402597,0.9984094414148676,6.0,d_kam,9.0,2.544491398994489,0.038860103626943004,0.0,edge,3005,0.0,200.0,7587.0,6333.0,6333.0,2957.588658784516,9.0,386.0,240.0,10.553416153619413,3.3353631159989163,,,
9.0,9.0,0.0,0.0,d_kam_delay_0,0.9999316999946403,delay=0,3.2015612263996465,1.2448639902951237,0.0,D1,8.0,64.0,0.824544369660339,2.0,1.0896802109418227,173.96079014008822,4.9343245538895844e-17,0.3675449531362021,0.43287602144306075,0.3304786364258356,12.882551713992143,4.9343245538895844e-17,0.15106747404987367,0.15106747404987367,1.7857077417464848,0.8497207462000071,5.17290553452893,0.0,1.0995828888277088,4.9343245538895844e-17,0.15670751510367795,0.15670751510367795,0.8499942845962749,0.9999316999946403,6.0,d_kam,3.0,2.664535259100374e-16,0.0200445434298441,0.0,edge,3006,0.0,200.0,7418.0,6252.0,6252.0,2576.5103427984286,3.0,449.0,342.0,5.436166918631723,2.9081065710051917,,,
9.0,9.0,0.0,0.0,d_kam_delay_2,0.9996064038570156,delay=2,4.1678826612345246,1.6067250142684504,2.0,D1,8.0,64.0,4.751646532223037,2.0,1.2488980156895786,186.8064779915098,1.448968853784674,0.46900870379386433,0.40854222091895254,0.301751233029319,11.928906319662929,-0.6542226935506318,0.1999967967914691,0.1999967967914691,1.9091020629834146,0.8645312879928515,6.045588592558464,2.0,1.329557095340344,0.3973730801170212,0.20484944873962718,0.20484944873962718,0.8119988770790758,0.9996064038570156,6.0,d_kam,3.0,1.730613204759612,0.02616279069767442,0.0,edge,3006,0.0,200.0,6883.0,6250.0,6250.0,2385.7812639325857,3.0,344.0,252.0,4.838637890129034,2.7202290979912505,,,
14.0,14.0,0.0,0.0,d_kam_delay_4,0.9993681987779582,delay=4,4.173327401229095,1.7920511128286851,4.0,D1,8.0,64.0,7.627351383597929,2.0,1.3343936511528347,176.29324833576877,1.1979551442307403,0.4695804014932943,0.41861535990447535,0.3136431332205612,14.715819904668024,-0.5115972365584274,0.3034340886763332,0.3034340886763332,2.2906668286344045,0.8545949698787012,6.1567350557149165,4.0,1.3326101879802172,0.34317895383615643,0.2938294231318243,0.2938294231318243,0.7925396367302511,0.9993681987779582,6.0,d_kam,8.0,1.5785732936145518,0.03357314148681055,0.0,edge,3006,0.0,200.0,7761.0,6325.0,6325.0,2943.1639809336048,8.0,417.0,285.0,8.690850462852486,3.308798891986953,,,
15.0,15.0,0.06666666666666667,1.0,d_kam_delay_8,0.9994368954935318,delay=8,3.9995828988190176,1.6366213255499182,8.0,D1,8.0,64.0,6.798017773114662,2.0,1.3017765647624269,176.29324833576877,2.640495198127569,0.451337228740236,0.41250366175215475,0.3064279340129604,14.093550084653543,-1.605896368941476,0.2997612983373848,0.2997612983373848,2.2790293282054104,0.8516647079766332,6.378702700928326,8.0,1.3973643153626716,0.5172994145930468,0.2962835864368308,0.2962835864368308,0.8088597643945215,0.9994368954935318,6.0,d_kam,9.0,2.4590529712805314,0.03640776699029126,0.0,edge,3006,0.0,200.0,7906.0,6337.0,6337.0,2818.7100169307087,9.0,412.0,266.0,9.001618792645884,3.1653978880203795,,,
11.0,11.0,0.0,0.0,d_kam_delay_0,1.0000000000000004,delay=0,8.10568344270957,2.141782891396864,0.0,D1,8.0,64.0,0.0,2.0,1.1652376363586,320.42241749590744,2.0185873175002847e-17,0.8930855077348175,0.39347911503145694,0.2839683996899145,12.949507294833893,2.0185873175002847e-17,0.22018723475550694,0.22018723475550694,2.8452219979546602,0.8603582739885735,18.035935156636235,0.0,4.67425768332034,2.0185873175002847e-17,0.22151580779234728,0.22151580779234728,0.7515792001801895,1.0000000000000004,6.0,d_kam,5.0,1.1102230246251565e-16,0.029490616621983913,0.0,edge,3007,0.0,200.0,6941.0,6277.0,6277.0,2589.9014589667786,5.0,373.0,268.0,6.06470502926386,2.947724516998278,,,
12.0,12.0,0.0,0.0,d_kam_delay_2,0.9999755221084234,delay=2,8.260457764972159,2.2741395219451213,2.0,D1,8.0,64.0,0.33668235421464143,2.0,1.2159371574331814,320.42241749590744,5.1420016003107305,0.9093368115723895,0.38345655259316985,0.2721362079224922,12.551357533520786,0.3770827138285085,0.25135268822620543,0.25135268822620543,2.8840733522681314,0.8641335125560283,18.121217489432148,2.0,4.689976052192101,2.7595421570696193,0.25959346825641744,0.25959346825641744,0.7376817539726227,0.9999755221084234,6.0,d_kam,6.0,15.141021629709451,0.032,0.0,edge,3007,0.0,200.0,6939.0,6289.0,6289.0,2510.271506704157,6.0,375.0,266.0,6.861607683652462,2.8444462210172787,,,
14.0,14.0,0.0,0.0,d_kam_delay_4,0.9999200707457743,delay=4,8.111425363431941,2.3607912029497635,4.0,D1,8.0,64.0,1.099390827824009,2.0,1.2185215560377234,314.3310101655311,3.738109839331524,0.8936884094106665,0.38290323516460395,0.271482985958213,19.72116703094798,-1.5156961314588562,0.3043626479218314,0.3043626479218314,3.075274509904836,0.8638464616797922,17.915512017127085,4.0,4.6179188424535855,1.1112068539363338,0.30998984562267873,0.30998984562267873,0.7285833274671352,0.9999200707457743,6.0,d_kam,8.0,6.990073407339224,0.03713527851458886,0.0,edge,3007,0.0,200.0,6948.0,6313.0,6313.0,3944.2334061895963,8.0,377.0,259.0,7.428396723278761,4.448267915984616,,,
15.0,15.0,0.0,0.0,d_kam_delay_8,0.999755062617621,delay=8,8.635936688750801,2.697547249749102,8.0,D1,8.0,64.0,3.369003178943781,2.0,1.2637722481405318,314.3310101655311,6.188361957344431,0.9487620985691467,0.3809408117154913,0.26916623605301054,14.703802961012116,-5.142406498100656,0.3619190303343705,0.3619190303343705,3.260451415732593,0.8652651924061147,18.501780249283158,8.0,4.76540205965972,0.5229777296218874,0.3546350776181216,0.3546350776181216,0.6932239425532046,0.999755062617621,6.0,d_kam,9.0,2.3070680939864836,0.039473684210526314,0.0,edge,3007,0.0,200.0,6943.0,6325.0,6325.0,2940.760592202423,9.0,380.0,259.0,8.736241765815024,3.343598993989872,,,
9.0,9.0,0.0,0.0,d_kam_delay_0,0.9990296406553087,delay=0,3.1203883013391343,1.2459036203955274,0.0,D1,8.0,64.0,12.336718004758383,2.0,1.3743270131800644,165.73024690191164,0.0,0.34988812817892057,0.4055664094877388,0.2982381223119139,19.296358194114873,0.0,0.22525007489360732,0.22525007489360732,2.042637349277446,0.8589974320044484,6.903777628719223,0.0,1.564026394538792,0.0,0.24050171364367384,0.24050171364367384,0.8533993244651294,0.9990296406553087,6.0,d_kam,3.0,0.0,0.024657534246575342,0.0,edge,3008,0.0,200.0,7049.0,6253.0,6253.0,3859.2716388229746,3.0,365.0,266.0,5.084074264314302,4.336460449005244,,,
13.0,13.0,0.0,0.0,d_kam_delay_2,0.9990466298753704,delay=2,3.5294582359447717,1.4587268186823183,2.0,D1,8.0,64.0,12.120724601727686,2.0,1.400386473900144,165.73024690191164,0.5275228050138066,0.39284047131251243,0.5047471101299458,0.41532644945896374,17.613355539215263,0.03795268128848001,0.2559373982084181,0.2559373982084181,2.2631156172067795,0.8264119352613907,7.367297838164846,2.0,1.6771051905831798,0.28273774315114325,0.25865823696172746,0.25865823696172746,0.8310528886450165,0.9990466298753704,6.0,d_kam,7.0,1.1639590765217545,0.025341130604288498,0.0,edge,3008,0.0,200.0,9049.0,6339.0,6339.0,3522.6711078430526,7.0,513.0,381.0,7.83250912771101,3.876324756012764,,,
11.0,11.0,0.0,0.0,d_kam_delay_4,0.9993355229004507,delay=4,3.5255274697993078,1.4055482519663198,4.0,D1,8.0,64.0,8.447866908901595,2.0,1.1544138754008648,165.73024690191164,2.1567294545344704,0.39242774086723875,0.4684939671980958,0.37252760016441855,18.012277013476705,-1.4184363557063462,0.2143260851808275,0.2143260851808275,2.1818100042446176,0.8272002904275996,7.321093014683883,4.0,1.681693588676936,0.3691465494140622,0.21934334686401027,0.21934334686401027,0.8366366381501962,0.9993355229004507,6.0,d_kam,5.0,1.198482344722084,0.021825396825396824,0.0,edge,3008,0.0,200.0,9910.0,6321.0,6321.0,3602.455402695341,5.0,504.0,376.0,6.269469230211968,3.948967555013951,,,
12.0,12.0,0.08333333333333333,1.0,d_kam_delay_8,0.9994408861156393,delay=8,3.7580451113864344,1.4315348086393174,8.0,D1,8.0,64.0,7.108325757498397,2.0,1.1320372162180572,165.73024690191164,5.595084172744994,0.41684209323388705,0.4094578175235741,0.3028321456875527,15.811514510714915,-4.972329880405229,0.20750149009999191,0.20750149009999191,2.239836488105839,0.8532072365618898,7.808242614361079,8.0,1.822343033699942,0.31137714616988327,0.2132676495786416,0.2132676495786416,0.8339080496995315,0.9994408861156393,6.0,d_kam,6.0,0.9942169179244278,0.02977667493796526,0.0,edge,3008,0.0,200.0,8192.0,6305.0,6305.0,3162.302902142983,6.0,403.0,259.0,6.983056624521082,3.5308641309966333,,,
8.0,8.0,0.0,0.0,d_kam_delay_0,0.9997035599152229,delay=0,1.1367924878196876,0.7682824547193747,0.0,D1,8.0,64.0,3.7589631994848967,2.0,1.2681328812112782,76.33453934802787,1.1102230246251565e-16,0.12896624576439225,0.4535104748585111,0.35483875504129786,12.569594289234374,-5.551115123125783e-17,0.2086837807109486,0.2086837807109486,1.5327533124723098,0.8485625104698866,2.4336637558298624,0.0,0.31579974128602906,2.7755575615628914e-17,0.19536083373187196,0.19536083373187196,0.9107248472412269,0.9997035599152229,6.0,d_kam,2.0,1.4432899320127023e-16,0.018306636155606407,0.0,edge,3009,0.0,200.0,7220.0,6241.0,6241.0,2513.9188578468747,2.0,437.0,343.0,4.166085993490831,2.887856097018812,,,
9.0,9.0,0.0,0.0,d_kam_delay_2,0.9994061323143658,delay=2,1.192323199686744,0.8138692054909351,2.0,D1,8.0,64.0,7.53044844573415,2.0,1.3400898843989788,76.33453934802787,1.2696733365223192,0.1347969705104332,0.45124145965876394,0.3521600565415963,12.725200460117776,0.56561771736632,0.22206921545912764,0.22206921545912764,1.5641206008787565,0.8483147926837619,2.4829947356597177,2.0,0.3262498116824944,0.9176455269443196,0.211001163468299,0.211001163468299,0.905938238410213,0.9994061323143658,6.0,d_kam,3.0,4.396876676141579,0.02122641509433962,0.0,edge,3009,0.0,200.0,7342.0,6255.0,6255.0,2545.040092023555,3.0,424.0,326.0,4.920673535591433,2.880612505978206,,,
8.0,8.0,0.0,0.0,d_kam_delay_4,0.9997035599152229,delay=4,1.3435304193384296,0.9481905741009056,4.0,D1,8.0,64.0,3.7589631994848967,2.0,1.2681328812112782,76.33453934802787,1.1315087388323224,0.1506737285738602,0.45353230929881305,0.3548645318110988,13.896242195478408,-0.6168829794810964,0.24692229857079465,0.24692229857079465,1.6265269167146341,0.8461439147908045,2.5391529657214584,4.0,0.33521739472564926,0.25731287967561295,0.2371675742053754,0.2371675742053754,0.891834494706166,0.9997035599152229,6.0,d_kam,2.0,0.9191697348729883,0.017582417582417582,0.0,edge,3009,0.0,200.0,7562.0,6246.0,6246.0,2779.2484390956815,2.0,455.0,360.0,4.166085993490831,3.1646985929983202,,,
6.0,6.0,0.0,0.0,d_kam_delay_8,0.9997863167867813,delay=8,1.085006389196177,0.6935828010540632,8.0,D1,8.0,64.0,2.709577334794654,2.0,1.3173505985936225,76.33453934802787,3.2118942471641794,0.12352870540892365,0.4624062745297124,0.36534074076424383,15.172370340733323,-2.4255882944327594,0.18720216739958942,0.18720216739958942,1.560960300468031,0.8547124967676367,2.461896126552696,8.0,0.3265862699081612,0.3931529763657097,0.1683106206189076,0.1683106206189076,0.9185683108760846,0.9997863167867813,6.0,d_kam,0.0,1.4326369460936608,0.014457831325301205,0.0,edge,3009,0.0,200.0,7207.0,6217.0,6217.0,3034.4740681466646,0.0,415.0,328.0,3.0,3.447813774982933,,,
12.0,12.0,0.0,0.0,d_kam_delay_0,0.9998029947451494,delay=0,8.813270538704502,2.286540923665851,0.0,D1,8.0,64.0,2.780296629877867,2.0,1.1565958137506107,337.73800927616713,1.850371707708594e-17,0.9762468510209722,0.36050924180011834,0.24504563268069524,17.036511721235,-1.850371707708594e-17,0.2383004126032874,0.2383004126032874,2.9991298560141417,0.8890832344988183,21.996154883956986,0.0,5.77226729081594,0.0,0.23789698787338573,0.23789698787338573,0.7338024109475143,0.9998029947451494,6.0,d_kam,6.0,0.0,0.03571428571428571,0.0,edge,3010,0.0,200.0,7049.0,6290.0,6290.0,3407.3023442470003,6.0,336.0,234.0,7.294668119968776,3.843317232996924,,,
11.0,11.0,0.0,0.0,d_kam_delay_2,0.9997643781028794,delay=2,7.881636660370625,2.053505661682029,2.0,D1,8.0,64.0,3.325285749297022,2.0,1.17290136096826,322.14433291247497,4.0359325644739314,0.8784252937959149,0.33371698435073877,0.2134158843029555,23.964276819460792,-2.3194737352825445,0.22628485228206466,0.22628485228206466,2.755367983598877,0.8976933203730152,19.703319833193383,2.0,5.137790370823016,0.8582294145956934,0.24831214122640854,0.24831214122640854,0.7582711134558155,0.9997643781028794,6.0,d_kam,5.0,4.686912796746846,0.033950617283950615,0.0,edge,3010,0.0,200.0,6823.0,6273.0,6273.0,4792.8553638921585,5.0,324.0,237.0,6.67873221646431,5.395905374985887,,,
15.0,15.0,0.0,0.0,d_kam_delay_4,0.9996060639427926,delay=4,7.585372724918944,2.103754598967888,4.0,D1,8.0,64.0,5.559542526283291,2.0,1.2291711683589788,320.94359443966914,5.578034665205747,0.8473175805734887,0.40605965206798816,0.2988204225802638,13.856364575622138,-4.282302988154737,0.2788950989030469,0.2788950989030469,2.9540099514700895,0.8492166316113778,18.433116113171977,4.0,4.769592287008001,0.6478658385255055,0.28126890135262783,0.28126890135262783,0.7529949750408005,0.9996060639427926,6.0,d_kam,9.0,3.260261354948125,0.04065040650406504,0.0,edge,3010,0.0,200.0,7170.0,6331.0,6331.0,2771.2729151244275,9.0,369.0,245.0,10.298281084364929,3.119728320016293,,,
21.0,21.0,0.0,0.0,d_kam_delay_8,0.9996779922186723,delay=8,8.631468264677597,2.5308859937501773,8.0,D1,8.0,64.0,4.544432837087458,2.0,1.2898137022111213,320.94359443966914,6.875412430025809,0.957157612248147,0.5510117882712836,0.46994447226470976,13.95868638472166,-6.164063534421051,0.2948130522953532,0.2948130522953532,3.1003499839110655,0.8219791978448948,19.69641871656532,8.0,5.100975310074247,0.3556744478023786,0.29386961524234756,0.29386961524234756,0.70814617858866,0.9996779922186723,6.0,d_kam,15.0,0.8508989056595766,0.04964539007092199,0.0,edge,3010,0.0,200.0,7098.0,6349.0,6349.0,2791.737276944332,15.0,423.0,276.0,14.520054955193881,3.1381676780001726,,,
10.0,10.0,0.0,0.0,d_kam_delay_0,1.0000000000000004,delay=0,3.330925071734061,1.3461982430816017,0.0,D1,8.0,64.0,0.0,2.0,1.178736304154873,171.86238971753193,0.0,0.3824224875918646,0.37270661136254124,0.25944530508077795,12.238558763929177,0.0,0.23114873743208122,0.23114873743208122,2.1565703326075485,0.8731444268215484,6.714327159136613,0.0,1.511058457000419,0.0,0.24944357974959344,0.24944357974959344,0.8383015063911771,1.0000000000000004,6.0,d_kam,4.0,0.0,0.027624309392265192,0.0,edge,3011,0.0,200.0,6883.0,6265.0,6265.0,2447.7117527858354,4.0,362.0,264.0,7.227576621358662,2.7855689769785386,,,
11.0,11.0,0.0,0.0,d_kam_delay_2,0.9998889752925298,delay=2,3.4428675649482625,1.4795531543551388,2.0,D1,8.0,64.0,1.424173831163098,2.0,1.1986562011407245,171.86238971753193,1.8315673434296635,0.3941764493793559,0.3573156994656446,0.24127547853583045,17.842689344543032,-1.6383628080025439,0.26890141592569383,0.26890141592569383,2.2553401967866376,0.8768080672236216,6.815186215975919,2.0,1.5302334830035058,0.09660226771355986,0.2964086904106351,0.2964086904106351,0.8242992407074555,0.9998889752925298,6.0,d_kam,5.0,0.37232403624292765,0.029891304347826088,0.0,edge,3011,0.0,200.0,6952.0,6278.0,6278.0,3568.5378689086065,5.0,368.0,266.0,7.552755270281352,4.026116779015865,,,
12.0,12.0,0.0,0.0,d_kam_delay_4,0.9997370832369704,delay=4,4.036964436308264,1.9678056239800785,4.0,D1,8.0,64.0,3.372575188104445,2.0,1.2542873599239042,171.86238971753193,3.5296250579225164,0.456556620872156,0.34719430897136677,0.2293266147578635,17.73325881556957,-3.1991480416259077,0.3270279139835546,0.3270279139835546,2.4183824437383334,0.881154416707696,7.093612930209917,4.0,1.592189089800377,0.16523850814830454,0.3450550687819204,0.3450550687819204,0.7730327313968369,0.9997370832369704,6.0,d_kam,6.0,0.8503469916967394,0.032171581769437,0.0,edge,3011,0.0,200.0,7020.0,6291.0,6291.0,3546.651763113914,6.0,373.0,268.0,8.46640288273312,3.99607449900941,,,
12.0,12.0,0.08333333333333333,1.0,d_kam_delay_8,0.9997370832369704,delay=8,4.142457796072909,1.9979576605123437,8.0,D1,8.0,64.0,3.372575188104453,2.0,1.2542873599239042,171.86238971753193,5.699943437075787,0.4676334236474437,0.343856244030065,0.22538584364660447,12.117622488585766,-5.248342214535875,0.3316746771145759,0.3316746771145759,2.4335546530949568,0.8832835750951398,7.159450047680281,8.0,1.609188920002436,0.22580061126995518,0.3529062686961035,0.3529062686961035,0.7698667675609491,0.9997370832369704,6.0,d_kam,6.0,0.9159686438037858,0.0339943342776204,0.0,edge,3011,0.0,200.0,6874.0,6289.0,6289.0,2423.5244977171533,6.0,353.0,248.0,8.46640288273312,2.7568944439990446,,,
11.0,11.0,0.0,0.0,d_kam_delay_0,0.9982431887500355,delay=0,8.636124808879053,3.147600581270229,0.0,D1,8.0,64.0,22.964641557348926,2.0,1.9184515252895178,259.3283576215008,6.459479416000911e-16,0.939882710102099,0.5583298888210484,0.4785838965248488,12.790583668684121,6.459479416000911e-16,0.28476624814231233,0.28476624814231233,2.973102743849736,0.818700377221495,15.792698207758821,0.0,4.013963729796562,6.459479416000911e-16,0.2900066965260526,0.2900066965260526,0.6493245747014114,0.9982431887500355,6.0,d_kam,5.0,3.552713678800501e-15,0.026066350710900472,0.0,edge,3012,0.0,200.0,7036.0,6280.0,6280.0,2558.1167337368242,5.0,422.0,316.0,7.003998262198183,2.896350592985982,,,
17.0,17.0,0.0,0.0,d_kam_delay_2,1.0000000000000007,delay=2,8.79146527886102,3.049855283854454,2.0,D1,8.0,64.0,0.0,2.0,1.119416215903579,262.53066629447153,2.4781203840282826,0.9561934594502055,0.5533235716494016,0.4726736609749879,12.600125233875588,0.5633125655641331,0.2762717712432969,0.2762717712432969,3.0594130381845197,0.8172057871734338,16.247921066272724,2.0,4.144500851487611,1.5207164747962079,0.27518475338370324,0.27518475338370324,0.6595878309300676,1.0000000000000007,6.0,d_kam,11.0,5.924425622345394,0.040380047505938245,0.0,edge,3012,0.0,200.0,7028.0,6351.0,6351.0,2520.0250467751175,11.0,421.0,292.0,13.172103003448838,2.850769978016615,,,
15.0,15.0,0.0,0.0,d_kam_delay_4,0.9989928253430418,delay=4,7.758802434199003,2.469656014166494,4.0,D1,8.0,64.0,13.165560604852999,2.0,1.703065227182253,259.3283576215008,3.500690351765273,0.847763860760694,0.5947400716673927,0.5215681401628942,20.651246579363942,-1.0908325123953313,0.25081789194328996,0.25081789194328996,3.0623304666219378,0.791089256558188,16.26456225484173,4.0,4.15649211053331,1.2049289196849706,0.2510333135267618,0.2510333135267618,0.7205087542473035,0.9989928253430418,6.0,d_kam,9.0,5.886735469704475,0.03296703296703297,0.0,edge,3012,0.0,200.0,7700.0,6334.0,6334.0,4130.249315872788,9.0,455.0,300.0,12.590169997093486,4.63994544299203,,,
31.0,31.0,0.12903225806451613,4.0,d_kam_delay_8,0.996868181660354,delay=8,10.284349055173688,4.125275419603065,8.0,D1,8.0,64.0,40.938424998227184,2.0,4.26962099658695,250.46715861466743,3.1304879694292733,1.1129462559630356,0.6234034797650687,0.5554068858337617,16.1734693798644,-2.1365279718704877,0.4197382465443545,0.4197382465443545,3.5062334910347652,0.7944961849080489,16.995948835250466,8.0,4.307423666022144,0.4969799987793921,0.419101141082322,0.419101141082322,0.5466687166764634,0.996868181660354,6.0,d_kam,25.0,1.2220981862031455,0.07416267942583732,0.0,edge,3012,0.0,200.0,6907.0,6417.0,6417.0,3234.69387597288,25.0,418.0,236.0,26.417981601937417,3.6401599009986967,,,
10.0,10.0,0.0,0.0,d_kam_delay_0,0.999893524991062,delay=0,7.089161460087178,2.084125782172229,0.0,D1,8.0,64.0,1.2760588401778028,2.0,1.2654970135891273,230.58759217475296,0.0,0.7829946388054723,0.6123925153108652,0.542407830575327,15.335444874071982,0.0,0.17874508059755997,0.17874508059755997,2.5503091473140103,0.7870538238271336,13.446812818611823,0.0,3.3883886150119467,0.0,0.17878659198108127,0.17878659198108127,0.758818904883811,0.999893524991062,6.0,d_kam,4.0,0.0,0.020242914979757085,0.0,edge,3013,0.0,200.0,8279.0,6287.0,6287.0,3067.0889748143964,4.0,494.0,360.0,6.922757703157489,3.4086337510088924,,,
14.0,14.0,0.0,0.0,d_kam_delay_2,0.9999929065058499,delay=2,7.119458391123823,2.120872735303215,2.0,D1,8.0,64.0,0.08501258659486977,2.0,1.2633202532993413,230.58759217475296,1.4558240445603505,0.7861758165643199,0.4288591167574039,0.3257364572830463,13.394489639031235,-0.5728351213031988,0.25773411982434674,0.25773411982434674,2.615317728414401,0.8566486708775713,13.569831009078152,2.0,3.412277860804242,0.441494461628576,0.2646592861074443,0.2646592861074443,0.7549604748050576,0.9999929065058499,6.0,d_kam,8.0,2.8076152645277452,0.03571428571428571,0.0,edge,3013,0.0,200.0,7363.0,6331.0,6331.0,2678.897927806247,8.0,392.0,252.0,8.866767437801922,3.014049705991056,,,
14.0,14.0,0.0,0.0,d_kam_delay_4,0.9995912069349855,delay=4,7.333352625660497,2.2133072079561296,4.0,D1,8.0,64.0,4.89921540855501,2.0,1.3846566146882444,230.58759217475296,2.726692979501778,0.8086347111906709,0.6081211231269615,0.5373652148026631,14.073076639033388,-2.094996471974393,0.216171569483428,0.216171569483428,2.744878673149364,0.7902044247729104,13.950989509041406,4.0,3.5184370568660057,0.3158482537636926,0.21531268334733134,0.21531268334733134,0.7452548551765017,0.9995912069349855,6.0,d_kam,8.0,1.9764853957509447,0.029723991507430998,0.0,edge,3013,0.0,200.0,7742.0,6328.0,6328.0,2814.6153278066777,8.0,471.0,310.0,11.270848919610703,3.1504791020124685,,,
16.0,16.0,0.0625,1.0,d_kam_delay_8,1.0000000000000002,delay=8,9.094779803906713,3.1319911307046002,8.0,D1,8.0,64.0,0.0,2.0,1.2358844368785116,238.37025056751526,5.23842319833429,0.9935845649065235,0.552060441586805,0.4711824657622003,20.812770479824394,-4.8274634950158655,0.30620225059083345,0.30620225059083345,3.116502558312906,0.8122328436064449,16.065442128246207,8.0,4.086802488513398,0.20547985165921256,0.3069270300136757,0.3069270300136757,0.6487930432879122,1.0000000000000002,6.0,d_kam,10.0,1.101004677492777,0.037037037037037035,0.0,edge,3013,0.0,200.0,7079.0,6305.0,6305.0,4162.554095964879,10.0,432.0,296.0,11.23889410794278,4.692521288001444,,,
9.0,9.0,0.0,0.0,d_kam_delay_0,0.9997696521265842,delay=0,4.12931190121526,1.606946670699,0.0,D1,8.0,64.0,2.496857684044735,2.0,1.1252853916821366,139.46722473522158,3.9474596431116675e-16,0.459857166275174,0.4418626232390461,0.3410878191016517,14.045113075699192,3.9474596431116675e-16,0.19453668296971613,0.19453668296971613,1.9623053183461945,0.8486873071996299,6.031252952381242,0.0,1.3257985637554879,3.9474596431116675e-16,0.19399858890029564,0.19399858890029564,0.8140871788859613,0.9997696521265842,6.0,d_kam,3.0,2.1316282072802993e-15,0.02127659574468085,0.0,edge,3014,0.0,200.0,7080.0,6252.0,6252.0,2809.0226151398383,3.0,423.0,321.0,5.947809782314822,3.1874616429849993,,,
10.0,10.0,0.0,0.0,d_kam_delay_2,0.999100519641727,delay=2,3.624168712345782,1.420110131939731,2.0,D1,8.0,64.0,9.749924802430861,2.0,1.4293817583429649,139.46722473522158,1.8661043087776172,0.40681713144387877,0.5081590701661,0.41935445783497904,15.964157950802473,-0.3445697039755743,0.16226695044922074,0.16226695044922074,1.8023520751242232,0.8288227269267577,5.512278488851437,2.0,1.1842729055757033,0.7607673024010213,0.16155905207557528,0.16155905207557528,0.8337050154556845,0.999100519641727,6.0,d_kam,4.0,3.5724650496432804,0.023809523809523808,0.0,edge,3014,0.0,200.0,6920.0,6253.0,6253.0,3192.8315901604947,4.0,420.0,320.0,6.465335706110201,3.6086544090067036,,,
10.0,10.0,0.0,0.0,d_kam_delay_4,0.999100519641727,delay=4,3.5768691585387042,1.419908291076805,4.0,D1,8.0,64.0,9.749924802430879,2.0,1.4293817583429655,139.46722473522158,2.6171443176639713,0.4018506782941357,0.5092785962084667,0.42067612052388426,13.468820685520768,-1.8925345176747683,0.1686428657920046,0.1686428657920046,1.8280670113771598,0.8285524515459542,5.483615222760917,4.0,1.1743770757917154,0.36230489999460147,0.16760770213415582,0.16760770213415582,0.8337262087462918,0.999100519641727,6.0,d_kam,4.0,1.8706151885061955,0.023809523809523808,0.0,edge,3014,0.0,200.0,6940.0,6253.0,6253.0,2693.7641371041536,4.0,420.0,320.0,6.465335706110201,3.0647865409846418,,,
10.0,10.0,0.0,0.0,d_kam_delay_8,0.9995956065628266,delay=8,3.837630354474198,1.5363551477089668,8.0,D1,8.0,64.0,4.383426015672341,2.0,1.160120181767065,139.46722473522158,4.485677326582648,0.42923060386736245,0.42812974952966215,0.32487539875029553,11.927303965494502,-3.536693525801824,0.22161230872954427,0.22161230872954427,2.005822296667148,0.8541491129850666,5.939843874505778,8.0,1.2935141270592347,0.4744919003904123,0.22760021745959308,0.22760021745959308,0.8214992887999147,0.9995956065628266,6.0,d_kam,4.0,1.528870266407934,0.024213075060532687,0.0,edge,3014,0.0,200.0,6978.0,6265.0,6265.0,2385.4607930989005,4.0,413.0,313.0,6.165984084711287,2.712325928005157,,,
11.0,11.0,0.0,0.0,d_kam_delay_0,0.9997472921642311,delay=0,5.24265466505396,1.9355241557627934,0.0,D1,8.0,64.0,3.167126665772033,2.0,1.2684050039552142,214.6573026963852,0.0,0.5774281027129134,0.37181926147485705,0.2583977392411507,13.801064895524178,0.0,0.25511610810918717,0.25511610810918717,2.3591150989089753,0.8723883563706869,7.851469897402292,0.0,1.8221386283075298,0.0,0.26014898664415553,0.26014898664415553,0.778606008094481,0.9997472921642311,6.0,d_kam,5.0,0.0,0.02972972972972973,0.0,edge,3015,0.0,200.0,7404.0,6279.0,6279.0,2760.2129791048355,5.0,370.0,260.0,7.212839318891709,3.103456913988339,,,
12.0,12.0,0.08333333333333333,1.0,d_kam_delay_2,0.9991131746409403,delay=2,5.113176751385042,2.111024246568068,2.0,D1,8.0,64.0,11.114369421959168,2.0,1.4074938337930636,208.85600230840032,2.2449233868398903,0.5638329217776772,0.35765455303183896,0.2416755139959211,12.859390456724213,-0.8394453855312157,0.2981384128796176,0.2981384128796176,2.445511816889059,0.8780651289508683,7.532189931141501,2.0,1.7218179143004384,0.7027390006543376,0.3012465933747648,0.3012465933747648,0.7601784985599273,0.9991131746409403,6.0,d_kam,6.0,2.794031546766897,0.03314917127071823,0.0,edge,3015,0.0,200.0,7256.0,6289.0,6289.0,2571.8780913448427,6.0,362.0,248.0,7.82367953606364,2.898162858997239,,,
14.0,14.0,0.0,0.0,d_kam_delay_4,0.9999999999999999,delay=4,4.753085181028965,1.6826444947377286,4.0,D1,8.0,64.0,0.0,2.0,1.2301469604509148,189.93542872801288,2.216576119834092,0.5260233068902891,0.454294979047402,0.35576490581984954,15.524213301105192,-1.682704974019991,0.22049839857254291,0.22049839857254291,2.3715406956791143,0.8408694785297809,7.626092742548505,4.0,1.7636993017173723,0.26693557290705056,0.21833304767085437,0.21833304767085437,0.8051583725021128,0.9999999999999999,6.0,d_kam,8.0,1.468757110304082,0.03211009174311927,0.0,edge,3015,0.0,200.0,8365.0,6342.0,6342.0,3104.8426602210384,8.0,436.0,256.0,11.190588705160797,3.4430835350067355,,,
14.0,14.0,0.0,0.0,d_kam_delay_8,0.9999323711448352,delay=8,5.418102171823213,1.9757543718905595,8.0,D1,8.0,64.0,0.8475762135177972,2.0,1.20934425907265,189.93541959000197,4.221219727129545,0.5958500909236851,0.38952633844613943,0.2793019273322479,15.280404060613364,-3.720744352318381,0.2707225006794274,0.2707225006794274,2.580655434663618,0.8577612533849605,8.625933503712504,8.0,2.0349491193108538,0.2502376874055816,0.2787164458264953,0.2787164458264953,0.7743818354010653,0.9999323711448352,6.0,d_kam,8.0,1.3631520712929937,0.03341288782816229,0.0,edge,3015,0.0,200.0,8077.0,6326.0,6326.0,3056.080812122673,8.0,419.0,247.0,10.435127697588769,3.4023847279895563,,,
11.0,11.0,0.0,0.0,d_kam_delay_0,0.9998051027718424,delay=0,5.0036828601046714,1.6234907027450731,0.0,D1,8.0,64.0,2.2300731759378882,2.0,1.174198519176742,194.13223715710814,4.0371746350005693e-17,0.5573425964788383,0.3834311199120761,0.2721061832295344,11.974022285285173,-4.0371746350005693e-17,0.24094666915215776,0.24094666915215776,2.478042571600546,0.875340568709737,12.041087048864808,0.0,2.9927620052074615,0.0,0.2543220092802715,0.2543220092802715,0.8097425026991707,0.9998051027718424,6.0,d_kam,5.0,0.0,0.031791907514450865,0.0,edge,3016,0.0,200.0,7041.0,6286.0,6286.0,2394.8044570570346,5.0,346.0,240.0,6.865693751780849,2.720934570010286,,,
12.0,12.0,0.0,0.0,d_kam_delay_2,0.9995832981050113,delay=2,4.849563944272582,1.6352394602913198,2.0,D1,8.0,64.0,4.7680294233019165,2.0,1.251553226211025,194.13223715710814,2.1973461824578036,0.5411601103164688,0.37013162452155335,0.25640539006016716,12.015212925325613,0.4957389711233893,0.2873217792428954,0.2873217792428954,2.5065051727422603,0.8807791519237537,11.870288104946871,2.0,2.9328260228585834,1.3465425767905963,0.3077967094996881,0.3077967094996881,0.8085088831568146,0.9995832981050113,6.0,d_kam,6.0,6.892850122402167,0.034383954154727794,0.0,edge,3016,0.0,200.0,7037.0,6298.0,6298.0,2403.0425850651227,6.0,349.0,237.0,7.93046025761078,2.7339518690132536,,,
12.0,12.0,0.0,0.0,d_kam_delay_4,0.9999984267330534,delay=4,5.056380909677947,1.6504361447916829,4.0,D1,8.0,64.0,0.01800179740412805,2.0,1.1152176178648159,194.13223715710814,2.2149472006530906,0.5628758916840322,0.4189738439041419,0.31406634349794527,11.975073150533717,-0.985180792092538,0.22256971243709447,0.22256971243709447,2.473583855545266,0.8561012295041438,12.089929009755592,4.0,3.010871193739813,0.6148832042802764,0.2234867485687038,0.2234867485687038,0.8069132312842767,0.9999984267330534,6.0,d_kam,6.0,2.6910496250261424,0.02810304449648712,0.0,edge,3016,0.0,200.0,7122.0,6298.0,6298.0,2395.0146301067434,6.0,427.0,312.0,7.021212536191813,2.716329680988565,,,
13.0,13.0,0.07692307692307693,1.0,d_kam_delay_8,0.999585455262779,delay=8,5.0925400146585,1.6829261008031813,8.0,D1,8.0,64.0,4.743346570090049,2.0,1.2530509365824851,191.0578417829159,7.055932958677345,0.5666725977069903,0.37635686310351685,0.26375463005276295,12.23781740438426,-6.046760755474738,0.29726564168736275,0.29726564168736275,2.5540698792417866,0.878818863169665,12.009771452566813,8.0,2.968473230786301,0.5045861016013025,0.31585004701709896,0.31585004701709896,0.8035017859030692,0.999585455262779,6.0,d_kam,7.0,2.6040593221712163,0.037142857142857144,0.0,edge,3016,0.0,200.0,7104.0,6306.0,6306.0,2447.563480876852,7.0,350.0,235.0,8.469321507752905,2.780270824994659,,,
11.0,11.0,0.0,0.0,d_kam_delay_0,0.9999999999999994,delay=0,3.876706639906012,1.5399444689299335,0.0,D1,8.0,64.0,0.0,2.0,1.2308259529105112,151.69131028963972,2.0185873175002846e-16,0.43581397898329644,0.4301664906127735,0.3272798847511909,14.06850621526246,1.2111523905001707e-16,0.24834017627489402,0.24834017627489402,2.2548870166582544,0.8702792779440662,8.68281229423502,0.0,2.0469372568104665,1.6148698540002277e-16,0.2682716814327952,0.2682716814327952,0.8201992334524908,0.9999999999999994,6.0,d_kam,5.0,8.881784197001252e-16,0.03142857142857143,0.0,edge,3017,0.0,200.0,6927.0,6283.0,6283.0,2813.701243052492,5.0,350.0,241.0,7.654783894768881,3.193121907999739,,,
9.0,9.0,0.0,0.0,d_kam_delay_2,0.9999999999999994,delay=2,3.912627487183483,1.5140855145894736,2.0,D1,8.0,64.0,0.0,2.0,1.1339159805909973,151.69131028963972,2.1855706495369818,0.43958566794743076,0.36158786376584645,0.2463190058346798,12.501678035332588,-1.1655491812154872,0.21751631537534125,0.21751631537534125,2.2491639381279596,0.8758850891773875,8.694640777005535,2.0,2.068779736134269,0.5100107341607472,0.23907455428331367,0.23907455428331367,0.8229144236582391,0.9999999999999994,6.0,d_kam,3.0,1.634535876969812,0.025423728813559324,0.0,edge,3017,0.0,200.0,7255.0,6268.0,6268.0,2500.3356070665177,3.0,354.0,252.0,5.7179310754659705,2.841193080996163,,,
12.0,12.0,0.0,0.0,d_kam_delay_4,1.0,delay=4,4.111924680181425,1.6199801263757152,4.0,D1,8.0,64.0,0.0,2.0,1.0842498942478316,151.69131028963972,4.222635194278104,0.4605118732122147,0.37332595679917546,0.26017647677680433,11.211071315774461,-2.9033391314838224,0.21122309505084336,0.21122309505084336,2.338097049911632,0.8660048947473203,8.935946287103201,4.0,2.1385300543635717,0.6596480313971411,0.23922587909375234,0.23922587909375234,0.8117954894206837,1.0,6.0,d_kam,6.0,3.4271437064288937,0.03498542274052478,0.0,edge,3017,0.0,200.0,6848.0,6286.0,6286.0,2242.2142631548923,6.0,343.0,234.0,9.30268604426766,2.563339579006424,,,
9.0,9.0,0.0,0.0,d_kam_delay_8,1.0000000000000004,delay=8,3.49748917647385,1.3089323388894532,8.0,D1,8.0,64.0,0.0,2.0,1.1268397541991806,144.3296153610135,9.045831170652583,0.3959961453229192,0.3613609489853842,0.24605112032996737,11.854993545566685,-7.9318188741859315,0.20866100847707517,0.20866100847707517,2.27151024553962,0.878577188016564,8.371111069691807,8.0,1.980243587361342,0.5570061482333257,0.22177895704406797,0.22177895704406797,0.8444555071067412,1.0000000000000004,6.0,d_kam,3.0,2.89320561230325,0.02608695652173913,0.0,edge,3017,0.0,200.0,7019.0,6260.0,6260.0,2370.998709113337,3.0,345.0,246.0,5.636427688493594,2.70035969701712,,,
11.0,11.0,0.0,0.0,d_kam_delay_0,1.0000000000000004,delay=0,8.47126489662064,2.3758497518551605,0.0,D1,8.0,64.0,0.0,2.0,1.1214301019227928,248.8987966335077,0.0,0.9318884093093917,0.4378095385995094,0.3363029275133097,12.879930354247335,0.0,0.2114605193074735,0.2114605193074735,2.90940249913731,0.8505456022500968,17.742074376651114,0.0,4.589928384395726,0.0,0.21149158622716477,0.21149158622716477,0.7277823636890592,1.0000000000000004,6.0,d_kam,5.0,0.0,0.02588235294117647,0.0,edge,3018,0.0,200.0,7163.0,6281.0,6281.0,2575.986070849467,5.0,425.0,322.0,7.779043320501005,2.9123116609989665,,,
13.0,13.0,0.0,0.0,d_kam_delay_2,1.0000000000000002,delay=2,7.889409036480727,2.3260582046334313,2.0,D1,8.0,64.0,0.0,2.0,1.2237435915730683,234.39527835991782,2.518890441518972,0.8707935439947004,0.5282670035868984,0.4430929903456438,12.842805266700452,-0.9624003969366258,0.2514961524210313,0.2514961524210313,2.8123512575482357,0.8241253992986932,16.180157538961748,2.0,4.134873761197087,0.778245022291173,0.24707493850651782,0.24707493850651782,0.7330104761473407,1.0000000000000002,6.0,d_kam,7.0,4.165502020507759,0.030660377358490566,0.0,edge,3018,0.0,200.0,6995.0,6275.0,6275.0,2568.5610533400904,7.0,424.0,308.0,8.177455135699157,2.9113235989934765,,,
16.0,16.0,0.0,0.0,d_kam_delay_4,0.9994725168263602,delay=4,7.994679039492338,2.2283990522906287,4.0,D1,8.0,64.0,5.708194469930846,2.0,1.450873195500523,239.05848858806422,4.26534839109986,0.8818468943109194,0.5372450047944894,0.45369201954905025,13.444395155383972,-3.6680017271544196,0.2079516276119103,0.2079516276119103,2.8041072125592836,0.8212651359237868,16.854959813081962,4.0,4.334678202476123,0.2986733319727203,0.20857109759498493,0.20857109759498493,0.7432646871433352,0.9994725168263602,6.0,d_kam,10.0,1.3480848813661694,0.037037037037037035,0.0,edge,3018,0.0,200.0,7123.0,6309.0,6309.0,2688.8790310767945,10.0,432.0,296.0,10.183092007697118,3.046600606990978,,,
21.0,21.0,0.0,0.0,d_kam_delay_8,1.0,delay=8,9.364394714027064,2.7948527681843194,8.0,D1,8.0,64.0,0.0,2.0,1.181137294477864,244.5851618944838,5.7785299335636315,1.0256670401370658,0.39772966586052666,0.288986411085344,23.39035195444012,-5.081656510160117,0.33350658816008016,0.33350658816008016,3.2827619442711504,0.86131241674289,18.717660158433397,8.0,4.831698256443303,0.34843671170175694,0.34299623468414686,0.34299623468414686,0.6837870469744977,1.0,6.0,d_kam,15.0,0.8530205845701706,0.056,0.0,edge,3018,0.0,200.0,7088.0,6405.0,6405.0,4678.070390888024,15.0,375.0,233.0,14.934813754110749,5.254688159999205,,,
8.0,8.0,0.0,0.0,d_kam_delay_0,0.9999999999999999,delay=0,4.357578123960064,1.5695983002290617,0.0,D1,8.0,64.0,0.0,2.0,1.0843544413707038,176.0732498317264,4.440892098500626e-16,0.4833187414403896,0.4268505700873888,0.3233652563531673,13.017039086407749,-4.440892098500626e-16,0.21274659457605147,0.21274659457605147,2.4287720260446566,0.8563039187615766,9.227763207392405,0.0,2.213403537549746,0.0,0.20278123538791576,0.20278123538791576,0.8178321958989977,0.9999999999999999,6.0,d_kam,2.0,0.0,0.019138755980861243,0.0,edge,3019,0.0,200.0,6912.0,6241.0,6241.0,2603.40781728155,2.0,418.0,328.0,4.001069158234671,2.9438846120028757,,,
8.0,8.0,0.0,0.0,d_kam_delay_2,0.9999999999999999,delay=2,4.35313166263159,1.5734031373425392,2.0,D1,8.0,64.0,0.0,2.0,1.0843544413707038,176.0732498317264,1.357242669423776,0.48285186300089983,0.42757219906027055,0.3242171794461527,13.538502735318616,-0.529006212675535,0.21946650560662775,0.21946650560662775,2.46067979789324,0.8561677554915369,9.243463808636227,2.0,2.2158249627012716,0.4141182283741205,0.20754184847556964,0.20754184847556964,0.8174326880020826,0.9999999999999999,6.0,d_kam,2.0,1.6273098268279402,0.019138755980861243,0.0,edge,3019,0.0,200.0,6921.0,6241.0,6241.0,2707.700547063723,2.0,418.0,328.0,4.001069158234671,3.0644373210088816,,,
11.0,11.0,0.0,0.0,d_kam_delay_4,0.9999999999999999,delay=4,4.513947455854393,1.6619805062564978,4.0,D1,8.0,64.0,0.0,2.0,1.1464750362844898,176.0732498317264,5.289861889983883,0.4997375212892942,0.42658730673955264,0.3230544593453052,14.8175763139443,-4.072721206689451,0.24274516417189107,0.24274516417189107,2.5754407957818546,0.8544996984511486,9.576976019000407,4.0,2.302973903955946,0.6085703416472167,0.23821565993177188,0.23821565993177188,0.808132064266117,0.9999999999999999,6.0,d_kam,5.0,3.1316114769447547,0.02588235294117647,0.0,edge,3019,0.0,200.0,7054.0,6275.0,6275.0,2963.51526278886,5.0,425.0,316.0,6.8120855624697185,3.3631681150000077,,,
12.0,12.0,0.08333333333333333,1.0,d_kam_delay_8,1.0000000000000002,delay=8,4.302181388887067,1.6763153468461474,8.0,D1,8.0,64.0,0.0,2.0,1.1944423143958698,163.35227240579383,11.476040598665803,0.477502084257725,0.40166703425083305,0.293634693212789,24.138043303828454,-10.298270409574839,0.28967831819047474,0.28967831819047474,2.7252068095308313,0.8583218255099894,9.924808788160274,8.0,2.390065949767415,0.5888850945454841,0.3072570632918042,0.3072570632918042,0.8066269060042037,1.0000000000000002,6.0,d_kam,6.0,2.5483703989271294,0.03296703296703297,0.0,edge,3019,0.0,200.0,7269.0,6295.0,6295.0,4827.608660765691,6.0,364.0,243.0,7.492950779828168,5.438445017003687,,,
10.0,10.0,0.0,0.0,d_kam_delay_0,1.0000000000000002,delay=0,6.022077002077341,1.8715797408818307,0.0,D1,8.0,64.0,0.0,2.0,1.2245894085231201,286.08154929894414,0.0,0.6569092961787609,0.6226955055708173,0.5545710829655481,12.696360650588758,0.0,0.20647536448688839,0.20647536448688839,2.4822194751238547,0.7963836480463202,13.674349430507238,0.0,3.4399404819247064,0.0,0.20397658951972308,0.20397658951972308,0.7860807893745894,1.0000000000000002,6.0,d_kam,4.0,0.0,0.023474178403755867,0.0,edge,3020,0.0,200.0,7047.0,6260.0,6260.0,2539.2721301177517,4.0,426.0,320.0,5.607164305571051,2.8831735319981817,,,
13.0,13.0,0.0,0.0,d_kam_delay_2,1.0,delay=2,6.963061366941891,2.1233973199094156,2.0,D1,8.0,64.0,0.0,2.0,1.1634415842000294,313.11991388822594,2.5213083676819443,0.7557126544895386,0.6264588802834578,0.559013955890193,13.173147119523492,-1.6035146877462507,0.2494127381060072,0.2494127381060072,2.747384657730779,0.7939809263039439,15.965549498615369,2.0,4.067464275639808,0.45889683996784664,0.24772943944298137,0.24772943944298137,0.7596399435766927,1.0,6.0,d_kam,7.0,2.34709856623681,0.029612756264236904,0.0,edge,3020,0.0,200.0,7247.0,6297.0,6297.0,2634.6294239046983,7.0,439.0,308.0,8.234775847986372,2.9867995509994216,,,
13.0,13.0,0.15384615384615385,2.0,d_kam_delay_4,0.9998082058307307,delay=4,6.26261869092758,1.9007817098806477,4.0,D1,8.0,64.0,2.941451707594818,2.0,1.2016227703184303,294.39171056572576,4.0923390295219155,0.6821661735080359,0.4081871843099634,0.3013320925881512,13.073323840799276,-3.0595007312294644,0.2603753504985077,0.2603753504985077,2.674817569010391,0.8599166564189673,14.545631618034086,4.0,3.6865113797038247,0.5164191491462256,0.25579048018814565,0.25579048018814565,0.7830145826297135,0.9998082058307307,6.0,d_kam,7.0,2.380227254260035,0.03551912568306011,0.0,edge,3020,0.0,200.0,6868.0,6301.0,6301.0,2614.664768159855,7.0,366.0,260.0,7.711053915705442,3.0123120880161878,,,
17.0,17.0,0.058823529411764705,1.0,d_kam_delay_8,0.9999901908744223,delay=8,6.269502801689127,2.0761399507753815,8.0,D1,8.0,64.0,0.15043767644875616,2.0,1.1401496567857183,275.49893596239065,8.024144657934894,0.6828890051379986,0.40590144865652583,0.2986336546639541,13.759116794244619,-5.757512144087837,0.28379932573310435,0.28379932573310435,2.9995987075759785,0.870061509667267,14.873115937223199,8.0,3.7689471074175755,1.1333162569235287,0.2833781770819582,0.2833781770819582,0.7646019673357665,0.9999901908744223,6.0,d_kam,11.0,5.901023121005994,0.04843304843304843,0.0,edge,3020,0.0,200.0,7140.0,6342.0,6342.0,2751.823358848924,11.0,351.0,219.0,11.916997662026139,3.1324746109894477,,,
11.0,11.0,0.0,0.0,d_kam_delay_0,0.9992762363815264,delay=0,4.888634777065891,1.6482269734073025,0.0,D1,8.0,64.0,7.869089297839931,2.0,1.3296389968039408,185.58616803114234,0.0,0.5417086188077023,0.413534697131178,0.30764512855764076,30.05116459025885,0.0,0.21557549728325845,0.21557549728325845,2.2010918195119977,0.8634238978017555,9.048184097454087,0.0,2.162687603099575,0.0,0.21535299805158162,0.21535299805158162,0.8084381241229402,0.9992762363815264,6.0,d_kam,5.0,0.0,0.028795811518324606,0.0,edge,3021,0.0,200.0,6992.0,6276.0,6276.0,6010.23291805177,5.0,382.0,277.0,7.381753562460939,6.79709284400451,,,
10.0,10.0,0.0,0.0,d_kam_delay_2,0.9997645437109406,delay=2,4.9059364305402235,1.6058803592026667,2.0,D1,8.0,64.0,2.559988533626,2.0,1.234107151974511,185.09783178156994,1.5135621294130608,0.5435252924225071,0.43947217650424136,0.33826576392861823,20.13324909072253,-0.3756762284747488,0.2103387320466208,0.2103387320466208,2.1656833151049573,0.8551638157010798,9.298016543521463,2.0,2.2318672981454775,0.568942950469156,0.20301533861572976,0.20301533861572976,0.8128845186144271,0.9997645437109406,6.0,d_kam,4.0,1.6102642062523278,0.02304147465437788,0.0,edge,3021,0.0,200.0,7427.0,6289.0,6289.0,4026.649818144506,4.0,434.0,320.0,7.0541945682030525,4.55202487797942,,,
14.0,14.0,0.0,0.0,d_kam_delay_4,0.9995893673347928,delay=4,4.723209647331858,1.5686307579190601,4.0,D1,8.0,64.0,4.4645862663577,2.0,1.2644371992628274,183.9236924357752,1.6744093325646607,0.5243389801856287,0.4457461276081823,0.3456725117596595,29.8744677954528,-0.9200551374809072,0.2421150302356706,0.2421150302356706,2.3100207296093287,0.8434603955778431,9.565715963052387,4.0,2.2997142192526683,0.3771770975418768,0.2544128227653674,0.2544128227653674,0.816795726749206,0.9995893673347928,6.0,d_kam,8.0,1.8561236035384783,0.03263403263403263,0.0,edge,3021,0.0,200.0,8334.0,6315.0,6315.0,5974.89355909056,8.0,429.0,259.0,10.736161860741825,6.717681273992639,,,
14.0,14.0,0.07142857142857142,1.0,d_kam_delay_8,0.9989251178808286,delay=8,5.42224998606528,1.8976988512400599,8.0,D1,8.0,64.0,11.68661033039539,2.0,1.4571964335926002,185.671842931225,4.195167099060233,0.5977382157526382,0.38985722666440525,0.27969255925658953,23.60223434443469,-3.8870387195623257,0.2546290657713343,0.2546290657713343,2.3746100746574417,0.8682950734350974,9.533837906079684,8.0,2.289929691515331,0.15406418974895383,0.28421803459726896,0.28421803459726896,0.7822435769505008,0.9989251178808286,6.0,d_kam,8.0,0.8922599760649702,0.037940379403794036,0.0,edge,3021,0.0,200.0,7239.0,6319.0,6319.0,4720.446868886938,8.0,369.0,239.0,10.52609119424982,5.392418878007447,,,
7.0,7.0,0.0,0.0,d_kam_delay_0,0.9998693336783411,delay=0,3.6505010719700883,1.3840608067516622,0.0,D1,8.0,64.0,1.4561766440154766,2.0,1.1564601198653288,161.0573561627013,0.0,0.4132498429480146,0.4313480303491498,0.3286747580510797,44.20198536870885,0.0,0.1703097533827369,0.1703097533827369,2.0815815274798175,0.8413777461753875,6.310517615345386,0.0,1.4142948342105512,0.0,0.1733574724357051,0.1733574724357051,0.835428453139222,0.9998693336783411,6.0,d_kam,1.0,0.0,0.01545253863134658,0.0,edge,3022,0.0,200.0,7469.0,6237.0,6237.0,8840.39707374177,1.0,453.0,360.0,3.819532683795,9.88069366000127,,,
17.0,17.0,0.0,0.0,d_kam_delay_2,0.9998070667264767,delay=2,4.049348208671724,1.5527658851075872,2.0,D1,8.0,64.0,2.1500944022355157,2.0,1.208067171114246,157.0176892956411,0.8383712046788918,0.45512879230168646,0.47205362596677064,0.3767299750996597,32.57886995037552,-0.3549742543393494,0.20083993290442884,0.20083993290442884,2.3316743606275065,0.8207243715313737,7.082908242147685,2.0,1.620023158860774,0.24169847516977114,0.2051437946767631,0.2051437946767631,0.81771441991185,0.9998070667264767,6.0,d_kam,11.0,1.0498479045621942,0.031135531135531136,0.0,edge,3022,0.0,200.0,8753.0,6380.0,6380.0,6515.773990075104,11.0,546.0,292.0,11.570270596037137,7.157242282992229,,,
16.0,16.0,0.0,0.0,d_kam_delay_4,0.999865238230514,delay=4,4.217529118333292,1.672907392097665,4.0,D1,8.0,64.0,1.5018172911079684,2.0,1.1875150188508052,157.0176892956411,2.32116819730129,0.47278778781615094,0.5319230740383263,0.4474091846285797,31.17520081010298,-1.9188250163293454,0.2544445019140944,0.2544445019140944,2.410291151273862,0.8020532710103171,7.23926207997535,4.0,1.6438112732769974,0.20117159048597227,0.24843174926528777,0.24843174926528777,0.8050995616778917,0.999865238230514,6.0,d_kam,10.0,1.2002624173987613,0.025518341307814992,0.0,edge,3022,0.0,200.0,10541.0,6396.0,6396.0,6235.040162020596,10.0,627.0,376.0,10.953920777226879,6.77655903599225,,,
13.0,13.0,0.15384615384615385,2.0,d_kam_delay_8,0.9995438303555833,delay=8,3.9152451706645053,1.5735930480460507,8.0,D1,8.0,64.0,5.0836632842940155,2.0,1.2580930616824402,161.0573561627013,4.807902262656418,0.4410479733109283,0.3789530407907661,0.2668195620446544,21.007001274847426,-4.3773314049310965,0.28403674022670083,0.28403674022670083,2.2453364854931332,0.8622260112310508,7.086259242549447,8.0,1.6020413032345031,0.21528542886266017,0.2872739726557624,0.2872739726557624,0.8155275678033113,0.9995438303555833,6.0,d_kam,7.0,0.8687554892607343,0.03485254691689008,0.0,edge,3022,0.0,200.0,7387.0,6313.0,6313.0,4201.400254969485,7.0,373.0,247.0,7.731742179811927,4.734636287001194,,,
11.0,11.0,0.0,0.0,d_kam_delay_0,0.9991556337431218,delay=0,6.243872763039511,1.8551877805660741,0.0,D1,8.0,64.0,9.132040077977546,2.0,1.3166750542329388,218.24070172474677,2.0185873175002847e-17,0.6937292363336838,0.37929218153927885,0.2672199365394264,19.544605775154196,2.0185873175002847e-17,0.2660186419597112,0.2660186419597112,2.923284253413492,0.8742926286829495,15.790042486295853,0.0,4.0331427136836115,2.0185873175002847e-17,0.2685283980352862,0.2685283980352862,0.7828266824993002,0.9991556337431218,6.0,d_kam,5.0,1.1102230246251565e-16,0.03125,0.0,edge,3023,0.0,200.0,7091.0,6289.0,6289.0,3908.921155030839,5.0,352.0,246.0,6.373595463510405,4.444110067008296,,,
13.0,13.0,0.0,0.0,d_kam_delay_2,0.9987516793817952,delay=2,6.2392087208549105,1.90881198562036,2.0,D1,8.0,64.0,13.500911272509274,2.0,1.5059234056031774,218.24070172474677,2.3803564918653897,0.6932395119043006,0.361849753868449,0.24662818165025224,18.691066281171516,-0.43004757887765027,0.31425445282356373,0.31425445282356373,2.9643591538274245,0.882453022311833,15.817158786876735,2.0,4.027882282903872,0.9751544564938697,0.31706243036774245,0.31706243036774245,0.7771961409686002,0.9987516793817952,6.0,d_kam,7.0,4.860850044048668,0.0377906976744186,0.0,edge,3023,0.0,200.0,6862.0,6306.0,6306.0,3738.213256234303,7.0,344.0,238.0,7.37708722040217,4.262540652998723,,,
12.0,12.0,0.0,0.0,d_kam_delay_4,0.998444477006299,delay=4,6.443969533161869,2.087681668929398,4.0,D1,8.0,64.0,16.823384644971213,2.0,1.67336544350781,218.24070172474677,8.126150642149748,0.7147393971965315,0.35037949719903255,0.23308690641552446,18.853286189987557,-5.680265124047916,0.351168414241124,0.351168414241124,3.0624848864660197,0.8888376755848475,15.97434090027717,4.0,4.061644604565279,1.222942759050917,0.35464919182386095,0.35464919182386095,0.7584148242211513,0.998444477006299,6.0,d_kam,6.0,4.945759496679237,0.03508771929824561,0.0,edge,3023,0.0,200.0,6844.0,6294.0,6294.0,3770.6572379975114,6.0,342.0,240.0,6.753285846251604,4.303373723989353,,,
18.0,18.0,0.05555555555555555,1.0,d_kam_delay_8,0.9989636981280258,delay=8,6.446289482041674,2.071452246620987,8.0,D1,8.0,64.0,11.207873539079113,2.0,1.371229756325256,215.25181136583015,8.438987867523624,0.7149829918289109,0.36870232319014595,0.2547180204328112,19.204356625123182,-6.686913061091044,0.3325237915070654,0.3325237915070654,3.179086405145487,0.8815080681381379,16.12129560667091,8.0,4.106715378598909,0.8760374032162895,0.32975697746648513,0.32975697746648513,0.7601189135635346,0.9989636981280258,6.0,d_kam,12.0,4.312312515240824,0.05278592375366569,0.0,edge,3023,0.0,200.0,6907.0,6360.0,6360.0,3840.8713250246365,12.0,341.0,216.0,11.178230083468286,4.36700680697686,,,
13.0,13.0,0.0,0.0,d_kam_delay_0,0.9999999999999997,delay=0,5.083431368094553,1.6820336339011943,0.0,D1,8.0,64.0,0.0,2.0,1.1446705158511228,190.92846763885984,0.0,0.557147015794943,0.38577570947858597,0.27487410146777513,21.96585339930607,0.0,0.22429282517206314,0.22429282517206314,2.5771702379602077,0.8629504071071074,11.153706182615757,0.0,2.752715557051404,0.0,0.2264893979363972,0.2264893979363972,0.806895191723169,0.9999999999999997,6.0,d_kam,7.0,0.0,0.035422343324250684,0.0,edge,3024,0.0,200.0,7552.0,6295.0,6295.0,4393.170679861214,7.0,367.0,239.0,8.435430575850365,4.93677316501271,,,
15.0,15.0,0.0,0.0,d_kam_delay_2,1.0,delay=2,5.2946293545002945,1.7547131436481909,2.0,D1,8.0,64.0,0.0,2.0,1.113765289039991,193.24739357087006,1.714310471856241,0.5793228043675457,0.38765060509030136,0.27708751989827246,22.489747314393753,-0.28762492206470724,0.2324399189530082,0.2324399189530082,2.6369868862912953,0.8671287689399071,11.395504404971975,2.0,2.8164567176396584,0.7133427748957669,0.24101989959949555,0.24101989959949555,0.7992638431997343,1.0,6.0,d_kam,9.0,3.5556837019967307,0.04,0.0,edge,3024,0.0,200.0,7749.0,6322.0,6322.0,4497.949462878751,9.0,375.0,239.0,9.679391615541903,5.034009769995464,,,
18.0,18.0,0.05555555555555555,1.0,d_kam_delay_4,1.0000000000000002,delay=4,4.9817926945807995,1.8088627529230332,4.0,D1,8.0,64.0,0.0,2.0,1.094775599151826,181.34639872692554,2.1659779143869864,0.5464749550759987,0.4874643125258651,0.3949231467319241,27.540890238888096,-1.7115721100306556,0.270526968141859,0.270526968141859,2.706836076070159,0.824449317983358,10.523794676896319,4.0,2.5573877862702674,0.22720290217816544,0.2683839956513484,0.2683839956513484,0.7935781342258759,1.0000000000000002,6.0,d_kam,12.0,0.8336711944660012,0.037422037422037424,0.0,edge,3024,0.0,200.0,9460.0,6397.0,6397.0,5508.178047777619,12.0,481.0,274.0,11.834269462238765,6.043183403002331,,,
18.0,18.0,0.05555555555555555,1.0,d_kam_delay_8,0.9995512711407537,delay=8,5.3827513398745666,2.1253717850212572,8.0,D1,8.0,64.0,5.330810868417153,2.0,1.3194643596481,182.0659422862252,5.047293392926114,0.5885756128318443,0.4482221270395641,0.3485955666439298,20.740066563594155,-4.807702307736521,0.37785294125061214,0.37785294125061214,2.976216740589844,0.8370113152044635,10.889929653023053,8.0,2.6327560930119294,0.11979554259479623,0.38078179793883943,0.38078179793883943,0.7603446858555624,0.9995512711407537,6.0,d_kam,12.0,0.9446902498435569,0.039301310043668124,0.0,edge,3024,0.0,200.0,8803.0,6372.0,6372.0,4148.013312718831,12.0,458.0,274.0,11.18563063153537,4.558406687021488,,,
11.0,11.0,0.0,0.0,d_kam_delay_0,1.0,delay=0,6.896938141664831,2.077340279668965,0.0,D1,8.0,64.0,0.0,2.0,1.0696257726492597,237.32905558606217,4.0371746350005693e-17,0.7581337369622072,0.3908470927835904,0.2808611512028497,16.897423915506806,-4.0371746350005693e-17,0.24348935181596099,0.24348935181596099,2.9467010872622468,0.8616772607668043,16.13863704518837,0.0,4.138259554105966,0.0,0.23789997799927826,0.23789997799927826,0.7616124179300098,1.0,6.0,d_kam,5.0,0.0,0.030470914127423823,0.0,edge,3025,0.0,200.0,7125.0,6281.0,6281.0,3379.4847831013612,5.0,361.0,247.0,7.098331779114288,3.8423157639917918,,,
11.0,11.0,0.0,0.0,d_kam_delay_2,0.9999999999999992,delay=2,6.92561183355878,2.130872663486389,2.0,D1,8.0,64.0,0.0,2.0,1.1166438671848082,237.32905558606217,1.6206471209168718,0.7611444746110717,0.3878661416267745,0.27734197275383105,12.561924130422994,-0.5556836475500027,0.26441924668135647,0.26441924668135647,2.990557412520313,0.8654390686529905,16.14018170385686,2.0,4.1323225630381355,0.5324817366834346,0.26039029356490895,0.26039029356490895,0.7559915176291804,0.9999999999999992,6.0,d_kam,5.0,2.7742888828935754,0.03089887640449438,0.0,edge,3025,0.0,200.0,6865.0,6277.0,6277.0,2512.384826084599,5.0,356.0,257.0,6.124048796912543,2.8676067119813524,,,
13.0,13.0,0.15384615384615385,2.0,d_kam_delay_4,1.0,delay=4,7.001213343111186,2.1683197646170145,4.0,D1,8.0,64.0,0.0,2.0,1.1166438671848082,237.32905558606217,6.278219272409464,0.7690826331140744,0.37833164082389265,0.26608596486154,12.571732669894118,-5.0722574751847604,0.28557273829989627,0.28557273829989627,3.075994657313886,0.8675421949841372,16.394420661454866,4.0,4.198341801174372,0.6029808986123515,0.2876969739326888,0.2876969739326888,0.7520595720104649,1.0,6.0,d_kam,7.0,3.1757906019561304,0.03591160220994475,0.0,edge,3025,0.0,200.0,6937.0,6306.0,6306.0,2514.3465339788236,7.0,362.0,253.0,8.241171461046566,2.868133295007283,,,
13.0,13.0,0.0,0.0,d_kam_delay_8,1.0,delay=8,7.135818085669259,2.24332742329486,8.0,D1,8.0,64.0,0.0,2.0,1.1166438671848082,237.32905558606217,9.635314955676723,0.783216131082672,0.3760039701497182,0.2633380203156396,12.930101049132645,-9.199408641597183,0.30875821317234736,0.30875821317234736,3.2050909084188755,0.8685171737292633,16.57077039656895,8.0,4.2412136364827475,0.2179531570397702,0.30652510084642914,0.30652510084642914,0.744183767849291,1.0,6.0,d_kam,7.0,1.0486326167019215,0.036312849162011177,0.0,edge,3025,0.0,200.0,6848.0,6301.0,6301.0,2586.020209826529,7.0,358.0,253.0,8.241171461046566,2.9599572629958857,,,
8.0,8.0,0.0,0.0,d_kam_delay_0,0.9994556958785312,delay=0,2.628870752780098,1.158528666184351,0.0,D1,8.0,64.0,6.685102685625084,2.0,1.1594597947437748,149.46248462014105,0.0,0.29457829089872445,0.4006840029082217,0.2924741700999839,12.933351683896035,0.0,0.1771812540315152,0.1771812540315152,1.7633837125918523,0.8636167892360628,4.520407599940778,0.0,0.911751510351346,0.0,0.1828507400953071,0.1828507400953071,0.8641544507322878,0.9994556958785312,6.0,d_kam,2.0,0.0,0.022099447513812154,0.0,edge,3026,0.0,200.0,7214.0,6238.0,6238.0,2586.670336779207,2.0,362.0,272.0,4.95680013416357,2.943470031983452,,,
9.0,9.0,0.0,0.0,d_kam_delay_2,0.9992386332188176,delay=2,2.62414246115883,1.1517012504187447,2.0,D1,8.0,64.0,9.35105010759553,2.0,1.3209554538450394,149.46248462014105,1.7399949248771505,0.29408182027849133,0.40076019974005034,0.29256412469311505,13.033197175391251,0.7006243982940681,0.18002521017627665,0.18002521017627665,1.7654842136701767,0.8635979668480631,4.547541575035234,2.0,0.9184823673000121,1.2203096615856093,0.1883387892604329,0.1883387892604329,0.8648713293876764,0.9992386332188176,6.0,d_kam,3.0,5.430930596191821,0.02452316076294278,0.0,edge,3026,0.0,200.0,7297.0,6251.0,6251.0,2606.6394350782502,3.0,367.0,274.0,5.977957479888141,2.9672659310163,,,
9.0,9.0,0.0,0.0,d_kam_delay_4,0.9992386332188173,delay=4,2.6489104740822365,1.1733071361640017,4.0,D1,8.0,64.0,9.351050107595505,2.0,1.320955453845039,149.46248462014105,1.9597014280063425,0.296682461635449,0.4046478977001658,0.2971537681182513,13.402517029462615,-0.28690234816359933,0.19802849444167514,0.19802849444167514,1.8505621464327175,0.8619923255041961,4.677367619888237,4.0,0.9494729292615063,0.8363995399213714,0.20533359387945344,0.20533359387945344,0.8626027113844245,0.9992386332188173,6.0,d_kam,3.0,3.109466689091445,0.024128686327077747,0.0,edge,3026,0.0,200.0,7366.0,6252.0,6252.0,2680.503405892523,3.0,373.0,279.0,5.977957479888141,3.045992622995982,,,
12.0,12.0,0.08333333333333333,1.0,d_kam_delay_8,0.9992386332188182,delay=8,2.8835665730239874,1.303518374148002,8.0,D1,8.0,64.0,9.351050107595505,2.0,1.320955453845039,149.46248462014105,3.900777859644034,0.3213213520243329,0.3797318403793269,0.2677389782255942,13.411573350458639,-3.036330575995161,0.28418996718065487,0.28418996718065487,2.0421356318627137,0.8717674448829164,5.197103237535105,8.0,1.071926937472713,0.4322236418244361,0.2985148962553066,0.2985148962553066,0.8489305313961044,0.9992386332188182,6.0,d_kam,6.0,2.1147789219950144,0.03225806451612903,0.0,edge,3026,0.0,200.0,7362.0,6288.0,6288.0,2682.3146700917277,6.0,372.0,256.0,8.14597070975109,3.0489909919851925,,,
14.0,14.0,0.0,0.0,d_kam_delay_0,0.9994487502775405,delay=0,6.791068587633935,1.949064445655237,0.0,D1,8.0,64.0,5.781358404421033,2.0,1.2352525459130095,227.0577941936162,3.172065784643304e-17,0.7513242134757917,0.3937061524624801,0.2842364299904279,14.288339735212503,-3.172065784643304e-17,0.1984132138552347,0.1984132138552347,2.693552713391502,0.8723674736670595,14.1349804857406,0.0,3.588145137064797,0.0,0.21995027092645755,0.21995027092645755,0.772881089705574,0.9994487502775405,6.0,d_kam,8.0,0.0,0.03977272727272727,0.0,edge,3027,0.0,200.0,7140.0,6326.0,6326.0,2857.6679470425006,8.0,352.0,230.0,9.283138007750793,3.2535894280008506,,,
14.0,14.0,0.0,0.0,d_kam_delay_2,0.9994807814700708,delay=2,6.9288786254273775,2.084330290712319,2.0,D1,8.0,64.0,5.445423896708072,2.0,1.23419553219289,227.0577941936162,3.4072644577804745,0.765794267444103,0.425470814171562,0.3217363778414274,24.685316759132547,-0.06586300325709038,0.2498608929626319,0.2498608929626319,2.820281234264309,0.8540754392393825,14.294620952019937,2.0,3.6179452720055734,1.670700727261692,0.25537336305330244,0.25537336305330244,0.7586781759745804,0.9994807814700708,6.0,d_kam,8.0,8.649080491190173,0.03636363636363636,0.0,edge,3027,0.0,200.0,7362.0,6333.0,6333.0,4937.0633518265095,8.0,385.0,251.0,10.395685422297472,5.580592323996825,,,
20.0,20.0,0.0,0.0,d_kam_delay_4,0.9991748899971372,delay=4,7.160605474702429,2.189541083947565,4.0,D1,8.0,64.0,8.65353115886551,2.0,1.350153471727274,227.0577941936162,2.6990224443817175,0.7901255866179834,0.4595215471352651,0.3619351598124657,27.31803527014563,-1.777002664409314,0.2689466419756739,0.2689466419756739,3.0981288998581773,0.8535158818419558,15.022948072872495,4.0,3.810305275506667,0.46100988998620185,0.2713273286832759,0.2713273286832759,0.7476310426848795,0.9991748899971372,6.0,d_kam,14.0,1.9231207926570408,0.0468384074941452,0.0,edge,3027,0.0,200.0,7399.0,6398.0,6398.0,5463.607054029126,14.0,427.0,266.0,14.519994819479487,6.146227219986031,,,
19.0,19.0,0.10526315789473684,2.0,d_kam_delay_8,0.9996891699502816,delay=8,7.399968242733484,2.2279526966376175,8.0,D1,8.0,64.0,3.2599017234281416,2.0,1.1325777117609364,227.0577941936162,6.598391767568687,0.8152586772612441,0.39996155736192657,0.29162128299671886,22.001819700817578,-5.461720795775511,0.29834106836211,0.29834106836211,3.192011895670978,0.8760324299096687,15.727024991800395,8.0,4.002490173973577,0.5683354858965881,0.2748009816842749,0.2748009816842749,0.7435978233524242,0.9996891699502816,6.0,d_kam,13.0,3.1715890428879385,0.05337078651685393,0.0,edge,3027,0.0,200.0,7112.0,6370.0,6370.0,4400.3639401635155,13.0,356.0,213.0,12.933635405223399,4.9817819820018485,,,
11.0,11.0,0.0,0.0,d_kam_delay_0,0.9999999999999988,delay=0,4.446637662049547,1.5582723585695621,0.0,D1,8.0,64.0,0.0,2.0,1.1521287550728685,205.4591338168703,2.4223047810003414e-16,0.5055364937223501,0.41148015059961723,0.30521962223565924,20.050207436288474,8.074349270001139e-17,0.18276219681690126,0.18276219681690126,2.2766395245931137,0.8583881505881916,8.671324185982618,0.0,2.068378258493314,1.6148698540002277e-16,0.18659551210544925,0.18659551210544925,0.8144998938544268,0.9999999999999988,6.0,d_kam,5.0,8.881784197001252e-16,0.029891304347826088,0.0,edge,3028,0.0,200.0,7348.0,6277.0,6277.0,4010.041487257695,5.0,368.0,248.0,7.469424722899382,4.553993676992832,,,
12.0,12.0,0.0,0.0,d_kam_delay_2,0.9999999999999999,delay=2,4.4488707245038634,1.5726030574626004,2.0,D1,8.0,64.0,0.0,2.0,1.1698458670193221,205.4591338168703,1.339035545431644,0.5057709652800535,0.4347077886778736,0.3326411394113786,13.679825615981827,0.35938562852980277,0.20891347563205737,0.20891347563205737,2.3511384956923735,0.8486387952920091,8.779919522247173,2.0,2.090180648238449,0.8492105869807234,0.21453198941405055,0.21453198941405055,0.8129951704706576,0.9999999999999999,6.0,d_kam,6.0,4.9025217451290075,0.026905829596412557,0.0,edge,3028,0.0,200.0,7444.0,6294.0,6294.0,2735.9651231963653,6.0,446.0,312.0,7.274780825640781,3.1048422250023577,,,
10.0,10.0,0.0,0.0,d_kam_delay_4,0.999999999999999,delay=4,4.438668246014852,1.5446605706563674,4.0,D1,8.0,64.0,0.0,2.0,1.1427548335053774,205.4591338168703,4.01092735678526,0.5046997050387072,0.3875319294448269,0.27694741670569856,27.24535373141407,-2.591327842504473,0.1994085508229266,0.1994085508229266,2.2858778787588134,0.8691533412692348,8.603780528298433,4.0,2.0459876126355128,0.7097997571403932,0.20874059382481022,0.20874059382481022,0.8159291315853122,0.999999999999999,6.0,d_kam,4.0,3.243375319386646,0.027624309392265192,0.0,edge,3028,0.0,200.0,7305.0,6261.0,6261.0,5449.070746282814,4.0,362.0,244.0,5.745787676709494,6.150005920993863,,,
18.0,18.0,0.05555555555555555,1.0,d_kam_delay_8,0.9979514898063286,delay=8,6.811153479143808,3.2247570041162636,8.0,D1,8.0,64.0,24.77546324696674,2.0,1.90056130896156,204.95761611479634,4.876663747030683,0.7538106545172478,0.3861045664578088,0.27526233540157974,17.85297629859997,-4.5029915040684845,0.36436816936532723,0.36436816936532723,2.8488142834430867,0.8663277938690919,10.25164013667792,8.0,2.4607281084566712,0.18683612148109977,0.3800748419822355,0.3800748419822355,0.639519006072023,0.9979514898063286,6.0,d_kam,12.0,1.0003404106057663,0.0481283422459893,0.0,edge,3028,0.0,200.0,7432.0,6370.0,6370.0,3570.595259719994,12.0,374.0,226.0,12.753007617835364,3.9951211730076466,,,
10.0,10.0,0.0,0.0,d_kam_delay_0,0.9997012972360714,delay=0,4.414604939549063,1.6217267351907436,0.0,D1,8.0,64.0,2.952485267301173,2.0,1.1938420733494155,159.0294901038582,4.4408920985006264e-17,0.4929531014732258,0.43881991663267317,0.3374957349135724,13.170657513692277,-4.4408920985006264e-17,0.2138712396926018,0.2138712396926018,2.463686499467974,0.8436238568090748,8.797754957081672,0.0,2.094428452913805,0.0,0.22359241040910993,0.22359241040910993,0.8104713265221628,0.9997012972360714,6.0,d_kam,4.0,0.0,0.022172949002217297,0.0,edge,3029,0.0,200.0,7473.0,6274.0,6274.0,2634.1315027384553,4.0,451.0,335.0,7.113835483221808,2.9963401080167387,,,
9.0,9.0,0.0,0.0,d_kam_delay_2,0.9996484425189992,delay=2,4.334756313725633,1.5823401393061372,2.0,D1,8.0,64.0,3.4749202505282026,2.0,1.234375881024961,159.0294901038582,4.758577833486915,0.48456899576176554,0.3702029144323131,0.25648955176036964,11.802564675890608,2.848774663678244,0.23767292440926532,0.23767292440926532,2.471834225384942,0.8779957085461885,8.77169099390515,2.0,2.082656638922937,3.80367624858258,0.24175337309984332,0.24175337309984332,0.8146069190900466,0.9996484425189992,6.0,d_kam,3.0,19.8651411902189,0.026239067055393587,0.0,edge,3029,0.0,200.0,6895.0,6254.0,6254.0,2360.5129351781216,3.0,343.0,249.0,5.051720688302549,2.7232883870019577,,,
9.0,9.0,0.0,0.0,d_kam_delay_4,0.9996484425189992,delay=4,4.315959459770183,1.568789568892686,4.0,D1,8.0,64.0,3.4749202505282026,2.0,1.234375881024961,159.0294901038582,3.0271743363955257,0.4825953260964434,0.3739818129734603,0.2609507514270017,12.039332741260296,-2.661744148546317,0.24199700703321142,0.24199700703321142,2.496979269381199,0.8759750124232727,8.813134887722628,4.0,2.0929343321025438,0.18271509392460436,0.24588944427911585,0.24588944427911585,0.8160297289834588,0.9996484425189992,6.0,d_kam,3.0,0.7379384976620442,0.02564102564102564,0.0,edge,3029,0.0,200.0,7029.0,6256.0,6256.0,2407.866548252059,3.0,351.0,257.0,5.051720688302549,2.7674978190043475,,,
13.0,13.0,0.15384615384615385,2.0,d_kam_delay_8,0.9990049978477433,delay=8,5.212223040587483,2.222213341064097,8.0,D1,8.0,64.0,9.834958193322686,2.0,1.426780123627898,159.0294901038582,11.855269460561884,0.5767030020822599,0.357024567859569,0.24093178150088007,13.043423083145171,-10.962644035229896,0.36057123583744655,0.36057123583744655,3.03010437241916,0.8823700967241765,10.666504704538232,8.0,2.5781229500462035,0.44631271266599437,0.36839774110600104,0.36839774110600104,0.7474202329054607,0.9990049978477433,6.0,d_kam,7.0,2.024853005006658,0.034031413612565446,0.0,edge,3029,0.0,200.0,7454.0,6321.0,6321.0,2608.6846166290343,7.0,382.0,254.0,9.047884202252053,2.980034885025816,,,
10.0,10.0,0.0,0.0,d_kam_delay_0,0.9995893645121943,delay=0,6.256553074748467,2.0030486619066465,0.0,D1,8.0,64.0,5.605614355528875,2.0,1.2395561938588586,273.713054353902,0.0,0.6941092687636125,0.48060776313225534,0.38682860925335705,14.225253515760414,0.0,0.19838196635913324,0.19838196635913324,2.4112651724344496,0.8333390796951332,11.582257545152538,0.0,2.871817228687284,0.0,0.1995320161662961,0.1995320161662961,0.7677253691491837,0.9995893645121943,6.0,d_kam,4.0,0.0,0.02288329519450801,0.0,edge,3030,0.0,200.0,7247.0,6254.0,6254.0,2845.050703152083,4.0,437.0,331.0,7.52190656423537,3.2164318900031503,,,
15.0,15.0,0.0,0.0,d_kam_delay_2,0.9995189641354347,delay=2,7.29920484272001,2.2304535253713507,2.0,D1,8.0,64.0,6.56665492390864,2.0,1.2464424646805763,280.237646107211,3.4259594239689863,0.8035877044006244,0.4197221463697947,0.3149497561310076,14.58123422562494,-1.7980184812852873,0.24194121510117264,0.24194121510117264,2.820325259540968,0.8507493538117719,14.541400523870047,2.0,3.690963704891203,0.8139704713418495,0.2551938681723923,0.2551938681723923,0.7438478584853897,0.9995189641354347,6.0,d_kam,9.0,4.67939571685354,0.03416856492027335,0.0,edge,3030,0.0,200.0,7400.0,6318.0,6318.0,2916.246845124988,9.0,439.0,300.0,11.447504126416623,3.284497120010201,,,
22.0,22.0,0.045454545454545456,1.0,d_kam_delay_4,0.9999346546028328,delay=4,7.919615735623883,2.4639907927767077,4.0,D1,8.0,64.0,0.8920346811336577,2.0,1.15994940249523,286.8487631720444,2.783713872935322,0.8687308481555314,0.5255154922363279,0.4398446783345538,14.25028525525704,-2.6026863606418553,0.23360949798978378,0.23360949798978378,2.8932801797279306,0.8274922899040476,14.893176699838767,4.0,3.7800884259303897,0.09051375614673265,0.2333485962497742,0.2333485962497742,0.7193264454078272,0.9999346546028328,6.0,d_kam,16.0,0.3525042349443881,0.0514018691588785,0.0,edge,3030,0.0,200.0,7201.0,6402.0,6402.0,2850.057051051408,16.0,428.0,272.0,17.908869474191555,3.2242291390139144,,,
12.0,12.0,0.0,0.0,d_kam_delay_8,0.9997573148915774,delay=8,6.7234587507283,2.022721598925103,8.0,D1,8.0,64.0,3.3129117381367497,2.0,1.1801442811199674,287.6084479294677,10.962772444990483,0.7431343647414949,0.43895795859574216,0.33765870111997337,14.848722984897904,-10.916570636079973,0.22930528646334847,0.22930528646334847,2.9043336321783744,0.8463180355530804,14.231741928613106,8.0,3.6061494744402176,0.023100904455253996,0.227765695558015,0.227765695558015,0.7656597107622457,0.9997573148915774,6.0,d_kam,6.0,0.12474488405837139,0.02708803611738149,0.0,edge,3030,0.0,200.0,7521.0,6273.0,6273.0,2969.744596979581,6.0,443.0,320.0,7.634838028207934,3.3444848479994107,,,
5.0,5.0,0.0,0.0,d_kam_delay_0,1.0,delay=0,0.6720310217236427,0.5074642336025572,0.0,D1,8.0,64.0,0.0,5.0,1.1254815744989943,14.338072867343016,2.220446049250313e-16,0.058840494551478176,0.6101346626884099,0.38271321592331575,45.034169986029156,-1.3322676295501878e-16,0.18263680256357012,0.18263680256357012,1.2045131664488464,0.709989109973303,1.5043395634926071,0.0,0.07497046617203619,4.4408920985006264e-17,0.16603958137230473,0.16603958137230473,0.9535380592979181,1.0,3.0,d_kam,2.0,1.77635683940025e-16,0.005241090146750524,0.0,enterprise,3001,0.0,200.0,18048.0,6460.0,6460.0,9006.833997205831,2.0,954.0,871.0,2.9214524933440034,9.425222577992827,,,
5.0,5.0,0.0,0.0,d_kam_delay_2,1.0,delay=2,0.6970624186896274,0.5315402193199191,2.0,D1,8.0,64.0,0.0,5.0,1.1254815744989943,14.338072867343016,0.18639506719840723,0.0605926923390971,0.6118482323927923,0.3854263679552545,48.59341589079122,-0.10788018957978722,0.1867790200807633,0.1867790200807633,1.2116810651165262,0.7084809726050578,1.515790423081852,2.0,0.07712905046398355,0.03925743880931001,0.17024424062565366,0.17024424062565366,0.9518527402977028,1.0,3.0,d_kam,2.0,0.11277128456955875,0.005213764337851929,0.0,enterprise,3001,0.0,200.0,18107.0,6462.0,6462.0,9718.683178158244,2.0,959.0,876.0,2.9214524933440034,10.16209220001474,,,
5.0,5.0,0.0,0.0,d_kam_delay_4,1.0,delay=4,0.7352314191200947,0.5680549763407272,4.0,D1,8.0,64.0,0.0,5.0,1.1254815744989943,14.338072867343016,0.3783977588268405,0.06326452236922982,0.6135524010665759,0.3881246350220785,46.46395941032097,-0.23145192712888146,0.19094358920665278,0.19094358920665278,1.2198288409714224,0.7069728352368125,1.5261791183403524,4.0,0.07898579937751879,0.07347291584897953,0.17464043710973812,0.17464043710973812,0.9492967073062463,1.0,3.0,d_kam,2.0,0.29389166339591805,0.005186721991701245,0.0,enterprise,3001,0.0,200.0,18166.0,6464.0,6464.0,9292.791882064193,2.0,964.0,881.0,2.9214524933440034,9.720493884989992,,,
6.0,6.0,0.0,0.0,d_kam_delay_8,1.0000000000000004,delay=8,1.2748302496367263,0.9841396849344134,8.0,D1,8.0,64.0,0.0,4.0,1.1487949952074201,14.338072867343016,2.192656369828479,0.10103644050539401,0.6298193453012939,0.41388063006038195,45.47966995363822,-1.9729715458474086,0.21342538693042873,0.21342538693042873,1.372859929072135,0.7184651303587821,1.779926287519703,8.0,0.13769603865539617,0.10984241199053506,0.1902701341729073,0.1902701341729073,0.9201707777046884,1.0000000000000004,4.0,d_kam,2.0,0.4329921059971548,0.00646551724137931,0.0,enterprise,3001,0.0,200.0,18041.0,6412.0,6412.0,9095.933990727644,2.0,928.0,832.0,3.3666439168476088,9.518520315003116,,,
5.0,5.0,0.0,0.0,d_kam_delay_0,0.9998851321790809,delay=0,1.1397715046233943,0.8330207647498593,0.0,D1,8.0,64.0,0.40439358239026424,5.0,1.2184928084075946,18.182928909712114,1.7763568394002506e-16,0.09689278328996308,0.7097423444982883,0.5404253787889562,44.56985168566462,-1.7763568394002506e-16,0.28213345557722413,0.28213345557722413,1.614148216070876,0.6657341542537718,2.2792270350218033,0.0,0.25893088499290406,0.0,0.2558660398034306,0.2558660398034306,0.9270520572315383,0.9998851321790809,3.0,d_kam,2.0,0.0,0.004472271914132379,0.0,enterprise,3002,0.0,200.0,18751.0,6480.0,6480.0,8913.970337132923,2.0,1118.0,1040.0,3.0188833003739695,9.328387540997937,,,
5.0,5.0,0.0,0.0,d_kam_delay_2,0.9998851321790811,delay=2,1.0708618636367793,0.7735968413256951,2.0,D1,8.0,64.0,0.40439358239026424,5.0,1.2229771890097494,18.182928909712114,0.5333091309777247,0.09206910842090005,0.707339049163969,0.5366201611762842,45.89965412043966,-0.484025577896724,0.2769252691719348,0.2769252691719348,1.6056505040637765,0.6657247067090626,2.254314291004018,2.0,0.25382757797592354,0.02464177654050035,0.24950889850575259,0.24950889850575259,0.9312117318712296,0.9998851321790811,3.0,d_kam,2.0,0.0967343409685032,0.004476275738585497,0.0,enterprise,3002,0.0,200.0,18805.0,6480.0,6480.0,9179.930824087933,2.0,1117.0,1039.0,3.0188833003739695,9.60351449699374,,,
7.0,7.0,0.0,0.0,d_kam_delay_4,1.0000000000000002,delay=4,1.3281326101380568,0.9712978447540147,4.0,D1,8.0,64.0,0.0,4.0,1.177743705748507,18.182928909712114,1.0802286321210333,0.11007806067598948,0.6365471337117972,0.4245329617103455,43.37861980951857,-0.7062493545764156,0.25944975727201897,0.25944975727201897,1.6343032901957455,0.7276127625777462,2.330723444866351,4.0,0.27491023752439,0.18698963877230892,0.24074949142770896,0.24074949142770896,0.9173726616312473,1.0000000000000002,4.0,d_kam,3.0,0.5841513063140186,0.007829977628635347,0.0,enterprise,3002,0.0,200.0,18152.0,6422.0,6422.0,8675.723961903714,3.0,894.0,791.0,4.170345894030639,9.090658907982288,,,
6.0,6.0,0.0,0.0,d_kam_delay_8,1.0,delay=8,1.2703952207491849,0.9402708159472022,8.0,D1,8.0,64.0,0.0,5.0,1.2518462872907374,18.182928909712114,1.9212637304289075,0.10603644341876844,0.6983535149165541,0.5223930652845438,45.24142123016645,-1.701548983260316,0.28015727383664535,0.28015727383664535,1.6692478256142982,0.7047649377085621,2.3535679618898477,8.0,0.27148431911649995,0.10985737358429604,0.24717943467645648,0.24717943467645648,0.9195445536477241,1.0,3.0,d_kam,3.0,0.4572883922523584,0.005719733079122974,0.0,enterprise,3002,0.0,200.0,18704.0,6486.0,6486.0,9048.28424603329,3.0,1049.0,957.0,3.6846770615385136,9.467183897999348,,,
6.0,6.0,0.0,0.0,d_kam_delay_0,0.9999999999999998,delay=0,1.732900235785015,0.8990905789580121,0.0,D1,8.0,64.0,0.0,3.0,1.2305338031074577,33.532310175164596,3.700743415417188e-17,0.14815694941040228,0.6578185091166847,0.4582126394347509,31.16051325618173,3.700743415417188e-17,0.1892111172232246,0.1892111172232246,1.4944971415073443,0.7741606256792914,2.6576918889237002,0.0,0.3698340030416024,3.700743415417188e-17,0.16082834278892646,0.16082834278892646,0.9168334378294861,0.9999999999999998,5.0,d_kam,1.0,1.6653345369377348e-16,0.008356545961002786,0.0,enterprise,3003,0.0,200.0,13428.0,6323.0,6323.0,6232.102651236346,1.0,718.0,633.0,3.255996794416396,6.639243066980271,,,
6.0,6.0,0.0,0.0,d_kam_delay_2,1.0,delay=2,1.8354430612043824,0.9903465548162169,2.0,D1,8.0,64.0,0.0,2.0,1.1989380165562418,33.532310175164596,0.6871742111952849,0.15533494718975796,0.5323191109276325,0.25950525896875165,17.977550365321804,-0.4372789620187724,0.16419136039933324,0.16419136039933324,1.5229679791151043,0.8634902669488264,2.6694028921830077,2.0,0.37678440510207767,0.12494762458825621,0.15335300527727366,0.15335300527727366,0.9104455195194118,1.0,6.0,d_kam,0.0,0.3856737239059542,0.015037593984962405,0.0,enterprise,3003,0.0,200.0,7933.0,6235.0,6235.0,3595.5100730643608,0.0,399.0,324.0,3.0,3.995229322987143,,,
7.0,7.0,0.0,0.0,d_kam_delay_4,1.0,delay=4,1.771871419245057,0.898222665772753,4.0,D1,8.0,64.0,0.0,2.0,1.1989380165562418,33.532310175164596,1.3470713775854588,0.15088493225260521,0.5033329556396481,0.21361051309610943,15.581187520147068,-1.0316772555234792,0.1512676294534725,0.1512676294534725,1.5263649211770283,0.8850231407335647,2.7197585117077505,4.0,0.3933909277072747,0.15769706103098965,0.14164424448916577,0.14164424448916577,0.9168941917524542,1.0,6.0,d_kam,1.0,0.7727155990518486,0.020348837209302327,0.0,enterprise,3003,0.0,200.0,6995.0,6234.0,6234.0,3116.2375040294137,1.0,344.0,257.0,3.755996794416396,3.517008092981996,,,
9.0,9.0,0.0,0.0,d_kam_delay_8,1.0,delay=8,2.13028998676721,1.137876103019358,8.0,D1,8.0,64.0,0.0,2.0,1.2407518124900279,33.532310175164596,1.8883924432985582,0.17597423197915596,0.5376865725024029,0.2680037397954713,16.50810135542997,-1.364608534809321,0.23040473820328145,0.23040473820328145,1.6354153402143816,0.8333107132643106,2.9030482858856295,8.0,0.4305728072617073,0.2618919542446185,0.2317294775899586,0.2317294775899586,0.9001184511451917,1.0,6.0,d_kam,3.0,0.889346532651781,0.02102803738317757,0.0,enterprise,3003,0.0,200.0,7079.0,6254.0,6254.0,3301.6202710859943,3.0,428.0,332.0,5.3237832613108615,3.705444694001926,,,
7.0,7.0,0.0,0.0,d_kam_delay_0,1.0,delay=0,1.879038142835041,1.022269779859992,0.0,D1,8.0,64.0,0.0,2.0,1.2423983562499104,29.615271446689643,6.344131569286609e-16,0.1559872705537258,0.47097449507115413,0.16237628386266084,18.44067956044455,6.344131569286609e-16,0.22677340789957368,0.22677340789957368,1.6009845058072063,0.8872301021718815,3.38120688967736,0.0,0.5616068544540758,6.344131569286609e-16,0.21552389992315354,0.21552389992315354,0.9093856863665271,1.0,6.0,d_kam,1.0,2.7533531010703863e-15,0.01891891891891892,0.0,enterprise,3004,0.0,200.0,7723.0,6243.0,6243.0,3688.13591208891,1.0,370.0,291.0,3.9319365273923745,4.082751558016753,,,
7.0,7.0,0.0,0.0,d_kam_delay_2,1.0000000000000002,delay=2,1.9899308180912054,1.0842683077177424,2.0,D1,8.0,64.0,0.0,2.0,1.2423983562499104,30.522306106331552,0.9881155260555518,0.16374975782165738,0.47295366051893095,0.1655099624883075,19.06544367055176,-0.5038366275671623,0.23597139838802314,0.23597139838802314,1.6396267385354568,0.8865201535115336,3.453504238372301,2.0,0.5790905219358387,0.24213944924419475,0.22425772572772507,0.22425772572772507,0.9050457894164845,1.0000000000000002,6.0,d_kam,1.0,0.8968845473996008,0.01876675603217158,0.0,enterprise,3004,0.0,200.0,7817.0,6240.0,6240.0,3813.0887341103517,1.0,373.0,294.0,3.9319365273923745,4.215634149004472,,,
7.0,7.0,0.0,0.0,d_kam_delay_4,1.0,delay=4,1.9311024094414073,1.0858855130050427,4.0,D1,8.0,64.0,0.0,2.0,1.2423983562499104,29.27697847845431,1.6156041677046236,0.15963176921617148,0.4731943610927524,0.16589107173019146,19.037680175242713,-1.2271429337523228,0.2448330039437076,0.2448330039437076,1.6658168477751731,0.8856936170470084,3.418167268957676,4.0,0.5669415570873537,0.19423061697615054,0.23151573482583881,0.23151573482583881,0.9049325850463734,1.0,6.0,d_kam,1.0,0.758436345717465,0.018617021276595744,0.0,enterprise,3004,0.0,200.0,7878.0,6241.0,6241.0,3807.5360350485425,1.0,376.0,297.0,3.9319365273923745,4.209578790992964,,,
12.0,12.0,0.0,0.0,d_kam_delay_8,1.0000000000000002,delay=8,2.191071083750685,1.2885542246574,8.0,D1,8.0,64.0,0.0,2.0,1.2834376337933868,29.27697847845431,2.561938866755168,0.17782957641782093,0.4683640663562595,0.15824310506407754,19.255457725812448,-2.260419957453669,0.3189888511487479,0.3189888511487479,1.849795230336723,0.8909812390466297,3.7016975351601986,8.0,0.6243159635199276,0.1507594546507497,0.3104581045497711,0.3104581045497711,0.8907457752307084,1.0000000000000002,6.0,d_kam,6.0,0.5595819738393816,0.03934426229508197,0.0,enterprise,3004,0.0,200.0,7818.0,6302.0,6302.0,3851.0915451624896,6.0,305.0,196.0,8.022275718765021,4.247433331998764,,,
6.0,6.0,0.0,0.0,d_kam_delay_0,1.0,delay=0,1.9256876749571519,0.928714746400931,0.0,D1,8.0,64.0,0.0,4.0,1.2017289467284957,33.3928595934086,3.7007434154171886e-16,0.16641055406902416,0.5770816121152933,0.33037921918254776,42.935100724280346,-2.220446049250313e-16,0.18474459072702867,0.18474459072702867,1.4719505616567587,0.821176558080717,2.960130169628828,0.0,0.456189639050263,7.401486830834377e-17,0.19678363801569637,0.19678363801569637,0.9126273913548691,1.0,4.0,d_kam,2.0,3.3306690738754696e-16,0.008915304606240713,0.0,enterprise,3005,0.0,200.0,17324.0,6384.0,6384.0,8587.02014485607,2.0,673.0,594.0,3.590386624812319,9.05443849801668,,,
7.0,7.0,0.0,0.0,d_kam_delay_2,0.9999999999999999,delay=2,2.0474048164586023,1.0104448192492563,2.0,D1,8.0,64.0,0.0,4.0,1.2282242471602505,33.3928595934086,0.6497094104008462,0.17493075397412564,0.5682081770152775,0.3163296136075227,39.591896975034615,-0.5661366879734048,0.2186250259499078,0.2186250259499078,1.490362336092593,0.8273260083557207,3.034372014341808,2.0,0.4671919392921544,0.04178636121372069,0.2461662317772259,0.2461662317772259,0.9069062862554864,0.9999999999999999,4.0,d_kam,3.0,0.20475316994723114,0.011666666666666667,0.0,enterprise,3005,0.0,200.0,16849.0,6396.0,6396.0,7918.379395006923,3.0,600.0,510.0,4.441675515667114,8.336566716985544,,,
8.0,8.0,0.0,0.0,d_kam_delay_4,0.9999999999999999,delay=4,2.1781859746688985,1.1286895045022287,4.0,D1,8.0,64.0,0.0,4.0,1.2853562715324824,33.3928595934086,1.027525844804112,0.18408543504884642,0.607261218113976,0.37816359534712873,40.93578388914466,-0.9107250424305575,0.2641557732099178,0.2641557732099178,1.5545476304604526,0.7812241767105431,3.098097574150496,4.0,0.47815312561477386,0.05840040118677725,0.249511234152806,0.249511234152806,0.8986291582877783,0.9999999999999999,4.0,d_kam,4.0,0.3023291074633878,0.011527377521613832,0.0,enterprise,3005,0.0,200.0,16955.0,6410.0,6410.0,8187.156777828932,4.0,694.0,594.0,5.177510116749262,8.63430479998351,,,
7.0,7.0,0.0,0.0,d_kam_delay_8,0.9999999999999999,delay=8,2.08245288919048,1.0491010523591577,8.0,D1,8.0,64.0,0.0,3.0,1.1818200115661819,33.3928595934086,2.7589690576587107,0.1773841190653571,0.5344746367299416,0.26291817482240754,29.505142034904566,-2.697577705637605,0.20875592691070136,0.20875592691070136,1.5693730819948928,0.856218486494457,3.1779434574220047,8.0,0.5078299818972942,0.030695676010552755,0.20490544541796563,0.20490544541796563,0.9042003499377933,0.9999999999999999,5.0,d_kam,2.0,0.15040881245170834,0.01364522417153996,0.0,enterprise,3005,0.0,200.0,12266.0,6323.0,6323.0,5901.028406980913,2.0,513.0,428.0,4.090386624812319,6.325919007998891,,,
5.0,5.0,0.0,0.0,d_kam_delay_0,1.0000000000000002,delay=0,0.5744320468060804,0.4907867181732911,0.0,D1,8.0,64.0,0.0,3.0,1.2566107182542932,11.551865253688556,1.3322676295501878e-16,0.049880921178909327,0.5973780368575403,0.3625152250244388,46.20676006146823,-4.4408920985006264e-17,0.2260093548015844,0.2260093548015844,1.3049223427832244,0.7555949122478404,1.576578847041323,0.0,0.07280320268457247,4.4408920985006264e-17,0.18645550134385025,0.18645550134385025,0.9563802523426247,1.0000000000000002,5.0,d_kam,0.0,1.77635683940025e-16,0.006377551020408163,0.0,enterprise,3006,0.0,200.0,15981.0,6368.0,6368.0,9241.352012293646,0.0,784.0,720.0,2.5,9.720331941003678,,,
5.0,5.0,0.0,0.0,d_kam_delay_2,1.0000000000000004,delay=2,0.6203263362300294,0.5368439276567961,2.0,D1,8.0,64.0,0.0,3.0,1.2566107182542932,11.551865253688556,0.2683436918080625,0.05309352143858577,0.6000351800702844,0.36672236844461714,41.9208182451257,-0.25555419532529156,0.2359985540723735,0.2359985540723735,1.353432442994277,0.7538793286608194,1.5996302013808708,2.0,0.07647613681203513,0.006394748241385484,0.1949969621090747,0.1949969621090747,0.9531562476787792,1.0000000000000004,5.0,d_kam,0.0,0.016567134275047347,0.006329113924050633,0.0,enterprise,3006,0.0,200.0,16044.0,6371.0,6371.0,8384.16364902514,0.0,790.0,726.0,2.5,8.841551569988951,,,
5.0,5.0,0.0,0.0,d_kam_delay_4,1.0000000000000004,delay=4,0.6771931570421339,0.5924330714440396,4.0,D1,8.0,64.0,0.0,3.0,1.2566107182542932,11.551865253688556,0.5590171611901722,0.05707419889543306,0.6026659115472657,0.3708876932831707,38.84426463468117,-0.5590171611901722,0.24702750431825607,0.24702750431825607,1.4031076433386724,0.7521637450737984,1.626650180868198,4.0,0.08097556987225728,0.0,0.20404331007824197,0.20404331007824197,0.9492650076136724,1.0000000000000004,5.0,d_kam,0.0,0.0,0.00628140703517588,0.0,enterprise,3006,0.0,200.0,16107.0,6374.0,6374.0,7768.852926936233,0.0,796.0,732.0,2.5,8.215261717996327,,,
5.0,5.0,0.0,0.0,d_kam_delay_8,1.0000000000000004,delay=8,0.8454231396182852,0.7432585631072158,8.0,D1,8.0,64.0,0.0,3.0,1.2566107182542932,11.551865253688556,1.3752036925186868,0.06885029767576366,0.6082275117765967,0.3796935603129448,38.2407019083621,-1.3752036925186868,0.2730914356588024,0.2730914356588024,1.5286319726005502,0.7487325778997561,1.7141999760920714,8.0,0.09815178432366764,0.0,0.22719385833498248,0.22719385833498248,0.9387072231972499,1.0000000000000004,5.0,d_kam,0.0,0.0,0.006188118811881188,0.0,enterprise,3006,0.0,200.0,16233.0,6380.0,6380.0,7648.14038167242,0.0,808.0,744.0,2.5,8.063568059995305,,,
9.0,9.0,0.0,0.0,d_kam_delay_0,1.0,delay=0,2.8222931419412265,1.2406065847921532,0.0,D1,8.0,64.0,0.0,4.0,1.2565029931648888,36.276836684257496,0.0,0.2338895327859543,0.6548573356469746,0.4535241147743763,45.32080876495456,0.0,0.28305094621451493,0.28305094621451493,1.703380714046518,0.7307819939584743,4.398405391577432,0.0,0.8415851854719364,0.0,0.28255180644815225,0.28255180644815225,0.8886087890609369,1.0,4.0,d_kam,5.0,0.0,0.010262257696693273,0.0,enterprise,3007,0.0,200.0,18500.0,6404.0,6404.0,9064.161752990913,5.0,877.0,738.0,5.555950040354507,9.484322124015307,,,
10.0,10.0,0.0,0.0,d_kam_delay_2,0.9999999999999998,delay=2,3.058185176713965,1.449613990053313,2.0,D1,8.0,64.0,0.0,3.0,1.2973417427888307,36.276836684257496,0.8532764576204432,0.250401975220046,0.602331663836647,0.3703584677413579,34.39097131311428,-0.6228550771568744,0.26316089865513886,0.26316089865513886,1.740518477458925,0.8064302497563074,4.465746068241016,2.0,0.8540988304158185,0.11521069023178446,0.27640771248575563,0.27640771248575563,0.8739782706926555,0.9999999999999998,5.0,d_kam,5.0,0.5731642449983525,0.014925373134328358,0.0,enterprise,3007,0.0,200.0,13917.0,6347.0,6347.0,6878.194262622856,5.0,670.0,522.0,6.10703666801594,7.294665878027445,,,
13.0,13.0,0.07692307692307693,1.0,d_kam_delay_4,1.0000000000000002,delay=4,3.3926344242488056,1.6915563277804289,4.0,D1,8.0,64.0,0.0,2.0,1.3108658953514905,36.276836684257496,1.5814435424241822,0.27381342254748486,0.5709194349112806,0.32062243860952777,23.203712234681007,-1.0917481123737018,0.2988851020468413,0.2988851020468413,1.841634248962746,0.8419304685119541,4.634768147087751,4.0,0.8867257753354124,0.24484771502524008,0.3214378114170575,0.3214378114170575,0.8570423070517574,1.0000000000000002,6.0,d_kam,7.0,0.7824876479245823,0.028077753779697623,0.0,enterprise,3007,0.0,200.0,9213.0,6304.0,6304.0,4640.742446936201,7.0,463.0,285.0,7.874528847413128,5.0585909909859765,,,
11.0,11.0,0.09090909090909091,1.0,d_kam_delay_8,1.0000000000000002,delay=8,3.313011673784753,1.6058423788260812,8.0,D1,8.0,64.0,0.0,3.0,1.2894279522237786,36.276836684257496,2.4868436832663092,0.2682398300150012,0.6280594275231772,0.41109409357836385,35.908645410090685,-2.0955931682609408,0.3328979440123224,0.3328979440123224,1.8632796760778763,0.7628834924814611,4.627198148026255,8.0,0.8871694545699205,0.1956252575026841,0.33566924690767463,0.33566924690767463,0.8630422834785618,1.0000000000000002,5.0,d_kam,6.0,0.9733003334093562,0.01478494623655914,0.0,enterprise,3007,0.0,200.0,13904.0,6355.0,6355.0,7181.729082018137,6.0,744.0,583.0,6.714007540576327,7.614582587004406,,,
6.0,6.0,0.0,0.0,d_kam_delay_0,1.0000000000000002,delay=0,1.2381644894615011,0.9654837345714605,0.0,D1,8.0,64.0,0.0,3.0,1.2405022685429727,18.513396830795095,3.700743415417188e-17,0.10186824710678019,0.6977782892827287,0.5214822913643204,46.866820624127286,-3.700743415417188e-17,0.2767759312133574,0.2767759312133574,1.782593500221494,0.7325097576541572,2.0854969353669333,0.0,0.19019281355906087,0.0,0.23487509965690762,0.23487509965690762,0.9189385272265934,1.0000000000000002,5.0,d_kam,1.0,0.0,0.006514657980456026,0.0,enterprise,3008,0.0,200.0,18351.0,6441.0,6441.0,9373.364124825457,1.0,921.0,834.0,3.287191503024185,9.815728170011425,,,
7.0,7.0,0.0,0.0,d_kam_delay_2,0.9999999999999991,delay=2,1.176263083424819,0.8998106864957887,2.0,D1,8.0,64.0,0.0,2.0,1.2881597295802685,18.513396830795095,0.32515809308503707,0.09753514868421241,0.7279701232408057,0.5692860284646091,37.307329979375936,-0.17409855637104268,0.2455194150207573,0.2455194150207573,1.6889292631793824,0.744650738524439,2.0527757826401563,2.0,0.18142743441743525,0.07552976835699719,0.21360206657733363,0.21360206657733363,0.9235356405918904,0.9999999999999991,6.0,d_kam,1.0,0.2294674715631511,0.00851581508515815,0.0,enterprise,3008,0.0,200.0,14306.0,6341.0,6341.0,7461.465995875187,1.0,822.0,724.0,3.787191503024185,7.900698337994982,,,
6.0,6.0,0.0,0.0,d_kam_delay_4,0.9990061942904707,delay=4,1.8004196948462337,1.4776029541673414,4.0,D1,8.0,64.0,3.6291712444850512,5.0,1.7876429921820103,18.513396830795095,0.7648782838749613,0.14122611148371145,0.8244965557153228,0.722119546549261,66.50176292023389,-0.40633928679870973,0.3508937125782539,0.3508937125782539,2.005615585412037,0.6041859103455512,2.248173155781417,4.0,0.2285587476181167,0.1792694985381257,0.3183775963434694,0.3183775963434694,0.8830901818548819,0.9990061942904707,3.0,d_kam,3.0,0.6504472851314058,0.00468384074941452,0.0,enterprise,3008,0.0,200.0,22424.0,6530.0,6530.0,13300.352584046777,3.0,1281.0,1182.0,3.8560536100893295,13.820381086989073,,,
7.0,7.0,0.0,0.0,d_kam_delay_8,0.9993578574624463,delay=8,2.3647259541563055,1.9652159030526148,8.0,D1,8.0,64.0,2.3449706615714394,5.0,1.5029949186036577,19.981288667980177,1.233701920003059,0.1807275496354164,0.8014286800398207,0.6855954100630496,51.15725314433803,-1.0696014050708436,0.3925968323117327,0.3925968323117327,2.062448047132643,0.6260150046638706,2.422374091750845,8.0,0.2634271955789221,0.08205025746610775,0.37041273758282484,0.37041273758282484,0.8489572754329126,0.9993578574624463,3.0,d_kam,4.0,0.4020462615839276,0.00587248322147651,0.0,enterprise,3008,0.0,200.0,20196.0,6517.0,6517.0,10231.450628867606,4.0,1192.0,1077.0,4.577611780902475,10.664036191999912,,,
3.0,3.0,0.0,0.0,d_kam_delay_0,1.0,delay=0,0.800411622120082,0.6151927547731778,0.0,D1,8.0,64.0,0.0,6.0,1.1052670093243528,13.496439660050918,0.0,0.07327884269168518,0.7055333524674893,0.533761141406858,45.915098980185576,0.0,0.19785368758452498,0.19785368758452498,1.2709809871305275,0.6254284351071173,1.6256915859689258,0.0,0.1117456689000341,0.0,0.18114091834426205,0.18114091834426205,0.9421410449676185,1.0,2.0,d_kam,1.0,0.0,0.002638522427440633,0.0,enterprise,3009,0.0,200.0,19291.0,6552.0,6552.0,9183.019796037115,1.0,1137.0,1091.0,1.8678857356274166,9.598398695001379,,,
3.0,3.0,0.0,0.0,d_kam_delay_2,1.0,delay=2,0.8250847800908406,0.6400847364800414,2.0,D1,8.0,64.0,0.0,6.0,1.1052670093243528,13.496439660050918,0.34603359779355736,0.07500596374963829,0.7063507743895343,0.5350553927834293,48.16639738637605,-0.34603359779355736,0.20156008244521437,0.20156008244521437,1.2843807848350008,0.6248701391160969,1.6361365192503285,2.0,0.11364312382348557,0.0,0.18536949346063422,0.18536949346063422,0.940398606248138,1.0,2.0,d_kam,1.0,0.0,0.0026338893766461808,0.0,enterprise,3009,0.0,200.0,19320.0,6553.0,6553.0,9633.27947727521,1.0,1139.0,1093.0,1.8678857356274166,10.07405781999114,,,
4.0,4.0,0.0,0.0,d_kam_delay_4,0.9999999999999998,delay=4,0.8955677247692645,0.7315007096552802,4.0,D1,8.0,64.0,0.0,6.0,1.1086240336709845,13.496439660050918,0.49766528434696244,0.07993976987712795,0.7152437685202726,0.549135966823765,48.50537640522816,-0.298735722768382,0.21095519639204327,0.21095519639204327,1.3363984171491585,0.6228411137570501,1.645624729711024,4.0,0.11263492754156498,0.09946478078929022,0.20333301848948404,0.20333301848948404,0.9339994881258713,0.9999999999999998,2.0,d_kam,2.0,0.3381802546835866,0.003463203463203463,0.0,enterprise,3009,0.0,200.0,19562.0,6566.0,6566.0,9701.075281045632,2.0,1155.0,1095.0,2.871323234212853,10.136604392988374,,,
5.0,5.0,0.0,0.0,d_kam_delay_8,0.9999999999999994,delay=8,1.0665053546960268,0.8666251113764406,8.0,D1,8.0,64.0,0.0,6.0,1.1086240336709845,13.496439660050918,0.7807464028676299,0.0919054039720013,0.7170467965796289,0.5519907612510792,47.82142811018275,-0.5746818246762233,0.22829073774249395,0.22829073774249395,1.4076741038276952,0.6212207975963161,1.747497210993822,8.0,0.13628903259727948,0.10303228909570325,0.2219871060231668,0.2219871060231668,0.9245407800053901,0.9999999999999994,2.0,d_kam,3.0,0.41212915638281294,0.004302925989672977,0.0,enterprise,3009,0.0,200.0,19720.0,6585.0,6585.0,9564.28562203655,3.0,1162.0,1085.0,3.59623695261138,9.978029065998271,,,
4.0,4.0,0.0,0.0,d_kam_delay_0,0.9999999999999999,delay=0,0.953654449433757,0.7197811443315818,0.0,D1,8.0,64.0,0.0,5.0,1.2603742704948617,16.168436096192526,0.0,0.08040321933619499,0.7452128753586961,0.5965870526512688,45.752576379309176,0.0,0.25690088546925355,0.25690088546925355,1.5420430375598926,0.6484908751875412,1.973228871245027,0.0,0.1793861754723081,0.0,0.23173150446527,0.23173150446527,0.9373040880426851,0.9999999999999999,3.0,d_kam,1.0,0.0,0.0033195020746887966,0.0,enterprise,3010,0.0,200.0,20101.0,6506.0,6506.0,9150.515275861835,1.0,1205.0,1136.0,2.466102003796622,9.513535606994992,,,
4.0,4.0,0.0,0.0,d_kam_delay_2,0.9999999999999999,delay=2,0.9935151448336867,0.7592688610194642,2.0,D1,8.0,64.0,0.0,5.0,1.2603742704948617,16.168436096192526,0.7765045867674971,0.08319346801419006,0.7459871127948119,0.5978129285917857,38.18300294529763,-0.7765045867674971,0.26263967508911984,0.26263967508911984,1.559453197392422,0.6477651375398961,1.9880666182691775,2.0,0.18200483575528154,0.0,0.2366500833580495,0.2366500833580495,0.9345399478745332,0.9999999999999999,3.0,d_kam,1.0,0.0,0.0033112582781456954,0.0,enterprise,3010,0.0,200.0,20140.0,6507.0,6507.0,7636.600589059526,1.0,1208.0,1139.0,2.466102003796622,7.928883866989054,,,
4.0,4.0,0.0,0.0,d_kam_delay_4,1.0,delay=4,1.0354420074689759,0.7976483565378318,4.0,D1,8.0,64.0,0.0,5.0,1.2603742704948617,16.168436096192526,1.4694471648804297,0.0861283483986603,0.7467886217607416,0.5990819844545077,37.95775034930557,-1.4694471648804297,0.2689156456953827,0.2689156456953827,1.58052324929988,0.647039399892251,2.0098234868292577,4.0,0.18639074252575683,0.0,0.24210959473511073,0.24210959473511073,0.9318533831882475,1.0,3.0,d_kam,1.0,0.0,0.0033030553261767133,0.0,enterprise,3010,0.0,200.0,20168.0,6508.0,6508.0,7591.550069861114,1.0,1211.0,1142.0,2.466102003796622,7.883538388996385,,,
4.0,4.0,0.0,0.0,d_kam_delay_8,1.0000000000000002,delay=8,1.1745450502262418,0.9169968983075759,8.0,D1,8.0,64.0,0.0,5.0,1.2603742704948617,16.168436096192526,3.3544517868655426,0.09586556139166894,0.7484339511542148,0.6016870893275069,37.99872706498718,-3.3544517868655426,0.2870360761879551,0.2870360761879551,1.6440321633713229,0.6455879245969609,2.096621758723272,8.0,0.20568472582236325,0.0,0.2582199779143879,0.2582199779143879,0.9234989852643654,1.0000000000000002,3.0,d_kam,1.0,0.0,0.003286770747740345,0.0,enterprise,3010,0.0,200.0,20207.0,6510.0,6510.0,7599.745412997436,1.0,1217.0,1148.0,2.466102003796622,7.88982751997537,,,
7.0,7.0,0.0,0.0,d_kam_delay_0,1.0,delay=0,1.4372776641038496,1.0398864789895241,0.0,D1,8.0,64.0,0.0,3.0,1.2548259361391811,19.04925656713002,2.854859206178974e-16,0.11895881062901284,0.647350577572229,0.4416384144893626,26.99424176971661,-2.220446049250313e-16,0.2723139965301717,0.2723139965301717,1.5511978008535618,0.7748066890902965,2.251763053196287,0.0,0.23477691741068335,3.172065784643304e-17,0.2470600685729206,0.2470600685729206,0.911613216910944,1.0,5.0,d_kam,2.0,1.5543122344752176e-16,0.008663366336633664,0.0,enterprise,3011,0.0,200.0,15330.0,6353.0,6353.0,5398.848353943322,2.0,808.0,699.0,3.99508575067879,5.680643396015512,,,
7.0,7.0,0.0,0.0,d_kam_delay_2,1.0,delay=2,1.4291220371404163,1.051110682022906,2.0,D1,8.0,64.0,0.0,3.0,1.2548259361391811,19.04925656713002,0.504356076781442,0.11838791674157251,0.6490855879808046,0.4443855143029406,26.96567665479961,-0.43219429181409247,0.27797309324853114,0.27797309324853114,1.5984635280181143,0.773709291722433,2.263279913643065,2.0,0.23641720525264442,0.036080892483674756,0.25173256308833997,0.25173256308833997,0.9108275226986072,1.0,5.0,d_kam,2.0,0.17679637317000613,0.008631319358816275,0.0,enterprise,3011,0.0,200.0,15407.0,6355.0,6355.0,5393.135330959922,2.0,811.0,702.0,3.99508575067879,5.675065754010575,,,
8.0,8.0,0.0,0.0,d_kam_delay_4,1.0,delay=4,1.298643440062737,0.8002129643085162,4.0,D1,8.0,64.0,0.0,2.0,1.2440245809869397,19.04925656713002,0.8588318088159068,0.10925441494613494,0.5017309293618472,0.21107397148959137,12.58212908913265,-0.7393627842262833,0.17919314588064592,0.17919314588064592,1.4467132442670925,0.8888867580642349,2.221047312662245,4.0,0.24549807531308832,0.05973451229481169,0.20053700867120816,0.20053700867120816,0.9283903629386145,1.0,6.0,d_kam,2.0,0.2391129156338646,0.021798365122615803,0.0,enterprise,3011,0.0,200.0,7294.0,6253.0,6253.0,2516.42581782653,2.0,367.0,250.0,4.49508575067879,2.7828398310230114,,,
10.0,10.0,0.0,0.0,d_kam_delay_8,1.000000000000001,delay=8,1.8643131173748537,1.3283666224311284,8.0,D1,8.0,64.0,0.0,2.0,1.2563172344744808,19.04925656713002,1.3783455322642957,0.14885129235798314,0.5472791864280397,0.2831920451777295,14.83707298990339,-1.2925216744673755,0.31060663638760116,0.31060663638760116,1.862564008797744,0.8624269879574413,2.56539020882218,8.0,0.30434954657798213,0.04291192889846007,0.2483415193641859,0.2483415193641859,0.8914196068700316,1.000000000000001,6.0,d_kam,4.0,0.23601560894152995,0.0228310502283105,0.0,enterprise,3011,0.0,200.0,8552.0,6300.0,6300.0,2967.414597980678,4.0,438.0,300.0,6.095946941219977,3.236715928011108,,,
4.0,4.0,0.0,0.0,d_kam_delay_0,0.9999999999999999,delay=0,0.8525438636846682,0.5803716338129112,0.0,D1,8.0,64.0,0.0,5.0,1.2751845372780122,17.74296774720149,0.0,0.07261267547888041,0.6696918890221859,0.477012157618461,33.90099255979294,0.0,0.2351183372013632,0.2351183372013632,1.1545662309193208,0.7106571316265137,1.6467585960599302,0.0,0.09010013934746965,0.0,0.17605254395666098,0.17605254395666098,0.9474966389023228,0.9999999999999999,3.0,d_kam,1.0,0.0,0.004291845493562232,0.0,enterprise,3012,0.0,200.0,18010.0,6445.0,6445.0,6780.198511958588,1.0,932.0,869.0,2.210002965069982,7.071608022990404,,,
5.0,5.0,0.0,0.0,d_kam_delay_2,0.9988137643850453,delay=2,1.4906863643752024,1.1570478487694018,2.0,D1,8.0,64.0,4.172576799022906,6.0,1.7596629324617639,17.74296774720149,0.40013148272818233,0.11728265052721784,0.7497923979605824,0.6038379634375886,39.7268696554238,-0.2570064237966238,0.2886998002571962,0.2886998002571962,1.3326023424470679,0.6256668979534316,1.7819611909947393,2.0,0.12246817252859873,0.07156252946577926,0.22933190641536114,0.22933190641536114,0.9071293038553685,0.9988137643850453,2.0,d_kam,3.0,0.28625011786311694,0.004177109440267335,0.0,enterprise,3012,0.0,200.0,20861.0,6545.0,6545.0,7945.3739310847595,3.0,1197.0,1114.0,3.4036460659952903,8.238440988992807,,,
7.0,7.0,0.0,0.0,d_kam_delay_4,0.9999999999999999,delay=4,1.6994965179854165,1.3104263283190998,4.0,D1,8.0,64.0,0.0,5.0,1.2751845372780122,17.74296774720149,0.5443740939966993,0.13189936127993282,0.7678043787477692,0.6323569330173012,41.00742084585363,-0.29258564471951737,0.3099880890185528,0.3099880890185528,1.4252992486637488,0.6198086188204533,1.9012982307287785,4.0,0.14827377903627578,0.12589422463859096,0.2539158189565514,0.2539158189565514,0.8963928102868897,0.9999999999999999,3.0,d_kam,4.0,0.5137740477797758,0.005818786367414797,0.0,enterprise,3012,0.0,200.0,21785.0,6567.0,6567.0,8201.484169170726,4.0,1203.0,1091.0,4.5690682450471725,8.49029155599419,,,
7.0,7.0,0.14285714285714285,1.0,d_kam_delay_8,0.9999999999999999,delay=8,1.3294960617654392,0.8775700229376057,8.0,D1,8.0,64.0,0.0,4.0,1.178788281595284,17.74296774720149,1.0909858910072352,0.10599932934453436,0.5903597967939761,0.35140301159046233,32.7934969002672,-0.6507174666794595,0.21735723025349,0.21735723025349,1.259707690031202,0.7577818078389147,1.867645034725171,8.0,0.1569254676789616,0.22013421216388776,0.163441562701944,0.163441562701944,0.9266927516635942,0.9999999999999999,4.0,d_kam,3.0,0.7363627154534006,0.008706467661691543,0.0,enterprise,3012,0.0,200.0,18214.0,6407.0,6407.0,6558.69938005344,3.0,804.0,696.0,4.40364606599529,6.835965074977139,,,
6.0,6.0,0.0,0.0,d_kam_delay_0,1.0,delay=0,0.8265684483130403,0.5957053666908305,0.0,D1,8.0,64.0,0.0,3.0,1.2275962393581135,15.978367844653611,1.8503717077085943e-16,0.07347244118522359,0.6038508625731978,0.3727638657408964,27.709454169962555,-3.700743415417188e-17,0.2502709567335845,0.2502709567335845,1.389008077417109,0.757911341319641,1.9379863036596345,0.0,0.1651419207993845,7.401486830834377e-17,0.21161662519230076,0.21161662519230076,0.9444623017191296,1.0,5.0,d_kam,1.0,2.220446049250313e-16,0.007317073170731708,0.0,enterprise,3013,0.0,200.0,16296.0,6379.0,6379.0,5541.890833992511,1.0,820.0,731.0,3.2429427625187977,5.811962035018951,,,
6.0,6.0,0.0,0.0,d_kam_delay_2,1.0000000000000002,delay=2,0.9433150202086699,0.7105982681343361,2.0,D1,8.0,64.0,0.0,3.0,1.2275962393581135,15.978367844653611,0.44191537253187335,0.08164470121791766,0.6073508151453102,0.3783054573134077,28.022239405545406,-0.3841113969174194,0.26236047208364105,0.26236047208364105,1.4315443463865978,0.7556634424024904,1.9730871575700661,2.0,0.17160191313194556,0.02890198780722697,0.22437517768102544,0.22437517768102544,0.9364197986180842,1.0000000000000002,5.0,d_kam,1.0,0.13005894513252136,0.007246376811594203,0.0,enterprise,3013,0.0,200.0,16382.0,6382.0,6382.0,5604.447881109081,1.0,828.0,739.0,3.2429427625187977,5.880737086990848,,,
6.0,6.0,0.0,0.0,d_kam_delay_4,1.0000000000000004,delay=4,1.0920569632683783,0.845785369907434,4.0,D1,8.0,64.0,0.0,3.0,1.2275962393581135,15.978367844653611,0.9852372220173469,0.09205663723209727,0.6108724673647206,0.3838814066608075,28.239601270179264,-0.9021411757399437,0.27752203286834004,0.27752203286834004,1.4899249171989297,0.7534155434853398,2.030243003276246,4.0,0.1833709653892039,0.041548023138701616,0.24020918277008727,0.24020918277008727,0.9269567014939674,1.0000000000000004,5.0,d_kam,1.0,0.18696610412415726,0.007177033492822967,0.0,enterprise,3013,0.0,200.0,16483.0,6385.0,6385.0,5647.920254035853,1.0,836.0,747.0,3.2429427625187977,5.9212926420150325,,,
6.0,6.0,0.0,0.0,d_kam_delay_8,1.0000000000000002,delay=8,1.433570791077803,1.1340842214907525,8.0,D1,8.0,64.0,0.0,3.0,1.2275962393581135,15.978367844653611,2.4054699702386757,0.11596260517875695,0.6175274888353601,0.39441852398932,30.778398430265952,-2.4054699702386757,0.3125521949093515,0.3125521949093515,1.6325040985166743,0.7489197456510385,2.2010404450437164,8.0,0.22138446273837384,0.0,0.27651755966361885,0.27651755966361885,0.906775781883135,1.0000000000000002,5.0,d_kam,1.0,0.0,0.007042253521126761,0.0,enterprise,3013,0.0,200.0,16651.0,6391.0,6391.0,6155.67968605319,1.0,852.0,763.0,3.2429427625187977,6.448966931988252,,,
4.0,4.0,0.0,0.0,d_kam_delay_0,0.9999888823432832,delay=0,1.3244138923581843,0.7984595513467608,0.0,D1,8.0,64.0,0.03865843077007958,5.0,1.2871873178793116,24.51483135353245,2.220446049250313e-16,0.11630956424984021,0.6625415475949862,0.4656907836920615,38.42232839524513,2.220446049250313e-16,0.2455742720631742,0.2455742720631742,1.390324129029255,0.7026192526830823,2.2221868919748604,0.0,0.2511770856210572,2.220446049250313e-16,0.18316470926111525,0.18316470926111525,0.9258278353898536,0.9999888823432832,3.0,d_kam,1.0,7.549516567451061e-16,0.003968253968253968,0.0,enterprise,3014,0.0,200.0,20013.0,6468.0,6468.0,7684.465679049026,1.0,1008.0,950.0,2.1903834884811237,7.98757245001616,,,
4.0,4.0,0.0,0.0,d_kam_delay_2,0.9999888823432832,delay=2,1.3575849714243076,0.8308843082916759,2.0,D1,8.0,64.0,0.03865843077007958,5.0,1.2871873178793116,24.51483135353245,0.29188092711882296,0.11863153978446885,0.6634295774384381,0.46709683094419363,37.47847112885211,-0.2786886589962436,0.250581390210042,0.250581390210042,1.4028130590767807,0.7017817328754263,2.2333563890113877,2.0,0.2529762256068356,0.006596134061289671,0.18721956754363167,0.18721956754363167,0.9235581024037094,0.9999888823432832,3.0,d_kam,1.0,0.022426855808384872,0.0039603960396039604,0.0,enterprise,3014,0.0,200.0,20069.0,6469.0,6469.0,7495.694225770421,1.0,1010.0,953.0,2.1903834884811237,7.792562756018015,,,
6.0,6.0,0.0,0.0,d_kam_delay_4,0.9999888823432831,delay=4,1.2292409974409668,0.7115503752520952,4.0,D1,8.0,64.0,0.03865843077007958,3.0,1.273545416481371,24.51483135353245,0.9978502222170423,0.109647461605635,0.4977538326722386,0.20477690173104449,20.128564265323803,-0.9182336107371812,0.2194886321164566,0.2194886321164566,1.3915748510467312,0.8603301497246266,2.2712682492483522,4.0,0.2567500154769369,0.03980830573993055,0.1507231246675425,0.1507231246675425,0.9319114777164799,0.9999888823432831,5.0,d_kam,1.0,0.17913737582968747,0.012048192771084338,0.0,enterprise,3014,0.0,200.0,12197.0,6302.0,6302.0,4025.7128530647606,1.0,498.0,427.0,3.1903834884811237,4.287869393010624,,,
6.0,6.0,0.0,0.0,d_kam_delay_8,0.9999888823432828,delay=8,1.540493473619843,1.0132615577901143,8.0,D1,8.0,64.0,0.03865843077007958,4.0,1.2710080950405005,24.51483135353245,1.7463164491104128,0.1314351349381563,0.6372506586287259,0.4256468761621493,31.143424240435706,-1.629062608130379,0.2682436573404186,0.2682436573404186,1.5318725228753336,0.7505157214769588,2.349863660080201,8.0,0.2715918305382908,0.0586269204900168,0.2191681464313078,0.2191681464313078,0.9107916949388187,0.9999888823432828,4.0,d_kam,2.0,0.2638211422050756,0.0069124423963133645,0.0,enterprise,3014,0.0,200.0,18415.0,6412.0,6412.0,6228.684848087141,2.0,868.0,786.0,3.475599543220538,6.49993947299663,,,
3.0,3.0,0.0,0.0,d_kam_delay_0,0.9999999999999993,delay=0,0.5911223597245119,0.5930565996682919,0.0,D1,8.0,64.0,0.0,5.0,1.1985472204423318,6.000656832766349,2.220446049250313e-16,0.04953828327206418,0.7201506175175387,0.5569051444027697,34.84861740973429,7.401486830834377e-17,0.23937672678463784,0.23937672678463784,1.3740753544095514,0.6910655373496091,1.4810832111610024,0.0,0.03959725560788302,1.4802973661668753e-16,0.21083594628983085,0.21083594628983085,0.9504701882646629,0.9999999999999993,3.0,d_kam,0.0,3.996802888650563e-16,0.002785515320334262,0.0,enterprise,3015,0.0,200.0,19637.0,6463.0,6463.0,6969.723481946858,0.0,1077.0,1028.0,1.5,7.250361095997505,,,
3.0,3.0,0.0,0.0,d_kam_delay_2,0.9999999999999991,delay=2,0.6303437821873168,0.6319489149091723,2.0,D1,8.0,64.0,0.0,5.0,1.1985472204423318,6.000656832766349,0.32161057667904425,0.05228378284446054,0.721916829576476,0.5597016468294204,34.884381859737914,-0.32161057667904425,0.24554621624297213,0.24554621624297213,1.3959976446104725,0.689717415093708,1.4984519515825183,2.0,0.04280318934272569,0.0,0.21659741289568907,0.21659741289568907,0.9477477261978011,0.9999999999999991,3.0,d_kam,0.0,0.0,0.0027726432532347504,0.0,enterprise,3015,0.0,200.0,19673.0,6465.0,6465.0,6976.876371947583,0.0,1082.0,1033.0,1.5,7.258854746003635,,,
3.0,3.0,0.0,0.0,d_kam_delay_4,0.9999999999999991,delay=4,0.6904306501335975,0.6891734476197556,4.0,D1,8.0,64.0,0.0,5.0,1.1985472204423318,6.000656832766349,0.5646109239825604,0.05648986360070018,0.7237362514092338,0.5625823980646201,34.922834729222814,-0.5646109239825604,0.25287807769922493,0.25287807769922493,1.4224036240802411,0.688369292837807,1.5228029442416158,4.0,0.047618535768249946,0.0,0.22371530154893218,0.22371530154893218,0.9437420089080604,0.9999999999999991,3.0,d_kam,0.0,0.0,0.0027598896044158236,0.0,enterprise,3015,0.0,200.0,19709.0,6467.0,6467.0,6984.566945844563,0.0,1087.0,1038.0,1.5,7.267908397014253,,,
3.0,3.0,0.0,0.0,d_kam_delay_8,0.9999999999999991,delay=8,0.8210956503953771,0.8024276063948105,8.0,D1,8.0,64.0,0.0,5.0,1.1985472204423318,6.836791459661503,1.1735919280978377,0.06563641361902477,0.7272943448217518,0.5682160459677735,35.11141374896397,-1.1735919280978377,0.2692942203858,0.2692942203858,1.4847459752380876,0.6856730483260048,1.5948622892518047,8.0,0.06328913882342097,0.0,0.2394314755674873,0.2394314755674873,0.9358142177938065,0.9999999999999991,3.0,d_kam,0.0,0.0,0.0027347310847766638,0.0,enterprise,3015,0.0,200.0,19781.0,6471.0,6471.0,7022.282749792794,0.0,1097.0,1048.0,1.5,7.303977786010364,,,
5.0,5.0,0.0,0.0,d_kam_delay_0,0.9999999999999998,delay=0,0.5232949280353424,0.4919890840539697,0.0,D1,8.0,64.0,0.0,4.0,1.2040563362807317,7.441315749225532,8.881784197001253e-17,0.04377089129380906,0.7204616222473103,0.5573975685582411,31.62874436544371,-8.881784197001253e-17,0.19440261779110535,0.19440261779110535,1.2744237712734618,0.6753985404222224,1.4098266452717594,0.0,0.03627903212975265,0.0,0.1791109922966319,0.1791109922966319,0.9583961964256043,0.9999999999999998,4.0,d_kam,1.0,0.0,0.004897159647404506,0.0,enterprise,3016,0.0,200.0,18698.0,6447.0,6447.0,6325.748873088742,1.0,1021.0,942.0,2.7863728376912036,6.599703863001196,,,
5.0,5.0,0.0,0.0,d_kam_delay_2,0.9999999999999998,delay=2,0.6767475268229344,0.640725131451138,2.0,D1,8.0,64.0,0.0,4.0,1.2040563362807317,7.441315749225532,0.2967582604526263,0.05451257320894052,0.7227696427318357,0.5610519343254067,31.72895200594212,-0.2967582604526263,0.21056331334702075,0.21056331334702075,1.3230687404717998,0.6734031008445261,1.4522148731671647,2.0,0.04376867211716744,0.0,0.19393438404154728,0.19393438404154728,0.9479846731078024,0.9999999999999998,4.0,d_kam,1.0,0.0,0.004859086491739553,0.0,enterprise,3016,0.0,200.0,18759.0,6450.0,6450.0,6345.790401188424,1.0,1029.0,950.0,2.7863728376912036,6.6193855610035826,,,
5.0,5.0,0.0,0.0,d_kam_delay_4,1.0,delay=4,0.8451660725525637,0.7957301794788744,4.0,D1,8.0,64.0,0.0,4.0,1.2040563362807317,7.441315749225532,0.5732675839531476,0.06630187141001458,0.7251153758061517,0.5647660116930736,32.229137644026196,-0.5732675839531476,0.22890194857413093,0.22890194857413093,1.413799704684983,0.6712752090187263,1.52022206211693,4.0,0.0578202533478345,0.0,0.21235587335564307,0.21235587335564307,0.9371343197458608,1.0,4.0,d_kam,1.0,0.0,0.004816955684007707,0.0,enterprise,3016,0.0,200.0,18874.0,6454.0,6454.0,6445.827528805239,1.0,1038.0,959.0,2.7863728376912036,6.721422223985428,,,
5.0,5.0,0.0,0.0,d_kam_delay_8,0.9999999999999998,delay=8,1.4069728546581213,1.2659497256995984,8.0,D1,8.0,64.0,0.0,4.0,1.2040563362807317,8.00915868460037,1.0838882635497884,0.10562834615740359,0.7297498058877142,0.572103859322214,32.54723931502667,-1.0838882635497884,0.27859088101994517,0.27859088101994517,1.6497920770260635,0.6670063160196762,1.7749087093665992,8.0,0.11544059840207599,0.0,0.2638907878973995,0.2638907878973995,0.9042189515104101,0.9999999999999998,4.0,d_kam,1.0,0.0,0.004734848484848485,0.0,enterprise,3016,0.0,200.0,19104.0,6462.0,6462.0,6509.4478630053345,1.0,1056.0,977.0,2.7863728376912036,6.7843998890020885,,,
6.0,6.0,0.0,0.0,d_kam_delay_0,1.0000000000000004,delay=0,1.3910862376333193,0.8174686800939559,0.0,D1,8.0,64.0,0.0,2.0,1.2267699986049037,24.912158830387334,2.9605947323337506e-16,0.11879668068027673,0.4800698707765098,0.17677729539614057,19.71125488533289,2.9605947323337506e-16,0.24508687480975486,0.24508687480975486,1.6824705823540336,0.877056549456652,2.450483585236504,0.0,0.2980779327023226,2.9605947323337506e-16,0.19765554832775123,0.19765554832775123,0.9256160043981885,1.0000000000000004,6.0,d_kam,0.0,1.3322676295501878e-15,0.012269938650306749,0.0,enterprise,3017,0.0,200.0,11931.0,6299.0,6299.0,3942.2509770665783,0.0,489.0,416.0,3.0,4.20659491798142,,,
7.0,7.0,0.0,0.0,d_kam_delay_2,1.0000000000000004,delay=2,1.4344412440299898,0.8548290836994281,2.0,D1,8.0,64.0,0.0,2.0,1.2267699986049037,24.849877823426386,0.5769220933006994,0.12183153112804368,0.4851322727458411,0.18479276518091506,20.343825725576608,-0.32504692428058474,0.2544428220463241,0.2544428220463241,1.7154521746650853,0.8731398851619067,2.497631073903735,2.0,0.30879373319869396,0.1259375845100574,0.20479583152143255,0.20479583152143255,0.9230007761458054,1.0000000000000004,6.0,d_kam,1.0,0.26753634148145156,0.013916500994035786,0.0,enterprise,3017,0.0,200.0,12139.0,6316.0,6316.0,4068.7651451153215,1.0,503.0,413.0,3.6213999086447233,4.341154121008003,,,
8.0,8.0,0.0,0.0,d_kam_delay_4,0.9993635853484181,delay=4,1.7388265153397129,1.1869145586103929,4.0,D1,8.0,64.0,2.3568234682772475,5.0,1.9437708051260307,24.849877823426386,0.8676725295765864,0.14313850011972426,0.731132041810028,0.5742923995325445,34.40192912996281,-0.6917961340365496,0.32952889108716227,0.32952889108716227,1.8629664832602282,0.690665788613852,2.5988573676717626,4.0,0.3244620514091311,0.0879381977700184,0.298588090841964,0.298588090841964,0.899754792902038,0.9993635853484181,3.0,d_kam,5.0,0.3794530594376097,0.00819672131147541,0.0,enterprise,3017,0.0,200.0,19584.0,6514.0,6514.0,6880.385825992562,5.0,976.0,856.0,5.157782232274821,7.162646560987923,,,
7.0,7.0,0.0,0.0,d_kam_delay_8,0.9997579357622989,delay=8,1.6709764777675098,1.100859502881305,8.0,D1,8.0,64.0,0.8964323414415692,4.0,1.9084160263409866,24.849877823426386,1.596061453515024,0.13838899748967004,0.7360556555107888,0.5820881212254159,31.349982633255422,-1.4683696588159145,0.2861060556108497,0.2861060556108497,1.877021763205982,0.704326977225185,2.594140985083864,8.0,0.330865124000988,0.06384589734955469,0.2513008428165389,0.2513008428165389,0.9057786468030742,0.9997579357622989,4.0,d_kam,3.0,0.31284489701281765,0.007743362831858407,0.0,enterprise,3017,0.0,200.0,18042.0,6425.0,6425.0,6269.996526651084,3.0,904.0,801.0,3.9444140487840063,6.546844728989527,,,
1.0,1.0,0.0,0.0,d_kam_delay_0,0.9990625379603603,delay=0,0.46239365708935504,0.4748824526804794,0.0,D1,8.0,64.0,3.286189264171719,7.0,1.8513475845093774,3.649067828178334,0.0,0.03314932414486139,0.7790622687353397,0.6501819254976212,38.29172437021043,0.0,0.23109409766466033,0.23109409766466033,1.2793825932124907,0.5792585962175598,1.3294990990292148,0.0,0.020206870994872634,0.0,0.18284085557647917,0.18284085557647917,0.9658709908193407,0.9990625379603603,1.0,d_kam,0.0,0.0,0.0007363770250368188,0.0,enterprise,3018,0.0,200.0,22453.0,6597.0,6597.0,7658.344874042086,0.0,1358.0,1340.0,0.5,7.940143412997713,,,
1.0,1.0,0.0,0.0,d_kam_delay_2,0.9990625379603603,delay=2,0.4914680712614623,0.503337020900662,2.0,D1,8.0,64.0,3.286189264171719,7.0,1.8513475845093774,3.7835446381558633,0.040245058880447715,0.0351845331369089,0.7798811216937815,0.6514784426818209,38.50594048984931,-0.040245058880447715,0.2347166261957447,0.2347166261957447,1.2896614341199004,0.5785729656250232,1.3393982486920692,2.0,0.022007708706709615,0.0,0.18642344656725043,0.18642344656725043,0.963879171043928,0.9990625379603603,1.0,d_kam,0.0,0.0,0.0007347538574577516,0.0,enterprise,3018,0.0,200.0,22515.0,6598.0,6598.0,7701.188097969862,0.0,1361.0,1343.0,0.5,7.983785301010357,,,
1.0,1.0,0.0,0.0,d_kam_delay_4,0.9990625379603603,delay=4,0.5356936395665406,0.5448364218061514,4.0,D1,8.0,64.0,3.286189264171719,7.0,1.8513475845093774,3.8384535390326824,0.2073897385799468,0.03828032291826437,0.7806579415423042,0.6527084074419816,38.52913150054519,-0.2073897385799468,0.23950847390958224,0.23950847390958224,1.303478072683206,0.5778873350324867,1.35318753203863,4.0,0.024575627193327298,0.0,0.19107150051267574,0.19107150051267574,0.9609742129805438,0.9990625379603603,1.0,d_kam,0.0,0.0,0.0007331378299120235,0.0,enterprise,3018,0.0,200.0,22577.0,6599.0,6599.0,7705.826300109038,0.0,1364.0,1346.0,0.5,7.988879463984631,,,
1.0,1.0,0.0,0.0,d_kam_delay_8,0.9990625379603602,delay=8,0.6194756397609463,0.6182693996390619,8.0,D1,8.0,64.0,3.286189264171719,7.0,1.8513475845093774,5.097508280850793,0.5566418706627021,0.044145062931872786,0.7821284186748637,0.6550366629018676,39.0130644456076,-0.5566418706627021,0.24842172073773633,0.24842172073773633,1.3286611290690105,0.5765160738474137,1.386809642728249,8.0,0.03160270685666553,0.0,0.19993467661688194,0.19993467661688194,0.9558339045322399,0.9990625379603602,1.0,d_kam,0.0,0.0,0.00072992700729927,0.0,enterprise,3018,0.0,200.0,22708.0,6601.0,6601.0,7802.612889121519,0.0,1370.0,1352.0,0.5,8.085986513993703,,,
4.0,4.0,0.0,0.0,d_kam_delay_0,1.0,delay=0,0.5116936568960817,0.4600352681076947,0.0,D1,8.0,64.0,0.0,4.0,1.245167048634798,9.367625633468316,1.1102230246251565e-16,0.04344430989403602,0.6756255126945183,0.48640706176632054,35.29252806532895,1.1102230246251565e-16,0.1933404799811246,0.1933404799811246,1.1773528085827993,0.7145813479649169,1.4529050792080005,0.0,0.0455560016080489,1.1102230246251565e-16,0.16065200245714734,0.16065200245714734,0.9601888452740168,1.0,4.0,d_kam,0.0,2.220446049250313e-16,0.004287245444801715,0.0,enterprise,3019,0.0,200.0,19615.0,6413.0,6413.0,7058.50561306579,0.0,933.0,873.0,2.0,7.339408056985121,,,
4.0,4.0,0.0,0.0,d_kam_delay_2,0.9999999999999998,delay=2,0.4586258801689794,0.40630119332493886,2.0,D1,8.0,64.0,0.0,4.0,1.245167048634798,9.367625633468316,0.5107135561060767,0.039729565523138846,0.6363999030386771,0.42429984647790525,31.956496903585503,-0.39496032958495403,0.1850365021134404,0.1850365021134404,1.1740987597654067,0.755025234644054,1.4581621656599248,2.0,0.044924274076729824,0.05787661326056137,0.15371337249566527,0.15371337249566527,0.9639502305088098,0.9999999999999998,4.0,d_kam,0.0,0.1967804850859086,0.004944375772558714,0.0,enterprise,3019,0.0,200.0,18059.0,6380.0,6380.0,6391.299380717101,0.0,809.0,750.0,2.0,6.671431063005002,,,
4.0,4.0,0.0,0.0,d_kam_delay_4,0.9999999999999998,delay=4,0.5286778473084838,0.4705704999111879,4.0,D1,8.0,64.0,0.0,4.0,1.245167048634798,9.367625633468316,0.8665263333128148,0.04463320322290414,0.6384637170486525,0.42756755199369967,31.671934430632973,-0.6414025062345114,0.19488959981986426,0.19488959981986426,1.2089036717726085,0.7528038253511791,1.4925725317402954,4.0,0.05203484512085855,0.11256191353915163,0.16361373597618897,0.16361373597618897,0.9594513790477722,0.9999999999999998,4.0,d_kam,0.0,0.38271050603311535,0.004895960832313341,0.0,enterprise,3019,0.0,200.0,18132.0,6383.0,6383.0,6334.386886126595,0.0,817.0,758.0,2.0,6.610987307009054,,,
4.0,4.0,0.25,1.0,d_kam_delay_8,0.9999999999999994,delay=8,0.684621708530231,0.6059702941789219,8.0,D1,8.0,64.0,0.0,4.0,1.245167048634798,9.367625633468316,1.4739261889078095,0.05554927350842646,0.6424905391669989,0.4339433536810816,33.02370681078173,-1.0784251721962654,0.21605081349871888,0.21605081349871888,1.2900163277216947,0.7483610067654294,1.5849155544630462,8.0,0.07243456461821379,0.1977505083557719,0.1843461324659939,0.1843461324659939,0.949973393449031,0.9999999999999994,4.0,d_kam,0.0,0.627935608001154,0.004801920768307323,0.0,enterprise,3019,0.0,200.0,18278.0,6389.0,6389.0,6604.741362156346,0.0,833.0,774.0,2.0,6.885541794996243,,,
4.0,4.0,0.0,0.0,d_kam_delay_0,0.9999999999999994,delay=0,0.4550090035830108,0.46704430840115435,0.0,D1,8.0,64.0,0.0,4.0,1.2332875350570034,3.9198358205952606,3.3306690738754696e-16,0.037991741108022975,0.6327984602332973,0.4185975620360542,34.68828795594163,0.0,0.1729553490030772,0.1729553490030772,1.2026694577830312,0.7404911115521733,1.34780991897723,0.0,0.021992873637360754,1.6653345369377348e-16,0.15805320673536483,0.15805320673536483,0.9610682667488433,0.9999999999999994,4.0,d_kam,0.0,4.1078251911130784e-16,0.004153686396677051,0.0,enterprise,3020,0.0,200.0,20259.0,6434.0,6434.0,6937.6575911883265,0.0,963.0,903.0,2.0,7.221239145001164,,,
4.0,4.0,0.0,0.0,d_kam_delay_2,0.9999999999999994,delay=2,0.5334281227192977,0.539828701327112,2.0,D1,8.0,64.0,0.0,4.0,1.2332875350570034,5.282086885129006,0.26592160420046923,0.04348107944756307,0.6353975852243581,0.4227128432719003,34.345711436035344,-0.16126063095023563,0.18359543167676484,0.18359543167676484,1.2312782776408384,0.7381947033197683,1.376565130374514,2.0,0.027244298831734907,0.0523304866251168,0.16687717747324102,0.16687717747324102,0.9559733592440263,0.9999999999999994,4.0,d_kam,0.0,0.1316116463315958,0.004119464469618949,0.0,enterprise,3020,0.0,200.0,20395.0,6437.0,6437.0,6869.142287207069,0.0,971.0,911.0,2.0,7.14655845798552,,,
4.0,4.0,0.0,0.0,d_kam_delay_4,0.9999999999999997,delay=4,0.648596702113335,0.6443176667554565,4.0,D1,8.0,64.0,0.0,4.0,1.2332875350570034,6.82668374281201,0.42682449100483355,0.051542880005145675,0.6385669818868966,0.42773105465425315,34.58688641854678,-0.20379587939139232,0.1993873169449919,0.1993873169449919,1.2707570693858798,0.7351725574397182,1.4208923457000635,4.0,0.03551195707390558,0.11151430580672061,0.17974082567017555,0.17974082567017555,0.9486591316640423,0.9999999999999997,4.0,d_kam,0.0,0.37067876865989935,0.004073319755600814,0.0,enterprise,3020,0.0,200.0,20543.0,6441.0,6441.0,6917.377283709357,0.0,982.0,922.0,2.0,7.190861944982316,,,
4.0,4.0,0.25,1.0,d_kam_delay_8,0.9999999999999997,delay=8,0.9339129535907454,0.8890118696081907,8.0,D1,8.0,64.0,0.0,4.0,1.2332875350570034,8.673618184885594,0.7679082405546487,0.0715150176085644,0.6455621349253283,0.4388067136317699,35.301843974593794,-0.43532712166347626,0.23529953628098713,0.23529953628098713,1.3534783157134365,0.7284025280319726,1.5376545532213715,8.0,0.05875759077455813,0.16629055944558618,0.20652179432780549,0.20652179432780549,0.9315305374643508,0.9999999999999997,4.0,d_kam,0.0,0.5653879021149928,0.003972194637537239,0.0,enterprise,3020,0.0,200.0,20856.0,6450.0,6450.0,7060.368794918759,0.0,1007.0,947.0,2.0,7.336392347002402,,,
5.0,5.0,0.0,0.0,d_kam_delay_0,1.0000000000000002,delay=0,1.5095736552021741,0.9635524822185018,0.0,D1,8.0,64.0,0.0,5.0,1.225341083978285,22.016239093521236,3.552713678800501e-16,0.1283195082869867,0.6758916915009343,0.4868285115431459,35.42241092523909,-3.552713678800501e-16,0.270122279504027,0.270122279504027,1.495670331769499,0.6839958661677632,2.3631673525922774,0.0,0.28639137006052545,0.0,0.24390253658777483,0.24390253658777483,0.9146220862448383,1.0000000000000002,3.0,d_kam,2.0,0.0,0.004409171075837742,0.0,enterprise,3021,0.0,200.0,19688.0,6494.0,6494.0,7084.482185047818,2.0,1134.0,1052.0,3.2774182229185342,7.3808064829790965,,,
8.0,8.0,0.0,0.0,d_kam_delay_2,0.9999999999999994,delay=2,1.6172271338628768,1.0269357605269798,2.0,D1,8.0,64.0,0.0,3.0,1.3161677567814505,22.016239093521236,0.7848158248784914,0.13585525179323596,0.5547198053836666,0.29497302519080565,28.13335730941617,-0.6255314878531812,0.2895038969877421,0.2895038969877421,1.5381926460392834,0.7921690108794691,2.4701732482814696,2.0,0.30149159710344053,0.0796421685126551,0.2786373208323429,0.2786373208323429,0.9101852567632449,0.9999999999999994,5.0,d_kam,3.0,0.2501421552919928,0.010269576379974325,0.0,enterprise,3021,0.0,200.0,16199.0,6389.0,6389.0,5626.671461883234,3.0,779.0,666.0,5.080210750076271,5.920851773000322,,,
8.0,8.0,0.0,0.0,d_kam_delay_4,1.0,delay=4,1.5061099688498103,0.9344123914027863,4.0,D1,8.0,64.0,0.0,3.0,1.3161677567814505,22.016239093521236,1.1523409100308484,0.12807705024232127,0.5461145305897278,0.28134800676706917,23.35962241020752,-1.0583612146920411,0.2799708963622553,0.2799708963622553,1.4970553827423592,0.8279940590441558,2.476408516425953,4.0,0.2976235342214587,0.04698984766940356,0.267615784324942,0.267615784324942,0.9166618926019384,1.0,5.0,d_kam,3.0,0.2056826501771359,0.012048192771084338,0.0,enterprise,3021,0.0,200.0,13657.0,6359.0,6359.0,4671.924482041504,3.0,664.0,551.0,5.080210750076271,4.9542003240203485,,,
9.0,9.0,0.1111111111111111,1.0,d_kam_delay_8,1.0,delay=8,1.954585241182629,1.2462631913214124,8.0,D1,8.0,64.0,0.0,3.0,1.3161677567814505,22.016239093521236,2.286136637951942,0.15947031930561859,0.5472561678566932,0.2831555991064309,23.055555261526024,-2.0469965134993355,0.30731953704459253,0.30731953704459253,1.6244926928766106,0.8285275441955219,2.724213822554957,8.0,0.3587761449212713,0.11957006222630308,0.29556395129378343,0.29556395129378343,0.8948323366076346,1.0,5.0,d_kam,4.0,0.5551123932153852,0.013657056145675266,0.0,enterprise,3021,0.0,200.0,13428.0,6370.0,6370.0,4611.111052305205,4.0,659.0,533.0,5.7578107284304,4.917098938021809,,,
3.0,3.0,0.0,0.0,d_kam_delay_0,1.0000000000000002,delay=0,1.2006814694031143,1.0635359159014532,0.0,D1,8.0,64.0,0.0,5.0,1.2284859937908794,14.374956019185403,2.220446049250313e-16,0.09872457968412623,0.6938275168008079,0.515226901601279,38.5284438348026,-7.401486830834377e-17,0.30950697773164165,0.30950697773164165,1.5337741396933098,0.6155195581184966,1.7453162873200905,0.0,0.11860509892406983,7.401486830834377e-17,0.26713115133549004,0.26713115133549004,0.912415666413914,1.0000000000000002,3.0,d_kam,0.0,1.9984014443252816e-16,0.0021536252692031586,0.0,enterprise,3022,0.0,200.0,20480.0,6552.0,6552.0,7705.68876696052,0.0,1393.0,1341.0,1.5,8.008177513023838,,,
5.0,5.0,0.0,0.0,d_kam_delay_2,1.0000000000000004,delay=2,0.8772285650907953,0.76214509992937,2.0,D1,8.0,64.0,0.0,3.0,1.2157226164723092,14.374956019185403,0.3536911130791511,0.07608287638226394,0.570360897266243,0.31973808733821796,31.792516890127445,-0.26101140927069205,0.2515511848683421,0.2515511848683421,1.468184656727859,0.7562353905810498,1.7050141473939422,2.0,0.10583956755461617,0.04633985190422951,0.2254323717969473,0.2254323717969473,0.9335130235319598,1.0000000000000004,5.0,d_kam,0.0,0.18335452604071975,0.005720823798627002,0.0,enterprise,3022,0.0,200.0,16787.0,6403.0,6403.0,6358.503378025489,0.0,874.0,803.0,2.5,6.682264770002803,,,
4.0,4.0,0.0,0.0,d_kam_delay_4,1.0000000000000002,delay=4,0.8863407310914211,0.7590451810775531,4.0,D1,8.0,64.0,0.0,4.0,1.2428863393177827,14.374956019185403,0.28203719719335774,0.07672072800230774,0.6024552820333401,0.3705541965527886,41.346298890712205,-0.13013060130401888,0.2708843906957137,0.2708843906957137,1.4742013733769068,0.7451511172678517,1.743941960893139,4.0,0.10905578368662645,0.07595329794466943,0.2284589607070783,0.2284589607070783,0.9337300178515869,1.0000000000000002,4.0,d_kam,0.0,0.25824121301187597,0.004219409282700422,0.0,enterprise,3022,0.0,200.0,18735.0,6416.0,6416.0,8269.259778142441,0.0,948.0,886.0,2.0,8.62450248101959,,,
4.0,4.0,0.0,0.0,d_kam_delay_8,1.0000000000000002,delay=8,0.9723812058134939,0.8377076977168131,8.0,D1,8.0,64.0,0.0,4.0,1.2428863393177827,14.374956019185403,0.8732399407051439,0.08274356123285283,0.6070743414296212,0.37786770726356705,41.59707100581727,-0.44000685324477684,0.2847731362720934,0.2847731362720934,1.5191624079789312,0.7413616820470225,1.7866596429220443,8.0,0.11735785933571607,0.21661654373018352,0.24097460743246568,0.24097460743246568,0.9282236416868386,1.0000000000000002,4.0,d_kam,0.0,0.5557914204567957,0.004162330905306972,0.0,enterprise,3022,0.0,200.0,18799.0,6421.0,6421.0,8319.414201163454,0.0,961.0,899.0,2.0,8.676425321988063,,,
5.0,5.0,0.0,0.0,d_kam_delay_0,0.999859107433965,delay=0,0.9730980326519171,0.77392734466002,0.0,D1,8.0,64.0,0.5143122947049826,3.0,1.5341781210770518,15.488526094220607,0.0,0.07535335017515989,0.5096136103496007,0.22355488305353455,25.164566894673044,0.0,0.24568614658016563,0.24568614658016563,2.410390078183333,0.849480993500369,2.0456094555914515,0.0,0.18746610153489052,0.0,0.24461226057191937,0.24461226057191937,0.9386938532446316,0.999859107433965,5.0,d_kam,0.0,0.0,0.009416195856873822,0.0,enterprise,3023,0.0,200.0,12747.0,6299.0,6299.0,5032.913378934609,0.0,531.0,467.0,2.5,5.353613521991065,,,
5.0,5.0,0.0,0.0,d_kam_delay_2,0.999859107433965,delay=2,0.8949624353941777,0.7096753116475442,2.0,D1,8.0,64.0,0.5143122947049826,3.0,1.5341781210770518,15.488526094220607,0.4712328549621302,0.06988385836711813,0.4990342097313119,0.2068041654079105,19.684184941579588,-0.39554131341777293,0.2399295816179447,0.2399295816179447,2.3976967462475374,0.8620283294926958,2.0357460614875507,2.0,0.18469939412107636,0.037845770772178614,0.23632148406211592,0.23632148406211592,0.943191495555505,0.999859107433965,5.0,d_kam,0.0,0.12081313657835205,0.010224948875255624,0.0,enterprise,3023,0.0,200.0,11828.0,6285.0,6285.0,3936.8369883159176,0.0,489.0,425.0,2.5,4.208410233986797,,,
5.0,5.0,0.0,0.0,d_kam_delay_4,0.999859107433965,delay=4,0.892578864182778,0.7118678510222055,4.0,D1,8.0,64.0,0.5143122947049826,4.0,1.4709519481415962,15.488526094220607,1.0182377948736026,0.06971700838232016,0.6278342259261557,0.4107375243830799,29.569336030253908,-0.8431923896816752,0.24327371244208001,0.24327371244208001,2.3994921064959267,0.7547674259925059,2.0163791441182806,4.0,0.18596181768026215,0.08752270259596369,0.24268736633460555,0.24268736633460555,0.9430380177992785,0.999859107433965,4.0,d_kam,1.0,0.33807091654342525,0.006702412868632708,0.0,enterprise,3023,0.0,200.0,17354.0,6371.0,6371.0,5913.8672060507815,1.0,746.0,680.0,2.7518157674688655,6.194022860989207,,,
5.0,5.0,0.2,1.0,d_kam_delay_8,0.9998591074339648,delay=8,0.9125898674000954,0.7286763105608987,8.0,D1,8.0,64.0,0.5143122947049826,4.0,1.4709519481415962,15.488526094220607,2.1118493582200513,0.07111777860753238,0.6289834156168328,0.41255707472665193,29.737694470677525,-1.7737415609817855,0.24661521545933987,0.24661521545933987,2.399030385116147,0.7526122394449309,2.0250621617824565,8.0,0.1878321515446229,0.16905389861913273,0.24468240897918853,0.24468240897918853,0.94186142563157,0.9998591074339648,4.0,d_kam,1.0,0.5857058625019171,0.006648936170212766,0.0,enterprise,3023,0.0,200.0,17358.0,6373.0,6373.0,5947.538894135505,1.0,752.0,686.0,2.7518157674688655,6.230784286017297,,,
6.0,6.0,0.0,0.0,d_kam_delay_0,1.0000000000000004,delay=0,1.3885348763291365,0.8401958629310549,0.0,D1,8.0,64.0,0.0,2.0,1.2311736367215216,26.221959446452964,2.590520390792032e-16,0.11881289560208837,0.5657060192994807,0.3123678638908446,18.620497320662253,3.700743415417188e-17,0.19621956259366796,0.19621956259366796,1.4716096626611692,0.8405811764420713,2.5714598654421574,0.0,0.3411024834100111,1.4802973661668753e-16,0.17142241608610814,0.17142241608610814,0.9239781370584506,1.0000000000000004,6.0,d_kam,0.0,6.661338147750939e-16,0.01263157894736842,0.0,enterprise,3024,0.0,200.0,10613.0,6268.0,6268.0,3724.0994641324505,0.0,475.0,401.0,3.0,3.997713251010282,,,
6.0,6.0,0.0,0.0,d_kam_delay_2,1.0000000000000004,delay=2,1.4262965312753184,0.8662494445994671,2.0,D1,8.0,64.0,0.0,3.0,1.194075363062424,26.221959446452964,0.7106421498104772,0.12145621144832114,0.6170508202954162,0.3936637988010759,27.878737749706488,-0.47805358029532136,0.20945452413745286,0.20945452413745286,1.4944258841455649,0.7794406239941378,2.5632517167024904,2.0,0.34312503283467427,0.11629428475757786,0.1785971893692502,0.1785971893692502,0.9221543863416616,1.0000000000000004,5.0,d_kam,1.0,0.32732254257023286,0.008823529411764706,0.0,enterprise,3024,0.0,200.0,15954.0,6356.0,6356.0,5575.747549941298,1.0,680.0,600.0,3.258879132732658,5.8578552739927545,,,
6.0,6.0,0.0,0.0,d_kam_delay_4,1.0000000000000007,delay=4,1.4959153353713897,0.9338058742288563,4.0,D1,8.0,64.0,0.0,3.0,1.169716916496105,26.221959446452964,1.5428821422554153,0.1263295277350461,0.6159491186917286,0.3919194379285703,28.313384554785443,-1.3906111514147659,0.22386436294289117,0.22386436294289117,1.5262020796238813,0.7760260044783763,2.5877457988936485,4.0,0.34704466953136304,0.07613549542032445,0.1926564036119607,0.1926564036119607,0.9174254362676044,1.0000000000000007,5.0,d_kam,1.0,0.29854951981445765,0.008708272859216255,0.0,enterprise,3024,0.0,200.0,16058.0,6359.0,6359.0,5662.676910957089,1.0,689.0,609.0,3.240206499815491,5.946248214022489,,,
8.0,8.0,0.125,1.0,d_kam_delay_8,1.0000000000000004,delay=8,1.996483030293864,1.3056855363056552,8.0,D1,8.0,64.0,0.0,3.0,1.194075363062424,26.221959446452964,2.4831765241417423,0.16136926637961932,0.640156785273721,0.4302482433500583,29.813676809426397,-2.1473989299449574,0.25752113881054056,0.25752113881054056,1.6344468080814745,0.760641264836857,2.7835143048092563,8.0,0.39226785387902247,0.16788879709839266,0.22887263522790655,0.22887263522790655,0.8913938599222284,1.0000000000000004,5.0,d_kam,3.0,0.7549612028635045,0.0107095046854083,0.0,enterprise,3024,0.0,200.0,16924.0,6407.0,6407.0,5962.735361885279,3.0,747.0,636.0,4.740167730842029,6.244007765984861,,,
4.0,4.0,0.0,0.0,d_kam_delay_0,0.9999999999999998,delay=0,0.5947118260409779,0.43802880100759356,0.0,D1,8.0,64.0,0.0,4.0,1.2528398640800416,14.383832101727677,0.0,0.05310758842935125,0.5816144292059126,0.33755617957602807,30.17317886944511,0.0,0.18038325118570384,0.18038325118570384,1.11959736867411,0.7758982366857313,1.5211649317689504,0.0,0.06729057881083579,0.0,0.150341652717536,0.150341652717536,0.9587062763463474,0.9999999999999998,4.0,d_kam,0.0,0.0,0.0051813471502590676,0.0,enterprise,3025,0.0,200.0,17602.0,6375.0,6375.0,6034.635773889022,0.0,772.0,714.0,2.0,6.314546759007499,,,
4.0,4.0,0.0,0.0,d_kam_delay_2,0.9999999999999999,delay=2,0.5824448256684994,0.436943731477478,2.0,D1,8.0,64.0,0.0,4.0,1.205565068631175,14.383832101727677,0.37881068078072866,0.05224889840327775,0.6284261206190603,0.4116746909801787,30.33113045996288,-0.34657283224560986,0.16689898961063684,0.16689898961063684,1.1256309304956846,0.7392615844838776,1.495997402890739,2.0,0.06616846760128686,0.016118924267559398,0.14816272851708556,0.14816272851708556,0.9587822312134554,0.9999999999999999,4.0,d_kam,0.0,0.05480434250970193,0.00516795865633075,0.0,enterprise,3025,0.0,200.0,17464.0,6376.0,6376.0,6066.226091992576,0.0,774.0,716.0,2.0,6.35395452400553,,,
4.0,4.0,0.0,0.0,d_kam_delay_4,0.9999999999999999,delay=4,1.1616992046967358,0.9881620591838427,4.0,D1,8.0,64.0,0.0,5.0,1.1906883455829247,14.383832101727677,0.9099758963658813,0.0927967049352543,0.7267223832507449,0.5673104401470127,35.5137550154177,-0.6273183429739058,0.2384762806991346,0.2384762806991346,1.3197120073620199,0.6630789611460085,1.6481496291519273,4.0,0.09292531654363552,0.14132877669598776,0.2103914889970463,0.2103914889970463,0.92019694827401,0.9999999999999999,3.0,d_kam,1.0,0.4805178407663582,0.003857280617164899,0.0,enterprise,3025,0.0,200.0,20121.0,6460.0,6460.0,7102.75100308354,1.0,1037.0,976.0,2.268307126197724,7.392357069009449,,,
4.0,4.0,0.25,1.0,d_kam_delay_8,1.0000000000000002,delay=8,1.2280655091332289,1.049081882940941,8.0,D1,8.0,64.0,0.0,5.0,1.1906883455829247,14.383832101727677,1.8406529445184203,0.09744234624580883,0.7266526816066302,0.5672000792104979,37.26308208992123,-1.4972736005189007,0.25391517891812093,0.25391517891812093,1.3939904152927562,0.6622843947913453,1.7240941245305736,8.0,0.11002826521360602,0.17168967199975982,0.22543486454594286,0.22543486454594286,0.915932560611013,1.0000000000000002,3.0,d_kam,1.0,0.5837448847991832,0.0038424591738712775,0.0,enterprise,3025,0.0,200.0,20175.0,6462.0,6462.0,7452.616417984245,1.0,1041.0,980.0,2.268307126197724,7.755055859015556,,,
4.0,4.0,0.0,0.0,d_kam_delay_0,0.9999999999999996,delay=0,0.5701888519577892,0.579883397137532,0.0,D1,8.0,64.0,0.0,4.0,1.1960568497845623,4.3592159998893685,5.551115123125783e-17,0.04349819265063984,0.7176767481607313,0.5529881845878247,36.32681437462452,5.551115123125783e-17,0.25014426295474623,0.25014426295474623,1.6075719816942466,0.6628985747308326,1.5294610564715174,0.0,0.05806072487112637,5.551115123125783e-17,0.21079136300191528,0.21079136300191528,0.955524606353693,0.9999999999999996,4.0,d_kam,0.0,1.8873791418627653e-16,0.00354295837023915,0.0,enterprise,3026,0.0,200.0,19938.0,6443.0,6443.0,7265.362874924904,0.0,1129.0,1067.0,2.0,7.557078255980741,,,
3.0,3.0,0.0,0.0,d_kam_delay_2,0.9999999999999998,delay=2,0.49235357141474934,0.5088455063842522,2.0,D1,8.0,64.0,0.0,5.0,1.1816069609605127,4.3592159998893685,0.5980176098336497,0.03804972301262706,0.7687955199156323,0.6339262398664176,37.85994873556774,-0.5980176098336497,0.2433598233860309,0.2433598233860309,1.6415987119782176,0.6165764716358876,1.503888756380897,2.0,0.0569326691497004,0.0,0.21161742624438343,0.21161742624438343,0.9604972587064224,0.9999999999999998,3.0,d_kam,0.0,0.0,0.002338269680436477,0.0,enterprise,3026,0.0,200.0,20767.0,6483.0,6483.0,7571.989747113548,0.0,1283.0,1233.0,1.5,7.857274680020055,,,
3.0,3.0,0.0,0.0,d_kam_delay_4,0.9999999999999996,delay=4,0.5878322588885584,0.6027065827087813,4.0,D1,8.0,64.0,0.0,5.0,1.1816069609605127,4.3592159998893685,1.107708315538402,0.04473323113579368,0.7698157281262772,0.6355415695332721,37.859161365486216,-1.107708315538402,0.25451134937877495,0.25451134937877495,1.6794505711231238,0.6155094592058414,1.534867779347072,4.0,0.06259277920866026,0.0,0.22350254379575418,0.22350254379575418,0.9539269833637056,0.9999999999999996,3.0,d_kam,0.0,0.0,0.002331002331002331,0.0,enterprise,3026,0.0,200.0,20841.0,6485.0,6485.0,7571.832273097243,0.0,1287.0,1237.0,1.5,7.8566029139910825,,,
3.0,3.0,0.0,0.0,d_kam_delay_8,0.9999999999999996,delay=8,0.7643694693549825,0.7612163167476492,8.0,D1,8.0,64.0,0.0,5.0,1.1816069609605127,5.265929282858817,2.611248360629888,0.057090835868443365,0.7718069622303428,0.6386943568647094,37.96143884625053,-2.611248360629888,0.2768223846766518,0.2768223846766518,1.7628723555770431,0.6133754343457491,1.6178894794047178,8.0,0.07978994903565104,0.0,0.24665190592768227,0.24665190592768227,0.9428313019809846,0.9999999999999996,3.0,d_kam,0.0,0.0,0.0023166023166023165,0.0,enterprise,3026,0.0,200.0,20982.0,6489.0,6489.0,7592.287769250106,0.0,1295.0,1245.0,1.5,7.875949331006268,,,
4.0,4.0,0.0,0.0,d_kam_delay_0,0.9999999999999999,delay=0,1.1727645925364079,0.7800737978274555,0.0,D1,8.0,64.0,0.0,4.0,1.2035791892356658,20.451599069212072,4.440892098500626e-16,0.10069490274844427,0.5714343773019673,0.32143776406144836,28.83102544088615,-4.440892098500626e-16,0.2233107644924865,0.2233107644924865,1.3647720919970963,0.7713587759666883,2.152746057425674,0.0,0.23454277952736724,0.0,0.17354026212978638,0.17354026212978638,0.9298673236426407,0.9999999999999999,4.0,d_kam,0.0,0.0,0.005012531328320802,0.0,enterprise,3027,0.0,200.0,17445.0,6384.0,6384.0,5766.20508817723,0.0,798.0,740.0,2.0,6.034280684019905,,,
5.0,5.0,0.0,0.0,d_kam_delay_2,0.9999999999999997,delay=2,1.1742937422909914,0.7883279506774787,2.0,D1,8.0,64.0,0.0,3.0,1.2160127647761199,20.451599069212072,0.6218504242893073,0.10080194323126516,0.5086945922637266,0.2220997710842336,22.066431895509595,-0.43956538514260046,0.1986652467871943,0.1986652467871943,1.3721950362937059,0.8450441820712368,2.1591353135197346,2.0,0.23364312402750614,0.09114251957335337,0.17142479626547566,0.17142479626547566,0.929289532943139,0.9999999999999997,5.0,d_kam,0.0,0.2975857150102784,0.009191176470588236,0.0,enterprise,3027,0.0,200.0,13637.0,6312.0,6312.0,4413.286379101919,0.0,544.0,479.0,2.5,4.676237505977042,,,
4.0,4.0,0.0,0.0,d_kam_delay_4,1.0000000000000002,delay=4,1.0124499374076643,0.6252032174772691,4.0,D1,8.0,64.0,0.0,4.0,1.2035791892356658,20.451599069212072,1.4651758488302358,0.08947287688943226,0.5539952345933621,0.29382578810615656,28.42413062651758,-1.2498128370939336,0.18223256022263826,0.18223256022263826,1.2678126530708032,0.7892798469269376,2.086640792022475,4.0,0.2256378882651104,0.10768150586815117,0.1414261408443446,0.1414261408443446,0.9407082642671537,1.0000000000000002,4.0,d_kam,0.0,0.2872738649664564,0.005361930294906166,0.0,enterprise,3027,0.0,200.0,17329.0,6358.0,6358.0,5684.826125303516,0.0,746.0,688.0,2.0,5.952705709991278,,,
5.0,5.0,0.0,0.0,d_kam_delay_8,1.0000000000000002,delay=8,1.0474429462439014,0.6474748424012994,8.0,D1,8.0,64.0,0.0,3.0,1.2160127647761199,20.451599069212072,2.073808825247672,0.09192238750796884,0.49063995727942505,0.19351326569242286,19.448451223870507,-1.7212075365145771,0.15410685946315453,0.15410685946315453,1.2594124465361185,0.863048838776701,2.1011626821058904,8.0,0.22804245923934585,0.17630064436654744,0.13515321953317827,0.13515321953317827,0.9391492505224716,1.0000000000000002,5.0,d_kam,0.0,0.4470993690248665,0.010101010101010102,0.0,enterprise,3027,0.0,200.0,11991.0,6287.0,6287.0,3889.6902447741013,0.0,495.0,430.0,2.5,4.150538272981066,,,
3.0,3.0,0.0,0.0,d_kam_delay_0,1.0000000000000007,delay=0,0.6888956504885292,0.5141730484339274,0.0,D1,8.0,64.0,0.0,6.0,1.1231207690641019,13.326991237798966,0.0,0.05966159962351638,0.705200937439498,0.5332348176125385,38.74583842945867,0.0,0.2117950515637681,0.2117950515637681,1.253337846980536,0.643007206462436,1.6006776788724677,0.0,0.09618786448342256,0.0,0.16233995663189024,0.16233995663189024,0.9532687302401697,1.0000000000000007,2.0,d_kam,1.0,0.0,0.0023715415019762848,0.0,enterprise,3028,0.0,200.0,21828.0,6507.0,6507.0,7749.167685891734,1.0,1265.0,1217.0,1.7813393896227654,8.029057317995466,,,
3.0,3.0,0.0,0.0,d_kam_delay_2,1.0000000000000007,delay=2,0.7284990514249047,0.5497351790076236,2.0,D1,8.0,64.0,0.0,6.0,1.1231207690641019,13.326991237798966,0.22257628261534337,0.062433837689062646,0.7050181788002967,0.5329454497671365,38.767463550611865,-0.11648758884950065,0.2173231283548516,0.2173231283548516,1.2720294954313165,0.6430119150423158,1.6204931906931,2.0,0.10019660477162376,0.05304434688292137,0.1680145673576049,0.1680145673576049,0.950779381100011,1.0000000000000007,2.0,d_kam,1.0,0.14321973658388767,0.0023734177215189874,0.0,enterprise,3028,0.0,200.0,21862.0,6507.0,6507.0,7753.492710122373,1.0,1264.0,1216.0,1.7813393896227654,8.032574634009507,,,
4.0,4.0,0.0,0.0,d_kam_delay_4,1.0000000000000007,delay=4,0.7635523695570556,0.5825265994082658,4.0,D1,8.0,64.0,0.0,5.0,1.1628103355677901,13.326991237798966,0.44739392057403393,0.06488756995831323,0.6514331916111529,0.4481025533843254,34.5611729992379,-0.1907145085978127,0.21352196674159493,0.21352196674159493,1.2901609860057153,0.7067874152315261,1.6608198615318879,4.0,0.10407057789684812,0.12833970598811062,0.17025442016155914,0.17025442016155914,0.9484839816719659,1.0000000000000007,3.0,d_kam,1.0,0.4363550003595759,0.003933136676499509,0.0,enterprise,3028,0.0,200.0,19932.0,6441.0,6441.0,6912.234599847579,1.0,1017.0,955.0,2.281339389622765,7.188739634992089,,,
4.0,4.0,0.0,0.0,d_kam_delay_8,1.0000000000000007,delay=8,0.8661690322969163,0.6773788511456484,8.0,D1,8.0,64.0,0.0,5.0,1.1628103355677901,13.326991237798966,0.9859972849569638,0.07207073635010347,0.6525542026284615,0.44987748749506423,34.92639511518064,-0.6861876328005467,0.22864444597565275,0.22864444597565275,1.3444997977207627,0.7052601868103381,1.7133690102064687,8.0,0.11475193985862293,0.14990482607820854,0.18586300156827856,0.18586300156827856,0.9418443240503491,1.0000000000000007,3.0,d_kam,1.0,0.5096764086659088,0.0039177277179236044,0.0,enterprise,3028,0.0,200.0,20036.0,6443.0,6443.0,6985.279023036128,1.0,1021.0,959.0,2.281339389622765,7.265207449003356,,,
4.0,4.0,0.0,0.0,d_kam_delay_0,0.9999983619981743,delay=0,0.49503492868466964,0.502330078791745,0.0,D1,8.0,64.0,0.006034334363895638,4.0,1.2313426516430355,6.09676315399748,1.6653345369377348e-16,0.038546779801026235,0.7142826915163633,0.5476142615675754,31.857335573877208,5.551115123125783e-17,0.2147898429472153,0.2147898429472153,1.2237593112524323,0.6334826176100532,1.3311877942685226,0.0,0.02111923485759804,1.1102230246251565e-16,0.18105448596270257,0.18105448596270257,0.9606952443312936,0.9999983619981743,4.0,d_kam,0.0,3.7747582837255307e-16,0.0037071362372567192,0.0,enterprise,3029,0.0,200.0,19282.0,6475.0,6475.0,6371.467114775442,0.0,1079.0,1021.0,2.0,6.645247194013791,,,
4.0,4.0,0.0,0.0,d_kam_delay_2,0.9999983619981743,delay=2,0.5526668895103966,0.5590228713417019,2.0,D1,8.0,64.0,0.006034334363895638,4.0,1.2313426516430355,6.09676315399748,0.2051190946367687,0.04258101705882712,0.7156583247504161,0.5497923475214924,32.01334140976542,-0.2051190946367687,0.22646347897438318,0.22646347897438318,1.2787649856493544,0.6322248677998294,1.3614673977365592,2.0,0.026419013909221557,0.0,0.19183726645389435,0.19183726645389435,0.9567267488527966,0.9999983619981743,4.0,d_kam,0.0,0.0,0.003686635944700461,0.0,enterprise,3029,0.0,200.0,19318.0,6478.0,6478.0,6402.668281953083,0.0,1085.0,1027.0,2.0,6.676512021018425,,,
4.0,4.0,0.0,0.0,d_kam_delay_4,0.9999983619981737,delay=4,0.7430676750249946,0.7218381964325443,4.0,D1,8.0,64.0,0.006034334363895638,5.0,1.2439362291625078,7.20581623797061,0.5938365042780002,0.05590907204484898,0.7511334706033892,0.6059613284553663,34.297860244405456,-0.5938365042780002,0.2565346775991692,0.2565346775991692,1.3803961284780568,0.6100510333462242,1.4597480484161045,4.0,0.04552266004962439,0.0,0.230577271550893,0.230577271550893,0.9453296760964376,0.9999983619981737,3.0,d_kam,1.0,0.0,0.003401360544217687,0.0,enterprise,3029,0.0,200.0,20309.0,6573.0,6573.0,6859.572048881091,1.0,1176.0,1116.0,2.329777358508971,7.137013370986097,,,
5.0,5.0,0.0,0.0,d_kam_delay_8,0.9999999999999997,delay=8,1.0833410466945914,0.9876623063041748,8.0,D1,8.0,64.0,0.0,4.0,1.278892939156972,10.293511508507997,1.128907319512685,0.07972820806172075,0.7315873075053887,0.5750132368835322,34.50995285020326,-0.9341597659881264,0.29942970198163205,0.29942970198163205,1.5695266555454788,0.6260162158052416,1.6904047563407532,8.0,0.09681759384485117,0.09737377676227932,0.26890485381754065,0.26890485381754065,0.9267219884054236,0.9999999999999997,4.0,d_kam,1.0,0.38949510704911716,0.004344048653344918,0.0,enterprise,3029,0.0,200.0,20421.0,6573.0,6573.0,6901.9905700406525,1.0,1151.0,1081.0,2.829777358508971,7.182790763006778,,,
3.0,3.0,0.0,0.0,d_kam_delay_0,1.0,delay=0,0.5245046905229468,0.4540115130856092,0.0,D1,8.0,64.0,0.0,5.0,1.2662496896629543,8.839346380862034,0.0,0.04301920200743302,0.6896345256969773,0.5085879990202139,31.17614256014349,0.0,0.23577289337070148,0.23577289337070148,1.1477367004076477,0.6855493114214931,1.4932578128985665,0.0,0.05058252599504878,0.0,0.17341356932617663,0.17341356932617663,0.961711471021908,1.0,3.0,d_kam,0.0,0.0,0.0030706243602865915,0.0,enterprise,3030,0.0,200.0,18647.0,6452.0,6452.0,6235.228512028698,0.0,977.0,930.0,1.5,6.5087868249975145,,,
4.0,4.0,0.0,0.0,d_kam_delay_2,1.0000000000000002,delay=2,0.762842594067613,0.6855249528539796,2.0,D1,8.0,64.0,0.0,5.0,1.2662496896629543,8.839346380862034,0.24377687033754247,0.059702855255559635,0.6998704743223054,0.5247949176769835,33.05674011528026,-0.1845245197637293,0.267501732961925,0.267501732961925,1.243204158864371,0.6741816578019632,1.5703402534716913,2.0,0.06451637860772935,0.029626175286906586,0.20520558282671955,0.20520558282671955,0.9455055302381221,1.0000000000000002,3.0,d_kam,1.0,0.10072899597548235,0.003929273084479371,0.0,enterprise,3030,0.0,200.0,19684.0,6482.0,6482.0,6611.348023056053,1.0,1018.0,956.0,2.2720883361034865,6.885904919006862,,,
4.0,4.0,0.0,0.0,d_kam_delay_4,1.0000000000000002,delay=4,0.8165351683439576,0.7343493933120341,4.0,D1,8.0,64.0,0.0,5.0,1.2662496896629543,8.839346380862034,0.3732374108347266,0.06346133545490376,0.7017480236662027,0.5277677041381541,33.404292359773535,-0.26932233063046673,0.2743564113917765,0.2743564113917765,1.2671155764142756,0.6725588982164138,1.5941832291788582,4.0,0.06938936857074098,0.05195754010212994,0.21223363462462083,0.21223363462462083,0.9420878194060583,1.0000000000000002,3.0,d_kam,1.0,0.17096776029613353,0.00390625,0.0,enterprise,3030,0.0,200.0,19767.0,6484.0,6484.0,6680.858471954707,1.0,1024.0,962.0,2.2720883361034865,6.957685041998047,,,
3.0,3.0,0.0,0.0,d_kam_delay_8,1.0,delay=8,0.6658285240926443,0.5832865706774001,8.0,D1,8.0,64.0,0.0,5.0,1.2662496896629543,8.839346380862034,1.1607847419349897,0.05291187035731184,0.694882820280755,0.5168977987778621,31.579428825789364,-1.1607847419349897,0.2547814455482591,0.2547814455482591,1.215298426849987,0.6815112094215181,1.5612048274563293,8.0,0.06446843493127058,0.0,0.19265408171327386,0.19265408171327386,0.9526622169904827,1.0,3.0,d_kam,0.0,0.0,0.0030241935483870967,0.0,enterprise,3030,0.0,200.0,18750.0,6457.0,6457.0,6315.885765157873,0.0,992.0,945.0,1.5,6.591087534994585,,,
17.0,17.0,0.0,0.0,d_kam_delay_0,0.9999999999999993,delay=0,20.029994971903605,5.209399762104692,0.0,D1,8.0,64.0,0.0,2.0,1.0428292108949562,298.42508195694836,0.0,1.7357576064704876,0.3263150734273355,0.24960837386708165,5.117169019213179,0.0,0.25069619896551343,0.25069619896551343,4.067700888526037,0.8551378327481367,32.50594313664337,0.0,8.717046694514881,0.0,0.25228637025233214,0.25228637025233214,0.538201198723787,0.9999999999999993,6.0,d_kam,11.0,0.0,0.04404145077720207,0.0,hpc,3001,0.0,200.0,7301.0,6352.0,6352.0,1023.4338038426358,11.0,386.0,242.0,12.17119809307141,1.2113013920024969,,,
16.0,16.0,0.0,0.0,d_kam_delay_2,0.9999999999999993,delay=2,19.723400522717544,4.931569048795099,2.0,D1,8.0,64.0,0.0,2.0,1.0844741374337605,299.3055306423163,5.224309246002275,1.709697078289672,0.3319019476763815,0.2558313773623061,4.968337354512187,-4.423497178254348,0.24474019238711306,0.24474019238711306,4.091633053493001,0.8592441113659192,32.78961139809315,2.0,8.795805318901598,0.40040603387396323,0.2439913269871485,0.2439913269871485,0.5618168093551025,0.9999999999999993,6.0,d_kam,10.0,1.664400929374048,0.04113110539845758,0.0,hpc,3001,0.0,200.0,7115.0,6345.0,6345.0,993.6674709024373,10.0,389.0,254.0,13.292617568358668,1.1804083620081656,,,
15.0,15.0,0.0,0.0,d_kam_delay_4,0.9999999999999999,delay=4,19.687300767212722,4.895660372250909,4.0,D1,8.0,64.0,0.0,2.0,1.1858474610382712,299.3055306423163,7.615552761794484,1.7066285990717622,0.33850465199741664,0.26318587474959776,5.002482550335117,-6.941851334652552,0.2879916495306371,0.2879916495306371,4.1663058512089775,0.8562792293308641,32.955299035563165,4.0,8.82976789318823,0.33685071357096585,0.2312934456010721,0.2312934456010721,0.5648690468613586,0.9999999999999999,6.0,d_kam,9.0,1.9110496267650974,0.039473684210526314,0.0,hpc,3001,0.0,200.0,7174.0,6334.0,6334.0,1000.4965100670233,9.0,380.0,248.0,11.685533148269553,1.1880162869929336,,,
18.0,18.0,0.05555555555555555,1.0,d_kam_delay_8,1.0,delay=8,20.559048072199847,5.460940143467474,8.0,D1,8.0,64.0,0.0,2.0,1.0457018315718343,299.00074613168033,9.635333750511045,1.7807271199956676,0.3109641005901709,0.23250951798410124,4.995040730282199,-9.473326855393543,0.3059119740947419,0.3059119740947419,4.431716775650035,0.8592388313140127,33.534678260762526,8.0,8.990212250884943,0.0810034475587512,0.3031799004111308,0.3031799004111308,0.5168202663079505,1.0,6.0,d_kam,12.0,0.7239583157888856,0.04774535809018567,0.0,hpc,3001,0.0,200.0,7044.0,6369.0,6369.0,999.0081460564397,12.0,377.0,229.0,13.806606524638823,1.1868746440159157,,,
18.0,18.0,0.0,0.0,d_kam_delay_0,0.9993341635193472,delay=0,12.232475817508181,3.880177686237905,0.0,D1,8.0,64.0,8.29220153260468,2.0,1.9996910813848663,244.34160082385796,4.9343245538895844e-17,1.0698680115283303,0.3719313269393038,0.3004185572343731,7.032180935202632,-4.9343245538895844e-17,0.2726324630522165,0.2726324630522165,3.2211561414087697,0.8146321545760847,16.38274166463704,0.0,4.214019968708576,0.0,0.22671564206365916,0.22671564206365916,0.652214242883303,0.9993341635193472,6.0,d_kam,12.0,0.0,0.034026465028355386,0.0,hpc,3002,0.0,200.0,10304.0,6432.0,6432.0,1406.4361870405264,12.0,529.0,310.0,16.307272031148138,1.5929714450030588,,,
9.0,9.0,0.0,0.0,d_kam_delay_2,0.9996234950933629,delay=2,10.45387979109643,3.3704139029135423,2.0,D1,8.0,64.0,4.688920860544262,2.0,1.023671234587461,232.86041136125954,1.2093390276548768,0.9186873492833314,0.24120728773193945,0.15481009772121967,4.669650349533185,-1.0589513946767877,0.22736450235569966,0.22736450235569966,2.904925981060219,0.8628549244676492,13.789145942202026,2.0,3.5114996815813835,0.0751938164890446,0.1877194499769185,0.1877194499769185,0.6955441644658739,0.9996234950933629,6.0,d_kam,3.0,0.2986158159406713,0.025280898876404494,0.0,hpc,3002,0.0,200.0,6916.0,6253.0,6253.0,933.9300699066371,3.0,356.0,257.0,6.817440675111287,1.118694892997155,,,
11.0,11.0,0.0,0.0,d_kam_delay_4,0.9994669693080754,delay=4,11.825827581970819,3.7856873884863034,4.0,D1,8.0,64.0,6.638263370861895,2.0,1.0811226367863396,244.34160082385796,4.285217835122943,1.0353029115076546,0.24060507493162434,0.15413931613671028,4.891494521580171,-3.9895891570027486,0.2648377078533343,0.2648377078533343,3.1698058647804275,0.860117573690177,15.971954943478163,4.0,4.111076473001978,0.14781433906009755,0.22636970494245565,0.22636970494245565,0.660245918192189,0.9994669693080754,6.0,d_kam,5.0,0.7630406214291815,0.029891304347826088,0.0,hpc,3002,0.0,200.0,7202.0,6287.0,6287.0,978.2989043160342,5.0,368.0,246.0,9.509208409706567,1.162458355014678,,,
20.0,20.0,0.0,0.0,d_kam_delay_8,0.9997674956886207,delay=8,12.687794193688363,3.9421261451564455,8.0,D1,8.0,64.0,2.8955646967039868,2.0,1.1743373156528014,244.34160082385796,6.942023628078647,1.108570073503646,0.3465587972674522,0.27215707616424134,5.834276450186735,-6.851745241766392,0.2949507291155188,0.2949507291155188,3.6755000424085735,0.844051190429976,18.345621664273942,8.0,4.751861447350237,0.04513919315612771,0.274896968898918,0.274896968898918,0.646948623875227,0.9997674956886207,6.0,d_kam,14.0,0.30716707349945416,0.04716981132075472,0.0,hpc,3002,0.0,200.0,8382.0,6423.0,6423.0,1166.855290037347,14.0,424.0,231.0,18.92977229777019,1.3543922250100877,,,
9.0,9.0,0.0,0.0,d_kam_delay_0,1.0,delay=0,3.437827690540398,1.8391422991146242,0.0,D1,8.0,64.0,0.0,2.0,0.9937580643592536,104.41913908968738,0.0,0.30746214309514297,0.27057594364646853,0.187522709507205,5.258628704905277,0.0,0.16954298186353217,0.16954298186353217,1.7546323429663646,0.8347652496404442,3.3835916810128874,0.0,0.6259893250519639,0.0,0.191195262516605,0.191195262516605,0.8321853136610008,1.0,6.0,d_kam,3.0,0.0,0.019271948608137045,0.0,hpc,3003,0.0,200.0,7654.0,6270.0,6270.0,1051.7257409810554,3.0,467.0,353.0,6.328195898343351,1.242263965017628,,,
10.0,10.0,0.0,0.0,d_kam_delay_2,1.0000000000000002,delay=2,3.4372543905191746,1.8198635877429483,2.0,D1,8.0,64.0,0.0,2.0,0.9937580643592537,104.41913908968738,1.1124108522640879,0.307413412593339,0.27467862901694634,0.19209253232085607,5.361348749866011,-0.7633782770748458,0.16543627874174607,0.16543627874174607,1.7634140022487839,0.8347668252360307,3.4109408938408396,2.0,0.6340447945136796,0.17451628759462104,0.18638252569788377,0.18638252569788377,0.8338240041275933,1.0000000000000002,6.0,d_kam,4.0,0.9395651013687724,0.02092050209205021,0.0,hpc,3003,0.0,200.0,7798.0,6285.0,6285.0,1072.2697499732021,4.0,478.0,352.0,8.571225110536872,1.2590068499848712,,,
10.0,10.0,0.0,0.0,d_kam_delay_4,1.0000000000000002,delay=4,3.4039022378246946,1.7809805841752104,4.0,D1,8.0,64.0,0.0,2.0,0.9937580643592536,104.41913908968738,1.7470503878426438,0.30457847961430823,0.2829527317920821,0.2013087359070221,5.562458010099363,-1.2615563442193165,0.19056268839658558,0.19056268839658558,1.8304560094695623,0.8301744533467058,3.528141584602585,4.0,0.659627037490182,0.2427470218116638,0.2000161349706261,0.2000161349706261,0.837129059430851,1.0000000000000002,6.0,d_kam,4.0,1.0655138590589002,0.020242914979757085,0.0,hpc,3003,0.0,200.0,8073.0,6290.0,6290.0,1112.4916020198725,4.0,494.0,368.0,7.467887787002766,1.299396707006963,,,
13.0,13.0,0.0,0.0,d_kam_delay_8,0.9991934584015474,delay=8,5.324444178033264,3.0825939753806413,8.0,D1,8.0,64.0,9.972643987294628,2.0,1.284815196224053,104.41913908968738,1.7443456922960114,0.4678245445320367,0.31304309240892664,0.23482522669311137,4.9968556116800755,-1.5454113065262558,0.2761865886486109,0.2761865886486109,2.0896696039243015,0.8716171327900907,4.145575478976673,8.0,0.7917715062674401,0.0994671928848779,0.2735728795452377,0.2735728795452377,0.7264919211783893,0.9991934584015474,6.0,d_kam,7.0,0.5777699946389662,0.03412073490813648,0.0,hpc,3003,0.0,200.0,7321.0,6311.0,6311.0,999.3711223360151,7.0,381.0,259.0,9.917375013611446,1.187246546993265,,,
12.0,12.0,0.0,0.0,d_kam_delay_0,0.9999999999999999,delay=0,17.754792364059544,4.945804131487166,0.0,D1,8.0,64.0,0.0,2.0,1.085007460474852,298.6770692318442,0.0,1.5430325963005656,0.3046875351418878,0.22551829409368687,4.67666078635375,0.0,0.3000468573758621,0.3000468573758621,4.4053983406887935,0.8733281738522136,31.926707174560256,0.0,8.540307086758038,0.0,0.2928356122302359,0.2928356122302359,0.5600181325618675,0.9999999999999999,6.0,d_kam,6.0,0.0,0.03498542274052478,0.0,hpc,3004,0.0,200.0,6945.0,6286.0,6286.0,935.33215727075,6.0,343.0,234.0,8.64324190339346,1.1198587929829955,,,
13.0,13.0,0.0,0.0,d_kam_delay_2,0.9999999999999996,delay=2,17.31681106685511,4.637877486448169,2.0,D1,8.0,64.0,0.0,2.0,1.1039711428201153,298.6770692318442,3.158652912410415,1.5058041860381883,0.3111146131475322,0.23267716810987493,4.776119709858904,-2.6821268321764644,0.3012577006728074,0.3012577006728074,4.420643210598213,0.863408668833245,31.930229868260543,2.0,8.542552874486669,0.23826304011697522,0.2798562505254193,0.2798562505254193,0.5861918973901823,0.9999999999999996,6.0,d_kam,7.0,1.4569669548508573,0.037037037037037035,0.0,hpc,3004,0.0,200.0,7086.0,6308.0,6308.0,955.2239419717807,7.0,351.0,231.0,9.446866558572841,1.1403354419744574,,,
14.0,14.0,0.0,0.0,d_kam_delay_4,0.9999999999999994,delay=4,17.609663198663405,4.897929275620417,4.0,D1,8.0,64.0,0.0,2.0,1.0822832973487178,298.6770692318442,7.576536753187372,1.5306966172418937,0.3097812735560187,0.23119201262427824,4.793842725921422,-7.473016642888465,0.3634480007080762,0.3634480007080762,4.624377959482061,0.8666272778347366,32.14051665127398,4.0,8.583213283460625,0.05176005514945329,0.32340342718552306,0.32340342718552306,0.5640874953105413,0.9999999999999994,6.0,d_kam,8.0,0.22725210504872081,0.039886039886039885,0.0,hpc,3004,0.0,200.0,7086.0,6320.0,6320.0,958.7685451842844,8.0,351.0,228.0,9.863081270364582,1.1444023980002385,,,
25.0,25.0,0.08,2.0,d_kam_delay_8,0.9974852868637872,delay=8,19.70259899382249,5.740439347686099,8.0,D1,8.0,64.0,31.552847229945865,2.0,2.0062846700357184,298.6770692318442,8.888611522692509,1.7085961598304165,0.30073938217686264,0.22112059895937664,4.849359039944829,-8.402556244552265,0.3999773664675702,0.3999773664675702,5.110674630193596,0.8687508412718249,34.21911256928691,8.0,9.153948712127617,0.2430276390701223,0.38465787320299427,0.38465787320299427,0.49247413918495825,0.9974852868637872,6.0,d_kam,19.0,1.9177311094675518,0.07142857142857142,0.0,hpc,3004,0.0,200.0,7015.0,6443.0,6443.0,969.8718079889659,19.0,350.0,197.0,21.98204627877809,1.1573847440013196,,,
15.0,15.0,0.0,0.0,d_kam_delay_0,0.9967708092885333,delay=0,8.438180557942802,3.487830099749303,0.0,D1,8.0,64.0,40.542778017183764,2.0,2.7632106509050356,184.8391976836582,1.4802973661668754e-17,0.7370745517454134,0.29311644741058585,0.21262970627416736,5.595801315212157,1.4802973661668754e-17,0.24825474254474145,0.24825474254474145,2.470709151250921,0.8567650361251044,8.556249997831037,0.0,2.0379950737063353,1.4802973661668754e-17,0.23512849090321886,0.23512849090321886,0.6896625901227074,0.9967708092885333,6.0,d_kam,9.0,6.661338147750916e-17,0.03807106598984772,0.0,hpc,3005,0.0,200.0,8187.0,6314.0,6314.0,1119.1602630424313,9.0,394.0,233.0,11.29149388554961,1.3066528270137496,,,
17.0,17.0,0.0,0.0,d_kam_delay_2,0.998164370628467,delay=2,8.214534964085074,3.364899547803574,2.0,D1,8.0,64.0,23.046490833638643,2.0,1.724852407929462,184.8391976836582,0.9262475647968662,0.7180646762675061,0.3357164840405855,0.26008024212441455,5.717254543851595,-0.7740662060269994,0.25889423224402197,0.25889423224402197,2.546362647834591,0.8384654967704739,8.68369949002617,2.0,2.0684249873629814,0.07609067938493339,0.24132087798986965,0.24132087798986965,0.7001116870380945,0.998164370628467,6.0,d_kam,11.0,0.5739970490327897,0.035864978902953586,0.0,hpc,3005,0.0,200.0,8303.0,6372.0,6372.0,1143.450908770319,11.0,474.0,296.0,13.183024736342622,1.329288346983958,,,
21.0,21.0,0.0,0.0,d_kam_delay_4,0.9978624467877564,delay=4,8.726160265539576,3.626597577507813,4.0,D1,8.0,64.0,26.83717164061154,2.0,1.9114877860338555,184.8391976836582,2.0211937931013324,0.7615528268911391,0.33824810468427885,0.262900116603776,5.921991310315207,-1.8577554662646478,0.30411815437027684,0.30411815437027684,2.781409522414927,0.8343521934409063,9.28254415708598,4.0,2.223578864767985,0.0817191634183423,0.2849337798254872,0.2849337798254872,0.6778673545132342,0.9978624467877564,6.0,d_kam,15.0,0.8127930320417995,0.043209876543209874,0.0,hpc,3005,0.0,200.0,8521.0,6428.0,6428.0,1184.3982620630413,15.0,486.0,286.0,17.64832463504902,1.3722555629792623,,,
17.0,17.0,0.0,0.0,d_kam_delay_8,0.9990142295996151,delay=8,10.890798767415678,4.276561104048204,8.0,D1,8.0,64.0,12.376435487939887,2.0,1.3038013558070842,184.8391976836582,4.633841929683334,0.9455470995506075,0.3455116729481273,0.27099072481845865,6.3601309462683275,-4.425644811108907,0.28474513935451323,0.28474513935451323,3.064096556959944,0.8419292778768218,11.383936535784676,8.0,2.812408099724802,0.1040985592872133,0.3025022237374171,0.3025022237374171,0.6226204547573009,0.9990142295996151,6.0,d_kam,11.0,0.5403407771692484,0.037199124726477024,0.0,hpc,3005,0.0,200.0,9082.0,6356.0,6356.0,1272.0261892536655,11.0,457.0,281.0,13.709279826549485,1.4600447739940137,,,
17.0,17.0,0.0,0.0,d_kam_delay_0,0.9986573444320753,delay=0,11.098694957050183,3.8966607076270643,0.0,D1,8.0,64.0,16.685805556163444,2.0,1.3436088454507102,236.20853559588693,0.0,0.9720811759885318,0.34473518720792384,0.2701258273355588,5.116971059032949,0.0,0.28900968822301826,0.28900968822301826,3.1871648672152704,0.8522361286499077,17.312953786126187,0.0,4.46342226601462,0.0,0.27840655623505867,0.27840655623505867,0.6508908975421208,0.9986573444320753,6.0,d_kam,11.0,0.0,0.04509283819628647,0.0,hpc,3006,0.0,200.0,7563.0,6360.0,6360.0,1023.3942118065897,11.0,377.0,228.0,14.412080123702669,1.2079395779874176,,,
15.0,15.0,0.0,0.0,d_kam_delay_2,0.9999999999999996,delay=2,9.971971525711538,3.0642434502457014,2.0,D1,8.0,64.0,0.0,2.0,1.1739131392440905,236.24588279844386,3.2115995770507766,0.876309684324747,0.34651040112562,0.27210316957061637,6.127071520313621,-2.625475362740545,0.2825652330402019,0.2825652330402019,3.0804124608934047,0.8245092607885082,17.2023019644838,2.0,4.441616378364239,0.2930621071551158,0.22949487834774157,0.22949487834774157,0.7216463644195366,0.9999999999999996,6.0,d_kam,9.0,1.3194750851943922,0.03260869565217391,0.0,hpc,3006,0.0,200.0,9005.0,6360.0,6360.0,1225.414304062724,9.0,460.0,292.0,12.177426648048364,1.4131577420048416,,,
26.0,26.0,0.0,0.0,d_kam_delay_4,0.9973567073259235,delay=4,12.526864361499555,4.828618840709563,4.0,D1,8.0,64.0,32.84942813429782,2.0,2.438507630732358,236.15539255355546,2.6108317942789787,1.0934755753667285,0.35102434415230294,0.27713107640726814,5.120393219403923,-2.0578741039093447,0.3750595028422001,0.3750595028422001,3.5162862799674666,0.8212447620350971,18.042081379658736,4.0,4.649954955612743,0.27647884518481686,0.3766236141483928,0.3766236141483928,0.5716744562301084,0.9973567073259235,6.0,d_kam,20.0,0.4420999745427591,0.06103286384976526,0.0,hpc,3006,0.0,200.0,7422.0,6409.0,6409.0,1024.0786438807845,20.0,426.0,245.0,24.348227002433816,1.2087061069905758,,,
19.0,19.0,0.0,0.0,d_kam_delay_8,0.998454870173394,delay=8,11.694089321077767,4.0989489232415455,8.0,D1,8.0,64.0,19.20204739151123,2.0,2.226912656379161,236.27769668675666,6.085997089116165,1.0226896969308763,0.40713502214664904,0.339630593975228,6.1518801903002895,-5.6339935982863105,0.2991655972777665,0.2991655972777665,3.367533010910927,0.7711370728300565,18.007254993070212,8.0,4.665934769071639,0.22600174541492732,0.3102982037379533,0.3102982037379533,0.6336963992148898,0.998454870173394,6.0,d_kam,13.0,1.5491832158818721,0.03625954198473282,0.0,hpc,3006,0.0,200.0,9008.0,6392.0,6392.0,1230.376038060058,13.0,524.0,331.0,16.532774718442184,1.4167402210005093,,,
19.0,19.0,0.0,0.0,d_kam_delay_0,0.9998580937504913,delay=0,23.818565945709274,5.119353695475776,0.0,D1,8.0,64.0,1.729192740971761,2.0,1.0895636826050212,380.35208099903883,1.495879443705474e-15,2.0697057707277557,0.3218162160653194,0.24459727036978648,5.67201989935711,1.495879443705474e-15,0.312289592665688,0.312289592665688,4.908151314366473,0.8371058848474381,44.5345216397235,0.0,12.062815034126038,1.495879443705474e-15,0.2365619296221076,0.2365619296221076,0.5423480968169387,0.9998580937504913,6.0,d_kam,13.0,2.84217094304034e-15,0.0389344262295082,0.0,hpc,3007,0.0,200.0,8095.0,6395.0,6395.0,1134.403979871422,13.0,488.0,308.0,16.355572255762215,1.3208146699762437,,,
16.0,16.0,0.0,0.0,d_kam_delay_2,0.9998067912829854,delay=2,23.715836484207827,5.162272615172275,2.0,D1,8.0,64.0,2.3543368393602355,2.0,1.0536012704070328,380.35208099903883,3.2097539237561694,2.060973766500133,0.312760344819333,0.23451028507103922,5.173620240675518,-2.7543276186957977,0.27905223521095396,0.27905223521095396,4.806166556166726,0.8490771852379663,44.180175747404746,2.0,11.971452376819604,0.22771315253018568,0.24228396654915907,0.24228396654915907,0.5386999886427365,0.9998067912829854,6.0,d_kam,10.0,1.4492094693215591,0.0387409200968523,0.0,hpc,3007,0.0,200.0,7390.0,6337.0,6337.0,1034.7240481351037,10.0,413.0,261.0,13.101820377741259,1.2232884200057015,,,
32.0,32.0,0.0,0.0,d_kam_delay_4,0.9978174992424226,delay=4,26.93641248380963,6.6642715048089265,4.0,D1,8.0,64.0,26.594772818233007,2.0,1.914698638564733,383.2895790216867,3.5580003570635923,2.3347227264662855,0.37351667062910265,0.3021844103541984,7.882359164796071,-3.368969246006876,0.3595604960228569,0.3595604960228569,5.450904185697692,0.7914050938323143,48.02390098127139,4.0,13.027073212923675,0.09451555552835804,0.3400115159464944,0.3400115159464944,0.411030083023621,0.9978174992424226,6.0,d_kam,26.0,0.44583477930455795,0.053156146179401995,0.0,hpc,3007,0.0,200.0,11153.0,6584.0,6584.0,1576.4718329592142,26.0,602.0,286.0,32.4896641086451,1.7641832270019222,,,
26.0,26.0,0.038461538461538464,1.0,d_kam_delay_8,0.9998116070525657,delay=8,27.27428674718637,6.090765838396117,8.0,D1,8.0,64.0,2.2956544780900128,2.0,1.0613439578851227,393.81430682723067,6.44679323016111,2.3634420388533086,0.3056561141039907,0.2265971567989995,5.283607161254622,-6.3193860580473515,0.32795135013565885,0.32795135013565885,5.488745533086233,0.8605805131304137,50.807115162692355,8.0,13.805450523147034,0.06370358605687965,0.30565822093998135,0.30565822093998135,0.45977806466870985,0.9998116070525657,6.0,d_kam,20.0,0.4971756880161158,0.0663265306122449,0.0,hpc,3007,0.0,200.0,7483.0,6456.0,6456.0,1056.7214322509244,20.0,392.0,212.0,23.672897195936738,1.2431893199973274,,,
11.0,11.0,0.0,0.0,d_kam_delay_0,0.9999999999999992,delay=0,4.543456669038996,1.9452729863463523,0.0,D1,8.0,64.0,0.0,2.0,1.0950629045940767,150.3342982014289,8.074349270001139e-17,0.4040271403699527,0.26783414684735124,0.18446872792402985,5.114729299093597,-8.074349270001139e-17,0.25140493545214265,0.25140493545214265,2.193584008500662,0.8405262374946818,6.602220468270555,0.0,1.500422665920812,0.0,0.20252234880502548,0.20252234880502548,0.8216011761836262,0.9999999999999992,6.0,d_kam,5.0,0.0,0.024886877828054297,0.0,hpc,3008,0.0,200.0,7549.0,6297.0,6297.0,1022.9458598187193,5.0,442.0,331.0,7.745309667103376,1.207429243979277,,,
14.0,14.0,0.0,0.0,d_kam_delay_2,1.0,delay=2,4.842391500188562,2.1909669932904476,2.0,D1,8.0,64.0,0.0,2.0,1.081443799220835,150.3342982014289,1.4977777200956541,0.4294366010176657,0.288713619558942,0.20772556634040565,5.113101479073521,-1.1192328031398424,0.2865492834495914,0.2865492834495914,2.3480821488548593,0.8640868897299915,6.764662955432559,2.0,1.5259827125883474,0.18927245847790605,0.2637685989303225,0.2637685989303225,0.8007171855933781,1.0,6.0,d_kam,8.0,1.0713894857872084,0.038356164383561646,0.0,hpc,3008,0.0,200.0,7559.0,6327.0,6327.0,1022.6202958147041,8.0,365.0,240.0,10.961704598118722,1.2080717410135549,,,
20.0,20.0,0.0,0.0,d_kam_delay_4,1.0000000000000002,delay=4,5.607663355961628,2.6471026216382953,4.0,D1,8.0,64.0,0.0,2.0,1.0890351113507006,150.3342982014289,4.0825466300797695,0.4944847087583763,0.3051749241846092,0.22606117792840127,5.485490320570534,-3.675147081948256,0.3583448652098982,0.3583448652098982,2.62617279218823,0.8582849259332099,7.766795686370093,4.0,1.784316163276019,0.20369977406575607,0.30143709449215583,0.30143709449215583,0.761945657183811,1.0000000000000002,6.0,d_kam,14.0,1.1312381651987125,0.05154639175257732,0.0,hpc,3008,0.0,200.0,8040.0,6412.0,6412.0,1097.0980641141068,14.0,388.0,210.0,19.378131431695838,1.283773189992644,,,
12.0,12.0,0.0,0.0,d_kam_delay_8,1.0000000000000002,delay=8,5.056617483815825,2.2807558336930795,8.0,D1,8.0,64.0,0.0,2.0,1.0445954160685194,150.3342982014289,6.504001028974861,0.447645809625983,0.3103516204997284,0.23182730006157862,4.9954481614986435,-6.350363183967944,0.3317273436881404,0.3317273436881404,2.539322698520676,0.8580577207252966,7.212279736525088,8.0,1.63639300792266,0.0768189225034579,0.29106576322841016,0.29106576322841016,0.7930851341591544,1.0000000000000002,6.0,d_kam,6.0,0.42745570915601144,0.03305785123966942,0.0,hpc,3008,0.0,200.0,7396.0,6307.0,6307.0,999.0896322997287,6.0,363.0,249.0,9.410106517014745,1.1861368649988435,,,
13.0,13.0,0.0,0.0,d_kam_delay_0,1.0000000000000002,delay=0,6.387713221039623,3.0994439058721204,0.0,D1,8.0,64.0,0.0,2.0,1.0827333580222542,148.21723972955883,5.124106267500723e-17,0.5606127763917891,0.3678488173020108,0.29587120739085354,6.25562648914638,5.124106267500723e-17,0.2590252728931674,0.2590252728931674,2.2882222167720996,0.78111780113777,6.8516524368244465,0.0,1.5672581041307074,5.124106267500723e-17,0.276325118136402,0.276325118136402,0.7235027060552042,1.0000000000000002,6.0,d_kam,7.0,3.108624468950435e-16,0.023131672597864767,0.0,hpc,3009,0.0,200.0,9148.0,6329.0,6329.0,1251.125297829276,7.0,562.0,412.0,10.077987696701381,1.4375373290095013,,,
19.0,19.0,0.0,0.0,d_kam_delay_2,0.9981103694865736,delay=2,6.21357862738826,2.93343480942083,2.0,D1,8.0,64.0,21.69647464645944,2.0,1.6224473028252457,148.21723972955883,1.1786956912778117,0.5458113359314233,0.3557854266507349,0.28243426235849184,7.584855985624017,-0.9221895159649124,0.3232445682984957,0.3232445682984957,2.4029653636844266,0.787740462916319,7.063165124524578,2.0,1.6083944531016081,0.12825308765644958,0.30837397972810376,0.30837397972810376,0.7376134792535638,0.9981103694865736,6.0,d_kam,13.0,0.7684178419776375,0.029185867895545316,0.0,hpc,3009,0.0,200.0,10740.0,6458.0,6458.0,1516.9711971248034,13.0,651.0,419.0,16.58740733216129,1.7060367689991836,,,
19.0,19.0,0.0,0.0,d_kam_delay_4,0.9981103694865734,delay=4,6.188090123887419,2.9198690872191273,4.0,D1,8.0,64.0,21.69647464645944,2.0,1.6224473028252457,148.21723972955883,1.7338935716126007,0.5436448131338518,0.3408164615284372,0.2657609101183087,6.865647016238654,-1.5181527353287385,0.37809938334413923,0.37809938334413923,2.5292565017752637,0.8017102162131491,7.264689804195764,4.0,1.6480783803907864,0.10787041814193095,0.32590043466677654,0.32590043466677654,0.7387665656407085,0.9981103694865734,6.0,d_kam,13.0,0.7165966210429041,0.03171953255425709,0.0,hpc,3009,0.0,200.0,9751.0,6444.0,6444.0,1373.1294032477308,13.0,599.0,368.0,16.435649934615515,1.5621703910001088,,,
25.0,25.0,0.0,0.0,d_kam_delay_8,0.9978645967256176,delay=8,8.229007023379799,4.016809483907564,8.0,D1,8.0,64.0,24.518403292819805,2.0,3.743176186952303,148.21723972955883,2.0126251357359415,0.7171227495907041,0.41280715143543456,0.34594855976719185,6.361462860222673,-1.5832070136971717,0.38861578499519,0.38861578499519,2.7579013425020067,0.7786480094786933,8.236035087037346,8.0,1.9103666546489633,0.21470906101938497,0.36776754466599526,0.36776754466599526,0.6455266319221914,0.9978645967256176,6.0,d_kam,19.0,0.9193610669655993,0.04512635379061372,0.0,hpc,3009,0.0,200.0,9077.0,6484.0,6484.0,1272.2925720445346,19.0,554.0,336.0,21.931224767384567,1.4600725659984164,,,
21.0,21.0,0.0,0.0,d_kam_delay_0,0.9986122762776832,delay=0,17.172375017236195,5.136769246314822,0.0,D1,8.0,64.0,17.917210406919477,2.0,2.2767378188238574,300.0578017767159,0.0,1.4971001430265962,0.42361913278267055,0.3579916082975291,5.080476689909119,0.0,0.2751420830821348,0.2751420830821348,3.5259486215261377,0.8064472884033062,24.042293305056983,0.0,6.344730465115823,0.0,0.2810358750441848,0.2810358750441848,0.5426323607763721,0.9986122762776832,6.0,d_kam,15.0,0.0,0.04895104895104895,0.0,hpc,3010,0.0,200.0,7185.0,6395.0,6395.0,1016.0953379818238,15.0,429.0,274.0,18.080023553144517,1.2006764489924535,,,
15.0,15.0,0.0,0.0,d_kam_delay_2,0.9988471985125035,delay=2,16.494669714098308,4.75080836808806,2.0,D1,8.0,64.0,14.884077051305765,2.0,1.3212458558002553,300.0578017767159,1.638005070173405,1.4394951922598758,0.2928595570196735,0.21234356598726,5.14812045454164,-1.348235000779745,0.26667611826063903,0.26667611826063903,3.466267193718439,0.8690233906026712,23.734816497823086,2.0,6.266266279225253,0.14488503469682995,0.25860228618529163,0.25860228618529163,0.5754390354256469,0.9988471985125035,6.0,d_kam,9.0,0.9636538804138496,0.039473684210526314,0.0,hpc,3010,0.0,200.0,7703.0,6336.0,6336.0,1029.624090908328,9.0,380.0,244.0,10.471511334721018,1.2132283039973117,,,
17.0,17.0,0.0,0.0,d_kam_delay_4,0.9997714174176847,delay=4,16.264723403559543,4.38422403352715,4.0,D1,8.0,64.0,2.951280688549777,2.0,1.0512987977615234,300.0578017767159,3.7351278207159218,1.4199497558640808,0.29559038689432937,0.21538533193675302,5.350508895062376,-3.5158803451751925,0.22717469503472848,0.22717469503472848,3.436087803080345,0.862087084065391,24.150753592758424,4.0,6.394768459647662,0.10962373777036467,0.23934076324771836,0.23934076324771836,0.6065987038633245,0.9997714174176847,6.0,d_kam,11.0,0.5190392974441349,0.043478260869565216,0.0,hpc,3010,0.0,200.0,7966.0,6372.0,6372.0,1070.1017790124752,11.0,391.0,233.0,14.263845525412721,1.2546312129998114,,,
17.0,17.0,0.0,0.0,d_kam_delay_8,0.9989916428646107,delay=8,17.04797332038754,4.91960846108183,8.0,D1,8.0,64.0,13.019123813726047,2.0,1.2698659717835226,300.0578017767159,8.03863224072733,1.4865259987944603,0.28587929492969993,0.2045685215801113,5.33932699036086,-7.957873795361146,0.2991410095123678,0.2991410095123678,3.756973935718529,0.8647358882956695,25.256861465488463,8.0,6.6843039238337845,0.04037922268309243,0.3038827848148474,0.3038827848148474,0.5610910275211767,0.9989916428646107,6.0,d_kam,11.0,0.20578980992621795,0.043256997455470736,0.0,hpc,3010,0.0,200.0,7968.0,6364.0,6364.0,1067.865398072172,11.0,393.0,244.0,12.992467954173721,1.2516381199820898,,,
11.0,11.0,0.0,0.0,d_kam_delay_0,0.9999999999999999,delay=0,10.163524454188934,3.3757957518631123,0.0,D1,8.0,64.0,0.0,2.0,1.0844514904616536,205.14722009375166,0.0,0.8879212613622051,0.3298348903906912,0.2535289620688392,5.402601864770986,0.0,0.2649300596834436,0.2649300596834436,3.160990876602918,0.8338133479949283,15.609984787495923,0.0,4.002378402668096,0.0,0.24323494982698515,0.24323494982698515,0.6975644506357047,0.9999999999999999,6.0,d_kam,5.0,0.0,0.024282560706401765,0.0,hpc,3011,0.0,200.0,7381.0,6285.0,6285.0,1080.5203729541972,5.0,453.0,316.0,8.956602167188011,1.2764236119983252,,,
13.0,13.0,0.0,0.0,d_kam_delay_2,0.9999999999999999,delay=2,10.215611709409957,3.3342083230763193,2.0,D1,8.0,64.0,0.0,2.0,1.0827241023627294,205.14722009375166,4.029198205450034,0.8923486780559919,0.32670963341206255,0.25004785899858445,5.106298785685794,-3.7613515546629133,0.28251996793099976,0.28251996793099976,3.202366649965516,0.8345510650581173,15.775435930963113,2.0,4.043916481619952,0.13392332539356033,0.2487824415524197,0.2487824415524197,0.7010993820825822,0.9999999999999999,6.0,d_kam,7.0,0.6685599047727895,0.028824833702882482,0.0,hpc,3011,0.0,200.0,7369.0,6304.0,6304.0,1021.2597571371589,7.0,451.0,312.0,11.98861024775783,1.2080448620254174,,,
16.0,16.0,0.0,0.0,d_kam_delay_4,0.9998589349301804,delay=4,10.527563527356193,3.549281229879686,4.0,D1,8.0,64.0,1.6852336960245131,2.0,1.0333270532450531,205.14722009375166,4.4191579997990065,0.918864582581422,0.30284427326105834,0.22346515586008978,4.906141370738624,-4.134494949060065,0.2703840453662729,0.2703840453662729,3.287004318719521,0.8436519698041871,15.928982227135968,4.0,4.09162143496982,0.1423315253694708,0.27774812756936645,0.27774812756936645,0.6828181850042959,0.9998589349301804,6.0,d_kam,10.0,0.6123457159795063,0.03695150115473441,0.0,hpc,3011,0.0,200.0,7095.0,6335.0,6335.0,981.2282741477247,10.0,433.0,296.0,14.013868108942534,1.1668991470069159,,,
17.0,17.0,0.058823529411764705,1.0,d_kam_delay_8,0.9998397768261476,delay=8,11.423872452243232,4.083740975937675,8.0,D1,8.0,64.0,1.9141059640439855,2.0,1.0351034373019767,205.14722009375166,8.043744924094105,0.9950508411968204,0.3067205055515638,0.2277827413321874,4.931604320008773,-7.647052210201177,0.3504175365444911,0.3504175365444911,3.5680653425375444,0.8481244281039484,16.564399057511423,8.0,4.244726462483547,0.19834635694646383,0.32693001348487427,0.32693001348487427,0.6373891065893668,0.9998397768261476,6.0,d_kam,11.0,1.0207087360993117,0.039627039627039624,0.0,hpc,3011,0.0,200.0,7091.0,6347.0,6347.0,986.3208640017547,11.0,429.0,289.0,15.521250723884732,1.1738427800009958,,,
15.0,15.0,0.0,0.0,d_kam_delay_0,1.0000000000000002,delay=0,10.985980833597369,4.047040696045281,0.0,D1,8.0,64.0,0.0,2.0,1.104885267706848,196.10904935607533,5.921189464667501e-17,0.9614793343379908,0.38323222098428245,0.3130061867399186,4.895047428144608,-5.921189464667501e-17,0.29958462420724097,0.29958462420724097,3.1680645541001518,0.8007006979527017,15.63595979024466,0.0,3.999884213840798,0.0,0.2780703389233351,0.2780703389233351,0.6385586456807486,1.0000000000000002,6.0,d_kam,9.0,0.0,0.0351288056206089,0.0,hpc,3012,0.0,200.0,7062.0,6296.0,6296.0,979.0094856289215,9.0,427.0,300.0,12.778849863610937,1.165722398989601,,,
15.0,15.0,0.0,0.0,d_kam_delay_2,0.9997459547163822,delay=2,10.367886458968758,3.4643424796485496,2.0,D1,8.0,64.0,2.8440743482733817,2.0,1.006328718687967,196.10904935607533,2.9636964067910045,0.9089413124945591,0.31942928150308747,0.2419385561296766,5.7147847044689115,-2.154500405683005,0.2878043190831738,0.2878043190831738,3.263315459336281,0.8084341553078846,16.026652092600706,2.0,4.120798476140233,0.40459800055399975,0.2413318303200248,0.2413318303200248,0.6880879940744709,0.9997459547163822,6.0,d_kam,9.0,2.2934723127778462,0.031055900621118012,0.0,hpc,3012,0.0,200.0,8004.0,6345.0,6345.0,1142.9569408937823,9.0,483.0,314.0,13.718374121582743,1.338253450987395,,,
22.0,22.0,0.045454545454545456,1.0,d_kam_delay_4,0.9997994340557329,delay=4,11.611315083345744,4.2590402406087735,4.0,D1,8.0,64.0,2.24536527150861,2.0,1.0298384764251851,196.10904935607533,4.097355692679819,1.0146327455666027,0.31528275119637117,0.23731989613457188,6.280209705146262,-3.835804757601454,0.3144411897620043,0.3144411897620043,3.61035030372838,0.8167192202456691,16.885426430074617,4.0,4.35137778334072,0.13077546753918218,0.3269327745098303,0.3269327745098303,0.6205386843928519,0.9997994340557329,6.0,d_kam,16.0,0.7978619816773669,0.04007285974499089,0.0,hpc,3012,0.0,200.0,8930.0,6467.0,6467.0,1256.0419410292525,16.0,549.0,296.0,20.36269185510552,1.4430595889862161,,,
17.0,17.0,0.11764705882352941,2.0,d_kam_delay_8,0.9997283309150028,delay=8,11.383583639638458,3.782928687163177,8.0,D1,8.0,64.0,3.04137539912866,2.0,1.0224967096491433,196.10904935607533,8.85761016641013,0.9952755728514834,0.2651156031873479,0.18144064711462016,5.727814024867257,-8.437686161067877,0.31196851519828395,0.31196851519828395,3.642944059293135,0.8402019499564258,17.710583816272354,8.0,4.584466216644094,0.20996200267112639,0.31066318518974073,0.31066318518974073,0.6610081664357275,0.9997283309150028,6.0,d_kam,11.0,1.515922897744478,0.03854875283446712,0.0,hpc,3012,0.0,200.0,8247.0,6377.0,6377.0,1145.5628049734514,11.0,441.0,252.0,15.388877787693426,1.3322965129918884,,,
10.0,10.0,0.0,0.0,d_kam_delay_0,0.9999999999999994,delay=0,7.140220113545382,2.7118697368299576,0.0,D1,8.0,64.0,0.0,2.0,1.0859302260406116,179.36820271838374,0.0,0.6283088740035143,0.26540248410397244,0.1817601926900683,4.909573731420096,0.0,0.25126598886295853,0.25126598886295853,2.3832074445116547,0.8507343312937985,8.878830649362422,0.0,2.133580760282362,0.0,0.18227489351252998,0.18227489351252998,0.7547059215971876,0.9999999999999994,6.0,d_kam,4.0,0.0,0.026455026455026454,0.0,hpc,3013,0.0,200.0,7331.0,6272.0,6272.0,981.9147462840192,4.0,378.0,256.0,6.670211746216074,1.1655613470065873,,,
23.0,23.0,0.0,0.0,d_kam_delay_2,0.999999999999999,delay=2,9.548307325596149,4.150284843219029,2.0,D1,8.0,64.0,0.0,2.0,1.1494175053975102,186.27609148367475,1.3860066352952587,0.8329962870278296,0.4475710673306475,0.38467074331384005,5.123994155146647,-0.9909660930042873,0.3316863725905158,0.3316863725905158,2.816419348088297,0.8042540274478206,10.103862217331,2.0,2.4350023397799534,0.1975202711454857,0.3048602491934119,0.3048602491934119,0.6324406375541167,0.999999999999999,6.0,d_kam,17.0,1.2390676137829035,0.05203619909502263,0.0,hpc,3013,0.0,200.0,7401.0,6427.0,6427.0,1024.7988310293294,17.0,442.0,275.0,18.958108864140176,1.2103921810048632,,,
25.0,25.0,0.0,0.0,d_kam_delay_4,0.9999999999999997,delay=4,9.893287977603359,4.361040569552722,4.0,D1,8.0,64.0,0.0,2.0,1.1537851413050275,179.36820271838374,2.368578451392091,0.8623196424484422,0.44143139710781887,0.3778320017290062,5.38952047310886,-2.00614637922306,0.3492986903165128,0.3492986903165128,2.972215723338488,0.8009823012233196,10.459124962999635,4.0,2.5311319128491814,0.1812160360845155,0.33232818861776997,0.33232818861776997,0.6145264008157528,0.9999999999999997,6.0,d_kam,19.0,0.5878293196137541,0.05422993492407809,0.0,hpc,3013,0.0,200.0,7793.0,6457.0,6457.0,1077.904094621772,19.0,461.0,272.0,21.1556032297158,1.2642453539883718,,,
50.0,50.0,0.1,5.0,d_kam_delay_8,0.9960294014865247,delay=8,16.677516006402033,6.644089042674357,8.0,D1,8.0,64.0,48.635560334650535,2.0,5.896567200597146,179.36820271838374,2.188934318111171,1.4389790248963295,0.3788133498585256,0.30808417682261513,4.942737745877821,-1.6110410451236146,0.48818481400116787,0.48818481400116787,3.9093884482799446,0.7960424168593769,16.484431330449976,8.0,4.185416178230871,0.28894663649377794,0.4760700894356617,0.4760700894356617,0.4204672806004139,0.9960294014865247,6.0,d_kam,44.0,1.229460681268456,0.11764705882352941,0.0,hpc,3013,0.0,200.0,6938.0,6740.0,6740.0,988.5475491755642,44.0,425.0,160.0,48.167232876340115,1.1729726009943988,,,
16.0,16.0,0.0,0.0,d_kam_delay_0,0.9999813978821996,delay=0,18.035432873175544,4.932549850296593,0.0,D1,8.0,64.0,0.22363402583124614,2.0,1.1686150027573956,285.02323424853796,0.0,1.5695881896802724,0.3236038658387065,0.24658846442430182,5.480904756259406,0.0,0.23499396977903678,0.23499396977903678,3.7070716393961782,0.8487903781703963,24.472761464855235,0.0,6.481400452859033,0.0,0.19601186591216788,0.19601186591216788,0.5603580282661382,0.9999813978821996,6.0,d_kam,10.0,0.0,0.041025641025641026,0.0,hpc,3014,0.0,200.0,8044.0,6331.0,6331.0,1096.1809512518812,10.0,390.0,225.0,15.920721649999269,1.2811714709969237,,,
24.0,24.0,0.0,0.0,d_kam_delay_2,0.9998640627648231,delay=2,18.735312271816056,5.238985758749315,2.0,D1,8.0,64.0,1.6342328055654418,2.0,1.021638570882783,285.02323424853796,0.9436128335162834,1.6290779385647158,0.37531771665384134,0.30419052597581336,7.728536076028831,-0.8771415299216235,0.2581990942542699,0.2581990942542699,3.90568235819709,0.8061295050186911,25.09918317524929,2.0,6.652600567173197,0.033235651797329895,0.2374587287330876,0.2374587287330876,0.5343109760476568,0.9998640627648231,6.0,d_kam,18.0,0.13877371240378458,0.04363636363636364,0.0,hpc,3014,0.0,200.0,11188.0,6464.0,6464.0,1545.7072152057663,18.0,550.0,294.0,21.741113180107945,1.7326939289923757,,,
25.0,25.0,0.0,0.0,d_kam_delay_4,0.9999999999999997,delay=4,19.030971996997962,5.451769175476054,4.0,D1,8.0,64.0,0.0,2.0,1.101341200147781,285.02323424853796,2.617954097988125,1.6542090152051783,0.43608452226852035,0.3718763243089954,7.214405514241662,-2.3694125176758725,0.27917393022646564,0.27917393022646564,3.9554969733674943,0.7711074304888504,25.193728314074573,4.0,6.672438783975053,0.12427079015612628,0.24828525558397044,0.24828525558397044,0.516224385625884,0.9999999999999997,6.0,d_kam,19.0,0.107361727977284,0.04440497335701599,0.0,hpc,3014,0.0,200.0,10495.0,6445.0,6445.0,1442.8811028483324,19.0,563.0,334.0,24.180178415393602,1.6286834049969912,,,
41.0,41.0,0.0975609756097561,4.0,d_kam_delay_8,0.9999053130527239,delay=8,21.78568990740339,6.072486421474813,8.0,D1,8.0,64.0,1.1383232511460988,2.0,1.0610350152187678,285.02323424853796,4.3777203242215785,1.888360037589639,0.4542718624627252,0.39213450026788693,7.858217884495389,-4.07466804210393,0.35933545272887785,0.35933545272887785,4.766684600833296,0.7675036243088393,30.733499502174045,8.0,8.193974345631522,0.15152614105882442,0.3568919141859719,0.3568919141859719,0.46346341971598953,0.9999053130527239,6.0,d_kam,35.0,1.0508411609457262,0.06416275430359937,0.0,hpc,3014,0.0,200.0,10912.0,6625.0,6625.0,1571.6435768990777,35.0,639.0,231.0,44.194123754387505,1.762762427009875,,,
14.0,14.0,0.0,0.0,d_kam_delay_0,0.9983404584768724,delay=0,14.768029979700785,4.377069293690555,0.0,D1,8.0,64.0,20.151039780365902,2.0,1.5846301697942935,267.39300316197364,0.0,1.2838650817309587,0.29365947863491265,0.21323456778641262,4.557013561716303,0.0,0.3097235136348197,0.3097235136348197,4.022920106677627,0.8760514001931383,29.08069904927281,0.0,7.744274915166145,0.0,0.3152397144788642,0.3152397144788642,0.6100050013384138,0.9983404584768724,6.0,d_kam,8.0,0.0,0.04229607250755287,0.0,hpc,3015,0.0,200.0,6818.0,6309.0,6309.0,911.4027123432606,8.0,331.0,228.0,11.686984397871614,1.094671360013308,,,
11.0,11.0,0.0,0.0,d_kam_delay_2,0.9992822078549009,delay=2,14.455795313887112,4.156598593679338,2.0,D1,8.0,64.0,8.715815704731739,2.0,1.1987590369056245,267.2264767203735,6.878964433607157,1.2573251351367964,0.31802623852387596,0.24037576073204,4.564732900616946,-6.784638929925521,0.2679659383003322,0.2679659383003322,3.955523606333747,0.8715741426598825,29.018706445830848,2.0,7.735884633195426,0.04716275184081876,0.3052563658157172,0.3052563658157172,0.6287450108393674,0.9992822078549009,6.0,d_kam,5.0,0.2593951351245032,0.03323262839879154,0.0,hpc,3015,0.0,200.0,6818.0,6273.0,6273.0,912.9465801233891,5.0,331.0,237.0,8.475234481959935,1.0976872900209855,,,
12.0,12.0,0.08333333333333333,1.0,d_kam_delay_4,0.9975900979325608,delay=4,15.015299156290302,4.564463663637316,4.0,D1,8.0,64.0,29.262318387933213,2.0,2.114094220980725,267.2264767203735,9.603041820114184,1.3048829617410678,0.3110458396391338,0.23260056395448075,4.576323325745761,-9.493070393955398,0.3288982507529684,0.3288982507529684,4.1232691508244095,0.8741724153917082,29.203289338642872,4.0,7.770803265525949,0.05498571307939256,0.3502353201784757,0.3502353201784757,0.5940764798929393,0.9975900979325608,6.0,d_kam,6.0,0.29692285062871937,0.03625377643504532,0.0,hpc,3015,0.0,200.0,6834.0,6285.0,6285.0,915.2646651491523,6.0,331.0,234.0,9.59016253124397,1.0996839959989302,,,
22.0,22.0,0.09090909090909091,2.0,d_kam_delay_8,0.9999438853402043,delay=8,15.169061498444,4.420017405131663,8.0,D1,8.0,64.0,0.6813741783747977,2.0,1.0564857372451315,263.54381978664367,10.765121316399073,1.3179527608241322,0.283498433898608,0.2019165724118159,4.710871085844701,-10.474559001371585,0.4189201853472969,0.4189201853472969,4.5227956907129006,0.8565171330828144,30.407131334071032,8.0,8.090879854189682,0.1452811575137447,0.372321118973643,0.372321118973643,0.6063544118659198,0.9999438853402043,6.0,d_kam,16.0,0.7745031835734792,0.05486284289276808,0.0,hpc,3015,0.0,200.0,6904.0,6405.0,6405.0,942.1742171689402,16.0,401.0,260.0,19.256385875390798,1.1258638719737064,,,
13.0,13.0,0.0,0.0,d_kam_delay_0,0.9999999999999989,delay=0,6.8727894509005685,2.5072158919323053,0.0,D1,8.0,64.0,0.0,2.0,1.108734007199519,184.52042499912866,0.0,0.6060483387068054,0.37538406924419854,0.30426443356408256,6.3648867556185,0.0,0.22658595040461219,0.22658595040461219,2.2462006849028913,0.7902710661970889,8.024766241311179,0.0,1.900068295560898,0.0,0.17039369070955487,0.17039369070955487,0.7720871498190253,0.9999999999999989,6.0,d_kam,7.0,0.0,0.024344569288389514,0.0,hpc,3016,0.0,200.0,9117.0,6331.0,6331.0,1272.9773511237,7.0,534.0,380.0,10.116599482305954,1.4608306360023562,,,
19.0,19.0,0.0,0.0,d_kam_delay_2,0.9999999999999994,delay=2,7.88702486353075,3.1366807287470406,2.0,D1,8.0,64.0,0.0,2.0,1.0814677534027286,184.8661680078623,1.0851211750416205,0.692258348780371,0.4173690567688426,0.35102988996529505,7.411636355391238,-0.539513287817422,0.2487135642505444,0.2487135642505444,2.4578162646145394,0.7536574573685981,8.755400966637055,2.0,2.1006294445808695,0.2728039436120992,0.23298411955683934,0.23298411955683934,0.7185826386897728,0.9999999999999994,6.0,d_kam,13.0,1.1502375995786858,0.030303030303030304,0.0,hpc,3016,0.0,200.0,10476.0,6411.0,6411.0,1482.3272710782476,13.0,627.0,404.0,16.641243205741983,1.6715131580131128,,,
18.0,18.0,0.0,0.0,d_kam_delay_4,0.9999999999999996,delay=4,8.874115879175344,3.8693046964314384,4.0,D1,8.0,64.0,0.0,2.0,1.1084995507660522,184.8661680078623,1.904801777775678,0.7761610851101614,0.31930125959682293,0.24179595747170876,5.781670994765591,-1.4729889362174806,0.2871961403343162,0.2871961403343162,2.574690958289317,0.8489697771797522,8.988044130650497,4.0,2.14532452575091,0.2159064207790988,0.2899269898344807,0.2899269898344807,0.656309601436599,0.9999999999999996,6.0,d_kam,12.0,1.3135685983808576,0.04072398190045249,0.0,hpc,3016,0.0,200.0,8299.0,6370.0,6370.0,1156.3341989531182,12.0,442.0,261.0,15.434242205585205,1.3434261989896186,,,
16.0,16.0,0.0,0.0,d_kam_delay_8,0.9999999999999999,delay=8,8.45814521537108,3.5542023710152524,8.0,D1,8.0,64.0,0.0,2.0,1.1148491366711581,184.8661680078623,3.1852115517890467,0.7408035786867987,0.3159536538945615,0.23806718874394225,6.04856466918136,-2.798988884656209,0.27239057560101954,0.27239057560101954,2.5952872793712674,0.8467119339525278,9.075269721674522,8.0,2.1750289681262593,0.1931113335664188,0.27648899033690355,0.27648899033690355,0.6830932990969748,0.9999999999999999,6.0,d_kam,10.0,0.894010153166219,0.03619909502262444,0.0,hpc,3016,0.0,200.0,8661.0,6361.0,6361.0,1209.712933836272,10.0,442.0,259.0,13.39295019469913,1.3971291759808082,,,
17.0,17.0,0.0,0.0,d_kam_delay_0,0.9999557516193183,delay=0,22.91075006468564,5.578781036807684,0.0,D1,8.0,64.0,0.5565939914301775,2.0,1.1140636189190436,358.8447233226319,2.6122894697062506e-17,1.9835277057548582,0.32065672610624857,0.243305759276762,4.512280683702556,2.6122894697062506e-17,0.2754736043406453,0.2754736043406453,4.924148690781415,0.8684058893329073,45.79865406434092,0.0,12.417690234604292,2.6122894697062506e-17,0.29327555145428974,0.29327555145428974,0.5054524192886494,0.9999557516193183,6.0,d_kam,11.0,8.881784197001221e-17,0.05,0.0,hpc,3017,0.0,200.0,6757.0,6349.0,6349.0,902.4561367405113,11.0,340.0,231.0,13.089923622845747,1.0851418189995456,,,
13.0,13.0,0.07692307692307693,1.0,d_kam_delay_2,0.9998811376384539,delay=2,22.298648502194776,5.107098785740584,2.0,D1,8.0,64.0,1.4951524829819647,2.0,1.0566180994152998,358.8447233226319,6.255120671483751,1.9314990729431343,0.33301335470168936,0.25706933073207977,4.481832060992019,-5.623959146501631,0.322236359529434,0.322236359529434,4.93047757618655,0.8660498196354557,45.92328749240582,2.0,12.438033076847349,0.3155807624910609,0.2770258204022117,0.2770258204022117,0.5455454106293529,0.9998811376384539,6.0,d_kam,7.0,1.3786423921105717,0.03939393939393939,0.0,hpc,3017,0.0,200.0,6754.0,6301.0,6301.0,896.3664121984039,7.0,330.0,232.0,10.759377532328388,1.0799120560113806,,,
13.0,13.0,0.07692307692307693,1.0,d_kam_delay_4,0.999881137638453,delay=4,22.42183739481453,5.3100234225172445,4.0,D1,8.0,64.0,1.4951524829819647,2.0,1.0566180994152998,356.65759633319254,11.150664845981803,1.9419701288158138,0.32557879658046607,0.24878826351784586,4.503760621882975,-10.397870256360303,0.28343393537057177,0.28343393537057177,4.990095078606228,0.8683699418611982,45.60388815697046,4.0,12.360308198233552,0.37639729481074863,0.29688664425568034,0.29688664425568034,0.5282968165033367,0.999881137638453,6.0,d_kam,7.0,2.1050025389241975,0.03903903903903904,0.0,hpc,3017,0.0,200.0,6750.0,6301.0,6301.0,900.752124376595,7.0,333.0,234.0,11.422703232789262,1.085511476994725,,,
16.0,16.0,0.125,2.0,d_kam_delay_8,0.9999618382048601,delay=8,23.051441290439662,5.557583154115476,8.0,D1,8.0,64.0,0.4800317107552861,2.0,1.212935647197039,356.53517429677936,15.69086003050022,1.9954864599439497,0.3362934607997704,0.26072291425717004,4.575434685102664,-15.154444756500828,0.3102392318032463,0.3102392318032463,5.157938472454834,0.8633844705833049,46.167624031484465,8.0,12.509739529935034,0.2682076369996965,0.3060356267671859,0.3060356267671859,0.507254239317487,0.9999618382048601,6.0,d_kam,10.0,1.6995056124504453,0.046511627906976744,0.0,hpc,3017,0.0,200.0,6761.0,6337.0,6337.0,915.0869370205328,10.0,344.0,235.0,13.863427497204855,1.1030550590076018,,,
17.0,17.0,0.0,0.0,d_kam_delay_0,0.9994916762495055,delay=0,5.131480257253852,2.367192506843306,0.0,D1,8.0,64.0,5.996317228885369,2.0,1.1231673409935863,133.636574354247,2.0898315757650005e-16,0.4559318905326859,0.30866708039186064,0.229950955882023,5.408990819269093,-1.0449157878825003e-16,0.2295152816380517,0.2295152816380517,2.077191646968001,0.8563335268325037,5.534678642107217,0.0,1.1973043735585422,5.224578939412501e-17,0.22902851286283568,0.22902851286283568,0.7844224676924746,0.9994916762495055,6.0,d_kam,11.0,1.7763568394002442e-16,0.041463414634146344,0.0,hpc,3018,0.0,200.0,7904.0,6364.0,6364.0,1081.7981638538186,11.0,410.0,251.0,13.327078771965699,1.2664302999910433,,,
12.0,12.0,0.0,0.0,d_kam_delay_2,0.9972708119826881,delay=2,5.3917074610576385,2.556652673980557,2.0,D1,8.0,64.0,32.19420126083559,2.0,2.71026022795374,133.636574354247,1.3782448544694585,0.4780512028560078,0.3083530516094368,0.22960117134714506,5.0600581760227215,-0.8181569230070266,0.2644307621443991,0.2644307621443991,2.156279960919502,0.8631647713315681,5.684685663828686,2.0,1.2277485472114265,0.2800439657312161,0.2416610326192606,0.2416610326192606,0.7683183534858082,0.9972708119826881,6.0,d_kam,6.0,1.2656446758386972,0.029411764705882353,0.0,hpc,3018,0.0,200.0,7402.0,6287.0,6287.0,1012.0116352045443,6.0,408.0,286.0,8.220738828761382,1.197674853989156,,,
14.0,14.0,0.0,0.0,d_kam_delay_4,0.9979995666781023,delay=4,7.092593579263639,3.572546163704259,4.0,D1,8.0,64.0,23.59762411586282,2.0,1.935659613730646,133.636574354247,2.806012153089466,0.6226265229035178,0.30673275652992865,0.2277963872239304,5.178983955265721,-2.383594161947463,0.29980062825656745,0.29980062825656745,2.400979728588539,0.8636299116990572,6.371451623555224,4.0,1.4096622057808152,0.2112089955710019,0.27525134071046664,0.27525134071046664,0.6819674068592937,0.9979995666781023,6.0,d_kam,8.0,0.8246458445032991,0.033734939759036145,0.0,hpc,3018,0.0,200.0,7551.0,6313.0,6313.0,1035.7967910531443,8.0,415.0,287.0,10.16173898766232,1.2207567439763807,,,
20.0,20.0,0.0,0.0,d_kam_delay_8,0.9994574194147378,delay=8,9.094599468240478,3.88730395654677,8.0,D1,8.0,64.0,6.400419630810456,2.0,1.1319076348303025,148.54478559990739,4.383275999383828,0.7927970234665491,0.3484035256341983,0.27421184785987435,6.237607895163819,-4.063517125154036,0.3405016174550305,0.3405016174550305,2.9533473871779266,0.8405374365615819,9.270426703658167,8.0,2.2066689737443013,0.15987943711489558,0.3220982021250572,0.3220982021250572,0.6552129944676801,0.9994574194147378,6.0,d_kam,14.0,0.7208728639841931,0.041407867494824016,0.0,hpc,3018,0.0,200.0,8842.0,6405.0,6405.0,1247.5215790327638,14.0,483.0,305.0,16.521043418908466,1.4346400309877936,,,
14.0,14.0,0.0,0.0,d_kam_delay_0,0.9995099653019057,delay=0,18.399292990255628,5.1720025973199855,0.0,D1,8.0,64.0,5.913406240623779,2.0,1.2798908696710067,313.7285023394089,3.172065784643304e-17,1.5940559309189368,0.38488936667932977,0.31485201734083756,5.22804825406638,3.172065784643304e-17,0.2493068429715028,0.2493068429715028,3.7776094651446277,0.7843492555658522,27.719411368758436,0.0,7.390853825357392,3.172065784643304e-17,0.2681765830127652,0.2681765830127652,0.5422327603491613,0.9995099653019057,6.0,d_kam,8.0,1.5543122344752176e-16,0.030042918454935622,0.0,hpc,3019,0.0,200.0,7626.0,6310.0,6310.0,1045.609650813276,8.0,466.0,320.0,11.211400380143434,1.231552904995624,,,
17.0,17.0,0.0,0.0,d_kam_delay_2,0.9978449214670486,delay=2,17.87065854965915,4.926158132290208,2.0,D1,8.0,64.0,26.00602548218162,2.0,1.9059425553669551,308.8695295717151,2.4742274017243755,1.5491220034682363,0.3145658724567435,0.23652139258795685,5.325671090249671,-1.814360644710561,0.23908441020606708,0.23908441020606708,3.820627424365648,0.8483015302001052,27.947074158737788,2.0,7.451603305436573,0.32993337850690735,0.27449972008277057,0.27449972008277057,0.5631295398766926,0.9978449214670486,6.0,d_kam,11.0,1.6942061023202215,0.04239401496259352,0.0,hpc,3019,0.0,200.0,7720.0,6372.0,6372.0,1065.1342180499341,11.0,401.0,229.0,14.627706919882156,1.2518339329981245,,,
15.0,15.0,0.0,0.0,d_kam_delay_4,0.9994814240709172,delay=4,18.10221385498299,4.882768223488789,4.0,D1,8.0,64.0,6.257822450541552,2.0,1.0973853283773163,311.6503460097175,4.000459967753578,1.5688042044207626,0.3038132414844019,0.22454445214846747,5.260030310455477,-3.863409870033216,0.23208745699249345,0.23208745699249345,3.8990980348566637,0.8483813984134759,28.637114307764783,4.0,7.647988566689695,0.06852504886018096,0.27049015373067387,0.27049015373067387,0.5668176821248132,0.9994814240709172,6.0,d_kam,9.0,0.3083627198708132,0.037037037037037035,0.0,hpc,3019,0.0,200.0,7601.0,6343.0,6343.0,1052.0060620910954,9.0,405.0,243.0,12.154103839827183,1.239153003989486,,,
19.0,19.0,0.05263157894736842,1.0,d_kam_delay_8,0.998996372779057,delay=8,19.215034409418898,5.827179673451352,8.0,D1,8.0,64.0,12.111092326052145,2.0,1.2601770402927646,301.5285615198364,5.73276402053425,1.6633939515478147,0.25824329069754703,0.1737858435987529,5.071513109578518,-5.487086351297148,0.34931830403531317,0.34931830403531317,4.335340657345994,0.8855526328252368,28.037293120876388,8.0,7.445247231039333,0.12283883461855187,0.32968148415935133,0.32968148415935133,0.48654270887799533,0.998996372779057,6.0,d_kam,13.0,0.6862344798963836,0.05604719764011799,0.0,hpc,3019,0.0,200.0,7345.0,6382.0,6382.0,1014.3026219157036,13.0,339.0,177.0,15.898603598062527,1.1997312599851284,,,
15.0,15.0,0.0,0.0,d_kam_delay_0,0.9999999999999997,delay=0,4.942421332994942,2.301217203211014,0.0,D1,8.0,64.0,0.0,2.0,1.0918060376821654,141.3500414128141,1.924386576016938e-16,0.4372952238037292,0.31379212390863365,0.23565954395763647,6.272742764704162,-4.4408920985006264e-17,0.23350459892092093,0.23350459892092093,2.0274869231553962,0.8204446312312369,5.389375869417032,0.0,1.16449353625958,7.401486830834377e-17,0.21689226677111909,0.21689226677111909,0.7915841990557149,0.9999999999999997,6.0,d_kam,9.0,4.218847493575588e-16,0.030181086519114688,0.0,hpc,3020,0.0,200.0,9028.0,6361.0,6361.0,1254.5485529408325,9.0,497.0,305.0,14.067042846821414,1.4417908120085485,,,
15.0,15.0,0.0,0.0,d_kam_delay_2,1.0000000000000004,delay=2,4.928015266739025,2.234711853110106,2.0,D1,8.0,64.0,0.0,2.0,1.0743488338861624,141.3500414128141,1.0819061634723484,0.43607070817197635,0.29169012171426156,0.21104097715697448,5.61712621973129,-0.9450402700430452,0.24793329733227665,0.24793329733227665,2.084747721139517,0.8372257943818308,5.658234776849452,2.0,1.2346850450802127,0.06843294671465164,0.21829266685159504,0.21829266685159504,0.7972371538142922,1.0000000000000004,6.0,d_kam,9.0,0.3698072301606984,0.033860045146726865,0.0,hpc,3020,0.0,200.0,7987.0,6349.0,6349.0,1123.425243946258,9.0,443.0,251.0,13.401599882394764,1.3109229810070246,,,
24.0,24.0,0.0,0.0,d_kam_delay_4,0.9972426645802668,delay=4,6.686566028557659,3.5201179867868038,4.0,D1,8.0,64.0,35.08622305697125,2.0,2.5246114261841086,141.3500414128141,1.594251879074677,0.5855475229265603,0.3694325695840838,0.29763528790306376,5.89113970490871,-1.3562695247993384,0.36572649277524555,0.36572649277524555,2.4816503159745698,0.8093378705042111,6.303600115456993,4.0,1.3763088828881431,0.11899117713766931,0.329641291827878,0.329641291827878,0.6879776324517729,0.9972426645802668,6.0,d_kam,18.0,0.6814421160339761,0.045889101338432124,0.0,hpc,3020,0.0,200.0,8330.0,6419.0,6419.0,1178.227940981742,18.0,523.0,303.0,22.14500174962604,1.3643853529938497,,,
28.0,28.0,0.03571428571428571,1.0,d_kam_delay_8,0.9976968189884831,delay=8,9.227912802801356,4.619199547578916,8.0,D1,8.0,64.0,29.307251534339276,2.0,2.195718369045825,141.3500414128141,2.628246322128691,0.8015619987372744,0.36991163636043795,0.2981689018866264,5.933008025021991,-2.347302385357712,0.4689661321678112,0.4689661321678112,3.009826357911685,0.8140076681018052,8.251796093964645,8.0,1.8898468406024378,0.14047196838548942,0.4073328662162011,0.4073328662162011,0.5945556997844433,0.9976968189884831,6.0,d_kam,22.0,0.6775565166069475,0.0550098231827112,0.0,hpc,3020,0.0,200.0,8435.0,6449.0,6449.0,1186.6016050043982,22.0,509.0,275.0,26.321668172305067,1.3724265409982763,,,
17.0,17.0,0.0,0.0,d_kam_delay_0,1.0000000000000004,delay=0,11.658008384154707,3.8629772282376016,0.0,D1,8.0,64.0,0.0,2.0,1.068534328395855,229.4316044151753,0.0,1.015126975820149,0.3298111817791879,0.25350255396196675,4.761820159474155,0.0,0.18975846135700272,0.18975846135700272,2.6848532224043704,0.8560965925513118,12.710216322032695,0.0,3.2078184970091868,0.0,0.197800062901627,0.197800062901627,0.6554411883056855,1.0000000000000004,6.0,d_kam,11.0,0.0,0.04461942257217848,0.0,hpc,3021,0.0,200.0,6973.0,6343.0,6343.0,952.364031894831,11.0,381.0,251.0,16.201272710550498,1.1373221460089553,,,
16.0,16.0,0.0,0.0,d_kam_delay_2,0.9991770185820096,delay=2,12.101994520298973,4.280446395119397,2.0,D1,8.0,64.0,10.388609847739346,2.0,1.2365414180773817,228.93512094857616,1.9677276406673108,1.0528657973924118,0.3774706107199195,0.3065885515444648,5.613203938992228,-1.639990340054737,0.22293972599051073,0.22293972599051073,2.879859603366212,0.803432057245518,12.99608684643458,2.0,3.284755497669055,0.16386865030628686,0.23466949040663665,0.23466949040663665,0.619956309120733,0.9991770185820096,6.0,d_kam,10.0,1.0524344540485995,0.0326530612244898,0.0,hpc,3021,0.0,200.0,8072.0,6353.0,6353.0,1122.6407877984457,10.0,490.0,310.0,13.070162453598048,1.3097822649870068,,,
21.0,21.0,0.0,0.0,d_kam_delay_4,1.0000000000000004,delay=4,12.309600268559157,3.96390404633689,4.0,D1,8.0,64.0,0.0,2.0,1.068534328395855,231.6353821280811,2.3745991254318315,1.0705122859945277,0.3481008231303774,0.2738746792293807,5.276629789877916,-2.342292963727005,0.2697960771785787,0.2697960771785787,3.0097124307741354,0.8413780205356025,14.107260296988652,4.0,3.57629504227332,0.01615308085241342,0.25225122800482497,0.25225122800482497,0.6468624087672461,1.0000000000000004,6.0,d_kam,15.0,0.08973405670044565,0.04929577464788732,0.0,hpc,3021,0.0,200.0,7644.0,6415.0,6415.0,1055.3259579755832,15.0,426.0,250.0,19.29187431204398,1.2403654050140176,,,
21.0,21.0,0.09523809523809523,2.0,d_kam_delay_8,1.0000000000000002,delay=8,14.718493167151545,4.550504200997147,8.0,D1,8.0,64.0,0.0,2.0,1.1188274305316879,229.4316044151753,3.6652720840208923,1.2752681823748804,0.32741910524830486,0.2508381122815277,5.448428840463748,-3.359080302914979,0.2748603899960807,0.2748603899960807,3.3031462321248752,0.8487836067883188,16.583106861339846,8.0,4.267341349835786,0.15309589055295647,0.2609857791693415,0.2609857791693415,0.5970013956211243,1.0000000000000002,6.0,d_kam,15.0,0.9510901866827322,0.05048076923076923,0.0,hpc,3021,0.0,200.0,8004.0,6423.0,6423.0,1089.6857680927496,15.0,416.0,251.0,21.661157224367447,1.2745790220214985,,,
12.0,12.0,0.0,0.0,d_kam_delay_0,0.999547154804931,delay=0,4.879988162811203,2.334310562632762,0.0,D1,8.0,64.0,5.332469109253315,2.0,1.1335986836686927,121.12309559481437,0.0,0.4307113398820497,0.34064260283505987,0.26556725563311123,4.830968424503226,0.0,0.18357008660639137,0.18357008660639137,1.937689484169736,0.853001133798492,4.821548557674543,0.0,1.0068274192341775,0.0,0.19833381912748613,0.19833381912748613,0.7895432225394665,0.999547154804931,6.0,d_kam,6.0,0.0,0.028368794326241134,0.0,hpc,3022,0.0,200.0,7009.0,6289.0,6289.0,966.1936849006452,6.0,423.0,310.0,8.701003284862235,1.1510803849960212,,,
13.0,13.0,0.0,0.0,d_kam_delay_2,1.0000000000000002,delay=2,4.672494114891116,2.3551732498434745,2.0,D1,8.0,64.0,0.0,2.0,1.11461885239642,113.2544755989168,1.0375230765186394,0.4130743458088425,0.333182601676404,0.25725784840193516,5.212791055528214,-0.7393005850612332,0.2123699047002501,0.2123699047002501,1.971543168704455,0.8624551085174396,4.40549514471881,2.0,0.8812785736687602,0.14911124572870313,0.2266493481183047,0.2266493481183047,0.787769894126556,1.0000000000000002,6.0,d_kam,7.0,0.5953763220558366,0.035326086956521736,0.0,hpc,3022,0.0,200.0,7496.0,6297.0,6297.0,1042.5582111056428,7.0,368.0,237.0,10.122459413542243,1.2295698389934842,,,
14.0,14.0,0.0,0.0,d_kam_delay_4,0.9999999999999996,delay=4,5.192480536245041,2.2046633624546037,4.0,D1,8.0,64.0,0.0,2.0,1.0903562312510717,121.35551562394693,1.1834270704696255,0.457273191623926,0.2977105156758546,0.21774686152013506,5.065080071071861,-0.9721983897952586,0.2305809868233532,0.2305809868233532,2.0209482331642583,0.8613799429637661,5.381708832289523,4.0,1.1548999339093426,0.10561434033718342,0.1842968131360156,0.1842968131360156,0.8005632345546101,0.9999999999999996,6.0,d_kam,8.0,0.4303275889869328,0.03867403314917127,0.0,hpc,3022,0.0,200.0,7352.0,6311.0,6311.0,1013.0160142143723,8.0,362.0,234.0,10.000609944186435,1.2001657010114286,,,
11.0,11.0,0.0,0.0,d_kam_delay_8,1.0,delay=8,4.250930610406043,2.0230229030272873,8.0,D1,8.0,64.0,0.0,2.0,1.080084112782943,113.2544755989168,2.74742375939623,0.37724144792761133,0.3162065505228021,0.23834888053282416,5.060234019474592,-2.323415781266138,0.20653751371724569,0.20653751371724569,1.9685449896079994,0.8608390277739025,4.549598716574335,8.0,0.9264590845935026,0.2120039890650461,0.1986885100147046,0.1986885100147046,0.8160026736059319,1.0,6.0,d_kam,5.0,0.8951166827653272,0.030303030303030304,0.0,hpc,3022,0.0,200.0,7367.0,6270.0,6270.0,1012.0468038949184,5.0,363.0,251.0,7.664368052064185,1.199711793975439,,,
13.0,13.0,0.0,0.0,d_kam_delay_0,1.0000000000000004,delay=0,7.956848837594371,3.351331524221114,0.0,D1,8.0,64.0,0.0,2.0,1.0320558543863996,161.2496374105079,2.7328566760003855e-16,0.6980864560485833,0.2933519069009203,0.21289197550845082,4.8625040909973904,2.7328566760003855e-16,0.2718919305507455,0.2718919305507455,2.474028542299099,0.8551369499276178,7.717281726846381,0.0,1.7976778036976222,2.7328566760003855e-16,0.25163631716278945,0.25163631716278945,0.7001025307538784,1.0000000000000004,6.0,d_kam,7.0,1.4210854715201953e-15,0.034759358288770054,0.0,hpc,3023,0.0,200.0,7294.0,6304.0,6304.0,972.5008181994781,7.0,374.0,254.0,10.215562297587331,1.1567767529923003,,,
17.0,17.0,0.0,0.0,d_kam_delay_2,0.9977033090111433,delay=2,6.7793301011210545,2.9368722372848346,2.0,D1,8.0,64.0,26.526218162009336,2.0,1.893351220806358,150.42977132012632,1.0754818206483856,0.5979973634483514,0.30206261376878346,0.22259449553453606,5.443080164841376,-0.9160069448313205,0.27467770643826045,0.27467770643826045,2.375822381409298,0.848911971073839,6.942692611739087,2.0,1.5808414081641706,0.07973743790853252,0.23167453608504268,0.23167453608504268,0.7353315701434622,0.9977033090111433,6.0,d_kam,11.0,0.3042764205142582,0.0412621359223301,0.0,hpc,3023,0.0,200.0,8006.0,6374.0,6374.0,1088.6160329682752,11.0,412.0,245.0,13.913446443047562,1.276826601009816,,,
14.0,14.0,0.0,0.0,d_kam_delay_4,0.999214049948966,delay=4,6.538360258967069,2.7485173216902377,4.0,D1,8.0,64.0,9.07753050773211,2.0,1.1347726433840315,150.42977132012632,2.1133865171951984,0.5775149268652627,0.2671063570151293,0.18365807093269348,5.056502845691284,-1.9450294346054418,0.22679501937629065,0.22679501937629065,2.3407123783302395,0.8608072191377127,6.954675922683702,4.0,1.6002306842415532,0.08417854129487827,0.2327225111234358,0.2327225111234358,0.7513417379690028,0.999214049948966,6.0,d_kam,8.0,0.4578270691226369,0.0374331550802139,0.0,hpc,3023,0.0,200.0,7342.0,6322.0,6322.0,1011.3005691382568,8.0,374.0,238.0,11.601990783934692,1.2008608260075562,,,
21.0,21.0,0.047619047619047616,1.0,d_kam_delay_8,0.9988477444934872,delay=8,9.049189152031143,4.462522603876357,8.0,D1,8.0,64.0,13.308268762515365,2.0,1.3354688867830893,150.42977132012632,3.2476274609907962,0.7909353827757092,0.33720931156890543,0.26174304506437485,5.065798599098343,-2.97731840277099,0.36580609859775726,0.36580609859775726,2.9008342055648733,0.8093639189833925,8.25828349500639,8.0,1.9273299854844823,0.1351545291099034,0.3669755433423004,0.3669755433423004,0.6056512889831828,0.9988477444934872,6.0,d_kam,15.0,0.6549675448974686,0.046255506607929514,0.0,hpc,3023,0.0,200.0,7529.0,6358.0,6358.0,1013.1597198196687,15.0,454.0,299.0,17.681431905659032,1.1972304540104233,,,
10.0,10.0,0.0,0.0,d_kam_delay_0,0.9999999999999994,delay=0,10.176237459130551,3.2507914819460275,0.0,D1,8.0,64.0,0.0,2.0,1.077802925184249,222.3346143539518,0.0,0.8940875587249572,0.308923951989314,0.23023707523562198,5.347025404626038,0.0,0.264205108986545,0.264205108986545,3.0113184085725466,0.8488372560047351,16.01320672404802,0.0,4.114515998866439,0.0,0.2345549277524627,0.2345549277524627,0.706254210967376,0.9999999999999994,6.0,d_kam,4.0,0.0,0.02493765586034913,0.0,hpc,3024,0.0,200.0,7904.0,6276.0,6276.0,1069.4050809252076,4.0,401.0,293.0,8.418864248394016,1.2545837399957236,,,
15.0,15.0,0.0,0.0,d_kam_delay_2,0.9999892776517764,delay=2,10.363955583520351,3.3018395115086436,2.0,D1,8.0,64.0,0.1280260580039021,2.0,1.2283357974157179,222.3346143539518,2.1200375562061935,0.91004359929809,0.30529374771845286,0.2261935308745143,4.901974288804922,-1.9861555771309092,0.2881852458803997,0.2881852458803997,3.183909121857121,0.8646323562360518,16.261822155299527,2.0,4.173455836823923,0.06694098953764206,0.24248164258347926,0.24248164258347926,0.7019151284545536,0.9999892776517764,6.0,d_kam,9.0,0.39416448474837223,0.042735042735042736,0.0,hpc,3024,0.0,200.0,7161.0,6321.0,6321.0,980.3948577609845,9.0,351.0,233.0,13.807499188465808,1.1664694499922916,,,
13.0,13.0,0.0,0.0,d_kam_delay_4,1.0000000000000002,delay=4,10.591072843966767,3.2842861040555498,4.0,D1,8.0,64.0,0.0,2.0,1.064761611240309,229.39070600804723,5.2537489656515515,0.9293485664360357,0.30570638352843404,0.2266531499697904,4.967478415783262,-5.210955888203086,0.25012268091377526,0.25012268091377526,3.2330490175378914,0.8637185642713198,16.804535454763553,4.0,4.335797581855962,0.021396538724232153,0.24396006069925225,0.24396006069925225,0.7034071680880666,1.0000000000000002,6.0,d_kam,7.0,0.12058706398700912,0.036312849162011177,0.0,hpc,3024,0.0,200.0,7279.0,6295.0,6295.0,993.4956831566524,7.0,358.0,244.0,11.499865144563564,1.1781459409976378,,,
20.0,20.0,0.05,1.0,d_kam_delay_8,0.9996800226440347,delay=8,13.469012961773004,5.300683872425961,8.0,D1,8.0,64.0,3.8205660441176788,2.0,1.0912190186296,221.48082636692408,6.066685660953655,1.1739734764495657,0.33364584329797947,0.2577738353566603,5.902774935821071,-5.882761766492136,0.36379215418967137,0.36379215418967137,3.752642275389959,0.8489420333821189,17.78358012416274,8.0,4.5764526342725524,0.09196194723075926,0.38553881452723865,0.38553881452723865,0.5320133577765818,0.9996800226440347,6.0,d_kam,14.0,0.43725082280807337,0.0447427293064877,0.0,hpc,3024,0.0,200.0,8611.0,6407.0,6407.0,1180.5549871642143,14.0,447.0,284.0,19.83916095264226,1.3667613480065484,,,
10.0,10.0,0.0,0.0,d_kam_delay_0,0.9984251940278507,delay=0,4.871639306481442,2.5834394900139532,0.0,D1,8.0,64.0,19.66700530125085,2.0,1.4739535981943386,128.44685822331763,0.0,0.4302437650360911,0.32277005024528455,0.24565970943162885,6.4908270550949965,0.0,0.23366996705999477,0.23366996705999477,2.1164848616287184,0.8409019635365831,4.898379445541488,0.0,1.0205558199426434,0.0,0.23871958266145832,0.23871958266145832,0.7686242318402924,0.9984251940278507,6.0,d_kam,4.0,0.0,0.02159827213822894,0.0,hpc,3025,0.0,200.0,9418.0,6317.0,6317.0,1298.1654110189993,4.0,463.0,345.0,7.179848981181875,1.4848718399880454,,,
8.0,8.0,0.0,0.0,d_kam_delay_2,1.0,delay=2,3.747896879126379,1.6840939847796772,2.0,D1,8.0,64.0,0.0,2.0,1.1754725029035198,128.300077480456,1.6570981324177247,0.33472565871091065,0.30222543905427424,0.22277586033273125,5.110823699069442,-1.2589769289631536,0.23801486408288725,0.23801486408288725,1.9652756876514688,0.8392098113012421,4.733378757502575,2.0,0.9772286751675897,0.19906060172728557,0.15913141782621573,0.15913141782621573,0.845068599785206,1.0,6.0,d_kam,2.0,0.7624264173218281,0.017977528089887642,0.0,hpc,3025,0.0,200.0,7546.0,6260.0,6260.0,1022.1647398138884,2.0,445.0,349.0,4.606565409908968,1.2075607370061334,,,
10.0,10.0,0.0,0.0,d_kam_delay_4,0.9979517810967018,delay=4,4.6275827405101495,2.3759182821441542,4.0,D1,8.0,64.0,25.57923499254861,2.0,1.748854130872375,128.300077480456,2.412001358454215,0.4094989569285311,0.28807596169087013,0.20701530386359301,4.918138329521753,-2.1367102920263323,0.21056247491529614,0.21056247491529614,2.125469422691614,0.8707726404285921,4.89887708311904,4.0,1.024829902146537,0.1376455332139411,0.2492476961758959,0.2492476961758959,0.7862635345092254,0.9979517810967018,6.0,d_kam,4.0,0.7387896661185541,0.028011204481792718,0.0,hpc,3025,0.0,200.0,7254.0,6281.0,6281.0,983.6276659043506,4.0,357.0,255.0,6.538788521926127,1.169129095011158,,,
10.0,10.0,0.0,0.0,d_kam_delay_8,0.997951781096702,delay=8,5.077053712469852,2.6025273109133136,8.0,D1,8.0,64.0,25.57923499254861,2.0,1.748854130872375,128.300077480456,3.787103674030503,0.4477039895451058,0.29388528662060737,0.21348608658235968,5.239654640172375,-3.641523603094624,0.2516878188373309,0.2516878188373309,2.277682779061028,0.8665915883054932,5.307658588630858,8.0,1.127617838885383,0.07279003546793969,0.27477161982410053,0.27477161982410053,0.7670017670638468,0.997951781096702,6.0,d_kam,4.0,0.3888947118951379,0.026954177897574125,0.0,hpc,3025,0.0,200.0,7490.0,6285.0,6285.0,1047.930928034475,4.0,371.0,269.0,6.538788521926127,1.2393873749824706,,,
9.0,9.0,0.0,0.0,d_kam_delay_0,0.9999999999999999,delay=0,2.512373389592942,1.7189006368002853,0.0,D1,8.0,64.0,0.0,2.0,1.1402015700548116,64.56339712820795,2.4671622769447922e-17,0.22291939204732167,0.3394006071898893,0.26418384464220346,5.505091631057439,-2.4671622769447922e-17,0.2674628620716075,0.2674628620716075,1.7178711836678588,0.8496005572992806,2.4088265731534158,0.0,0.3110750648774106,0.0,0.20518734863043903,0.20518734863043903,0.8460254662474505,0.9999999999999999,6.0,d_kam,3.0,0.0,0.022113022113022112,0.0,hpc,3026,0.0,200.0,8124.0,6266.0,6266.0,1101.0183262114879,3.0,407.0,303.0,7.01260836822514,1.2876425739959814,,,
13.0,13.0,0.0,0.0,d_kam_delay_2,0.9970948553417223,delay=2,2.801846663300349,1.9752275623516817,2.0,D1,8.0,64.0,36.58634007364915,2.0,2.3072433326579675,64.56339712820795,1.0599417559746511,0.24752462031245126,0.36394967085008967,0.2915280987191593,7.291122980968794,-0.8920794364243648,0.25321386813523,0.25321386813523,1.7683232596283949,0.8006039261245682,2.447245573483673,2.0,0.33481808210749064,0.08393115977514316,0.2267201911883606,0.2267201911883606,0.8242376775755816,0.9970948553417223,6.0,d_kam,7.0,0.35060260831019235,0.02195945945945946,0.0,hpc,3026,0.0,200.0,10671.0,6364.0,6364.0,1458.2245961937588,7.0,592.0,459.0,11.028555673934019,1.6476189849781804,,,
15.0,15.0,0.0,0.0,d_kam_delay_4,1.0000000000000002,delay=4,3.9108164936768723,2.612350879171048,4.0,D1,8.0,64.0,0.0,2.0,1.086340508509113,64.56339712820795,1.2052306500363938,0.3417870558944558,0.2926686783022034,0.21213095355443443,4.879549935430987,-1.0279047480237706,0.26091107885370074,0.26091107885370074,1.869351338741304,0.8755374243048439,2.8272452739888765,4.0,0.43026108305505095,0.08866295100631158,0.24826588517115547,0.24826588517115547,0.7700821956459356,1.0000000000000002,6.0,d_kam,9.0,0.5673091676620813,0.042134831460674156,0.0,hpc,3026,0.0,200.0,7228.0,6326.0,6326.0,975.9099870861974,9.0,356.0,241.0,12.57505152266191,1.1808007679937873,,,
13.0,13.0,0.0,0.0,d_kam_delay_8,0.9977417366186169,delay=8,4.763498309124153,3.005678541401586,8.0,D1,8.0,64.0,28.43975146358344,2.0,1.8594898318386108,72.88494206326646,3.0198989254292368,0.41426501020747464,0.312183933797341,0.23386824309109763,5.110346099972958,-2.9486831670795572,0.3100639680552859,0.3100639680552859,2.123576512373561,0.8666551851861115,3.6916119715763807,8.0,0.6570557667977507,0.03560787917484038,0.2819752562335403,0.2819752562335403,0.73664934435634,0.9977417366186169,6.0,d_kam,7.0,0.22315980351534592,0.034482758620689655,0.0,hpc,3026,0.0,200.0,7544.0,6309.0,6309.0,1022.0692199945915,7.0,377.0,268.0,11.135914699557208,1.2073292589921039,,,
14.0,14.0,0.0,0.0,d_kam_delay_0,0.9992146420982,delay=0,7.335272062174238,3.372998869098561,0.0,D1,8.0,64.0,9.585554556148614,2.0,1.264835444364496,164.2657143778812,3.806478941571965e-16,0.6438138927639886,0.3278723714895455,0.2513429880452858,5.430754618282663,3.806478941571965e-16,0.24765223789947818,0.24765223789947818,2.5552702564918457,0.8548555600717461,8.366539992913841,0.0,1.9800217128435884,3.806478941571965e-16,0.28118632073704275,0.28118632073704275,0.6992203921765436,0.9992146420982,6.0,d_kam,8.0,2.3980817331903375e-15,0.03553299492385787,0.0,hpc,3027,0.0,200.0,8032.0,6337.0,6337.0,1086.1509236565325,8.0,394.0,234.0,10.432825008598346,1.2712296830140986,,,
24.0,24.0,0.0,0.0,d_kam_delay_2,0.9992005112598719,delay=2,8.809882548087275,4.103241913537265,2.0,D1,8.0,64.0,9.75802614063958,2.0,1.3707741857440952,171.50092460756738,1.1538030536914665,0.7691557840665969,0.4342229766972411,0.3698028205786102,5.919250070000999,-0.9334789426261709,0.3430966294811369,0.3430966294811369,2.9113075502171326,0.7723889658783952,9.55029341325661,2.0,2.288161266708087,0.11016205553264778,0.3527378900934528,0.3527378900934528,0.6371497333992538,0.9992005112598719,6.0,d_kam,18.0,0.6931123073986979,0.048,0.0,hpc,3027,0.0,200.0,8493.0,6429.0,6429.0,1183.8500140001997,18.0,500.0,270.0,21.453086431959065,1.3704980640031863,,,
19.0,19.0,0.0,0.0,d_kam_delay_4,0.9992955136479067,delay=4,7.595358277412809,3.433058440879206,4.0,D1,8.0,64.0,8.598490378165387,2.0,1.2247801324366447,171.43157472288448,2.8918153142027143,0.6659212210592673,0.3242761082152848,0.2473372492496984,5.735078294092091,-2.464172223644904,0.3301463794511345,0.3301463794511345,2.8706485008495752,0.8370792396390143,9.083902897194323,4.0,2.162481820420858,0.21382154527890482,0.30988930957913025,0.30988930957913025,0.6941153285751888,0.9992955136479067,6.0,d_kam,13.0,0.9160491873847232,0.04103671706263499,0.0,hpc,3027,0.0,200.0,8424.0,6416.0,6416.0,1147.0156588184182,13.0,463.0,283.0,15.527065967856771,1.3322988710133359,,,
34.0,34.0,0.058823529411764705,2.0,d_kam_delay_8,0.9999999999999991,delay=8,11.630326666391328,5.284741715465135,8.0,D1,8.0,64.0,0.0,2.0,1.1582425750339076,171.43157472288448,2.391125682111487,1.0088935341224414,0.40907872922579713,0.34179561423665533,5.5023010303557385,-2.0119576803143144,0.4041652726170622,0.4041652726170622,3.384420957365935,0.8101804395173937,11.442694337348549,8.0,2.7929765647710387,0.18958400089858635,0.40705098518277055,0.40705098518277055,0.5367222502353849,0.9999999999999991,6.0,d_kam,28.0,0.857709794480191,0.0728051391862955,0.0,hpc,3027,0.0,200.0,7861.0,6479.0,6479.0,1100.4602060711477,28.0,467.0,232.0,32.70656024814428,1.28536162598175,,,
11.0,11.0,0.0,0.0,d_kam_delay_0,1.0000000000000002,delay=0,10.89091238272045,3.7656362735701294,0.0,D1,8.0,64.0,0.0,2.0,1.172624986367327,220.90770075708514,0.0,0.948379220764881,0.3212698194632988,0.24398866029327826,4.8231098635005765,0.0,0.2599869581282289,0.2599869581282289,2.923704797437223,0.8597035552858326,13.747774562846876,0.0,3.478400126274002,0.0,0.21063133901675157,0.21063133901675157,0.6646170304557681,1.0000000000000002,6.0,d_kam,5.0,0.0,0.031161473087818695,0.0,hpc,3028,0.0,200.0,7057.0,6269.0,6269.0,964.6219727001153,5.0,353.0,245.0,8.718333727544907,1.1511593000032008,,,
13.0,13.0,0.0,0.0,d_kam_delay_2,0.9998907714035797,delay=2,10.677507256553586,3.6844550012284363,2.0,D1,8.0,64.0,1.3569895262042855,2.0,1.0679077091630214,220.90770075708514,1.8621649246287357,0.9302397850406973,0.3776096229380235,0.30674339188641236,5.745040954352589,-1.636366875249775,0.2631625393344173,0.2631625393344173,3.014420047338823,0.841105433245298,13.778524450702914,2.0,3.4816485960265653,0.11289902468948025,0.2317824625381582,0.2317824625381582,0.6715174386048122,0.9998907714035797,6.0,d_kam,7.0,0.5161486115545253,0.027426160337552744,0.0,hpc,3028,0.0,200.0,8375.0,6316.0,6316.0,1149.0081908705179,7.0,474.0,347.0,12.078376546048485,1.3367278660007287,,,
14.0,14.0,0.0,0.0,d_kam_delay_4,0.9999434460994026,delay=4,10.594857393121314,3.567196366993898,4.0,D1,8.0,64.0,0.7025912013076099,2.0,1.0937627095891385,220.90770075708514,3.5601410272984455,0.9232145466489544,0.33316666056901034,0.257240092217957,5.11736313579604,-3.231931503289551,0.24680795015344476,0.24680795015344476,2.993585137913716,0.8546575943040545,13.864402148642489,4.0,3.513976158466615,0.16410476200444718,0.2300078109323785,0.2300078109323785,0.681484422514748,0.9999434460994026,6.0,d_kam,8.0,0.8904542124634645,0.03723404255319149,0.0,hpc,3028,0.0,200.0,7458.0,6319.0,6319.0,1023.4726271592081,8.0,376.0,251.0,11.1391687713239,1.2095321950037032,,,
10.0,10.0,0.0,0.0,d_kam_delay_8,0.9998803194327885,delay=8,11.08462603543452,3.9966947469370915,8.0,D1,8.0,64.0,1.4868384426554362,2.0,1.0404021323382167,220.90770075708514,7.6550269462281,0.9648448812455768,0.30369490130606425,0.2244126375933884,4.640064410632476,-7.279210992709025,0.2489828258396427,0.2489828258396427,3.065495899575256,0.8681942206100695,13.78579518438396,8.0,3.492733940338884,0.18790797675953713,0.2662792649764476,0.2662792649764476,0.6449770602195761,0.9998803194327885,6.0,d_kam,4.0,0.9414974948940091,0.029239766081871343,0.0,hpc,3028,0.0,200.0,6794.0,6261.0,6261.0,928.0128821264952,4.0,342.0,244.0,6.031058245980696,1.1143895690038335,,,
12.0,12.0,0.0,0.0,d_kam_delay_0,0.9991387322435462,delay=0,5.652595663169441,2.629023761551449,0.0,D1,8.0,64.0,10.543843712874322,2.0,1.194419757604348,145.33293402563908,2.9605947323337506e-16,0.4965781128656945,0.27288856480318935,0.19009864891444359,5.285738169768592,-2.9605947323337506e-16,0.15154570819236002,0.15154570819236002,1.9120186508975507,0.8514043808101007,4.86449064560372,0.0,1.0394486152018048,0.0,0.21895627275348198,0.21895627275348198,0.764417052192564,0.9991387322435462,6.0,d_kam,6.0,0.0,0.031413612565445025,0.0,hpc,3029,0.0,200.0,7794.0,6307.0,6307.0,1057.1476339537185,6.0,382.0,258.0,9.222663234847017,1.242033113987418,,,
17.0,17.0,0.0,0.0,d_kam_delay_2,0.9986126618322462,delay=2,6.904575132817284,3.307974346574844,2.0,D1,8.0,64.0,16.984122194394438,2.0,1.3719546357606034,153.21210815515423,0.7905315840524357,0.6029963677857612,0.3276124851539198,0.2510535106912472,5.915286034869496,-0.6235209711293251,0.2305688189327818,0.2305688189327818,2.1114448967446022,0.8346830988233165,5.5953329951295245,2.0,1.216686773999321,0.0835053064615553,0.23754864403961334,0.23754864403961334,0.7067062524655754,0.9986126618322462,6.0,d_kam,11.0,0.283918041969287,0.0367170626349892,0.0,hpc,3029,0.0,200.0,8623.0,6399.0,6399.0,1183.0572069738992,11.0,463.0,281.0,15.046687322644472,1.3700298930052668,,,
12.0,12.0,0.0,0.0,d_kam_delay_4,0.9983758152171947,delay=4,5.747341418935229,2.5596315788252944,4.0,D1,8.0,64.0,19.88365451093377,2.0,1.490238019079196,146.40001157849852,1.3587565072604226,0.5046315021057864,0.32381954606726837,0.2468287023026504,5.438243745593354,-1.1900532372104953,0.23125207192187117,0.23125207192187117,2.004459833246063,0.8369818555486943,5.204346640219696,4.0,1.1074838174910906,0.08435163502496372,0.21554437663881174,0.21554437663881174,0.7703153877242872,0.9983758152171947,6.0,d_kam,6.0,0.4946948096432994,0.026785714285714284,0.0,hpc,3029,0.0,200.0,7928.0,6311.0,6311.0,1087.6487491186708,6.0,448.0,306.0,9.618437409958,1.2735510159982368,,,
54.0,54.0,0.07407407407407407,4.0,d_kam_delay_8,0.9979633120785668,delay=8,16.03532109726281,6.461638795172474,8.0,D1,8.0,64.0,24.933615562147637,2.0,2.6431916744272037,146.24783919599662,1.8037708031527888,1.3791097747636305,0.4059774210168503,0.3383411867761946,6.4972009300254285,-1.4319905667117003,0.4643897547631643,0.4643897547631643,3.6685789256463432,0.7699538534985692,14.425888288299666,8.0,3.6199503191087024,0.1858901182205443,0.46221135370900884,0.46221135370900884,0.4386447743347769,0.9979633120785668,6.0,d_kam,48.0,1.371703749658967,0.10150375939849623,0.0,hpc,3029,0.0,200.0,9095.0,6682.0,6682.0,1299.4401860050857,48.0,532.0,182.0,53.99532244477545,1.483185497985687,,,
17.0,17.0,0.0,0.0,d_kam_delay_0,0.9999999999999991,delay=0,5.351323838841354,2.564447489187623,0.0,D1,8.0,64.0,0.0,2.0,1.1101792108339108,140.57021674420798,0.0,0.47145764771065307,0.35673469417120324,0.28349161479465707,6.523665055428864,0.0,0.1734522801879237,0.1734522801879237,1.8907642676729113,0.8169161305930857,4.495971307351733,0.0,0.9257525736079301,0.0,0.20202985450703512,0.20202985450703512,0.7696222202877812,0.9999999999999991,6.0,d_kam,11.0,0.0,0.03346456692913386,0.0,hpc,3030,0.0,200.0,9412.0,6425.0,6425.0,1304.733011085773,11.0,508.0,299.0,15.283494446162718,1.492226002010284,,,
17.0,17.0,0.0,0.0,d_kam_delay_2,0.9999999999999996,delay=2,4.943761762612463,2.2442346487633684,2.0,D1,8.0,64.0,0.0,2.0,1.2146762078383786,140.57021674420798,0.715193268450682,0.4368148712311973,0.32502931433930426,0.24817621646704677,6.760136700468138,-0.47545234298502675,0.3091194765602425,0.3091194765602425,1.9777957081411268,0.7940753272364841,4.647900492380967,2.0,0.9417407878844295,0.1198704627328276,0.1902208840817363,0.1902208840817363,0.7968403117238428,0.9999999999999996,6.0,d_kam,11.0,0.5419651782127988,0.02901023890784983,0.0,hpc,3030,0.0,200.0,9606.0,6411.0,6411.0,1352.0273400936276,11.0,586.0,364.0,15.201144923884744,1.5410471519862767,,,
26.0,26.0,0.0,0.0,d_kam_delay_4,0.9999999999999996,delay=4,8.00152729560147,4.181127182634093,4.0,D1,8.0,64.0,0.0,2.0,1.1960107788653258,140.57021674420798,0.7697308890983686,0.6967249415352629,0.4215579535222125,0.35569574030939505,6.9716823993076105,-0.5386549115633185,0.28652718478070255,0.28652718478070255,2.372830375466833,0.7747757035149678,5.536287257889699,4.0,1.1849048560567002,0.11553798876752507,0.30027370668819564,0.30027370668819564,0.6322044463448312,0.9999999999999996,6.0,d_kam,20.0,0.49242474607081754,0.043993231810490696,0.0,hpc,3030,0.0,200.0,9910.0,6501.0,6501.0,1394.336479861522,20.0,591.0,343.0,24.212185651994584,1.5825241270067636,,,
13.0,13.0,0.07692307692307693,1.0,d_kam_delay_8,0.9999999999999993,delay=8,5.2961456894777905,2.316628480229277,8.0,D1,8.0,64.0,0.0,2.0,1.1768895690025432,140.57021674420798,2.168530374905278,0.4667675050147503,0.3638954158054383,0.2914676661199189,5.9359075444808695,-1.8421923966942646,0.27327266861074595,0.27327266861074595,2.141477753444217,0.8208632526306786,5.130744625322611,8.0,1.0729062762371657,0.16316898910550653,0.18909310686695333,0.18909310686695333,0.7906868360492407,0.9999999999999993,6.0,d_kam,7.0,0.9389987631961854,0.025390625,0.0,hpc,3030,0.0,200.0,8523.0,6353.0,6353.0,1187.181508896174,7.0,512.0,353.0,10.381303038312808,1.3756851030047983,,,
,,,,d_kam_delay_1,1.0000000000000002,delay=1,6.168736517224343,2.022217648638056,1.0,D1,,,0.0,2.0,1.1922944632261938,216.0038862437605,,0.628834559450218,0.4499482249043039,0.2341051232844738,10.811318390333328,,0.2237741879773888,0.2237741879773888,2.5260499796286355,0.8622814967209048,12.41195517073073,,3.093614134725511,,0.2315741902414414,0.2315741902414414,0.7831288473875091,1.0000000000000002,6.0,d_kam,4.0,,,0.0,warehouse,3001,0.0,200.0,7031.0,6272.0,6272.0,2162.2636780666653,4.0,,,4.615693172461434,,,,C1.1
,,,,d_kam_delay_1,0.9999999999999996,delay=1,9.85309070823032,2.689405445615161,1.0,D1,,,0.0,2.0,1.1952441749818672,334.73999987897014,,0.9845664945749129,0.5052815407663585,0.3111515124594864,16.946255044458667,,0.2330438312930224,0.2330438312930224,2.972687734768207,0.8269806916367295,17.681049214409093,,4.562081840588977,,0.2444628049770307,0.2444628049770307,0.718090321599576,0.9999999999999996,6.0,d_kam,6.0,,,0.0,warehouse,3002,0.0,200.0,10224.0,6348.0,6348.0,3389.2510088917334,6.0,,,4.906341934350537,,,,C1.1
,,,,d_kam_delay_1,0.9999999999999992,delay=1,1.7979725627264065,0.9166242516432592,1.0,D1,,,0.0,2.0,1.2145719239133097,94.33413462068476,,0.1922530003806004,0.3921680777483941,0.1536517538268779,11.446350005426211,,0.2431482584339171,0.2431482584339171,1.6048906334816326,0.8799790103134495,3.4461190210372563,,0.5905125913703737,,0.2703127530971612,0.2703127530971612,0.8969408373649634,0.9999999999999992,6.0,d_kam,1.0,,,0.0,warehouse,3003,0.0,200.0,7359.0,6225.0,6225.0,2289.2700010852423,1.0,,,3.387747915662626,,,,C1.1
,,,,d_kam_delay_1,1.0000000000000009,delay=1,4.386931047416536,2.2069866283571526,1.0,D1,,,0.0,2.0,1.2501397258740872,137.08282876528858,,0.4431527705401329,0.4544603853669952,0.2403878783591071,11.705280909809517,,0.2840490190170414,0.2840490190170414,2.1357328962710627,0.8519402577625794,5.626332665268201,,1.1848298623209643,,0.2874697591324735,0.2874697591324735,0.7719773344427935,1.0000000000000009,6.0,d_kam,6.0,,,0.0,warehouse,3004,0.0,200.0,7237.0,6303.0,6303.0,2341.056181961904,6.0,,,5.321752628836372,,,,C1.1
,,,,d_kam_delay_1,0.9998969069611274,delay=1,2.8076790495592747,1.3123020430827357,1.0,D1,,,1.1363188735049423,2.0,1.2644856936638602,137.52485119154045,,0.292740145951511,0.5607605190112973,0.3884007226739582,15.518640435038831,,0.2521977992305439,0.2521977992305439,2.0634706421474216,0.7908048437988822,4.5317426114763375,,0.8870600161595164,,0.2307723234225779,0.2307723234225779,0.8572817095187798,0.9998969069611274,6.0,d_kam,6.0,,,0.0,warehouse,3005,0.0,200.0,9617.0,6316.0,6316.0,3103.7280870077666,6.0,,,5.542173038928598,,,,C1.1
,,,,d_kam_delay_1,1.0,delay=1,6.456552576952507,2.017110170766113,1.0,D1,,,0.0,2.0,1.3395114305848066,226.41540272751143,,0.655517008608055,0.3780299696991189,0.1339657805937099,11.311502378812293,,0.3251011933084733,0.3251011933084733,2.655811237461013,0.901733268259442,13.166264099707304,,3.2771732393793305,,0.3316080686984371,0.3316080686984371,0.7841156829986651,1.0,6.0,d_kam,3.0,,,0.0,warehouse,3006,0.0,200.0,6840.0,6253.0,6253.0,2262.3004757624585,3.0,,,4.339217436755246,,,,C1.1
,,,,d_kam_delay_1,1.0000000000000009,delay=1,2.941509278588474,1.3688760419999908,1.0,D1,,,0.0,3.0,1.2476655913018146,136.54870716432103,,0.3057082758826021,0.5858806200547496,0.4233780785572463,19.81557595907361,,0.243104453384012,0.243104453384012,2.1824979938575475,0.8092669905889502,4.654608182709142,,0.914770595741315,,0.2370883973425201,0.2370883973425201,0.8518713224672306,1.0000000000000009,5.0,d_kam,5.0,,,0.0,warehouse,3007,0.0,200.0,12501.0,6371.0,6371.0,3963.1151918147225,5.0,,,4.724647018350513,,,,C1.1
,,,,d_kam_delay_1,1.0000000000000002,delay=1,4.283522800442463,1.8588242170396687,1.0,D1,,,0.0,2.0,1.2590853608546608,158.09424962081312,,0.4423477032476879,0.5458971730845659,0.3677049245481296,10.850960165989818,,0.2250005544130185,0.2250005544130185,1.8632930063200672,0.7941382368432063,5.4906935107052,,1.1639118963241435,,0.2183921160068633,0.2183921160068633,0.801793176308331,1.0000000000000002,6.0,d_kam,4.0,,,0.0,warehouse,3008,0.0,200.0,7061.0,6260.0,6260.0,2170.192033197964,4.0,,,4.679723019762941,,,,C1.1
,,,,d_kam_delay_1,0.9999999999999994,delay=1,2.428454025476695,1.166719218656376,1.0,D1,,,0.0,2.0,1.169789344001231,109.38121689837368,,0.252175357511673,0.5378740834121428,0.3565335338650089,14.812328003317816,,0.1508617817773188,0.1508617817773188,1.5575446333161491,0.8315562914472935,3.303698296894769,,0.5653864163789418,,0.1664338947630939,0.1664338947630939,0.8734338491030662,0.9999999999999994,6.0,d_kam,3.0,,,0.0,warehouse,3009,0.0,200.0,9283.0,6285.0,6285.0,2962.4656006635632,3.0,,,4.118704216142158,,,,C1.1
,,,,d_kam_delay_1,0.9999999999999996,delay=1,6.18224121057974,1.9962179973732328,1.0,D1,,,0.0,2.0,1.3256936485136752,259.65318293132145,,0.6284140239166431,0.5032572307907616,0.3083328529997946,12.22922666638624,,0.285008482223997,0.285008482223997,2.955561678474908,0.8736258713962987,14.349391717842751,,3.605316252929257,,0.2589669259422007,0.2589669259422007,0.7863186169861422,0.9999999999999996,6.0,d_kam,11.0,,,0.0,warehouse,3010,0.0,200.0,7141.0,6359.0,6359.0,2445.845333277248,11.0,,,7.284046685731801,,,,C1.1
,,,,d_kam_delay_1,0.9999999999999996,delay=1,2.608922143841337,1.2338850846930385,1.0,D1,,,0.0,2.0,1.2281666957343815,128.8769120115561,,0.272016781270525,0.4733266392130046,0.2666573457396267,14.265104121004695,,0.2589851927110207,0.2589851927110207,2.207561111517024,0.8415298831958203,4.590989842469386,,0.9024959927819274,,0.2570856974887596,0.2570856974887596,0.8654275287765788,0.9999999999999996,6.0,d_kam,7.0,,,0.0,warehouse,3011,0.0,200.0,9325.0,6340.0,6340.0,2853.0208242009394,7.0,,,5.86202781572637,,,,C1.1
,,,,d_kam_delay_1,1.0000000000000004,delay=1,1.6408542819803045,0.9664478439542146,1.0,D1,,,0.0,2.0,1.219119006857162,57.311445786545534,,0.1711437631457864,0.4758342127984831,0.270148903896622,15.5557278903143,,0.2151463549335187,0.2151463549335187,1.5922990022307388,0.8352323118882743,2.817546811206985,,0.4209899336798022,,0.2199896287782859,0.2199896287782859,0.895958964708287,1.0000000000000004,6.0,d_kam,5.0,,,0.0,warehouse,3012,0.0,200.0,10935.0,6316.0,6316.0,3111.1455780628603,5.0,,,4.954830303891031,,,,C1.1
,,,,d_kam_delay_1,1.0000000000000009,delay=1,2.3588297589526603,1.9008741634736783,1.0,D1,,,0.0,2.0,1.1777183586125073,46.2184146279011,,0.2287246010550578,0.6029750471721436,0.4471804454295671,26.800861048104707,,0.2727223819026608,0.2727223819026608,1.5878536928235172,0.7231390281902358,1.8300833694643888,,0.1385387305724616,,0.2683307751679499,0.2683307751679499,0.8147547228635428,1.0000000000000009,6.0,d_kam,4.0,,,0.0,warehouse,3013,0.0,200.0,16381.0,6454.0,6454.0,5360.172209620941,4.0,,,4.459466164467968,,,,C1.1
,,,,d_kam_delay_1,0.9997669829519548,delay=1,2.571665938860848,1.4483578008167868,1.0,D1,,,2.490260047562399,2.0,1.2664954586379993,98.47285800353777,,0.262279208333446,0.6191708012280919,0.4697314953808873,21.80846805058536,,0.2593668071100292,0.2593668071100292,1.803336442334733,0.7372712314004102,3.391364358367466,,0.5715305088680573,,0.2619488333272524,0.2619488333272524,0.8480432879942051,0.9997669829519548,6.0,d_kam,7.0,,,0.0,warehouse,3014,0.0,200.0,12659.0,6391.0,6391.0,4361.693610117072,7.0,,,5.519620290347644,,,,C1.1
,,,,d_kam_delay_1,1.0,delay=1,3.8814114252277694,1.8990242562919195,1.0,D1,,,0.0,2.0,1.1332325296529877,172.97119897196148,,0.3959433049307588,0.5827181064401612,0.4189745785875662,10.878664035408292,,0.2203943836541053,0.2203943836541053,2.058162586536074,0.7904905319187924,5.396120004307004,,1.1337229746332325,,0.2266186041390587,0.2266186041390587,0.8009691325284723,1.0,6.0,d_kam,1.0,,,0.0,warehouse,3015,0.0,200.0,6979.0,6227.0,6227.0,2175.7328070816584,1.0,,,3.33141094062256,,,,C1.1
,,,,d_kam_delay_1,1.0,delay=1,3.0678093078842466,1.5797210685120084,1.0,D1,,,0.0,2.0,1.28397193495974,147.11146409535968,,0.3154226593341923,0.510028034613442,0.317760554525046,19.29354499035981,,0.2481895980948839,0.2481895980948839,1.8173248286105128,0.79722620051792,3.842218060065956,,0.7024142093826721,,0.2625699511579803,0.2625699511579803,0.8327322212893477,1.0,6.0,d_kam,8.0,,,0.0,warehouse,3016,0.0,200.0,11786.0,6389.0,6389.0,3858.708998071961,8.0,,,6.168626727727732,,,,C1.1
,,,,d_kam_delay_1,1.0000000000000002,delay=1,2.5955720468890813,1.156225469838025,1.0,D1,,,0.0,2.0,1.225705207360141,171.69470367346275,,0.2699252061839965,0.422311894118353,0.195624156367327,13.118949184718076,,0.2229376970513262,0.2229376970513262,1.7669654705612592,0.8589201707844984,4.682587161271211,,0.9419605083288666,,0.2293504074368266,0.2293504074368266,0.8731531945439321,1.0000000000000002,6.0,d_kam,3.0,,,0.0,warehouse,3017,0.0,200.0,8689.0,6281.0,6281.0,2623.7898369436152,3.0,,,4.002402029483682,,,,C1.1
,,,,d_kam_delay_1,0.9999605363080504,delay=1,1.6694559384429857,0.8895917684011604,1.0,D1,,,0.4742463667057199,2.0,1.3177812253709156,104.74435568066188,,0.1731717287307358,0.4046833762030768,0.1710781187637777,12.100105399877066,,0.2277058840948534,0.2277058840948534,1.7415442747738183,0.8803126738462486,3.061717196660922,,0.4853598437134153,,0.219684288681729,0.219684288681729,0.9034224620519098,0.9999605363080504,6.0,d_kam,2.0,,,0.0,warehouse,3018,0.0,200.0,7770.0,6261.0,6261.0,2420.021079975413,2.0,,,3.5660353098217548,,,,C1.1
,,,,d_kam_delay_1,1.0000000000000002,delay=1,3.2789133763535108,1.2875867421108358,1.0,D1,,,0.0,2.0,1.1249502575629016,153.49746467662246,,0.3397332388843294,0.4319931073554015,0.2091043266973946,12.66239182499703,,0.2229270212626636,0.2229270212626636,2.2615662369316807,0.8505334604450323,7.843301221042104,,1.8248332818733928,,0.2258535769865715,0.2258535769865715,0.858409007816298,1.0000000000000002,6.0,d_kam,4.0,,,0.0,warehouse,3019,0.0,200.0,7438.0,6275.0,6275.0,2532.478364999406,4.0,,,4.362130011651956,,,,C1.1
,,,,d_kam_delay_1,0.9999469045963963,delay=1,3.43707118217806,1.419440048821016,1.0,D1,,,0.5995709927379183,2.0,1.142879888752309,124.7077693268658,,0.3516727035731474,0.4119146612130731,0.181146996625798,11.25126573999296,,0.2108458149680481,0.2108458149680481,2.1633714368361763,0.8635883719652168,6.6356771580039045,,1.4909505256957076,,0.2187118694521977,0.2187118694521977,0.8473983717368279,0.9999469045963963,6.0,d_kam,2.0,,,0.0,warehouse,3020,0.0,200.0,7576.0,6238.0,6238.0,2250.253147998592,2.0,,,3.748764423626005,,,,C1.1
,,,,d_kam_delay_1,0.9997368223460475,delay=1,5.101836639836314,1.8547047566485808,1.0,D1,,,2.628114567695887,3.0,1.3637928110681594,186.5082163288621,,0.5184902193777261,0.5954548426771018,0.4367092746136861,20.386363626166712,,0.2104018905108867,0.2104018905108867,2.437849821440023,0.7749065791905521,8.594333032640193,,2.03126085487035,,0.2226204014192942,0.2226204014192942,0.8027204861419577,0.9997368223460475,5.0,d_kam,6.0,,,0.0,warehouse,3021,0.0,200.0,13440.0,6385.0,6385.0,4077.272725233344,6.0,,,4.528343275060857,,,,C1.1
,,,,d_kam_delay_1,0.9999999999999992,delay=1,3.3280358027907924,1.332180203553754,1.0,D1,,,0.0,2.0,1.196379088217534,137.43376592076012,,0.3445814962932172,0.4716341624638264,0.2643007325445684,12.108952778507955,,0.2141657913488012,0.2141657913488012,1.8741086810711567,0.8620011743763678,5.573820397813123,,1.1841021581611946,,0.2295387078972282,0.2295387078972282,0.8543728910606765,0.9999999999999992,6.0,d_kam,6.0,,,0.0,warehouse,3022,0.0,200.0,7788.0,6309.0,6309.0,2421.790555701591,6.0,,,5.520221785863615,,,,C1.1
,,,,d_kam_delay_1,0.9999999999999996,delay=1,5.327450003310616,1.7491833389794724,1.0,D1,,,0.0,2.0,1.1386806643944214,202.2472167063964,,0.5409210729063225,0.4214308791013657,0.1943974265968383,11.939742526010376,,0.2017296761370216,0.2017296761370216,2.5014792141686257,0.8802385062510024,9.926125954527116,,2.4058163383753017,,0.2092504112181794,0.2092504112181794,0.8120338869319292,0.9999999999999996,6.0,d_kam,5.0,,,0.0,warehouse,3023,0.0,200.0,7346.0,6282.0,6282.0,2387.9485052020755,5.0,,,5.37215779143053,,,,C1.1
,,,,d_kam_delay_1,0.99998579255078,delay=1,1.68868916892659,0.8688241483942966,1.0,D1,,,0.1552389607448323,2.0,1.2115207225946514,93.53631554834703,,0.1769726658637832,0.4012612864133282,0.1663131836134952,11.357261511293473,,0.191360803437297,0.191360803437297,1.5247635470061447,0.8734726801691278,2.917189712856766,,0.4575718334109947,,0.2152426854020842,0.2152426854020842,0.9040941299460108,0.99998579255078,6.0,d_kam,2.0,,,0.0,warehouse,3024,0.0,200.0,7356.0,6249.0,6249.0,2271.4523022586945,2.0,,,3.777190828352983,,,,C1.1
,,,,d_kam_delay_1,1.0,delay=1,1.7425105944722612,0.8628241319905151,1.0,D1,,,0.0,2.0,1.1290518733732906,114.37383902615196,,0.1836678328715129,0.415416119079137,0.1860224442874059,11.393353590538029,,0.1993180866106144,0.1993180866106144,1.5575834608174932,0.8783315911603712,3.1051918152649503,,0.5041717161509878,,0.224961320778343,0.224961320778343,0.903757455284898,1.0,6.0,d_kam,2.0,,,0.0,warehouse,3025,0.0,200.0,7185.0,6248.0,6248.0,2278.6707181076054,2.0,,,3.788276841519026,,,,C1.1
,,,,d_kam_delay_1,0.9999999999999992,delay=1,2.321084599365096,1.5526334354186448,1.0,D1,,,0.0,3.0,1.307486058380177,67.52675009544153,,0.234121328432391,0.5635215504457798,0.3922451968232377,21.19984644916257,,0.2695975148797664,0.2695975148797664,1.5889288651586826,0.7561010630250012,2.535938226868963,,0.3340980776199626,,0.2736966168570497,0.2736966168570497,0.8409983407104333,0.9999999999999992,5.0,d_kam,3.0,,,0.0,warehouse,3026,0.0,200.0,14462.0,6362.0,6362.0,4239.969289832516,3.0,,,3.972610276173849,,,,C1.1
,,,,d_kam_delay_1,0.9987406727005828,delay=1,2.918379080527723,1.6344628409316406,1.0,D1,,,13.731546760029008,2.0,1.5350475159589978,136.23065087661828,,0.303673358585204,0.469529993180257,0.2613708765801047,17.947866663744207,,0.2718678286890707,0.2718678286890707,1.915524569160076,0.8113799151946338,3.766588448937622,,0.677632346855855,,0.297363547007567,0.297363547007567,0.8264093495357137,0.9987406727005828,6.0,d_kam,3.0,,,0.0,warehouse,3027,0.0,200.0,11215.0,6324.0,6324.0,3589.573332748841,3.0,,,4.09207798446554,,,,C1.1
,,,,d_kam_delay_1,0.9999999999999996,delay=1,4.842389846352434,1.7197398780883897,1.0,D1,,,0.0,2.0,1.298964148988781,195.15717139756904,,0.4993559176784948,0.541652152137396,0.3617941358875135,11.959815594891552,,0.2392222341067095,0.2392222341067095,2.2977255067602544,0.8466469954201724,9.131232053102758,,2.162586938731779,,0.2291248772683662,0.2291248772683662,0.8130482363573017,0.9999999999999996,6.0,d_kam,5.0,,,0.0,warehouse,3028,0.0,200.0,7372.0,6283.0,6283.0,2391.9631189783104,5.0,,,4.649462613810083,,,,C1.1
,,,,d_kam_delay_1,0.9999999999999996,delay=1,3.826382943357686,1.5520670021529892,1.0,D1,,,0.0,2.0,1.1453863068060968,156.964386911359,,0.3971216703721971,0.4468494209829303,0.2297903330142068,11.233992698835207,,0.2599102284682739,0.2599102284682739,2.5814891423854864,0.8613287871895627,9.841900736749356,,2.366984790110085,,0.280358672528467,0.280358672528467,0.831058478523451,0.9999999999999996,6.0,d_kam,1.0,,,0.0,warehouse,3029,0.0,200.0,6949.0,6231.0,6231.0,2246.798539767042,1.0,,,3.435294921399473,,,,C1.1
,,,,d_kam_delay_1,1.0,delay=1,3.6612201913757527,1.3748547449822257,1.0,D1,,,0.0,2.0,1.205322758092458,187.4467108227768,,0.3760493660335847,0.5498787044757647,0.3732488290168875,12.340439211111516,,0.1924181453700515,0.1924181453700515,1.977609183463756,0.8175283923748533,6.444208132604786,,1.4322089372514193,,0.172890612672081,0.172890612672081,0.8500851953334739,1.0,6.0,d_kam,3.0,,,0.0,warehouse,3030,0.0,200.0,7139.0,6259.0,6259.0,2468.087842222303,3.0,,,3.973678742754416,,,,C1.1
,,,,d_kam_delay_1,1.0000000000000004,delay=1,3.7990029471200977,1.4455931032410971,1.0,D1,,,0.0,2.0,1.13962085291266,131.7635375720995,,0.4229411227767439,0.4766430870768167,0.3821480889101308,11.295319715718506,,0.2126555754888519,0.2126555754888519,2.281925837381125,0.8272256423395618,6.884816506615456,,1.5589157389954582,,0.2066326052746931,0.2066326052746931,0.8319099484612675,1.0000000000000004,6.0,d_kam,9.0,,,0.0,edge,3001,0.0,200.0,9208.0,6342.0,6342.0,2259.063943143701,9.0,,,9.881881567309872,,,,C1.1
,,,,d_kam_delay_1,1.0,delay=1,7.16359191294504,2.040031841456706,1.0,D1,,,0.0,2.0,1.1828025668488722,285.7060644191632,,0.7880105459964688,0.3529652734340275,0.2361395589151713,9.071028034959454,,0.2166259102252671,0.2166259102252671,2.5559206338460805,0.8850690038174756,14.346286219121142,,3.6454581621097577,,0.2202552530559007,0.2202552530559007,0.7641050851427045,1.0,6.0,d_kam,5.0,,,0.0,edge,3002,0.0,200.0,6747.0,6277.0,6277.0,1814.2056069918908,5.0,,,6.24035762587459,,,,C1.1
,,,,d_kam_delay_1,1.0000000000000002,delay=1,7.051099876728671,2.021920286595397,1.0,D1,,,0.0,2.0,1.1053882425133046,256.2690637785578,,0.7780560157261521,0.3697380259743005,0.2559407251085492,9.091372083930764,,0.2066602769934211,0.2066602769934211,2.883633649044975,0.8886057484209693,17.033635817986088,,4.394574865213958,,0.1990110485346335,0.1990110485346335,0.7658602028341093,1.0000000000000002,6.0,d_kam,4.0,,,0.0,edge,3003,0.0,200.0,6825.0,6261.0,6261.0,1818.2744167861529,4.0,,,6.168788767175145,,,,C1.1
,,,,d_kam_delay_1,0.9999488282905415,delay=1,5.469301504542812,1.9157453799277373,1.0,D1,,,0.7231790408412412,2.0,1.2112125576236408,243.38481883253945,,0.6140083553613862,0.4072298626658555,0.3002019212027461,9.844150044227716,,0.275930881617089,0.275930881617089,2.9623028187342,0.8614713825398604,11.73216516278759,,2.896600128685201,,0.2824786318545916,0.2824786318545916,0.7762517360458179,0.9999488282905415,6.0,d_kam,6.0,,,0.0,edge,3004,0.0,200.0,7228.0,6297.0,6297.0,1968.8300088455435,6.0,,,7.276729737614252,,,,C1.1
,,,,d_kam_delay_1,0.9989028097811056,delay=1,3.973649210748723,1.702048503470893,1.0,D1,,,11.588215622713662,2.0,1.4516215184011605,141.1272260350363,,0.4381648118114142,0.4787454843795667,0.3846300857258773,9.14774288685294,,0.2513121194430622,0.2513121194430622,2.1347543922880545,0.8297476147451274,7.64125297327752,,1.7583740304731086,,0.2554182111010531,0.2554182111010531,0.8057604931005647,0.9989028097811056,6.0,d_kam,2.0,,,0.0,edge,3005,0.0,200.0,7178.0,6250.0,6250.0,1829.548577370588,2.0,,,4.626335298983011,,,,C1.1
,,,,d_kam_delay_1,0.9999287494965688,delay=1,4.107452307268884,1.5997739678577263,1.0,D1,,,0.8601639360134231,2.0,1.078773951471073,186.8064779915098,,0.4626635166274721,0.4729173473982802,0.3777496462340807,9.526865539955908,,0.1943629896528772,0.1943629896528772,1.9937563061422665,0.8233938027211067,6.015571212902481,,1.3232051909004634,,0.1825574161995452,0.1825574161995452,0.8127287369522017,0.9999287494965688,6.0,d_kam,2.0,,,0.0,edge,3006,0.0,200.0,7631.0,6252.0,6252.0,1905.373107991181,2.0,,,4.376305137746165,,,,C1.1
,,,,d_kam_delay_1,0.9999755221084234,delay=1,8.437551834733176,2.3086712242720844,1.0,D1,,,0.3366823542146414,2.0,1.2159371574331814,320.42241749590744,,0.927931688897296,0.3828671998659821,0.2714404442862289,8.670706870179856,,0.2512119932874743,0.2512119932874743,2.899704761048442,0.8644488500432709,18.414908257309705,,4.772001993977133,,0.2607171935925242,0.2607171935925242,0.7340559252282916,0.9999755221084234,6.0,d_kam,6.0,,,0.0,edge,3007,0.0,200.0,6941.0,6289.0,6289.0,1734.1413740359712,6.0,,,6.861607683652462,,,,C1.1
,,,,d_kam_delay_1,0.999411507549884,delay=1,3.286486401255543,1.309511782104689,1.0,D1,,,7.481831802548378,2.0,1.1359159096852929,165.73024690191164,,0.3673284286701434,0.4159274013310405,0.3104698487935897,10.05315701069776,,0.2165870670334215,0.2165870670334215,2.1499213466682288,0.8563302540184526,7.137208729650995,,1.63058761345292,,0.2161806967378363,0.2161806967378363,0.8467204674856674,0.999411507549884,6.0,d_kam,5.0,,,0.0,edge,3008,0.0,200.0,7908.0,6287.0,6287.0,2010.631402139552,5.0,,,6.174209033802115,,,,C1.1
,,,,d_kam_delay_1,0.9999999999999996,delay=1,0.9886418251233282,0.6184488107769327,1.0,D1,,,0.0,2.0,1.1669235816192396,76.33453934802787,,0.1134104261812744,0.4245258516926612,0.3206207971371695,9.027772204281064,,0.174632846346546,0.174632846346546,1.4368627944762091,0.8544169195122637,2.363249277103927,,0.3088645154485328,,0.1775269222229439,0.1775269222229439,0.9264573798551832,0.9999999999999996,6.0,d_kam,2.0,,,0.0,edge,3009,0.0,200.0,7389.0,6248.0,6248.0,1805.5544408562128,2.0,,,4.7336753011620925,,,,C1.1
,,,,d_kam_delay_1,0.9999752595103824,delay=1,8.708330060059104,2.1875793342089374,1.0,D1,,,0.3491576910371639,2.0,1.1095610131644733,337.73800927616713,,0.9652281007632052,0.3585964647007917,0.2427874930495457,9.362075519748032,,0.1937507180200975,0.1937507180200975,2.909383358332958,0.8873984129443906,21.922492572218804,,5.764937868357012,,0.2008951302215695,0.2008951302215695,0.7441933778404902,0.9999752595103824,6.0,d_kam,5.0,,,0.0,edge,3010,0.0,200.0,7049.0,6278.0,6278.0,1872.4151039496064,5.0,,,6.896969662883335,,,,C1.1
,,,,d_kam_delay_1,0.9998889752925298,delay=1,3.4287238249309,1.4646805550046285,1.0,D1,,,1.424173831163098,2.0,1.1986562011407245,171.86238971753193,,0.3926913566775327,0.3557004197576519,0.2393685511027834,8.596485989692155,,0.2590415482649389,0.2590415482649389,2.227914942791072,0.8777994572140028,6.788945967702951,,1.5256600681008436,,0.2883123860357405,0.2883123860357405,0.8258608636392591,0.9998889752925298,6.0,d_kam,5.0,,,0.0,edge,3011,0.0,200.0,6875.0,6277.0,6277.0,1719.297197938431,5.0,,,7.552755270281352,,,,C1.1
,,,,d_kam_delay_1,0.9996627974529112,delay=1,8.080751539388178,2.803413081174788,1.0,D1,,,4.407835859583473,2.0,1.262354334146143,251.10765337293955,,0.881568516805557,0.549967505775334,0.4687116387625471,9.841027266229505,,0.2730906612967723,0.2730906612967723,2.9105402529699607,0.8194068871723408,15.39738998153858,,3.908043133349013,,0.274948257204094,0.274948257204094,0.6854642622114325,0.9996627974529112,6.0,d_kam,7.0,,,0.0,edge,3012,0.0,200.0,6897.0,6297.0,6297.0,1968.2054532459008,7.0,,,8.075358505137224,,,,C1.1
,,,,d_kam_delay_1,0.998737726793974,delay=1,7.269015642832106,2.205384266707596,1.0,D1,,,15.127821066508684,2.0,2.277024307273715,230.58759217475296,,0.8018793279936897,0.5861611998487323,0.5114403053769756,12.853106843394926,,0.2040406642161804,0.2040406642161804,2.663903509092577,0.7952708139784584,13.662824759651937,,3.443711637327874,,0.2053294325349291,0.2053294325349291,0.7460867640075977,0.998737726793974,6.0,d_kam,7.0,,,0.0,edge,3013,0.0,200.0,8610.0,6343.0,6343.0,2570.621368678985,7.0,,,8.961738815760947,,,,C1.1
,,,,d_kam_delay_1,0.9993804503871936,delay=1,3.525402261547512,1.381377837962839,1.0,D1,,,6.715613165619422,2.0,1.3015860205222582,139.46722473522158,,0.3964466541100604,0.5098824702906777,0.4213890274264944,10.62046421924606,,0.1549068353465387,0.1549068353465387,1.7785863649719094,0.828283532083272,5.395907406408607,,1.153743618283743,,0.1543981316891042,0.1543981316891042,0.8377719063232582,0.9993804503871936,6.0,d_kam,3.0,,,0.0,edge,3014,0.0,200.0,6917.0,6245.0,6245.0,2124.092843849212,3.0,,,5.420311469029672,,,,C1.1
,,,,d_kam_delay_1,1.0000000000000002,delay=1,4.231856762903708,1.5657838661064094,1.0,D1,,,0.0,2.0,1.0993762774334144,196.4542194581936,,0.4712943229871369,0.5211771693761293,0.4347230471801527,22.67349604459013,,0.1828123752370433,0.1828123752370433,2.207733822832671,0.7949910884013093,6.905761159224548,,1.5745189458114972,,0.1843156813413363,0.1843156813413363,0.8174287385084013,1.0000000000000002,6.0,d_kam,5.0,,,0.0,edge,3015,0.0,200.0,13219.0,6377.0,6377.0,4534.699208918028,5.0,,,7.410776381321481,,,,C1.1
,,,,d_kam_delay_1,0.9998051027718424,delay=1,5.015832254537585,1.6354754721453135,1.0,D1,,,2.230073175937888,2.0,1.174198519176742,194.1322371571081,,0.5586182828942943,0.3836872749677221,0.2724085885035609,8.981602593848947,,0.2451603054779954,0.2451603054779954,2.490013294190914,0.8752516909059593,12.05161348207582,,2.994505381655878,,0.2572064560685917,0.2572064560685917,0.8084841019121453,0.9998051027718424,6.0,d_kam,5.0,,,0.0,edge,3016,0.0,200.0,7041.0,6286.0,6286.0,1796.3205187697895,5.0,,,6.865693751780849,,,,C1.1
,,,,d_kam_delay_1,0.9999999999999998,delay=1,3.880542428245436,1.5443569497333054,1.0,D1,,,0.0,2.0,1.212804614474964,151.69131028963972,,0.4362167367589357,0.3729796190664443,0.2597676058423301,9.857933999737725,,0.2713807547004178,0.2713807547004178,2.2904695408327864,0.8739400190702912,8.693232975987057,,2.051974227319753,,0.2725794216222749,0.2725794216222749,0.8197359229681367,0.9999999999999998,6.0,d_kam,4.0,,,0.0,edge,3017,0.0,200.0,7110.0,6278.0,6278.0,1971.586799947545,4.0,,,5.846043810915942,,,,C1.1
,,,,d_kam_delay_1,1.0000000000000004,delay=1,8.294720863916782,2.2869029642836374,1.0,D1,,,0.0,2.0,1.1179849441713423,246.8332517045703,,0.9133512858754862,0.4107027881575908,0.3043019026860447,9.804710215539671,,0.1885335884307353,0.1885335884307353,2.824342369610674,0.8548226099772407,17.470436408142604,,4.523921632578806,,0.1903221499014881,0.1903221499014881,0.7371217763840693,1.0000000000000004,6.0,d_kam,2.0,,,0.0,edge,3018,0.0,200.0,6908.0,6237.0,6237.0,1960.9420431079343,2.0,,,4.790901602704022,,,,C1.1
,,,,d_kam_delay_1,1.0,delay=1,4.362863507642789,1.574536069183247,1.0,D1,,,0.0,2.0,1.1464750362844898,176.0732498317264,,0.4838737067270757,0.4247858419232315,0.3209277300482594,10.836037937988294,,0.216819051796768,0.216819051796768,2.428291913641524,0.8563039187615766,9.230093208536616,,2.2132062945906723,,0.2160375630626513,0.2160375630626513,0.8173137301588081,1.0,6.0,d_kam,2.0,,,0.0,edge,3019,0.0,200.0,6921.0,6241.0,6241.0,2167.207587597659,2.0,,,5.260132671485901,,,,C1.1
,,,,d_kam_delay_1,0.999727191592281,delay=1,6.876055701580715,2.060425915680286,1.0,D1,,,4.183926757457275,2.0,1.2355342768577555,319.5849465330432,,0.7465770596266151,0.4602044429233292,0.3627413562289303,10.913508164230734,,0.2503559898611796,0.2503559898611796,2.783927064962197,0.8523633139508222,15.70503190160266,,4.006309358111519,,0.2535879991519065,0.2535879991519065,0.7662519410207514,0.999727191592281,6.0,d_kam,4.0,,,0.0,edge,3020,0.0,200.0,7106.0,6274.0,6274.0,2182.701632846147,4.0,,,7.211947818894925,,,,C1.1
,,,,d_kam_delay_1,0.999856837314303,delay=1,4.673496567941075,1.522157125437135,1.0,D1,,,1.556530238762649,2.0,1.176051103742132,183.3683941185961,,0.5191191068495965,0.4714437955295079,0.3760100363890024,10.861290720058603,,0.1852924974693712,0.1852924974693712,2.2067696613605934,0.8352992627386879,9.450386001225432,,2.2813981864639543,,0.1895862480723065,0.1895862480723065,0.8216754581598079,0.999856837314303,6.0,d_kam,7.0,,,0.0,edge,3021,0.0,200.0,8497.0,6311.0,6311.0,2172.258144011721,7.0,,,9.482884526761044,,,,C1.1
,,,,d_kam_delay_1,0.9999390640597516,delay=1,3.6903621238127777,1.382093285559443,1.0,D1,,,0.6790846474027721,2.0,1.1406259306112216,161.0573561627013,,0.417435253391497,0.42307815980908,0.3189117164412751,10.37060692688101,,0.1743314486850533,0.1743314486850533,1.988691227256608,0.8442257802563492,6.325255328511372,,1.4178699347194286,,0.1711124197310781,0.1711124197310781,0.8356350428644052,0.9999390640597516,6.0,d_kam,2.0,,,0.0,edge,3022,0.0,200.0,7582.0,6251.0,6251.0,2074.121385376202,2.0,,,4.374890569428027,,,,C1.1
,,,,d_kam_delay_1,0.9991504105646554,delay=1,6.25016842015357,1.862100627254679,1.0,D1,,,9.188530107877185,2.0,1.3488127901236997,218.2407017247468,,0.6943902803306596,0.3940327406281676,0.284621985463809,9.11838679399807,,0.2862377205190713,0.2862377205190713,2.9122949678083376,0.8744625514108983,15.809441840059815,,4.030430233340786,,0.276229163896853,0.276229163896853,0.782100833596997,0.9991504105646554,6.0,d_kam,5.0,,,0.0,edge,3023,0.0,200.0,7076.0,6289.0,6289.0,1823.677358799614,5.0,,,6.137916191978692,,,,C1.1
,,,,d_kam_delay_1,1.000000000000001,delay=1,5.413190056788291,1.832320112920898,1.0,D1,,,0.0,2.0,1.1793384153561672,197.217448452772,,0.5917716781077852,0.396293286772631,0.2872906857732449,12.333207545452751,,0.2640341940810664,0.2640341940810664,2.6618342604839915,0.8576103164199625,11.481260411982454,,2.8327281551541024,,0.2667391468866323,0.2667391468866323,0.7911151114261,1.000000000000001,6.0,d_kam,7.0,,,0.0,edge,3024,0.0,200.0,7673.0,6313.0,6313.0,2466.6415090905502,7.0,,,8.04184392929201,,,,C1.1
,,,,d_kam_delay_1,1.0,delay=1,6.929408430609287,2.136841436479771,1.0,D1,,,0.0,2.0,1.069779902025615,237.32905558606217,,0.7615431173013748,0.388634933707592,0.2782495745159072,9.336720395367593,,0.263400185850433,0.263400185850433,3.007649547858692,0.8643738617004092,16.13951724065208,,4.132600875881657,,0.2551216937098279,0.2551216937098279,0.7553647964648753,1.0,6.0,d_kam,4.0,,,0.0,edge,3025,0.0,200.0,6862.0,6265.0,6265.0,1867.3440790735183,4.0,,,5.567721033338728,,,,C1.1
,,,,d_kam_delay_1,0.9992386332188178,delay=1,2.6519077283526755,1.1759489467084765,1.0,D1,,,9.35105010759553,2.0,1.3209554538450394,149.46248462014103,,0.296997173333845,0.3990287521291465,0.2905200545969091,9.366789366322337,,0.1885027649211177,0.1885027649211177,1.800019031815296,0.8643737011017157,4.562968389854612,,0.9204893132765688,,0.1960902712552766,0.1960902712552766,0.8623253212772548,0.9992386332188178,6.0,d_kam,3.0,,,0.0,edge,3026,0.0,200.0,7201.0,6250.0,6250.0,1873.357873264468,3.0,,,5.977957479888141,,,,C1.1
,,,,d_kam_delay_1,0.9993206892528737,delay=1,6.869003166294903,2.029052851931165,1.0,D1,,,7.12442789012839,2.0,1.2661181855918215,227.0577941936162,,0.7595073442351931,0.3894024358473015,0.2791556534308421,8.84819588623941,,0.2276141073542127,0.2276141073542127,2.7659013250100286,0.8776544293510422,14.237409806561226,,3.607814502599713,,0.2651744903799263,0.2651744903799263,0.7644823070466016,0.9993206892528737,6.0,d_kam,9.0,,,0.0,edge,3027,0.0,200.0,7218.0,6339.0,6339.0,1769.639177247882,9.0,,,10.003323659130876,,,,C1.1
,,,,d_kam_delay_1,0.9999999999999992,delay=1,4.395771801443281,1.525057408810687,1.0,D1,,,0.0,2.0,1.1427548335053774,205.4591338168703,,0.5001955783586923,0.3848809900927862,0.2738178355262059,9.707970868912524,,0.2051941350696701,0.2051941350696701,2.2639237944431074,0.8687359318778701,8.688614628057534,,2.0685870155037205,,0.2164536799096487,0.2164536799096487,0.8179874635791086,0.9999999999999992,6.0,d_kam,6.0,,,0.0,edge,3028,0.0,200.0,7541.0,6296.0,6296.0,1941.594173782505,6.0,,,6.995876546423064,,,,C1.1
,,,,d_kam_delay_1,0.9997012972360716,delay=1,4.393003731341127,1.6078204782611725,1.0,D1,,,2.952485267301173,2.0,1.1938420733494155,159.0294901038582,,0.4906849746113925,0.4376907122814746,0.3361626464434075,8.837601219856879,,0.2177458485412758,0.2177458485412758,2.4839418086332707,0.8443392397624541,8.821216025548855,,2.099884586377743,,0.2271904869197007,0.2271904869197007,0.8119314834997678,0.9997012972360716,6.0,d_kam,4.0,,,0.0,edge,3029,0.0,200.0,7406.0,6273.0,6273.0,1767.5202439713755,4.0,,,7.113835483221808,,,,C1.1
,,,,d_kam_delay_1,0.9998535249561756,delay=1,6.923139184524784,2.150160730969013,1.0,D1,,,1.999541278749169,2.0,1.2333457865585011,273.66546390338124,,0.7641008102901258,0.5573514049841141,0.4774287419951346,9.841728774335934,,0.198101666761673,0.198101666761673,2.6557497474380214,0.8272571841594967,13.445103649202409,,3.380669612128199,,0.1974981207827454,0.1974981207827454,0.7522786018976352,0.9998535249561756,6.0,d_kam,10.0,,,0.0,edge,3030,0.0,200.0,7167.0,6334.0,6334.0,1968.3457548671868,10.0,,,13.210318679292534,,,,C1.1
,,,,d_kam_delay_1,1.0,delay=1,1.3427167287020494,1.080691952362417,1.0,D1,,,0.0,5.0,1.2029708461051567,14.338072867343016,,0.1057884940399666,0.668938058227811,0.475818592194034,31.836363065376645,,0.2383477156723811,0.2383477156723811,1.3004348785257691,0.6965030270476713,1.6827349421957722,,0.1031030713744203,,0.2061283842695839,0.2061283842695839,0.913412118984728,1.0,3.0,d_kam,2.0,,,0.0,enterprise,3001,0.0,200.0,18180.0,6494.0,6494.0,6367.272613075329,2.0,,,2.921452493344004,,,,C1.1
,,,,d_kam_delay_1,0.9998851321790808,delay=1,1.149804317696211,0.8410270219638869,1.0,D1,,,0.4043935823902642,5.0,1.2184928084075946,18.18292890971212,,0.0975950802050602,0.7102199879390736,0.5411816475701997,31.46470848325407,,0.2836704136807258,0.2836704136807258,1.62293807678536,0.6653601005131694,2.2850546239191645,,0.260150895850806,,0.2568652768477056,0.2568652768477056,0.9264916192265562,0.9998851321790808,3.0,d_kam,2.0,,,0.0,enterprise,3002,0.0,200.0,18767.0,6481.0,6481.0,6292.941696650814,2.0,,,3.018883300373969,,,,C1.1
,,,,d_kam_delay_1,1.0,delay=1,1.8023819610295253,0.9596305181903384,1.0,D1,,,0.0,2.0,1.1989380165562418,33.5323101751646,,0.153020670177518,0.5306870908462309,0.2569212271731989,12.059753580251709,,0.1587055782690096,0.1587055782690096,1.4642299457096168,0.864262382899872,2.65387563265498,,0.3740430050086731,,0.1493174560794195,0.1493174560794195,0.9125956420832232,1.0,6.0,d_kam,0.0,,,0.0,enterprise,3003,0.0,200.0,7861.0,6234.0,6234.0,2411.9507160503417,0.0,,,3.0,,,,C1.1
,,,,d_kam_delay_1,1.0,delay=1,1.89833708940018,1.0420241811784587,1.0,D1,,,0.0,2.0,1.2423983562499104,29.615271446689643,,0.1573381968132855,0.4712887919011991,0.1628739205102321,13.07203845557524,,0.2332652010599476,0.2332652010599476,1.6238472439806164,0.88712290349071,3.395471855964188,,0.5637549182621915,,0.2208147093487633,0.2208147093487633,0.9080028782742344,1.0,6.0,d_kam,1.0,,,0.0,enterprise,3004,0.0,200.0,7713.0,6243.0,6243.0,2614.407691115048,1.0,,,3.931936527392375,,,,C1.1
,,,,d_kam_delay_1,1.0,delay=1,2.01332377420652,0.9903394607825952,1.0,D1,,,0.0,4.0,1.2853562715324824,33.3928595934086,,0.1725450810164799,0.6027354712611087,0.3709978294967553,28.005563413898926,,0.2454020323889426,0.2454020323889426,1.4928374416737562,0.785255265263622,3.026469270927931,,0.4630777598973056,,0.2325107753044208,0.2325107753044208,0.9083136613481528,1.0,4.0,d_kam,4.0,,,0.0,enterprise,3005,0.0,200.0,16910.0,6404.0,6404.0,5601.112682779785,4.0,,,5.177510116749262,,,,C1.1
,,,,d_kam_delay_1,1.0000000000000004,delay=1,0.6203263362300294,0.5368439276567961,1.0,D1,,,0.0,3.0,1.2566107182542932,11.551865253688556,,0.0530935214385857,0.6000351800702844,0.3667223684446171,25.97978188525304,,0.2359985540723735,0.2359985540723735,1.353432442994277,0.7538793286608194,1.5996302013808708,,0.0764761368120351,,0.1949969621090747,0.1949969621090747,0.9531562476787792,1.0000000000000004,5.0,d_kam,0.0,,,0.0,enterprise,3006,0.0,200.0,16044.0,6371.0,6371.0,5195.956377050607,0.0,,,2.5,,,,C1.1
,,,,d_kam_delay_1,1.0,delay=1,2.849250301064677,1.2661462380971549,1.0,D1,,,0.0,4.0,1.2565029931648888,36.276836684257496,,0.2357765339245958,0.6560168033854359,0.4553599386936067,32.12051136462833,,0.2869308206485775,0.2869308206485775,1.7141334617744526,0.7297625937843941,4.408808530521879,,0.8434870639469643,,0.2863116665037202,0.2863116665037202,0.8868210133295866,1.0,4.0,d_kam,5.0,,,0.0,enterprise,3007,0.0,200.0,18537.0,6405.0,6405.0,6424.102272925666,5.0,,,5.555950040354507,,,,C1.1
,,,,d_kam_delay_1,0.99973154044796,delay=1,1.9094798687897383,1.5560676957948858,1.0,D1,,,0.9803583107118868,5.0,1.339161865196842,19.981288667980177,,0.1488603236597567,0.7990488646912454,0.6818273690944718,36.60272287626867,,0.3464827916519045,0.3464827916519045,1.9143945075568711,0.6248038704562152,2.28215993626097,,0.2379889481013375,,0.3205578088962466,0.3205578088962466,0.8775976499409537,0.99973154044796,3.0,d_kam,3.0,,,0.0,enterprise,3008,0.0,200.0,20107.0,6506.0,6506.0,7320.544575253734,3.0,,,3.676288766880677,,,,C1.1
,,,,d_kam_delay_1,1.0,delay=1,0.800411622120082,0.6151927547731778,1.0,D1,,,0.0,6.0,1.1052670093243528,13.496439660050918,,0.0732788426916851,0.7055333524674893,0.533761141406858,32.57098203030182,,0.1978536875845249,0.1978536875845249,1.2709809871305275,0.6254284351071173,1.6256915859689258,,0.1117456689000341,,0.181140918344262,0.181140918344262,0.9421410449676184,1.0,2.0,d_kam,1.0,,,0.0,enterprise,3009,0.0,200.0,19282.0,6552.0,6552.0,6514.196406060364,1.0,,,1.8678857356274168,,,,C1.1
,,,,d_kam_delay_1,1.0,delay=1,0.953654449433757,0.7197811443315818,1.0,D1,,,0.0,5.0,1.2603742704948615,16.168436096192526,,0.0804032193361949,0.7452128753586961,0.5965870526512688,82.19327877450269,,0.2569008854692535,0.2569008854692535,1.5420430375598926,0.6484908751875412,1.973228871245027,,0.1793861754723081,,0.23173150446527,0.23173150446527,0.9373040880426852,1.0,3.0,d_kam,1.0,,,0.0,enterprise,3010,0.0,200.0,20088.0,6506.0,6506.0,16438.655754900537,1.0,,,2.466102003796622,,,,C1.1
,,,,d_kam_delay_1,1.0,delay=1,1.4372776641038496,1.039886478989524,1.0,D1,,,0.0,3.0,1.2548259361391811,19.04925656713002,,0.1189588106290128,0.647350577572229,0.4416384144893626,57.58820399976685,,0.2723139965301717,0.2723139965301717,1.5511978008535618,0.7748066890902965,2.251763053196287,,0.2347769174106833,,0.2470600685729206,0.2470600685729206,0.911613216910944,1.0,5.0,d_kam,2.0,,,0.0,enterprise,3011,0.0,200.0,15342.0,6353.0,6353.0,11517.64079995337,2.0,,,3.99508575067879,,,,C1.1
,,,,d_kam_delay_1,0.9996696680425076,delay=1,1.0870886305077634,0.8210616827400911,1.0,D1,,,1.161940717704005,5.0,1.3831850537287878,17.74296774720149,,0.089030809156497,0.7225755708529664,0.5607446538505301,40.48712247487856,,0.2413724348592835,0.2413724348592835,1.2491454912499542,0.6536056448858014,1.6513754028283558,,0.0962813604789963,,0.1812263753993247,0.1812263753993247,0.9306483354774204,0.9996696680425076,3.0,d_kam,1.0,,,0.0,enterprise,3012,0.0,200.0,21218.0,6440.0,6440.0,8097.424494975712,1.0,,,2.2969568848670705,,,,C1.1
,,,,d_kam_delay_1,1.0000000000000002,delay=1,0.94331502020867,0.7105982681343361,1.0,D1,,,0.0,3.0,1.2275962393581137,15.978367844653611,,0.0816447012179176,0.6073508151453102,0.3783054573134077,27.885621993773384,,0.262360472083641,0.262360472083641,1.4315443463865978,0.7556634424024904,1.973087157570066,,0.1716019131319455,,0.2243751776810254,0.2243751776810254,0.9364197986180842,1.0000000000000002,5.0,d_kam,1.0,,,0.0,enterprise,3013,0.0,200.0,16375.0,6382.0,6382.0,5577.124398754677,1.0,,,3.2429427625187977,,,,C1.1
,,,,d_kam_delay_1,0.9999888823432832,delay=1,1.3244138923581843,0.7984595513467608,1.0,D1,,,0.0386584307700795,5.0,1.2871873178793116,24.51483135353245,,0.1163095642498402,0.6625415475949862,0.4656907836920615,34.390319224767154,,0.2455742720631742,0.2455742720631742,1.390324129029255,0.7026192526830823,2.2221868919748604,,0.2511770856210572,,0.1831647092611152,0.1831647092611152,0.9258278353898536,0.9999888823432832,3.0,d_kam,1.0,,,0.0,enterprise,3014,0.0,200.0,20141.0,6468.0,6468.0,6878.063844953431,1.0,,,2.190383488481124,,,,C1.1
,,,,d_kam_delay_1,0.9999999999999992,delay=1,0.6113613916883356,0.6134392827239438,1.0,D1,,,0.0,5.0,1.1985472204423318,6.000656832766349,,0.0509550155095318,0.721445358425783,0.5589551508408228,37.80785262977588,,0.2428188130563267,0.2428188130563267,1.3829260104002157,0.6903052606243354,1.489458770512181,,0.0409733820436001,,0.2136859469601597,0.2136859469601597,0.9490434004507672,0.9999999999999992,3.0,d_kam,0.0,,,0.0,enterprise,3015,0.0,200.0,19643.0,6464.0,6464.0,7561.570525955176,0.0,,,1.5,,,,C1.1
,,,,d_kam_delay_1,0.9999999999999998,delay=1,0.5820030181809506,0.5502078490377114,1.0,D1,,,0.0,4.0,1.2040563362807315,7.441315749225532,,0.0478804576040016,0.7211875017647745,0.5585468777942264,31.29525058058789,,0.2033669626356795,0.2033669626356795,1.302169349255676,0.6743357450509877,1.4310042968701775,,0.0398594633675364,,0.1874259620215819,0.1874259620215819,0.9543208828767422,0.9999999999999998,4.0,d_kam,1.0,,,0.0,enterprise,3016,0.0,200.0,18733.0,6449.0,6449.0,6259.050116117578,1.0,,,2.786372837691204,,,,C1.1
,,,,d_kam_delay_1,1.0000000000000004,delay=1,1.3962085491937395,0.8230930015405965,1.0,D1,,,0.0,2.0,1.2267699986049037,24.91215883038733,,0.1191552424895061,0.4804194947084202,0.1773308666216654,19.545656651607715,,0.2497721857682286,0.2497721857682286,1.705290924164348,0.8768654688362311,2.457984190235482,,0.2988590485686664,,0.2000409754191593,0.2000409754191593,0.9252223018969236,1.0000000000000004,6.0,d_kam,0.0,,,0.0,enterprise,3017,0.0,200.0,11981.0,6300.0,6300.0,3909.131330321543,0.0,,,3.0,,,,C1.1
,,,,d_kam_delay_1,0.9990625379603604,delay=1,0.4914680712614623,0.503337020900662,1.0,D1,,,3.286189264171719,7.0,1.8513475845093768,3.7835446381558633,,0.0351845331369089,0.7798811216937815,0.6514784426818209,37.89981556459679,,0.2347166261957447,0.2347166261957447,1.2896614341199004,0.5785729656250232,1.3393982486920692,,0.0220077087067096,,0.1864234465672504,0.1864234465672504,0.963879171043928,0.9990625379603604,1.0,d_kam,0.0,,,0.0,enterprise,3018,0.0,200.0,22515.0,6598.0,6598.0,7579.9631129193585,0.0,,,0.5,,,,C1.1
,,,,d_kam_delay_1,1.0,delay=1,0.5410741094621374,0.4907616169245274,1.0,D1,,,0.0,4.0,1.245167048634798,9.367625633468316,,0.0455009415736599,0.6767290255149923,0.4881542903987377,34.84903639415279,,0.1994982936282123,0.1994982936282123,1.2072605338074252,0.7137688199378565,1.4675473661864933,,0.0479584206229946,,0.1669676281740686,0.1669676281740686,0.9580380008568388,1.0,4.0,d_kam,0.0,,,0.0,enterprise,3019,0.0,200.0,19637.0,6415.0,6415.0,6969.807278830558,0.0,,,2.0,,,,C1.1
,,,,d_kam_delay_1,0.9999999999999994,delay=1,0.469127949012794,0.4775819049956527,1.0,D1,,,0.0,4.0,1.2332875350570034,4.408561647210329,,0.0389800672881078,0.6336482000909708,0.4199429834773705,33.06408258489682,,0.1734958170540936,0.1734958170540936,1.2095611264943664,0.7400941319018127,1.3561823189830926,,0.0241471808328423,,0.1593915185686527,0.1593915185686527,0.9603306349872284,0.9999999999999994,4.0,d_kam,0.0,,,0.0,enterprise,3020,0.0,200.0,20358.0,6435.0,6435.0,6612.816516979365,0.0,,,2.0,,,,C1.1
,,,,d_kam_delay_1,1.0,delay=1,1.3990481278253133,0.836656370894235,1.0,D1,,,0.0,3.0,1.3161677567814505,22.01623909352124,,0.1205827213706064,0.5425268561247288,0.2756675221974875,21.79927188451984,,0.2677503147556722,0.2677503147556722,1.4383917148468683,0.8310094406467666,2.427313535613065,,0.287110071669342,,0.2551749690370729,0.2551749690370729,0.923504814037537,1.0,5.0,d_kam,3.0,,,0.0,enterprise,3021,0.0,200.0,13555.0,6355.0,6355.0,4359.854376903968,3.0,,,5.080210750076271,,,,C1.1
,,,,d_kam_delay_1,1.0000000000000002,delay=1,0.8183607234526115,0.6947856136298386,1.0,D1,,,0.0,4.0,1.2428863393177827,14.374956019185404,,0.071962127467591,0.5992785133190711,0.3655243127551959,31.31199432449648,,0.2594489839552213,0.2594489839552213,1.435091788465069,0.7475297656533848,1.7120157780542258,,0.1032132289576131,,0.2180927957821592,0.2180927957821592,0.9382281875729268,1.0000000000000002,4.0,d_kam,0.0,,,0.0,enterprise,3022,0.0,200.0,18681.0,6413.0,6413.0,6262.398864899296,0.0,,,2.0,,,,C1.1
,,,,d_kam_delay_1,0.999859107433965,delay=1,0.9304012853806956,0.7389438289424298,1.0,D1,,,0.5143122947049826,4.0,1.4715250291411677,15.488526094220608,,0.0723645778661743,0.6182664646755625,0.3955885690696407,27.75484061334282,,0.2582367983230051,0.2582367983230051,2.395377618399003,0.759360505003377,2.030084665058733,,0.1860379286286454,,0.2438419471172722,0.2438419471172722,0.941142699344863,0.999859107433965,4.0,d_kam,0.0,,,0.0,enterprise,3023,0.0,200.0,17352.0,6358.0,6358.0,5550.968122668564,0.0,,,2.0,,,,C1.1
,,,,d_kam_delay_1,1.0000000000000002,delay=1,1.3795742608058923,0.8323870543615641,1.0,D1,,,0.0,2.0,1.2311736367215216,26.221959446452964,,0.1181856525154612,0.5639736925211166,0.3096250131584347,17.203958390600746,,0.1967933751694516,0.1967933751694516,1.475244069730458,0.8412059936559549,2.5721178204924025,,0.3412502813130541,,0.1714680558800497,0.1714680558800497,0.9245247536583148,1.0000000000000002,6.0,d_kam,0.0,,,0.0,enterprise,3024,0.0,200.0,10611.0,6268.0,6268.0,3440.7916781201493,0.0,,,3.0,,,,C1.1
,,,,d_kam_delay_1,1.0,delay=1,0.5824448256684994,0.436943731477478,1.0,D1,,,0.0,4.0,1.205565068631175,14.383832101727675,,0.0522488984032777,0.6284261206190603,0.4116746909801787,28.32913863399881,,0.1668989896106368,0.1668989896106368,1.1256309304956846,0.7392615844838776,1.495997402890739,,0.0661684676012868,,0.1481627285170855,0.1481627285170855,0.9587822312134554,1.0,4.0,d_kam,0.0,,,0.0,enterprise,3025,0.0,200.0,17461.0,6376.0,6376.0,5665.827726799762,0.0,,,2.0,,,,C1.1
,,,,d_kam_delay_1,0.9999999999999998,delay=1,0.475178120677638,0.4918973449540349,1.0,D1,,,0.0,5.0,1.1816069609605129,4.3592159998893685,,0.0368474414610292,0.768548118280399,0.6335345206106315,36.53784017456928,,0.2409736098857843,0.2409736098857843,1.632570625861079,0.6170629654147289,1.496925318695395,,0.0555622578768497,,0.2088232163069452,0.2088232163069452,0.9616836300065376,0.9999999999999998,3.0,d_kam,0.0,,,0.0,enterprise,3026,0.0,200.0,20740.0,6482.0,6482.0,7307.568034913856,0.0,,,1.5,,,,C1.1
,,,,d_kam_delay_1,1.0000000000000002,delay=1,1.0124499374076643,0.6252032174772691,1.0,D1,,,0.0,4.0,1.2035791892356658,20.451599069212072,,0.0894728768894322,0.5539952345933621,0.2938257881061565,30.62942819509772,,0.1822325602226382,0.1822325602226382,1.2678126530708032,0.7892798469269376,2.086640792022475,,0.2256378882651104,,0.1414261408443446,0.1414261408443446,0.9407082642671536,1.0000000000000002,4.0,d_kam,0.0,,,0.0,enterprise,3027,0.0,200.0,17345.0,6358.0,6358.0,6125.885639019543,0.0,,,2.0,,,,C1.1
,,,,d_kam_delay_1,1.0000000000000009,delay=1,0.6888956504885292,0.5141730484339274,1.0,D1,,,0.0,6.0,1.123120769064102,13.326991237798966,,0.0596615996235163,0.705200937439498,0.5332348176125385,42.0321229849651,,0.2117950515637681,0.2117950515637681,1.253337846980536,0.643007206462436,1.6006776788724677,,0.0961878644834225,,0.1623399566318902,0.1623399566318902,0.9532687302401696,1.0000000000000009,2.0,d_kam,1.0,,,0.0,enterprise,3028,0.0,200.0,21822.0,6507.0,6507.0,8406.42459699302,1.0,,,1.7813393896227654,,,,C1.1
,,,,d_kam_delay_1,0.999998361998174,delay=1,0.5694776112028823,0.5681543672960617,1.0,D1,,,0.0060343343638956,5.0,1.2439362291625078,6.09676315399748,,0.0437577675773011,0.7497726934168847,0.6038067645767342,34.57952289347304,,0.2310769579723982,0.2310769579723982,1.2664573125757967,0.6116992248590908,1.3687391433072764,,0.027010841579493,,0.207416323198256,0.207416323198256,0.9560875441359914,0.999998361998174,3.0,d_kam,1.0,,,0.0,enterprise,3029,0.0,200.0,20188.0,6570.0,6570.0,6915.904578694608,1.0,,,2.329777358508971,,,,C1.1
,,,,d_kam_delay_1,1.0,delay=1,0.4548899704086985,0.3891752792473392,1.0,D1,,,0.0,4.0,1.2608441835412925,8.839346380862034,,0.0381461715994356,0.6471315167435605,0.4412915681773041,29.02756842900999,,0.1880148705262298,0.1880148705262298,1.1151171351789413,0.7509376949840552,1.4755683842634135,,0.0482787785310178,,0.1491933608571325,0.1491933608571325,0.9662500073905868,1.0,4.0,d_kam,0.0,,,0.0,enterprise,3030,0.0,200.0,17921.0,6376.0,6376.0,5805.513685801998,0.0,,,2.0,,,,C1.1
,,,,d_kam_delay_1,0.9999999999999996,delay=1,19.80958943382287,4.997367674274346,1.0,D1,,,0.0,2.0,1.1359688101926648,299.3055306423163,,1.717023135733625,0.3390153019612597,0.2637546680261555,4.707986735593295,,0.2817574012732162,0.2817574012732162,4.151864664162279,0.8639156056979448,32.772939553196565,,8.77846389210992,,0.2332787459551677,0.2332787459551677,0.5562239261893663,0.9999999999999996,6.0,d_kam,8.0,,,0.0,hpc,3001,0.0,200.0,7018.0,6320.0,6320.0,941.597347118659,8.0,,,10.802889363880116,,,,C1.1
,,,,d_kam_delay_1,0.999725371853272,delay=1,11.991340052240432,3.7470202296486,1.0,D1,,,3.420166970968149,2.0,1.1811667927320546,244.341600823858,,1.0493714714805715,0.3249541915504181,0.2480925400932874,7.192617568653077,,0.3007271026972598,0.3007271026972598,3.2002439878068687,0.8063315725101525,16.262236703199353,,4.182569993330477,,0.2093266903717303,0.2093266903717303,0.6635326266933939,0.999725371853272,6.0,d_kam,10.0,,,0.0,hpc,3002,0.0,200.0,10902.0,6396.0,6396.0,1438.5235137306154,10.0,,,15.554834277284671,,,,C1.1
,,,,d_kam_delay_1,1.0000000000000002,delay=1,3.6661675720108495,1.9867905517435664,1.0,D1,,,0.0,2.0,0.9937580643592536,104.41913908968738,,0.3268710330201314,0.2711600433153888,0.1881733155740717,5.165773256885586,,0.1963930046336481,0.1963930046336481,1.841585280999987,0.8342811124664203,3.509025915984884,,0.6534857806076805,,0.2134628750102856,0.2134628750102856,0.8196352121875407,1.0000000000000002,6.0,d_kam,5.0,,,0.0,hpc,3003,0.0,200.0,7729.0,6293.0,6293.0,1033.1546513771173,5.0,,,8.84368969045431,,,,C1.1
,,,,d_kam_delay_1,1.0000000000000002,delay=1,17.63737920240916,4.94112318257717,1.0,D1,,,0.0,2.0,1.0508699953582148,298.6770692318442,,1.5330524775602832,0.3082376457461433,0.2294726252122884,4.583509780204622,,0.3096967390266935,0.3096967390266935,4.454209588801387,0.8695272165332654,31.832686237035823,,8.51171166875405,,0.3028849764638272,0.3028849764638272,0.5604160132192171,1.0000000000000002,6.0,d_kam,10.0,,,0.0,hpc,3004,0.0,200.0,7018.0,6339.0,6339.0,916.7019560409244,10.0,,,12.285745517951735,,,,C1.1
,,,,d_kam_delay_1,0.9993739098443118,delay=1,7.919195465201663,3.067674055342765,1.0,D1,,,7.860617866479274,2.0,1.170659074673595,184.8391976836582,,0.6929608188624163,0.3277460825619773,0.2512023196853707,5.439379524905235,,0.2028910375551979,0.2028910375551979,2.4109621542712576,0.853003084076292,8.481705404635965,,2.025226668900133,,0.2143028655121225,0.2143028655121225,0.7253758538972633,0.9993739098443118,6.0,d_kam,6.0,,,0.0,hpc,3005,0.0,200.0,8180.0,6285.0,6285.0,1087.875904981047,6.0,,,8.85166424116268,,,,C1.1
,,,,d_kam_delay_1,0.9986738429148048,delay=1,11.197269258584114,3.920495416977863,1.0,D1,,,16.480771233603082,2.0,1.441676471386001,236.20853559588693,,0.9804599916189158,0.4066487392073195,0.3390889421863708,5.321805654821219,,0.2793427776510317,0.2793427776510317,3.2076797440698432,0.8066005360088064,17.388538569350448,,4.489341323743445,,0.2789873728101347,0.2789873728101347,0.6488649472473028,0.9986738429148048,6.0,d_kam,9.0,,,0.0,hpc,3006,0.0,200.0,8102.0,6341.0,6341.0,1064.3611309642438,9.0,,,11.808006023713398,,,,C1.1
,,,,d_kam_delay_1,0.9992276367592886,delay=1,23.925300886511696,5.241538126266265,1.0,D1,,,9.411600361898817,2.0,1.1492065629101127,380.3520809990388,,2.0787782406959616,0.3127918848803862,0.2345454163271628,5.21254474107991,,0.2747417120816211,0.2747417120816211,4.80754290873482,0.8437028618059234,44.42071455966464,,12.041236981399216,,0.2393705482774477,0.2393705482774477,0.5319624201997472,0.9992276367592886,6.0,d_kam,12.0,,,0.0,hpc,3007,0.0,200.0,7781.0,6375.0,6375.0,1042.508948215982,12.0,,,15.327673360464706,,,,C1.1
,,,,d_kam_delay_1,1.0,delay=1,5.078018800174685,2.24940518125886,1.0,D1,,,0.0,2.0,1.081443799220835,157.63705204563132,,0.4494649215164862,0.2747910618379751,0.1922177668987346,4.47220044923597,,0.2659747479107108,0.2659747479107108,2.308075707734829,0.8729550655441605,7.003754955318913,,1.5984262918707992,,0.2539561776494767,0.2539561776494767,0.7957499396160631,1.0,6.0,d_kam,5.0,,,0.0,hpc,3008,0.0,200.0,6891.0,6275.0,6275.0,894.440089847194,5.0,,,8.083967837909167,,,,C1.1
,,,,d_kam_delay_1,0.99977877572123,delay=1,5.8128569922119135,2.647123379161485,1.0,D1,,,2.540066389383548,2.0,1.0563942955989551,148.21723972955883,,0.511749996941434,0.3471775641204679,0.2728462966688381,7.252213400643086,,0.3227813061821677,0.3227813061821677,2.343121233375368,0.7894348713851886,6.948326817889802,,1.5775217538611543,,0.281965805657092,0.281965805657092,0.7619499508256082,0.99977877572123,6.0,d_kam,11.0,,,0.0,hpc,3009,0.0,200.0,10656.0,6433.0,6433.0,1450.4426801286172,11.0,,,14.400673597410044,,,,C1.1
,,,,d_kam_delay_1,0.999752223968656,delay=1,16.140893698067266,4.432276687499726,1.0,D1,,,3.199091588613351,2.0,1.083720381463619,300.0578017767159,,1.4094242308972371,0.3601443063349724,0.2872894501255881,4.864954884978943,,0.2885013669465494,0.2885013669465494,3.454193756179797,0.8487445714352083,23.81641106881964,,6.277212187871705,,0.2367724146432594,0.2367724146432594,0.6025142282756555,0.999752223968656,6.0,d_kam,9.0,,,0.0,hpc,3010,0.0,200.0,7444.0,6331.0,6331.0,972.9909769957884,9.0,,,12.59598562736292,,,,C1.1
,,,,d_kam_delay_1,0.9993390586634964,delay=1,10.439765854034984,3.6658030263197854,1.0,D1,,,7.895934924173499,2.0,1.148608004005674,205.14722009375168,,0.9114017803491192,0.3170106083620913,0.2392444895122303,4.787052569590742,,0.3485381411734988,0.3485381411734988,3.3570642197213387,0.8463313017013105,15.750876794214284,,4.017016958476805,,0.3077863249815567,0.3077863249815567,0.6729138323068875,0.9993390586634964,6.0,d_kam,7.0,,,0.0,hpc,3011,0.0,200.0,7206.0,6302.0,6302.0,957.4105139181484,7.0,,,10.83729480419051,,,,C1.1
,,,,d_kam_delay_1,0.9989729154383756,delay=1,11.111057622926031,4.057009093556117,1.0,D1,,,11.498362865194824,2.0,1.256132652129217,196.10904935607533,,0.9721108614309272,0.3435225775916942,0.26877514830758,5.316825494664954,,0.3767646599330901,0.3767646599330901,3.473432224637774,0.8092135915504005,16.244111480573732,,4.152344869150566,,0.3138399267787164,0.3138399267787164,0.6377113318923275,0.9989729154383756,6.0,d_kam,12.0,,,0.0,hpc,3012,0.0,200.0,7935.0,6380.0,6380.0,1063.3650989329908,12.0,,,16.237586809236426,,,,C1.1
,,,,d_kam_delay_1,0.9999395960381564,delay=1,9.092323043368673,4.0304427394365145,1.0,D1,,,0.7398835517307216,2.0,1.2283881812766262,179.36820271838374,,0.7942376230384941,0.4446147611782268,0.3813778280450546,4.903442645590985,,0.296760096036242,0.296760096036242,2.700501428683074,0.8055295130981887,9.609669370489552,,2.307065399959705,,0.2860996603009908,0.2860996603009908,0.6426272163756305,0.9999395960381564,6.0,d_kam,13.0,,,0.0,hpc,3013,0.0,200.0,7391.0,6379.0,6379.0,980.688529118197,13.0,,,15.24230265230312,,,,C1.1
,,,,d_kam_delay_1,0.9999697704333816,delay=1,17.972660252079663,4.920148280618385,1.0,D1,,,0.3634188189904243,2.0,1.070414588964964,285.023234248538,,1.5642525168871224,0.4129212848257622,0.346075688543547,7.250729289517039,,0.2601476835847128,0.2601476835847128,3.817394444766309,0.7624860028540459,24.490691400404543,,6.487874419626966,,0.2093198244698195,0.2093198244698195,0.5614121616887858,0.9999697704333816,6.0,d_kam,11.0,,,0.0,hpc,3014,0.0,200.0,10967.0,6387.0,6387.0,1450.145857903408,11.0,,,15.403417399105043,,,,C1.1
,,,,d_kam_delay_1,0.9986590810345682,delay=1,14.6324578585454,4.304962193166965,1.0,D1,,,16.282154461387044,2.0,1.4315260034299002,267.39300316197364,,1.272341451432751,0.2974301129272027,0.2174345317258446,4.436773931083735,,0.3355194326723028,0.3355194326723028,4.050195576585526,0.8772956894460244,29.06528709919509,,7.731848893954695,,0.3200221802005651,0.3200221802005651,0.6161341048829193,0.9986590810345682,6.0,d_kam,6.0,,,0.0,hpc,3015,0.0,200.0,6818.0,6285.0,6285.0,887.354786216747,6.0,,,9.874051767737305,,,,C1.1
,,,,d_kam_delay_1,0.9999999999999996,delay=1,7.123438638018524,2.6784839495252304,1.0,D1,,,0.0,2.0,1.1007979536003627,184.52042499912864,,0.6273535196118317,0.3866342987378827,0.3167956297822951,6.704140540532535,,0.2276055366497436,0.2276055366497436,2.303094443313384,0.7825126798151537,8.134469292401201,,1.930555826374691,,0.1917164003655467,0.1917164003655467,0.7575293649236267,0.9999999999999996,6.0,d_kam,10.0,,,0.0,hpc,3016,0.0,200.0,9909.0,6383.0,6383.0,1340.828108106507,10.0,,,13.487091950440451,,,,C1.1
,,,,d_kam_delay_1,0.9999486082614883,delay=1,22.90254109080224,5.61241470313683,1.0,D1,,,0.6464492581178051,2.0,1.103665547899332,358.8447233226319,,1.982829942974769,0.3184256348129626,0.2408206328362207,4.335894629912218,,0.2765998595575477,0.2765998595575477,4.910888967828972,0.8681782065495816,45.70321007301385,,12.391224220492983,,0.2901941666153464,0.2901941666153464,0.5025935576506718,0.9999486082614883,6.0,d_kam,7.0,,,0.0,hpc,3017,0.0,200.0,6748.0,6301.0,6301.0,867.1789259824436,7.0,,,9.694350675735704,,,,C1.1
,,,,d_kam_delay_1,0.999495388140712,delay=1,6.157035671230801,3.047835736457697,1.0,D1,,,5.952530808967783,2.0,1.1415629413208097,133.636574354247,,0.5431041007207267,0.3000223098036104,0.2203218797317442,4.836612974759191,,0.3018922927208375,0.3018922927208375,2.31510171059926,0.8663777375304492,5.866802944918137,,1.268508083786381,,0.2688762977187485,0.2688762977187485,0.7265677931752513,0.999495388140712,6.0,d_kam,10.0,,,0.0,hpc,3018,0.0,200.0,7254.0,6341.0,6341.0,967.3225949518384,10.0,,,12.614026893885864,,,,C1.1
,,,,d_kam_delay_1,0.9996316880509484,delay=1,19.265529142422857,5.626178275755303,1.0,D1,,,4.444538695913522,2.0,1.144725488885953,313.7285023394089,,1.6676860038531514,0.4007059486312451,0.3324694972377731,7.38838078599656,,0.2606502924153737,0.2606502924153737,3.922617606520757,0.7695976016046245,28.04800791818296,,7.480747695582093,,0.2885927452481826,0.2885927452481826,0.5036278276821594,0.9996316880509484,6.0,d_kam,11.0,,,0.0,hpc,3019,0.0,200.0,11003.0,6409.0,6409.0,1477.676157199312,11.0,,,13.469576318523856,,,,C1.1
,,,,d_kam_delay_1,0.999684944943853,delay=1,4.730856815803092,2.128956429476912,1.0,D1,,,4.008976164479144,2.0,1.121364617910847,141.3500414128141,,0.4193122398424221,0.3899711583032704,0.3205124288031479,5.57937555553508,,0.2075065922778614,0.2075065922778614,2.063802075261373,0.82284125310046,5.635692950019751,,1.227286860074257,,0.2184174688667154,0.2184174688667154,0.8062263648231136,0.999684944943853,6.0,d_kam,9.0,,,0.0,hpc,3020,0.0,200.0,8140.0,6362.0,6362.0,1115.875111107016,9.0,,,12.76020682930211,,,,C1.1
,,,,d_kam_delay_1,1.0,delay=1,11.226864969485533,4.038648744119516,1.0,D1,,,0.0,2.0,1.1375655660911677,225.66444742500988,,0.9784797855732694,0.3303740611586132,0.2541295235677621,5.07107974102837,,0.2391909900506479,0.2391909900506479,2.701521213522595,0.8537921755167898,11.784993361010097,,2.9362533329592337,,0.2280932687727067,0.2280932687727067,0.6405091094557229,1.0,6.0,d_kam,14.0,,,0.0,hpc,3021,0.0,200.0,7680.0,6374.0,6374.0,1014.215948205674,14.0,,,17.269157515583743,,,,C1.1
,,,,d_kam_delay_1,0.9983117055181148,delay=1,5.934305549031636,3.1736392567379537,1.0,D1,,,19.880476308491737,3.0,1.6669084695718013,113.2544755989168,,0.5203283177107866,0.4921067819404696,0.4342773561218102,11.159428093960742,,0.2842329849243117,0.2842329849243117,2.3221387171748336,0.7295569806489016,5.0213227185382046,,1.0425639451736677,,0.2952280254118985,0.2952280254118985,0.7182002835405252,0.9983117055181148,5.0,d_kam,13.0,,,0.0,hpc,3022,0.0,200.0,16617.0,6486.0,6486.0,2231.8856187921483,13.0,,,14.91283265209908,,,,C1.1
,,,,d_kam_delay_1,1.0000000000000002,delay=1,6.212650299547357,2.621621057960076,1.0,D1,,,0.0,2.0,1.0251248785822604,150.42977132012632,,0.5498295803145872,0.3063604909135591,0.2273817349284692,4.940024639072362,,0.2331893974350842,0.2331893974350842,2.236035108094763,0.8024306867990174,6.534341102103095,,1.4904210143485408,,0.2013331192823921,0.2013331192823921,0.7621279203860667,1.0000000000000002,6.0,d_kam,6.0,,,0.0,hpc,3023,0.0,200.0,7773.0,6295.0,6295.0,988.0049278144724,6.0,,,8.583920821026943,,,,C1.1
,,,,d_kam_delay_1,0.9999999999999992,delay=1,10.965409820939255,3.777059579870732,1.0,D1,,,0.0,2.0,1.071562638593543,222.3346143539518,,0.9611672094786972,0.3409190969049405,0.2658752317010476,5.339270125696203,,0.2412514809961995,0.2412514809961995,3.1247924818339627,0.8472623615403441,16.237244380655387,,4.178427900009799,,0.2648635810944784,0.2648635810944784,0.6615214226437761,0.9999999999999992,6.0,d_kam,8.0,,,0.0,hpc,3024,0.0,200.0,8191.0,6324.0,6324.0,1067.8540251392403,8.0,,,13.77868019282427,,,,C1.1
,,,,d_kam_delay_1,0.9999999999999996,delay=1,3.945089145990541,1.8258512117576564,1.0,D1,,,0.0,3.0,1.1169856698949066,128.300077480456,,0.3514870013943643,0.3960873470878427,0.3273250153206168,9.286256705381676,,0.2606952863304713,0.2606952863304713,2.028780924807687,0.7360506931271261,4.804903368682073,,1.0031213940772472,,0.1914361689543122,0.1914361689543122,0.8330192354920777,0.9999999999999996,5.0,d_kam,5.0,,,0.0,hpc,3025,0.0,200.0,14336.0,6393.0,6393.0,1857.251341076335,5.0,,,7.320302835082264,,,,C1.1
,,,,d_kam_delay_1,1.0000000000000002,delay=1,3.0277543403317124,2.057490122687163,1.0,D1,,,0.0,2.0,1.1389212336637085,64.56339712820795,,0.2667267728601171,0.340731969243526,0.2656667974247196,7.516842590703163,,0.215677913097182,0.215677913097182,1.680827752686552,0.7769338299103713,2.3955847998374526,,0.3413650146958031,,0.2102142206093328,0.2102142206093328,0.8172453599470657,1.0000000000000002,6.0,d_kam,1.0,,,0.0,hpc,3026,0.0,200.0,11781.0,6301.0,6301.0,1503.368518140633,1.0,,,4.4460410339459,,,,C1.1
,,,,d_kam_delay_1,0.9995874799495498,delay=1,8.203868797059304,3.8430670542576006,1.0,D1,,,5.034944501146462,2.0,1.1663405706599623,164.2657143778812,,0.7176446152292192,0.3368633330993843,0.2613576730067399,5.443492735212203,,0.2557227745473353,0.2557227745473353,2.658508230222344,0.8463294486440597,8.645764213601979,,2.056509944447205,,0.2950359440304673,0.2950359440304673,0.6592645964380253,0.9995874799495498,6.0,d_kam,8.0,,,0.0,hpc,3027,0.0,200.0,8406.0,6342.0,6342.0,1088.6985470424406,8.0,,,10.847197194342678,,,,C1.1
,,,,d_kam_delay_1,0.9995999103061708,delay=1,10.62259136414207,3.711672001237009,1.0,D1,,,4.970470571456561,2.0,1.098750810347735,220.9077007570852,,0.9255719341857184,0.320756278022738,0.2434166463124557,4.961940739449346,,0.2907078116447201,0.2907078116447201,2.977512124950936,0.8522389288124586,13.683500257592032,,3.453748247230613,,0.2418361085543563,0.2418361085543563,0.6692039936040834,0.9995999103061708,6.0,d_kam,10.0,,,0.0,hpc,3028,0.0,200.0,7586.0,6336.0,6336.0,992.3881478898692,10.0,,,15.398683274811765,,,,C1.1
,,,,d_kam_delay_1,0.99905562367247,delay=1,6.512964167613282,3.101578122675134,1.0,D1,,,11.561278509498957,2.0,1.2815604617159306,146.0333799960704,,0.5697094357434209,0.373492424192292,0.3021574031844837,5.357546946470393,,0.2520447573875942,0.2520447573875942,2.1460016826979174,0.7998282245812594,5.41910324021055,,1.1632292889501956,,0.2517494738152325,0.2517494738152325,0.7242499314970507,0.99905562367247,6.0,d_kam,12.0,,,0.0,hpc,3029,0.0,200.0,8156.0,6388.0,6388.0,1071.5093892940786,12.0,,,16.084844265648552,,,,C1.1
,,,,d_kam_delay_1,1.0000000000000002,delay=1,4.85019165374007,2.2351497484434955,1.0,D1,,,0.0,2.0,1.0785502530161817,140.57021674420798,,0.4288614119770439,0.3328332655708406,0.256868736403164,6.372811930632452,,0.1610569877013606,0.1610569877013606,1.830609768860971,0.8090467710953646,4.354973874357738,,0.8959834059743653,,0.1951746848772456,0.1951746848772456,0.7976125282510321,1.0000000000000002,6.0,d_kam,10.0,,,0.0,hpc,3030,0.0,200.0,9553.0,6405.0,6405.0,1274.5623861264903,10.0,,,14.87918487606412,,,,C1.1
